s z T theta
3.42106 0.25 308.777 0.005
3.42106 0.75 271.803 0.005
3.42106 1.25 236.455 0.005
3.42106 1.75 202.876 0.005
3.42106 2.25 171.193 0.0050002
3.42106 2.75 141.661 0.00517403
3.42106 3.25 118.678 0.0124759
3.42106 3.75 106.777 0.0419303
3.42106 4.25 100.77 0.064391
3.42106 4.75 95.8125 0.0650006
3.42106 5.25 91.0262 0.0650008
3.42106 5.75 86.4182 0.0650008
3.42106 6.25 81.9978 0.0650007
3.42106 6.75 77.7705 0.0649999
3.42106 7.25 73.7386 0.0649972
3.42106 7.75 69.902 0.064997
3.42106 8.25 66.2593 0.0649936
3.42106 8.75 62.8069 0.0649621
3.42106 9.25 59.5408 0.0649726
3.42106 9.75 56.4542 0.0648146
3.42106 10.25 53.5296 0.0638038
3.42106 10.75 50.7685 0.0644611
3.42106 11.25 48.1697 0.0641567
3.42106 11.75 45.6373 0.0564734
3.42106 12.25 44.0558 0.0651942
3.42106 12.75 42.9611 0.0750499
3.42106 13.25 41.9248 0.0837905
3.42106 13.75 40.9376 0.0834252
3.42106 14.25 39.9998 0.0831088
3.42106 14.75 39.1126 0.0827965
3.42106 15.25 38.2766 0.0825041
3.42106 15.75 37.4922 0.0822365
3.42106 16.25 36.759 0.0819942
3.42106 16.75 36.0766 0.081776
3.42106 17.25 35.4438 0.0815801
3.42106 17.75 34.8595 0.0814046
3.42106 18.25 34.322 0.0812477
3.42106 18.75 33.8295 0.0811075
3.42106 19.25 33.3801 0.0809826
3.42106 19.75 32.9714 0.0808713
3.42106 20.25 32.6014 0.0807724
3.42106 20.75 32.2678 0.0806845
3.42106 21.25 31.9681 0.0806065
3.42106 21.75 31.7002 0.0805374
3.42106 22.25 31.4616 0.0804763
3.42106 22.75 31.2502 0.0804223
3.42106 23.25 31.0638 0.0803747
3.42106 23.75 30.9002 0.0803327
3.42106 24.25 30.7576 0.0802959
3.42106 24.75 30.6339 0.0802636
3.42106 25.25 30.5273 0.0802353
3.42106 25.75 30.4363 0.0802106
3.42106 26.25 30.3591 0.0801892
3.42106 26.75 30.2943 0.0801706
3.42106 27.25 30.2405 0.0801545
3.42106 27.75 30.1965 0.0801407
3.42106 28.25 30.1611 0.0801288
3.42106 28.75 30.1332 0.0801187
3.42106 29.25 30.1119 0.0801101
3.42106 29.75 30.0963 0.0801029
3.42106 30.25 30.0855 0.0800968
3.42106 30.75 30.0788 0.0800918
3.42106 31.25 30.0757 0.0800876
3.42106 31.75 30.0755 0.0800842
3.42106 32.25 30.0777 0.0800815
3.42106 32.75 30.0818 0.0800793
3.42106 33.25 30.0875 0.0800776
3.42106 33.75 30.0943 0.0800763
3.42106 34.25 30.102 0.0800753
3.42106 34.75 30.1102 0.0800746
3.42106 35.25 30.1189 0.0800741
3.42106 35.75 30.1276 0.0800737
3.42106 36.25 30.1363 0.0800735
3.42106 36.75 30.1449 0.0800734
3.42106 37.25 30.1531 0.0800733
3.42106 37.75 30.1609 0.0800733
3.42106 38.25 30.1681 0.0800732
3.42106 38.75 30.1748 0.0800732
3.42106 39.25 30.1809 0.0800731
3.42106 39.75 30.1862 0.080073
3.42106 40.25 30.1908 0.0800729
3.42106 40.75 30.1947 0.0800727
3.42106 41.25 30.1978 0.0800724
3.42106 41.75 30.2002 0.080072
3.42106 42.25 30.2017 0.0800716
3.42106 42.75 30.2025 0.080071
3.42106 43.25 30.2025 0.0800704
3.42106 43.75 30.2017 0.0800697
3.42106 44.25 30.2002 0.0800689
3.42106 44.75 30.198 0.080068
3.42106 45.25 30.195 0.0800671
3.42106 45.75 30.1914 0.080066
3.42106 46.25 30.1871 0.0800649
3.42106 46.75 30.1821 0.0800636
3.42106 47.25 30.1766 0.0800623
3.42106 47.75 30.1704 0.0800609
3.42106 48.25 30.1637 0.0800594
3.42106 48.75 30.1564 0.0800579
3.42106 49.25 30.1486 0.0800563
3.42106 49.75 30.1403 0.0800546
3.42106 50.25 30.1315 0.0800528
3.42106 50.75 30.1223 0.080051
3.42106 51.25 30.1127 0.0800491
3.42106 51.75 30.1026 0.0800471
3.42106 52.25 30.0923 0.0800451
3.42106 52.75 30.0815 0.0800431
3.42106 53.25 30.0705 0.080041
3.42106 53.75 30.0591 0.0800388
3.42106 54.25 30.0475 0.0800366
3.42106 54.75 30.0356 0.0800344
3.42106 55.25 30.0235 0.080032
3.42106 55.75 30.0112 0.0800291
3.42106 56.25 29.9987 0.0800242
3.42106 56.75 29.986 0.0800124
3.42106 57.25 29.9732 0.0799793
3.42106 57.75 29.9603 0.0798893
3.42106 58.25 29.9473 0.0796679
3.42106 58.75 29.9342 0.0791766
3.42106 59.25 29.921 0.0782691
3.42106 59.75 29.9078 0.0785142

3.90978 0.25 308.72 0.005
3.90978 0.75 271.634 0.005
3.90978 1.25 236.183 0.005
3.90978 1.75 202.516 0.005
3.90978 2.25 170.767 0.00500026
3.90978 2.75 141.222 0.00520329
3.90978 3.25 118.443 0.0128405
3.90978 3.75 106.714 0.0422615
3.90978 4.25 100.774 0.0643878
3.90978 4.75 95.8663 0.0650006
3.90978 5.25 91.1301 0.0650008
3.90978 5.75 86.5719 0.0650009
3.90978 6.25 82.2015 0.0650009
3.90978 6.75 78.0248 0.0650009
3.90978 7.25 74.045 0.0650002
3.90978 7.75 70.2628 0.0649988
3.90978 8.25 66.6779 0.0649936
3.90978 8.75 63.2883 0.0649938
3.90978 9.25 60.0912 0.0649885
3.90978 9.75 57.0827 0.0649936
3.90978 10.25 54.2572 0.0649761
3.90978 10.75 51.6076 0.064892
3.90978 11.25 49.1267 0.0649047
3.90978 11.75 46.8065 0.0648891
3.90978 12.25 44.6294 0.0638992
3.90978 12.75 42.5522 0.0594728
3.90978 13.25 41.2082 0.0656243
3.90978 13.75 40.2564 0.081671
3.90978 14.25 39.3631 0.0829183
3.90978 14.75 38.5193 0.0826457
3.90978 15.25 37.7248 0.0823741
3.90978 15.75 36.9794 0.0821229
3.90978 16.25 36.2826 0.0818949
3.90978 16.75 35.6336 0.0816891
3.90978 17.25 35.0314 0.081504
3.90978 17.75 34.4745 0.0813378
3.90978 18.25 33.9615 0.0811888
3.90978 18.75 33.4908 0.0810555
3.90978 19.25 33.0605 0.0809363
3.90978 19.75 32.6687 0.0808299
3.90978 20.25 32.3135 0.080735
3.90978 20.75 31.9928 0.0806506
3.90978 21.25 31.7046 0.0805755
3.90978 21.75 31.4466 0.0805089
3.90978 22.25 31.2169 0.0804498
3.90978 22.75 31.0133 0.0803976
3.90978 23.25 30.8338 0.0803514
3.90978 23.75 30.6764 0.0803108
3.90978 24.25 30.5393 0.080275
3.90978 24.75 30.4205 0.0802436
3.90978 25.25 30.3185 0.0802161
3.90978 25.75 30.2315 0.0801922
3.90978 26.25 30.158 0.0801713
3.90978 26.75 30.0965 0.0801532
3.90978 27.25 30.0459 0.0801376
3.90978 27.75 30.0047 0.0801241
3.90978 28.25 29.972 0.0801126
3.90978 28.75 29.9466 0.0801028
3.90978 29.25 29.9276 0.0800945
3.90978 29.75 29.9141 0.0800875
3.90978 30.25 29.9055 0.0800817
3.90978 30.75 29.9009 0.0800769
3.90978 31.25 29.8997 0.0800729
3.90978 31.75 29.9014 0.0800697
3.90978 32.25 29.9054 0.0800672
3.90978 32.75 29.9114 0.0800652
3.90978 33.25 29.9189 0.0800637
3.90978 33.75 29.9275 0.0800626
3.90978 34.25 29.937 0.0800618
3.90978 34.75 29.947 0.0800613
3.90978 35.25 29.9574 0.080061
3.90978 35.75 29.9679 0.0800609
3.90978 36.25 29.9784 0.0800609
3.90978 36.75 29.9887 0.080061
3.90978 37.25 29.9987 0.0800612
3.90978 37.75 30.0082 0.0800614
3.90978 38.25 30.0173 0.0800616
3.90978 38.75 30.0257 0.0800618
3.90978 39.25 30.0335 0.0800621
3.90978 39.75 30.0406 0.0800622
3.90978 40.25 30.047 0.0800623
3.90978 40.75 30.0526 0.0800624
3.90978 41.25 30.0574 0.0800624
3.90978 41.75 30.0614 0.0800623
3.90978 42.25 30.0647 0.0800621
3.90978 42.75 30.0672 0.0800619
3.90978 43.25 30.0688 0.0800616
3.90978 43.75 30.0697 0.0800612
3.90978 44.25 30.0699 0.0800607
3.90978 44.75 30.0693 0.0800601
3.90978 45.25 30.068 0.0800594
3.90978 45.75 30.0659 0.0800586
3.90978 46.25 30.0632 0.0800578
3.90978 46.75 30.0598 0.0800568
3.90978 47.25 30.0558 0.0800558
3.90978 47.75 30.0512 0.0800547
3.90978 48.25 30.046 0.0800535
3.90978 48.75 30.0402 0.0800522
3.90978 49.25 30.0338 0.0800509
3.90978 49.75 30.027 0.0800495
3.90978 50.25 30.0197 0.080048
3.90978 50.75 30.0119 0.0800464
3.90978 51.25 30.0037 0.0800448
3.90978 51.75 29.9951 0.0800432
3.90978 52.25 29.9861 0.0800414
3.90978 52.75 29.9768 0.0800396
3.90978 53.25 29.9671 0.0800378
3.90978 53.75 29.9571 0.0800359
3.90978 54.25 29.9468 0.080034
3.90978 54.75 29.9363 0.080032
3.90978 55.25 29.9255 0.0800299
3.90978 55.75 29.9145 0.0800272
3.90978 56.25 29.9033 0.0800227
3.90978 56.75 29.8919 0.0800112
3.90978 57.25 29.8804 0.0799785
3.90978 57.75 29.8688 0.0798885
3.90978 58.25 29.8571 0.0796643
3.90978 58.75 29.8453 0.0791532
3.90978 59.25 29.8334 0.0781371
3.90978 59.75 29.8214 0.0779188

4.3985 0.25 308.653 0.005
4.3985 0.75 271.425 0.005
4.3985 1.25 235.819 0.005
4.3985 1.75 201.978 0.005
4.3985 2.25 170.029 0.00500029
4.3985 2.75 140.278 0.00522685
4.3985 3.25 117.659 0.0135858
4.3985 3.75 106.198 0.044553
4.3985 4.25 100.274 0.0648892
4.3985 4.75 95.1036 0.0649835
4.3985 5.25 90.1167 0.064924
4.3985 5.75 85.3224 0.0649591
4.3985 6.25 80.7218 0.0648848
4.3985 6.75 76.3126 0.0648282
4.3985 7.25 72.0948 0.0648748
4.3985 7.75 68.0404 0.0631668
4.3985 8.25 64.166 0.064553
4.3985 8.75 60.4725 0.0632036
4.3985 9.25 56.8512 0.0573942
4.3985 9.75 53.2045 0.0499455
4.3985 10.25 51.2618 0.0694435
4.3985 10.75 49.9605 0.0942562
4.3985 11.25 48.6749 0.0938168
4.3985 11.75 47.421 0.0938788
4.3985 12.25 46.2022 0.0938463
4.3985 12.75 45.022 0.0937389
4.3985 13.25 43.8834 0.0935726
4.3985 13.75 42.7892 0.0933622
4.3985 14.25 41.7416 0.0931214
4.3985 14.75 40.7425 0.0928627
4.3985 15.25 39.7934 0.0925972
4.3985 15.75 38.8955 0.0923339
4.3985 16.25 38.0493 0.0920798
4.3985 16.75 37.2553 0.0918399
4.3985 17.25 36.5132 0.0916172
4.3985 17.75 35.8225 0.0914132
4.3985 18.25 35.1826 0.091228
4.3985 18.75 34.592 0.0910612
4.3985 19.25 34.0494 0.0909117
4.3985 19.75 33.553 0.0907782
4.3985 20.25 33.1008 0.0906594
4.3985 20.75 32.6906 0.0905538
4.3985 21.25 32.3202 0.0904601
4.3985 21.75 31.9872 0.0903772
4.3985 22.25 31.6891 0.0903038
4.3985 22.75 31.4235 0.090239
4.3985 23.25 31.188 0.0901819
4.3985 23.75 30.9803 0.0901315
4.3985 24.25 30.798 0.0900872
4.3985 24.75 30.6388 0.0900484
4.3985 25.25 30.5008 0.0900143
4.3985 25.75 30.3819 0.0899845
4.3985 26.25 30.2801 0.0899585
4.3985 26.75 30.1938 0.0899359
4.3985 27.25 30.1212 0.0899163
4.3985 27.75 30.061 0.0898993
4.3985 28.25 30.0115 0.0898847
4.3985 28.75 29.9716 0.0898722
4.3985 29.25 29.9401 0.0898614
4.3985 29.75 29.9159 0.0898523
4.3985 30.25 29.898 0.0898446
4.3985 30.75 29.8856 0.0898381
4.3985 31.25 29.8778 0.0898327
4.3985 31.75 29.8738 0.0898282
4.3985 32.25 29.8732 0.0898246
4.3985 32.75 29.8753 0.0898216
4.3985 33.25 29.8796 0.0898192
4.3985 33.75 29.8856 0.0898173
4.3985 34.25 29.8929 0.0898158
4.3985 34.75 29.9013 0.0898147
4.3985 35.25 29.9104 0.0898139
4.3985 35.75 29.9199 0.0898133
4.3985 36.25 29.9296 0.0898129
4.3985 36.75 29.9394 0.0898126
4.3985 37.25 29.9489 0.0898125
4.3985 37.75 29.9582 0.0898124
4.3985 38.25 29.967 0.0898124
4.3985 38.75 29.9754 0.0898124
4.3985 39.25 29.9831 0.0898124
4.3985 39.75 29.9901 0.0898124
4.3985 40.25 29.9965 0.0898123
4.3985 40.75 30.002 0.0898122
4.3985 41.25 30.0068 0.089812
4.3985 41.75 30.0108 0.0898118
4.3985 42.25 30.0139 0.0898115
4.3985 42.75 30.0162 0.0898112
4.3985 43.25 30.0177 0.0898107
4.3985 43.75 30.0184 0.0898102
4.3985 44.25 30.0182 0.0898096
4.3985 44.75 30.0173 0.0898089
4.3985 45.25 30.0155 0.0898081
4.3985 45.75 30.013 0.0898073
4.3985 46.25 30.0098 0.0898063
4.3985 46.75 30.0058 0.0898053
4.3985 47.25 30.0012 0.0898041
4.3985 47.75 29.9958 0.0898029
4.3985 48.25 29.9898 0.0898016
4.3985 48.75 29.9832 0.0898003
4.3985 49.25 29.9761 0.0897988
4.3985 49.75 29.9683 0.0897973
4.3985 50.25 29.96 0.0897957
4.3985 50.75 29.9512 0.089794
4.3985 51.25 29.942 0.0897923
4.3985 51.75 29.9322 0.0897904
4.3985 52.25 29.9221 0.0897883
4.3985 52.75 29.9116 0.0897859
4.3985 53.25 29.9006 0.0897827
4.3985 53.75 29.8894 0.0897779
4.3985 54.25 29.8778 0.0897702
4.3985 54.75 29.866 0.0897572
4.3985 55.25 29.8538 0.0897352
4.3985 55.75 29.8415 0.089699
4.3985 56.25 29.8289 0.0896417
4.3985 56.75 29.8161 0.0895548
4.3985 57.25 29.8032 0.0894265
4.3985 57.75 29.7901 0.0892418
4.3985 58.25 29.7769 0.088995
4.3985 58.75 29.7636 0.0887553
4.3985 59.25 29.7503 0.088849
4.3985 59.75 29.7369 0.0899054

4.88722 0.25 308.745 0.005
4.88722 0.75 271.702 0.005
4.88722 1.25 236.285 0.005
4.88722 1.75 202.643 0.005
4.88722 2.25 170.909 0.00500025
4.88722 2.75 141.363 0.0051962
4.88722 3.25 118.54 0.0126643
4.88722 3.75 106.776 0.0418642
4.88722 4.25 100.821 0.0643165
4.88722 4.75 95.9282 0.0650006
4.88722 5.25 91.2032 0.0650008
4.88722 5.75 86.6511 0.0650008
4.88722 6.25 82.2813 0.0650004
4.88722 6.75 78.0996 0.0649953
4.88722 7.25 74.1092 0.0649976
4.88722 7.75 70.3112 0.0649967
4.88722 8.25 66.7043 0.0649507
4.88722 8.75 63.2872 0.06497
4.88722 9.25 60.0572 0.064977
4.88722 9.75 57.0094 0.0649282
4.88722 10.25 54.1388 0.0649828
4.88722 10.75 51.4396 0.0649886
4.88722 11.25 48.9016 0.0647998
4.88722 11.75 46.4996 0.0629326
4.88722 12.25 44.1825 0.0578271
4.88722 12.75 42.7129 0.0656256
4.88722 13.25 41.6801 0.0830663
4.88722 13.75 40.7037 0.0837848
4.88722 14.25 39.7755 0.0834986
4.88722 14.75 38.8964 0.0831968
4.88722 15.25 38.0669 0.0829104
4.88722 15.75 37.2872 0.0826468
4.88722 16.25 36.5571 0.0824075
4.88722 16.75 35.8759 0.0821915
4.88722 17.25 35.2429 0.0819971
4.88722 17.75 34.6568 0.0818227
4.88722 18.25 34.1164 0.0816665
4.88722 18.75 33.6199 0.0815267
4.88722 19.25 33.1658 0.0814019
4.88722 19.75 32.752 0.0812906
4.88722 20.25 32.3765 0.0811914
4.88722 20.75 32.0372 0.0811032
4.88722 21.25 31.732 0.0810248
4.88722 21.75 31.4587 0.0809553
4.88722 22.25 31.215 0.0808937
4.88722 22.75 30.9989 0.0808393
4.88722 23.25 30.808 0.0807912
4.88722 23.75 30.6405 0.0807488
4.88722 24.25 30.4943 0.0807116
4.88722 24.75 30.3673 0.0806789
4.88722 25.25 30.258 0.0806502
4.88722 25.75 30.1644 0.0806252
4.88722 26.25 30.0851 0.0806034
4.88722 26.75 30.0184 0.0805844
4.88722 27.25 29.9631 0.080568
4.88722 27.75 29.9178 0.0805539
4.88722 28.25 29.8813 0.0805418
4.88722 28.75 29.8525 0.0805314
4.88722 29.25 29.8306 0.0805226
4.88722 29.75 29.8144 0.0805151
4.88722 30.25 29.8033 0.0805088
4.88722 30.75 29.7965 0.0805036
4.88722 31.25 29.7934 0.0804993
4.88722 31.75 29.7933 0.0804957
4.88722 32.25 29.7957 0.0804929
4.88722 32.75 29.8002 0.0804906
4.88722 33.25 29.8064 0.0804888
4.88722 33.75 29.8138 0.0804874
4.88722 34.25 29.8221 0.0804864
4.88722 34.75 29.8311 0.0804856
4.88722 35.25 29.8406 0.0804851
4.88722 35.75 29.8502 0.0804848
4.88722 36.25 29.8599 0.0804846
4.88722 36.75 29.8694 0.0804845
4.88722 37.25 29.8787 0.0804845
4.88722 37.75 29.8876 0.0804846
4.88722 38.25 29.8959 0.0804846
4.88722 38.75 29.9038 0.0804847
4.88722 39.25 29.911 0.0804848
4.88722 39.75 29.9175 0.0804848
4.88722 40.25 29.9233 0.0804848
4.88722 40.75 29.9284 0.0804847
4.88722 41.25 29.9327 0.0804846
4.88722 41.75 29.9362 0.0804844
4.88722 42.25 29.939 0.0804841
4.88722 42.75 29.941 0.0804838
4.88722 43.25 29.9421 0.0804834
4.88722 43.75 29.9426 0.0804829
4.88722 44.25 29.9422 0.0804823
4.88722 44.75 29.9412 0.0804816
4.88722 45.25 29.9393 0.0804808
4.88722 45.75 29.9368 0.0804799
4.88722 46.25 29.9336 0.080479
4.88722 46.75 29.9298 0.080478
4.88722 47.25 29.9253 0.0804769
4.88722 47.75 29.9202 0.0804757
4.88722 48.25 29.9144 0.0804744
4.88722 48.75 29.9082 0.0804731
4.88722 49.25 29.9014 0.0804717
4.88722 49.75 29.894 0.0804702
4.88722 50.25 29.8862 0.0804686
4.88722 50.75 29.878 0.080467
4.88722 51.25 29.8693 0.0804653
4.88722 51.75 29.8601 0.0804636
4.88722 52.25 29.8506 0.0804618
4.88722 52.75 29.8408 0.08046
4.88722 53.25 29.8306 0.0804581
4.88722 53.75 29.8201 0.0804561
4.88722 54.25 29.8093 0.0804541
4.88722 54.75 29.7982 0.0804521
4.88722 55.25 29.7869 0.0804498
4.88722 55.75 29.7754 0.0804469
4.88722 56.25 29.7637 0.0804414
4.88722 56.75 29.7518 0.0804277
4.88722 57.25 29.7398 0.0803897
4.88722 57.75 29.7277 0.0802904
4.88722 58.25 29.7154 0.0800543
4.88722 58.75 29.7031 0.0795395
4.88722 59.25 29.6906 0.0785796
4.88722 59.75 29.6782 0.0786172

5.37595 0.25 308.727 0.005
5.37595 0.75 271.648 0.005
5.37595 1.25 236.197 0.005
5.37595 1.75 202.523 0.005
5.37595 2.25 170.758 0.00500026
5.37595 2.75 141.189 0.00520281
5.37595 3.25 118.41 0.0128142
5.37595 3.75 106.698 0.0422416
5.37595 4.25 100.754 0.0644145
5.37595 4.75 95.8311 0.0650006
5.37595 5.25 91.0765 0.0650008
5.37595 5.75 86.4963 0.0650008
5.37595 6.25 82.0994 0.0650001
5.37595 6.75 77.8911 0.0649953
5.37595 7.25 73.8738 0.0649955
5.37595 7.75 70.0475 0.0649891
5.37595 8.25 66.4107 0.0649547
5.37595 8.75 62.961 0.0649816
5.37595 9.25 59.695 0.0649668
5.37595 9.75 56.6054 0.0647785
5.37595 10.25 53.6868 0.0648103
5.37595 10.75 50.9342 0.0648027
5.37595 11.25 48.3137 0.0621926
5.37595 11.75 45.7432 0.0547505
5.37595 12.25 44.1555 0.0655917
5.37595 12.75 43.0552 0.0846347
5.37595 13.25 42.0078 0.0855766
5.37595 13.75 41.0074 0.0853371
5.37595 14.25 40.0553 0.0850409
5.37595 14.75 39.153 0.0847381
5.37595 15.25 38.3011 0.0844479
5.37595 15.75 37.5 0.0841783
5.37595 16.25 36.7495 0.0839322
5.37595 16.75 36.0493 0.0837096
5.37595 17.25 35.3984 0.0835092
5.37595 17.75 34.7959 0.0833294
5.37595 18.25 34.2402 0.0831685
5.37595 18.75 33.7297 0.0830246
5.37595 19.25 33.2627 0.0828962
5.37595 19.75 32.8371 0.0827817
5.37595 20.25 32.4507 0.0826798
5.37595 20.75 32.1016 0.0825892
5.37595 21.25 31.7873 0.0825088
5.37595 21.75 31.5057 0.0824374
5.37595 22.25 31.2545 0.0823742
5.37595 22.75 31.0314 0.0823183
5.37595 23.25 30.8343 0.082269
5.37595 23.75 30.6611 0.0822255
5.37595 24.25 30.5097 0.0821872
5.37595 24.75 30.3782 0.0821536
5.37595 25.25 30.2647 0.0821241
5.37595 25.75 30.1674 0.0820984
5.37595 26.25 30.0848 0.082076
5.37595 26.75 30.0152 0.0820565
5.37595 27.25 29.9574 0.0820396
5.37595 27.75 29.9098 0.082025
5.37595 28.25 29.8714 0.0820125
5.37595 28.75 29.841 0.0820018
5.37595 29.25 29.8176 0.0819927
5.37595 29.75 29.8002 0.0819849
5.37595 30.25 29.7881 0.0819784
5.37595 30.75 29.7805 0.081973
5.37595 31.25 29.7766 0.0819685
5.37595 31.75 29.776 0.0819648
5.37595 32.25 29.7779 0.0819618
5.37595 32.75 29.7821 0.0819594
5.37595 33.25 29.7879 0.0819575
5.37595 33.75 29.7951 0.0819561
5.37595 34.25 29.8033 0.081955
5.37595 34.75 29.8122 0.0819541
5.37595 35.25 29.8216 0.0819536
5.37595 35.75 29.8312 0.0819532
5.37595 36.25 29.8408 0.081953
5.37595 36.75 29.8504 0.0819529
5.37595 37.25 29.8596 0.0819528
5.37595 37.75 29.8685 0.0819528
5.37595 38.25 29.8769 0.0819529
5.37595 38.75 29.8848 0.0819529
5.37595 39.25 29.892 0.081953
5.37595 39.75 29.8986 0.081953
5.37595 40.25 29.9044 0.0819529
5.37595 40.75 29.9095 0.0819529
5.37595 41.25 29.9138 0.0819527
5.37595 41.75 29.9173 0.0819525
5.37595 42.25 29.9201 0.0819522
5.37595 42.75 29.922 0.0819518
5.37595 43.25 29.9231 0.0819514
5.37595 43.75 29.9235 0.0819509
5.37595 44.25 29.9231 0.0819503
5.37595 44.75 29.9219 0.0819495
5.37595 45.25 29.92 0.0819488
5.37595 45.75 29.9174 0.0819479
5.37595 46.25 29.9141 0.0819469
5.37595 46.75 29.9101 0.0819459
5.37595 47.25 29.9055 0.0819447
5.37595 47.75 29.9002 0.0819435
5.37595 48.25 29.8944 0.0819422
5.37595 48.75 29.8879 0.0819409
5.37595 49.25 29.8809 0.0819394
5.37595 49.75 29.8734 0.0819379
5.37595 50.25 29.8654 0.0819363
5.37595 50.75 29.8569 0.0819347
5.37595 51.25 29.848 0.081933
5.37595 51.75 29.8387 0.0819312
5.37595 52.25 29.8289 0.0819294
5.37595 52.75 29.8188 0.0819275
5.37595 53.25 29.8084 0.0819256
5.37595 53.75 29.7976 0.0819236
5.37595 54.25 29.7866 0.0819216
5.37595 54.75 29.7753 0.0819193
5.37595 55.25 29.7637 0.0819166
5.37595 55.75 29.7519 0.0819121
5.37595 56.25 29.74 0.0819024
5.37595 56.75 29.7278 0.0818786
5.37595 57.25 29.7155 0.0818209
5.37595 57.75 29.7031 0.0816914
5.37595 58.25 29.6905 0.0814237
5.37595 58.75 29.6779 0.0809105
5.37595 59.25 29.6652 0.0801319
5.37595 59.75 29.6524 0.0806787

5.86467 0.25 308.66 0.005
5.86467 0.75 271.448 0.005
5.86467 1.25 235.86 0.005
5.86467 1.75 202.043 0.005
5.86467 2.25 170.124 0.00500029
5.86467 2.75 140.412 0.00522594
5.86467 3.25 117.789 0.0134849
5.86467 3.75 106.297 0.0440883
5.86467 4.25 100.375 0.0648368
5.86467 4.75 95.2647 0.0649993
5.86467 5.25 90.3323 0.0649956
5.86467 5.75 85.5886 0.0649967
5.86467 6.25 81.0385 0.0649638
5.86467 6.75 76.6849 0.0649772
5.86467 7.25 72.5279 0.0648833
5.86467 7.75 68.5679 0.06495
5.86467 8.25 64.8047 0.0649576
5.86467 8.75 61.1854 0.0614242
5.86467 9.25 57.7104 0.0617926
5.86467 9.75 54.3644 0.0576906
5.86467 10.25 51.1326 0.0571108
5.86467 10.75 49.3301 0.0703045
5.86467 11.25 48.0946 0.0908889
5.86467 11.75 46.885 0.0906528
5.86467 12.25 45.7102 0.090637
5.86467 12.75 44.5725 0.0905203
5.86467 13.25 43.4743 0.0903288
5.86467 13.75 42.4177 0.0900848
5.86467 14.25 41.4049 0.0898084
5.86467 14.75 40.4375 0.089517
5.86467 15.25 39.5174 0.0892249
5.86467 15.75 38.6458 0.0889424
5.86467 16.25 37.8238 0.0886762
5.86467 16.75 37.052 0.0884301
5.86467 17.25 36.3306 0.0882056
5.86467 17.75 35.6594 0.0880026
5.86467 18.25 35.0377 0.0878201
5.86467 18.75 34.4644 0.0876568
5.86467 19.25 33.9381 0.087511
5.86467 19.75 33.4571 0.0873811
5.86467 20.25 33.0193 0.0872657
5.86467 20.75 32.6225 0.0871632
5.86467 21.25 32.2646 0.0870723
5.86467 21.75 31.943 0.0869918
5.86467 22.25 31.6553 0.0869206
5.86467 22.75 31.3992 0.0868577
5.86467 23.25 31.1721 0.0868022
5.86467 23.75 30.9718 0.0867533
5.86467 24.25 30.7961 0.0867103
5.86467 24.75 30.6427 0.0866726
5.86467 25.25 30.5096 0.0866395
5.86467 25.75 30.3948 0.0866105
5.86467 26.25 30.2966 0.0865853
5.86467 26.75 30.2132 0.0865633
5.86467 27.25 30.143 0.0865442
5.86467 27.75 30.0845 0.0865277
5.86467 28.25 30.0364 0.0865135
5.86467 28.75 29.9975 0.0865013
5.86467 29.25 29.9665 0.0864908
5.86467 29.75 29.9426 0.0864819
5.86467 30.25 29.9246 0.0864744
5.86467 30.75 29.9118 0.086468
5.86467 31.25 29.9034 0.0864627
5.86467 31.75 29.8988 0.0864583
5.86467 32.25 29.8972 0.0864546
5.86467 32.75 29.8982 0.0864516
5.86467 33.25 29.9013 0.0864492
5.86467 33.75 29.906 0.0864473
5.86467 34.25 29.912 0.0864457
5.86467 34.75 29.9189 0.0864445
5.86467 35.25 29.9265 0.0864435
5.86467 35.75 29.9344 0.0864428
5.86467 36.25 29.9425 0.0864423
5.86467 36.75 29.9506 0.0864418
5.86467 37.25 29.9585 0.0864415
5.86467 37.75 29.9662 0.0864413
5.86467 38.25 29.9734 0.0864411
5.86467 38.75 29.9801 0.0864409
5.86467 39.25 29.9862 0.0864407
5.86467 39.75 29.9917 0.0864404
5.86467 40.25 29.9964 0.0864402
5.86467 40.75 30.0005 0.0864399
5.86467 41.25 30.0037 0.0864395
5.86467 41.75 30.0062 0.0864391
5.86467 42.25 30.008 0.0864386
5.86467 42.75 30.0089 0.0864381
5.86467 43.25 30.009 0.0864374
5.86467 43.75 30.0084 0.0864367
5.86467 44.25 30.007 0.0864359
5.86467 44.75 30.0048 0.086435
5.86467 45.25 30.0019 0.086434
5.86467 45.75 29.9983 0.086433
5.86467 46.25 29.994 0.0864318
5.86467 46.75 29.989 0.0864306
5.86467 47.25 29.9834 0.0864293
5.86467 47.75 29.9771 0.0864279
5.86467 48.25 29.9702 0.0864265
5.86467 48.75 29.9628 0.086425
5.86467 49.25 29.9548 0.0864234
5.86467 49.75 29.9462 0.0864217
5.86467 50.25 29.9372 0.0864199
5.86467 50.75 29.9277 0.0864181
5.86467 51.25 29.9178 0.0864163
5.86467 51.75 29.9074 0.0864144
5.86467 52.25 29.8966 0.0864124
5.86467 52.75 29.8855 0.0864103
5.86467 53.25 29.8741 0.086408
5.86467 53.75 29.8623 0.0864054
5.86467 54.25 29.8502 0.086402
5.86467 54.75 29.8379 0.0863965
5.86467 55.25 29.8253 0.0863865
5.86467 55.75 29.8125 0.0863673
5.86467 56.25 29.7995 0.086331
5.86467 56.75 29.7863 0.0862655
5.86467 57.25 29.7729 0.086154
5.86467 57.75 29.7595 0.0859729
5.86467 58.25 29.7459 0.0856923
5.86467 58.75 29.7323 0.0853162
5.86467 59.25 29.7185 0.0851394
5.86467 59.75 29.7048 0.0862928

6.35339 0.25 308.479 0.005
6.35339 0.75 270.905 0.005
6.35339 1.25 234.951 0.005
6.35339 1.75 200.754 0.005
6.35339 2.25 168.436 0.00500041
6.35339 2.75 138.364 0.00530862
6.35339 3.25 116.207 0.0154628
6.35339 3.75 105.216 0.0486231
6.35339 4.25 99.1551 0.0626083
6.35339 4.75 93.5972 0.0614384
6.35339 5.25 88.209 0.0613876
6.35339 5.75 83.0061 0.0608871
6.35339 6.25 77.9336 0.058011
6.35339 6.75 73.0967 0.0624731
6.35339 7.25 68.4718 0.0579679
6.35339 7.75 61.9164 0.005
6.35339 8.25 59.4555 0.0672528
6.35339 8.75 58.0569 0.101962
6.35339 9.25 56.612 0.102049
6.35339 9.75 55.1705 0.102354
6.35339 10.25 53.7377 0.102533
6.35339 10.75 52.3194 0.102614
6.35339 11.25 50.9212 0.102623
6.35339 11.75 49.5488 0.102575
6.35339 12.25 48.2077 0.102482
6.35339 12.75 46.9028 0.102353
6.35339 13.25 45.6389 0.102196
6.35339 13.75 44.4202 0.102018
6.35339 14.25 43.2504 0.101824
6.35339 14.75 42.1327 0.10162
6.35339 15.25 41.0695 0.101411
6.35339 15.75 40.0626 0.1012
6.35339 16.25 39.1135 0.100992
6.35339 16.75 38.2225 0.100789
6.35339 17.25 37.3899 0.100593
6.35339 17.75 36.6152 0.100408
6.35339 18.25 35.8973 0.100233
6.35339 18.75 35.2349 0.100071
6.35339 19.25 34.6262 0.0999216
6.35339 19.75 34.0693 0.0997848
6.35339 20.25 33.5617 0.0996607
6.35339 20.75 33.1012 0.0995487
6.35339 21.25 32.685 0.0994481
6.35339 21.75 32.3106 0.0993582
6.35339 22.25 31.9751 0.0992782
6.35339 22.75 31.6758 0.0992072
6.35339 23.25 31.4102 0.0991444
6.35339 23.75 31.1755 0.0990889
6.35339 24.25 30.9692 0.0990401
6.35339 24.75 30.7888 0.0989971
6.35339 25.25 30.6321 0.0989594
6.35339 25.75 30.4967 0.0989264
6.35339 26.25 30.3806 0.0988976
6.35339 26.75 30.2819 0.0988725
6.35339 27.25 30.1987 0.0988507
6.35339 27.75 30.1292 0.0988318
6.35339 28.25 30.072 0.0988154
6.35339 28.75 30.0256 0.0988014
6.35339 29.25 29.9887 0.0987893
6.35339 29.75 29.96 0.098779
6.35339 30.25 29.9385 0.0987703
6.35339 30.75 29.9232 0.0987629
6.35339 31.25 29.9132 0.0987567
6.35339 31.75 29.9077 0.0987515
6.35339 32.25 29.9059 0.0987472
6.35339 32.75 29.9073 0.0987437
6.35339 33.25 29.9112 0.0987408
6.35339 33.75 29.9171 0.0987385
6.35339 34.25 29.9247 0.0987367
6.35339 34.75 29.9334 0.0987353
6.35339 35.25 29.9431 0.0987342
6.35339 35.75 29.9533 0.0987334
6.35339 36.25 29.9638 0.0987328
6.35339 36.75 29.9744 0.0987324
6.35339 37.25 29.9848 0.0987321
6.35339 37.75 29.9951 0.0987319
6.35339 38.25 30.0049 0.0987318
6.35339 38.75 30.0142 0.0987317
6.35339 39.25 30.0229 0.0987316
6.35339 39.75 30.0309 0.0987316
6.35339 40.25 30.0382 0.0987315
6.35339 40.75 30.0447 0.0987314
6.35339 41.25 30.0504 0.0987312
6.35339 41.75 30.0552 0.098731
6.35339 42.25 30.0591 0.0987307
6.35339 42.75 30.0622 0.0987304
6.35339 43.25 30.0644 0.0987299
6.35339 43.75 30.0658 0.0987294
6.35339 44.25 30.0662 0.0987289
6.35339 44.75 30.0659 0.0987282
6.35339 45.25 30.0647 0.0987275
6.35339 45.75 30.0627 0.0987266
6.35339 46.25 30.0599 0.0987257
6.35339 46.75 30.0563 0.0987247
6.35339 47.25 30.052 0.0987236
6.35339 47.75 30.047 0.0987224
6.35339 48.25 30.0413 0.0987211
6.35339 48.75 30.035 0.0987196
6.35339 49.25 30.028 0.098718
6.35339 49.75 30.0205 0.098716
6.35339 50.25 30.0124 0.0987136
6.35339 50.75 30.0037 0.0987106
6.35339 51.25 29.9945 0.0987066
6.35339 51.75 29.9849 0.0987011
6.35339 52.25 29.9748 0.0986936
6.35339 52.75 29.9643 0.0986832
6.35339 53.25 29.9534 0.0986688
6.35339 53.75 29.9421 0.0986494
6.35339 54.25 29.9305 0.0986234
6.35339 54.75 29.9186 0.0985894
6.35339 55.25 29.9064 0.0985451
6.35339 55.75 29.894 0.0984877
6.35339 56.25 29.8813 0.0984136
6.35339 56.75 29.8685 0.0983192
6.35339 57.25 29.8554 0.0982045
6.35339 57.75 29.8422 0.0980821
6.35339 58.25 29.8289 0.0979933
6.35339 58.75 29.8155 0.0980273
6.35339 59.25 29.8021 0.0983154
6.35339 59.75 29.7886 0.0989404

6.84211 0.25 308.168 0.005
6.84211 0.75 269.969 0.005
6.84211 1.25 233.371 0.005
6.84211 1.75 198.498 0.005
6.84211 2.25 165.447 0.00500073
6.84211 2.75 134.737 0.00551517
6.84211 3.25 113.406 0.0194706
6.84211 3.75 102.953 0.0550757
6.84211 4.25 96.0786 0.0597874
6.84211 4.75 89.4349 0.0582918
6.84211 5.25 82.8557 0.0566288
6.84211 5.75 73.294 0.005
6.84211 6.25 70.6252 0.0759167
6.84211 6.75 69.1149 0.110619
6.84211 7.25 67.4994 0.109961
6.84211 7.75 65.8697 0.110536
6.84211 8.25 64.2267 0.110944
6.84211 8.75 62.5758 0.111147
6.84211 9.25 60.9225 0.11121
6.84211 9.75 59.2724 0.111178
6.84211 10.25 57.6315 0.111079
6.84211 10.75 56.0058 0.110932
6.84211 11.25 54.4014 0.110751
6.84211 11.75 52.8246 0.110546
6.84211 12.25 51.2814 0.110326
6.84211 12.75 49.7778 0.110097
6.84211 13.25 48.3193 0.109864
6.84211 13.75 46.9111 0.109632
6.84211 14.25 45.5578 0.109405
6.84211 14.75 44.2634 0.109184
6.84211 15.25 43.0312 0.108971
6.84211 15.75 41.8637 0.108768
6.84211 16.25 40.7627 0.108574
6.84211 16.75 39.7291 0.108391
6.84211 17.25 38.7634 0.108218
6.84211 17.75 37.8651 0.108056
6.84211 18.25 37.0331 0.107903
6.84211 18.75 36.266 0.107761
6.84211 19.25 35.5617 0.107629
6.84211 19.75 34.9177 0.107507
6.84211 20.25 34.3314 0.107394
6.84211 20.75 33.7999 0.10729
6.84211 21.25 33.3199 0.107195
6.84211 21.75 32.8884 0.107109
6.84211 22.25 32.5019 0.10703
6.84211 22.75 32.1574 0.106959
6.84211 23.25 31.8515 0.106896
6.84211 23.75 31.5812 0.106838
6.84211 24.25 31.3435 0.106788
6.84211 24.75 31.1354 0.106742
6.84211 25.25 30.9542 0.106702
6.84211 25.75 30.7973 0.106667
6.84211 26.25 30.6623 0.106635
6.84211 26.75 30.547 0.106608
6.84211 27.25 30.4491 0.106584
6.84211 27.75 30.3668 0.106563
6.84211 28.25 30.2983 0.106545
6.84211 28.75 30.2419 0.10653
6.84211 29.25 30.1961 0.106516
6.84211 29.75 30.1597 0.106504
6.84211 30.25 30.1312 0.106494
6.84211 30.75 30.1097 0.106486
6.84211 31.25 30.0942 0.106479
6.84211 31.75 30.0837 0.106472
6.84211 32.25 30.0774 0.106467
6.84211 32.75 30.0747 0.106463
6.84211 33.25 30.0749 0.106459
6.84211 33.75 30.0774 0.106456
6.84211 34.25 30.0818 0.106454
6.84211 34.75 30.0876 0.106452
6.84211 35.25 30.0945 0.10645
6.84211 35.75 30.1021 0.106448
6.84211 36.25 30.1101 0.106447
6.84211 36.75 30.1184 0.106446
6.84211 37.25 30.1266 0.106445
6.84211 37.75 30.1347 0.106445
6.84211 38.25 30.1425 0.106444
6.84211 38.75 30.1498 0.106444
6.84211 39.25 30.1566 0.106443
6.84211 39.75 30.1628 0.106443
6.84211 40.25 30.1683 0.106442
6.84211 40.75 30.173 0.106442
6.84211 41.25 30.177 0.106441
6.84211 41.75 30.1801 0.10644
6.84211 42.25 30.1824 0.10644
6.84211 42.75 30.1839 0.106439
6.84211 43.25 30.1845 0.106438
6.84211 43.75 30.1844 0.106438
6.84211 44.25 30.1834 0.106437
6.84211 44.75 30.1815 0.106436
6.84211 45.25 30.1789 0.106435
6.84211 45.75 30.1755 0.106433
6.84211 46.25 30.1714 0.106432
6.84211 46.75 30.1665 0.10643
6.84211 47.25 30.1609 0.106429
6.84211 47.75 30.1546 0.106427
6.84211 48.25 30.1477 0.106424
6.84211 48.75 30.1401 0.106421
6.84211 49.25 30.132 0.106417
6.84211 49.75 30.1233 0.106412
6.84211 50.25 30.114 0.106407
6.84211 50.75 30.1043 0.106399
6.84211 51.25 30.094 0.10639
6.84211 51.75 30.0833 0.106379
6.84211 52.25 30.0722 0.106365
6.84211 52.75 30.0606 0.106348
6.84211 53.25 30.0487 0.106327
6.84211 53.75 30.0365 0.106302
6.84211 54.25 30.0239 0.106272
6.84211 54.75 30.0111 0.106236
6.84211 55.25 29.998 0.106192
6.84211 55.75 29.9846 0.10614
6.84211 56.25 29.971 0.106079
6.84211 56.75 29.9573 0.106014
6.84211 57.25 29.9433 0.105953
6.84211 57.75 29.9293 0.105916
6.84211 58.25 29.9151 0.105934
6.84211 58.75 29.9009 0.10605
6.84211 59.25 29.8865 0.106304
6.84211 59.75 29.8722 0.106704

7.33084 0.25 307.74 0.005
7.33084 0.75 268.678 0.005
7.33084 1.25 231.196 0.005
7.33084 1.75 195.404 0.005
7.33084 2.25 161.396 0.00500143
7.33084 2.75 130.091 0.00597317
7.33084 3.25 110.292 0.0266384
7.33084 3.75 100.377 0.057384
7.33084 4.25 92.2868 0.0560104
7.33084 4.75 80.5638 0.005
7.33084 5.25 77.8169 0.0844125
7.33084 5.75 76.2668 0.11719
7.33084 6.25 74.5809 0.118471
7.33084 6.75 72.8646 0.119486
7.33084 7.25 71.1223 0.120186
7.33084 7.75 69.359 0.12056
7.33084 8.25 67.58 0.120695
7.33084 8.75 65.7905 0.120666
7.33084 9.25 63.996 0.120527
7.33084 9.75 62.2022 0.120313
7.33084 10.25 60.415 0.12005
7.33084 10.75 58.6408 0.119757
7.33084 11.25 56.8861 0.119448
7.33084 11.75 55.1579 0.119135
7.33084 12.25 53.4628 0.118825
7.33084 12.75 51.8078 0.118526
7.33084 13.25 50.1995 0.118243
7.33084 13.75 48.6439 0.117979
7.33084 14.25 47.1467 0.117736
7.33084 14.75 45.713 0.117515
7.33084 15.25 44.347 0.117317
7.33084 15.75 43.0519 0.117139
7.33084 16.25 41.8302 0.116982
7.33084 16.75 40.6835 0.116843
7.33084 17.25 39.6122 0.11672
7.33084 17.75 38.6163 0.116611
7.33084 18.25 37.6948 0.116515
7.33084 18.75 36.8459 0.116429
7.33084 19.25 36.0674 0.116352
7.33084 19.75 35.3566 0.116283
7.33084 20.25 34.7104 0.11622
7.33084 20.75 34.1254 0.116162
7.33084 21.25 33.5981 0.116109
7.33084 21.75 33.1247 0.11606
7.33084 22.25 32.7016 0.116015
7.33084 22.75 32.325 0.115973
7.33084 23.25 31.9913 0.115934
7.33084 23.75 31.6969 0.115897
7.33084 24.25 31.4385 0.115864
7.33084 24.75 31.2126 0.115833
7.33084 25.25 31.0163 0.115804
7.33084 25.75 30.8467 0.115778
7.33084 26.25 30.7011 0.115755
7.33084 26.75 30.5768 0.115733
7.33084 27.25 30.4716 0.115714
7.33084 27.75 30.3833 0.115696
7.33084 28.25 30.31 0.115681
7.33084 28.75 30.2499 0.115667
7.33084 29.25 30.2012 0.115655
7.33084 29.75 30.1626 0.115644
7.33084 30.25 30.1326 0.115635
7.33084 30.75 30.1102 0.115627
7.33084 31.25 30.0941 0.11562
7.33084 31.75 30.0835 0.115614
7.33084 32.25 30.0775 0.115609
7.33084 32.75 30.0752 0.115605
7.33084 33.25 30.0761 0.115601
7.33084 33.75 30.0795 0.115598
7.33084 34.25 30.085 0.115595
7.33084 34.75 30.092 0.115593
7.33084 35.25 30.1001 0.115591
7.33084 35.75 30.1091 0.11559
7.33084 36.25 30.1185 0.115589
7.33084 36.75 30.1283 0.115588
7.33084 37.25 30.138 0.115587
7.33084 37.75 30.1476 0.115586
7.33084 38.25 30.1569 0.115586
7.33084 38.75 30.1657 0.115585
7.33084 39.25 30.174 0.115585
7.33084 39.75 30.1817 0.115584
7.33084 40.25 30.1887 0.115584
7.33084 40.75 30.1949 0.115584
7.33084 41.25 30.2003 0.115583
7.33084 41.75 30.2049 0.115582
7.33084 42.25 30.2086 0.115582
7.33084 42.75 30.2115 0.115581
7.33084 43.25 30.2135 0.11558
7.33084 43.75 30.2146 0.115579
7.33084 44.25 30.2149 0.115578
7.33084 44.75 30.2144 0.115577
7.33084 45.25 30.213 0.115575
7.33084 45.75 30.2109 0.115573
7.33084 46.25 30.2079 0.115571
7.33084 46.75 30.2042 0.115568
7.33084 47.25 30.1998 0.115565
7.33084 47.75 30.1946 0.115561
7.33084 48.25 30.1888 0.115556
7.33084 48.75 30.1824 0.11555
7.33084 49.25 30.1753 0.115544
7.33084 49.75 30.1676 0.115536
7.33084 50.25 30.1593 0.115527
7.33084 50.75 30.1506 0.115517
7.33084 51.25 30.1413 0.115505
7.33084 51.75 30.1315 0.115491
7.33084 52.25 30.1213 0.115475
7.33084 52.75 30.1107 0.115457
7.33084 53.25 30.0997 0.115435
7.33084 53.75 30.0884 0.11541
7.33084 54.25 30.0767 0.115382
7.33084 54.75 30.0647 0.115349
7.33084 55.25 30.0524 0.115313
7.33084 55.75 30.0399 0.115275
7.33084 56.25 30.0272 0.115238
7.33084 56.75 30.0142 0.115208
7.33084 57.25 30.0011 0.115194
7.33084 57.75 29.9879 0.115206
7.33084 58.25 29.9745 0.115259
7.33084 58.75 29.9611 0.115367
7.33084 59.25 29.9476 0.115537
7.33084 59.75 29.934 0.115765

7.81956 0.25 307.273 0.005
7.81956 0.75 267.269 0.005
7.81956 1.25 228.823 0.005
7.81956 1.75 192.033 0.005
7.81956 2.25 156.979 0.00500342
7.81956 2.75 125.388 0.00694198
7.81956 3.25 107.409 0.0371454
7.81956 3.75 97.5283 0.0497149
7.81956 4.25 84.3864 0.005
7.81956 4.75 81.6306 0.0936591
7.81956 5.25 80.0844 0.121844
7.81956 5.75 78.3996 0.124358
7.81956 6.25 76.6743 0.125094
7.81956 6.75 74.9178 0.125424
7.81956 7.25 73.1343 0.125545
7.81956 7.75 71.328 0.125509
7.81956 8.25 69.5029 0.125356
7.81956 8.75 67.6637 0.125117
7.81956 9.25 65.8156 0.124816
7.81956 9.75 63.9639 0.124472
7.81956 10.25 62.1149 0.124099
7.81956 10.75 60.2749 0.123711
7.81956 11.25 58.451 0.123318
7.81956 11.75 56.6503 0.12293
7.81956 12.25 54.8804 0.122555
7.81956 12.75 53.1485 0.122198
7.81956 13.25 51.462 0.121866
7.81956 13.75 49.8278 0.12156
7.81956 14.25 48.2522 0.121284
7.81956 14.75 46.7412 0.121038
7.81956 15.25 45.2994 0.120821
7.81956 15.75 43.9309 0.120633
7.81956 16.25 42.6387 0.120471
7.81956 16.75 41.4248 0.120333
7.81956 17.25 40.29 0.120216
7.81956 17.75 39.2346 0.120117
7.81956 18.25 38.2576 0.120035
7.81956 18.75 37.3574 0.119965
7.81956 19.25 36.5318 0.119906
7.81956 19.75 35.778 0.119855
7.81956 20.25 35.0928 0.119812
7.81956 20.75 34.4726 0.119774
7.81956 21.25 33.9136 0.11974
7.81956 21.75 33.4119 0.11971
7.81956 22.25 32.9635 0.119682
7.81956 22.75 32.5645 0.119657
7.81956 23.25 32.211 0.119633
7.81956 23.75 31.8992 0.119611
7.81956 24.25 31.6255 0.11959
7.81956 24.75 31.3863 0.11957
7.81956 25.25 31.1784 0.119552
7.81956 25.75 30.9987 0.119535
7.81956 26.25 30.8442 0.119518
7.81956 26.75 30.7124 0.119503
7.81956 27.25 30.6007 0.119489
7.81956 27.75 30.5068 0.119476
7.81956 28.25 30.4286 0.119464
7.81956 28.75 30.3643 0.119453
7.81956 29.25 30.312 0.119443
7.81956 29.75 30.2703 0.119434
7.81956 30.25 30.2377 0.119427
7.81956 30.75 30.2129 0.11942
7.81956 31.25 30.1948 0.119413
7.81956 31.75 30.1824 0.119408
7.81956 32.25 30.1747 0.119403
7.81956 32.75 30.1711 0.119399
7.81956 33.25 30.1707 0.119396
7.81956 33.75 30.1729 0.119392
7.81956 34.25 30.1773 0.11939
7.81956 34.75 30.1832 0.119388
7.81956 35.25 30.1904 0.119386
7.81956 35.75 30.1984 0.119384
7.81956 36.25 30.2069 0.119383
7.81956 36.75 30.2157 0.119382
7.81956 37.25 30.2245 0.119381
7.81956 37.75 30.2332 0.11938
7.81956 38.25 30.2416 0.119379
7.81956 38.75 30.2495 0.119378
7.81956 39.25 30.2568 0.119377
7.81956 39.75 30.2635 0.119377
7.81956 40.25 30.2695 0.119376
7.81956 40.75 30.2747 0.119375
7.81956 41.25 30.2791 0.119374
7.81956 41.75 30.2826 0.119374
7.81956 42.25 30.2853 0.119373
7.81956 42.75 30.2871 0.119371
7.81956 43.25 30.288 0.11937
7.81956 43.75 30.288 0.119369
7.81956 44.25 30.2872 0.119367
7.81956 44.75 30.2855 0.119365
7.81956 45.25 30.2829 0.119363
7.81956 45.75 30.2796 0.11936
7.81956 46.25 30.2754 0.119357
7.81956 46.75 30.2705 0.119353
7.81956 47.25 30.2648 0.119349
7.81956 47.75 30.2584 0.119344
7.81956 48.25 30.2514 0.119339
7.81956 48.75 30.2436 0.119332
7.81956 49.25 30.2352 0.119325
7.81956 49.75 30.2263 0.119317
7.81956 50.25 30.2167 0.119308
7.81956 50.75 30.2066 0.119298
7.81956 51.25 30.1961 0.119286
7.81956 51.75 30.185 0.119273
7.81956 52.25 30.1735 0.119258
7.81956 52.75 30.1615 0.119241
7.81956 53.25 30.1492 0.119222
7.81956 53.75 30.1365 0.1192
7.81956 54.25 30.1234 0.119176
7.81956 54.75 30.1101 0.119151
7.81956 55.25 30.0965 0.119124
7.81956 55.75 30.0826 0.1191
7.81956 56.25 30.0685 0.11908
7.81956 56.75 30.0542 0.119071
7.81956 57.25 30.0397 0.119079
7.81956 57.75 30.0251 0.119114
7.81956 58.25 30.0104 0.119184
7.81956 58.75 29.9955 0.119298
7.81956 59.25 29.9806 0.11946
7.81956 59.75 29.9657 0.119665

28.3459 0.25 306.122 0.005
28.3459 0.75 263.845 0.005
28.3459 1.25 223.217 0.005
28.3459 1.75 184.412 0.005
28.3459 2.25 147.656 0.00503721
28.3459 2.75 118.834 0.0128158
28.3459 3.25 94.1555 0.005
28.3459 3.75 91.4516 0.101746
28.3459 4.25 89.9394 0.129097
28.3459 4.75 88.2612 0.133978
28.3459 5.25 86.5192 0.135695
28.3459 5.75 84.7308 0.136386
28.3459 6.25 82.9025 0.136652
28.3459 6.75 81.0378 0.136673
28.3459 7.25 79.1396 0.136518
28.3459 7.75 77.2112 0.136229
28.3459 8.25 75.2558 0.135836
28.3459 8.75 73.2772 0.135362
28.3459 9.25 71.28 0.134829
28.3459 9.75 69.269 0.134254
28.3459 10.25 67.25 0.133652
28.3459 10.75 65.2293 0.133037
28.3459 11.25 63.2139 0.132423
28.3459 11.75 61.2115 0.131819
28.3459 12.25 59.2302 0.131237
28.3459 12.75 57.2786 0.130686
28.3459 13.25 55.3655 0.130172
28.3459 13.75 53.4995 0.129701
28.3459 14.25 51.6891 0.129277
28.3459 14.75 49.9421 0.128902
28.3459 15.25 48.2659 0.128576
28.3459 15.75 46.6666 0.128297
28.3459 16.25 45.1493 0.128064
28.3459 16.75 43.7181 0.127874
28.3459 17.25 42.3754 0.127721
28.3459 17.75 41.1228 0.127602
28.3459 18.25 39.9603 0.127512
28.3459 18.75 38.8872 0.127446
28.3459 19.25 37.9015 0.127401
28.3459 19.75 37.0004 0.127372
28.3459 20.25 36.1807 0.127356
28.3459 20.75 35.4383 0.127351
28.3459 21.25 34.7691 0.127352
28.3459 21.75 34.1684 0.12736
28.3459 22.25 33.6316 0.12737
28.3459 22.75 33.1539 0.127383
28.3459 23.25 32.7306 0.127397
28.3459 23.75 32.3573 0.127412
28.3459 24.25 32.0294 0.127426
28.3459 24.75 31.7428 0.127439
28.3459 25.25 31.4934 0.127451
28.3459 25.75 31.2776 0.127462
28.3459 26.25 31.0917 0.127472
28.3459 26.75 30.9326 0.12748
28.3459 27.25 30.7973 0.127487
28.3459 27.75 30.6831 0.127493
28.3459 28.25 30.5874 0.127498
28.3459 28.75 30.5079 0.127502
28.3459 29.25 30.4427 0.127505
28.3459 29.75 30.3898 0.127507
28.3459 30.25 30.3476 0.127509
28.3459 30.75 30.3146 0.12751
28.3459 31.25 30.2894 0.127511
28.3459 31.75 30.2709 0.127511
28.3459 32.25 30.2581 0.127511
28.3459 32.75 30.2499 0.127511
28.3459 33.25 30.2456 0.12751
28.3459 33.75 30.2445 0.12751
28.3459 34.25 30.2458 0.127509
28.3459 34.75 30.2492 0.127509
28.3459 35.25 30.2541 0.127508
28.3459 35.75 30.2601 0.127507
28.3459 36.25 30.2668 0.127506
28.3459 36.75 30.274 0.127506
28.3459 37.25 30.2814 0.127505
28.3459 37.75 30.2887 0.127504
28.3459 38.25 30.2958 0.127503
28.3459 38.75 30.3026 0.127502
28.3459 39.25 30.3089 0.127501
28.3459 39.75 30.3146 0.1275
28.3459 40.25 30.3196 0.127499
28.3459 40.75 30.3239 0.127498
28.3459 41.25 30.3275 0.127496
28.3459 41.75 30.3302 0.127495
28.3459 42.25 30.3321 0.127493
28.3459 42.75 30.3331 0.127491
28.3459 43.25 30.3333 0.127489
28.3459 43.75 30.3326 0.127487
28.3459 44.25 30.3311 0.127484
28.3459 44.75 30.3287 0.127481
28.3459 45.25 30.3256 0.127478
28.3459 45.75 30.3216 0.127474
28.3459 46.25 30.3168 0.12747
28.3459 46.75 30.3113 0.127466
28.3459 47.25 30.3051 0.127461
28.3459 47.75 30.2982 0.127456
28.3459 48.25 30.2906 0.12745
28.3459 48.75 30.2823 0.127443
28.3459 49.25 30.2734 0.127436
28.3459 49.75 30.264 0.127427
28.3459 50.25 30.254 0.127419
28.3459 50.75 30.2434 0.127409
28.3459 51.25 30.2324 0.127398
28.3459 51.75 30.2209 0.127385
28.3459 52.25 30.209 0.127372
28.3459 52.75 30.1966 0.127357
28.3459 53.25 30.1839 0.127342
28.3459 53.75 30.1708 0.127325
28.3459 54.25 30.1575 0.127308
28.3459 54.75 30.1438 0.127291
28.3459 55.25 30.1298 0.127277
28.3459 55.75 30.1156 0.127267
28.3459 56.25 30.1012 0.127263
28.3459 56.75 30.0865 0.12727
28.3459 57.25 30.0718 0.127291
28.3459 57.75 30.0568 0.12733
28.3459 58.25 30.0418 0.127392
28.3459 58.75 30.0267 0.127481
28.3459 59.25 30.0115 0.127595
28.3459 59.75 29.9963 0.127733

28.8346 0.25 306.388 0.005
28.8346 0.75 264.644 0.005
28.8346 1.25 224.547 0.005
28.8346 1.75 186.263 0.005
28.8346 2.25 149.982 0.00502474
28.8346 2.75 120.202 0.0106328
28.8346 3.25 94.062 0.005
28.8346 3.75 91.3107 0.101953
28.8346 4.25 89.7744 0.128967
28.8346 4.75 88.0728 0.13376
28.8346 5.25 86.3082 0.135459
28.8346 5.75 84.498 0.136147
28.8346 6.25 82.6488 0.136402
28.8346 6.75 80.7644 0.136404
28.8346 7.25 78.8479 0.136228
28.8346 7.75 76.9025 0.135917
28.8346 8.25 74.9318 0.135505
28.8346 8.75 72.9397 0.135017
28.8346 9.25 70.9308 0.134474
28.8346 9.75 68.9101 0.133892
28.8346 10.25 66.8835 0.133288
28.8346 10.75 64.8573 0.132674
28.8346 11.25 62.8388 0.132064
28.8346 11.75 60.8356 0.131467
28.8346 12.25 58.8559 0.130894
28.8346 12.75 56.9082 0.130353
28.8346 13.25 55.0012 0.129852
28.8346 13.75 53.1436 0.129393
28.8346 14.25 51.3435 0.128983
28.8346 14.75 49.6088 0.12862
28.8346 15.25 47.9462 0.128307
28.8346 15.75 46.3619 0.128041
28.8346 16.25 44.8606 0.12782
28.8346 16.75 43.4459 0.127639
28.8346 17.25 42.1201 0.127496
28.8346 17.75 40.8845 0.127385
28.8346 18.25 39.7388 0.127302
28.8346 18.75 38.6821 0.127243
28.8346 19.25 37.7122 0.127203
28.8346 19.75 36.8263 0.127178
28.8346 20.25 36.0209 0.127166
28.8346 20.75 35.2921 0.127163
28.8346 21.25 34.6354 0.127167
28.8346 21.75 34.0463 0.127175
28.8346 22.25 33.5202 0.127187
28.8346 22.75 33.0523 0.127201
28.8346 23.25 32.6381 0.127216
28.8346 23.75 32.2729 0.127231
28.8346 24.25 31.9524 0.127245
28.8346 24.75 31.6725 0.127258
28.8346 25.25 31.4292 0.12727
28.8346 25.75 31.2188 0.127281
28.8346 26.25 31.0379 0.127291
28.8346 26.75 30.8833 0.127299
28.8346 27.25 30.7521 0.127306
28.8346 27.75 30.6415 0.127312
28.8346 28.25 30.549 0.127317
28.8346 28.75 30.4726 0.12732
28.8346 29.25 30.41 0.127323
28.8346 29.75 30.3596 0.127325
28.8346 30.25 30.3197 0.127327
28.8346 30.75 30.2887 0.127328
28.8346 31.25 30.2654 0.127328
28.8346 31.75 30.2487 0.127329
28.8346 32.25 30.2374 0.127329
28.8346 32.75 30.2307 0.127328
28.8346 33.25 30.2278 0.127328
28.8346 33.75 30.228 0.127327
28.8346 34.25 30.2306 0.127327
28.8346 34.75 30.2351 0.127326
28.8346 35.25 30.2411 0.127326
28.8346 35.75 30.2481 0.127325
28.8346 36.25 30.2558 0.127324
28.8346 36.75 30.2639 0.127323
28.8346 37.25 30.2721 0.127323
28.8346 37.75 30.2803 0.127322
28.8346 38.25 30.2882 0.127321
28.8346 38.75 30.2957 0.12732
28.8346 39.25 30.3027 0.127319
28.8346 39.75 30.3091 0.127318
28.8346 40.25 30.3148 0.127317
28.8346 40.75 30.3197 0.127316
28.8346 41.25 30.3238 0.127315
28.8346 41.75 30.3271 0.127314
28.8346 42.25 30.3294 0.127312
28.8346 42.75 30.3309 0.12731
28.8346 43.25 30.3316 0.127308
28.8346 43.75 30.3313 0.127306
28.8346 44.25 30.3302 0.127303
28.8346 44.75 30.3282 0.1273
28.8346 45.25 30.3253 0.127297
28.8346 45.75 30.3216 0.127294
28.8346 46.25 30.3171 0.12729
28.8346 46.75 30.3118 0.127285
28.8346 47.25 30.3058 0.12728
28.8346 47.75 30.2991 0.127275
28.8346 48.25 30.2916 0.127269
28.8346 48.75 30.2835 0.127263
28.8346 49.25 30.2747 0.127256
28.8346 49.75 30.2653 0.127248
28.8346 50.25 30.2554 0.127239
28.8346 50.75 30.2449 0.127229
28.8346 51.25 30.2339 0.127219
28.8346 51.75 30.2224 0.127207
28.8346 52.25 30.2104 0.127194
28.8346 52.75 30.198 0.12718
28.8346 53.25 30.1852 0.127166
28.8346 53.75 30.172 0.12715
28.8346 54.25 30.1585 0.127135
28.8346 54.75 30.1447 0.12712
28.8346 55.25 30.1306 0.127108
28.8346 55.75 30.1163 0.1271
28.8346 56.25 30.1017 0.1271
28.8346 56.75 30.0869 0.127111
28.8346 57.25 30.072 0.127136
28.8346 57.75 30.0569 0.127181
28.8346 58.25 30.0417 0.127249
28.8346 58.75 30.0263 0.127344
28.8346 59.25 30.011 0.127464
28.8346 59.75 29.9955 0.127607

29.3233 0.25 305.793 0.005
29.3233 0.75 262.75 0.005
29.3233 1.25 221.018 0.005
29.3233 1.75 180.51 0.005
29.3233 2.25 141.143 0.00504266
29.3233 2.75 102.716 0.005
29.3233 3.25 99.8 0.107134
29.3233 3.75 98.1841 0.13431
29.3233 4.25 96.3825 0.140131
29.3233 4.75 94.4987 0.142357
29.3233 5.25 92.5567 0.143269
29.3233 5.75 90.5665 0.143597
29.3233 6.25 88.5334 0.143604
29.3233 6.75 86.4611 0.143396
29.3233 7.25 84.3532 0.143027
29.3233 7.75 82.2133 0.14253
29.3233 8.25 80.0454 0.141934
29.3233 8.75 77.8538 0.141259
29.3233 9.25 75.6435 0.140527
29.3233 9.75 73.4198 0.139754
29.3233 10.25 71.1891 0.138957
29.3233 10.75 68.9581 0.138151
29.3233 11.25 66.7343 0.13735
29.3233 11.75 64.5261 0.136566
29.3233 12.25 62.342 0.135812
29.3233 12.75 60.1913 0.135097
29.3233 13.25 58.0834 0.134431
29.3233 13.75 56.0276 0.133819
29.3233 14.25 54.0331 0.133268
29.3233 14.75 52.1086 0.132779
29.3233 15.25 50.2618 0.132354
29.3233 15.75 48.4997 0.13199
29.3233 16.25 46.8278 0.131686
29.3233 16.75 45.2506 0.131437
29.3233 17.25 43.7709 0.131239
29.3233 17.75 42.3902 0.131085
29.3233 18.25 41.1089 0.13097
29.3233 18.75 39.9259 0.130889
29.3233 19.25 38.8391 0.130835
29.3233 19.75 37.8455 0.130804
29.3233 20.25 36.9414 0.130792
29.3233 20.75 36.1224 0.130793
29.3233 21.25 35.3838 0.130806
29.3233 21.75 34.7205 0.130826
29.3233 22.25 34.1274 0.130852
29.3233 22.75 33.5992 0.130881
29.3233 23.25 33.1308 0.130912
29.3233 23.75 32.7171 0.130944
29.3233 24.25 32.3532 0.130975
29.3233 24.75 32.0345 0.131006
29.3233 25.25 31.7566 0.131035
29.3233 25.75 31.5155 0.131062
29.3233 26.25 31.3071 0.131087
29.3233 26.75 31.1281 0.131111
29.3233 27.25 30.9751 0.131132
29.3233 27.75 30.8452 0.13115
29.3233 28.25 30.7355 0.131167
29.3233 28.75 30.6436 0.131182
29.3233 29.25 30.5673 0.131195
29.3233 29.75 30.5046 0.131206
29.3233 30.25 30.4536 0.131216
29.3233 30.75 30.4127 0.131224
29.3233 31.25 30.3804 0.131231
29.3233 31.75 30.3556 0.131237
29.3233 32.25 30.3369 0.131241
29.3233 32.75 30.3235 0.131245
29.3233 33.25 30.3145 0.131249
29.3233 33.75 30.309 0.131251
29.3233 34.25 30.3065 0.131253
29.3233 34.75 30.3062 0.131255
29.3233 35.25 30.3077 0.131256
29.3233 35.75 30.3106 0.131257
29.3233 36.25 30.3145 0.131257
29.3233 36.75 30.319 0.131257
29.3233 37.25 30.3238 0.131257
29.3233 37.75 30.3288 0.131257
29.3233 38.25 30.3338 0.131256
29.3233 38.75 30.3385 0.131255
29.3233 39.25 30.3428 0.131254
29.3233 39.75 30.3467 0.131253
29.3233 40.25 30.35 0.131252
29.3233 40.75 30.3527 0.131251
29.3233 41.25 30.3546 0.131249
29.3233 41.75 30.3559 0.131247
29.3233 42.25 30.3563 0.131245
29.3233 42.75 30.356 0.131243
29.3233 43.25 30.3549 0.131241
29.3233 43.75 30.353 0.131238
29.3233 44.25 30.3504 0.131235
29.3233 44.75 30.3469 0.131232
29.3233 45.25 30.3427 0.131228
29.3233 45.75 30.3377 0.131224
29.3233 46.25 30.332 0.13122
29.3233 46.75 30.3256 0.131215
29.3233 47.25 30.3185 0.13121
29.3233 47.75 30.3107 0.131205
29.3233 48.25 30.3023 0.131199
29.3233 48.75 30.2933 0.131192
29.3233 49.25 30.2837 0.131185
29.3233 49.75 30.2736 0.131177
29.3233 50.25 30.2629 0.131168
29.3233 50.75 30.2517 0.131158
29.3233 51.25 30.2401 0.131148
29.3233 51.75 30.228 0.131136
29.3233 52.25 30.2155 0.131124
29.3233 52.75 30.2027 0.13111
29.3233 53.25 30.1894 0.131096
29.3233 53.75 30.1759 0.131082
29.3233 54.25 30.162 0.131068
29.3233 54.75 30.1479 0.131055
29.3233 55.25 30.1335 0.131045
29.3233 55.75 30.1188 0.131039
29.3233 56.25 30.104 0.13104
29.3233 56.75 30.089 0.13105
29.3233 57.25 30.0738 0.131073
29.3233 57.75 30.0585 0.131112
29.3233 58.25 30.0431 0.131169
29.3233 58.75 30.0276 0.131247
29.3233 59.25 30.012 0.131346
29.3233 59.75 29.9964 0.131463

29.8121 0.25 302.385 0.005
29.8121 0.75 252.415 0.005
29.8121 1.25 203.431 0.005
29.8121 1.75 155.154 0.00500006
29.8121 2.25 107.296 0.005
29.8121 2.75 103.757 0.102725
29.8121 3.25 102.115 0.132167
29.8121 3.75 100.56 0.140899
29.8121 4.25 99.0287 0.144871
29.8121 4.75 97.4449 0.146653
29.8121 5.25 95.7945 0.147396
29.8121 5.75 94.0828 0.147672
29.8121 6.25 92.3116 0.147675
29.8121 6.75 90.4825 0.147483
29.8121 7.25 88.5965 0.147134
29.8121 7.75 86.6554 0.146653
29.8121 8.25 84.6609 0.146059
29.8121 8.75 82.6154 0.14537
29.8121 9.25 80.522 0.144599
29.8121 9.75 78.3846 0.143763
29.8121 10.25 76.2077 0.142874
29.8121 10.75 73.997 0.141948
29.8121 11.25 71.7593 0.140998
29.8121 11.75 69.5023 0.140038
29.8121 12.25 67.2351 0.139085
29.8121 12.75 64.9678 0.13815
29.8121 13.25 62.7115 0.137248
29.8121 13.75 60.478 0.136391
29.8121 14.25 58.2799 0.135589
29.8121 14.75 56.1298 0.134852
29.8121 15.25 54.0401 0.134184
29.8121 15.75 52.0228 0.133591
29.8121 16.25 50.0885 0.133072
29.8121 16.75 48.2465 0.132627
29.8121 17.25 46.5044 0.132252
29.8121 17.75 44.8678 0.131942
29.8121 18.25 43.3405 0.131691
29.8121 18.75 41.9241 0.131491
29.8121 19.25 40.6185 0.131337
29.8121 19.75 39.4219 0.131221
29.8121 20.25 38.3314 0.131137
29.8121 20.75 37.3426 0.131079
29.8121 21.25 36.4505 0.131042
29.8121 21.75 35.6496 0.131021
29.8121 22.25 34.9336 0.131013
29.8121 22.75 34.2965 0.131014
29.8121 23.25 33.7319 0.131022
29.8121 23.75 33.2338 0.131035
29.8121 24.25 32.796 0.13105
29.8121 24.75 32.413 0.131068
29.8121 25.25 32.0792 0.131086
29.8121 25.75 31.7897 0.131105
29.8121 26.25 31.5397 0.131122
29.8121 26.75 31.3249 0.131139
29.8121 27.25 31.1412 0.131155
29.8121 27.75 30.985 0.13117
29.8121 28.25 30.853 0.131183
29.8121 28.75 30.7422 0.131195
29.8121 29.25 30.6499 0.131205
29.8121 29.75 30.5737 0.131215
29.8121 30.25 30.5114 0.131223
29.8121 30.75 30.4611 0.13123
29.8121 31.25 30.421 0.131235
29.8121 31.75 30.3896 0.13124
29.8121 32.25 30.3657 0.131245
29.8121 32.75 30.3479 0.131248
29.8121 33.25 30.3354 0.131251
29.8121 33.75 30.3271 0.131253
29.8121 34.25 30.3223 0.131255
29.8121 34.75 30.3203 0.131256
29.8121 35.25 30.3204 0.131257
29.8121 35.75 30.3223 0.131258
29.8121 36.25 30.3254 0.131258
29.8121 36.75 30.3294 0.131258
29.8121 37.25 30.3339 0.131258
29.8121 37.75 30.3387 0.131258
29.8121 38.25 30.3436 0.131257
29.8121 38.75 30.3483 0.131256
29.8121 39.25 30.3527 0.131256
29.8121 39.75 30.3566 0.131255
29.8121 40.25 30.36 0.131253
29.8121 40.75 30.3628 0.131252
29.8121 41.25 30.365 0.13125
29.8121 41.75 30.3663 0.131249
29.8121 42.25 30.3669 0.131247
29.8121 42.75 30.3667 0.131244
29.8121 43.25 30.3657 0.131242
29.8121 43.75 30.3639 0.131239
29.8121 44.25 30.3613 0.131236
29.8121 44.75 30.3578 0.131233
29.8121 45.25 30.3536 0.131229
29.8121 45.75 30.3485 0.131226
29.8121 46.25 30.3428 0.131221
29.8121 46.75 30.3362 0.131217
29.8121 47.25 30.329 0.131211
29.8121 47.75 30.3211 0.131206
29.8121 48.25 30.3125 0.1312
29.8121 48.75 30.3032 0.131193
29.8121 49.25 30.2934 0.131186
29.8121 49.75 30.283 0.131178
29.8121 50.25 30.272 0.13117
29.8121 50.75 30.2606 0.13116
29.8121 51.25 30.2486 0.13115
29.8121 51.75 30.2362 0.131139
29.8121 52.25 30.2233 0.131127
29.8121 52.75 30.21 0.131114
29.8121 53.25 30.1964 0.131101
29.8121 53.75 30.1824 0.131088
29.8121 54.25 30.1681 0.131075
29.8121 54.75 30.1535 0.131064
29.8121 55.25 30.1386 0.131057
29.8121 55.75 30.1235 0.131054
29.8121 56.25 30.1081 0.131058
29.8121 56.75 30.0926 0.131072
29.8121 57.25 30.0769 0.131099
29.8121 57.75 30.0611 0.131142
29.8121 58.25 30.0452 0.131204
29.8121 58.75 30.0291 0.131287
29.8121 59.25 30.0131 0.131391
29.8121 59.75 29.9969 0.131514

30.3008 0.25 305.928 0.005
30.3008 0.75 263.12 0.005
30.3008 1.25 221.531 0.005
30.3008 1.75 181.033 0.005
30.3008 2.25 141.49 0.00500683
30.3008 2.75 102.747 0.005
30.3008 3.25 99.7949 0.107928
30.3008 3.75 98.1577 0.134975
30.3008 4.25 96.3303 0.140748
30.3008 4.75 94.4175 0.142851
30.3008 5.25 92.4444 0.143605
30.3008 5.75 90.4212 0.143771
30.3008 6.25 88.3531 0.143633
30.3008 6.75 86.2439 0.143305
30.3008 7.25 84.097 0.142839
30.3008 7.75 81.9163 0.142266
30.3008 8.25 79.7057 0.141608
30.3008 8.75 77.4701 0.140885
30.3008 9.25 75.2148 0.140114
30.3008 9.75 72.946 0.139312
30.3008 10.25 70.6706 0.138494
30.3008 10.75 68.3964 0.137673
30.3008 11.25 66.132 0.136864
30.3008 11.75 63.8866 0.136079
30.3008 12.25 61.6698 0.135329
30.3008 12.75 59.4919 0.134626
30.3008 13.25 57.3631 0.133976
30.3008 13.75 55.2934 0.133386
30.3008 14.25 53.2924 0.13286
30.3008 14.75 51.3688 0.1324
30.3008 15.25 49.5305 0.132005
30.3008 15.75 47.7837 0.131673
30.3008 16.25 46.1337 0.131401
30.3008 16.75 44.5838 0.131183
30.3008 17.25 43.1361 0.131014
30.3008 17.75 41.7911 0.130888
30.3008 18.25 40.5481 0.130799
30.3008 18.75 39.4049 0.13074
30.3008 19.25 38.3586 0.130707
30.3008 19.75 37.4055 0.130694
30.3008 20.25 36.5409 0.130697
30.3008 20.75 35.7602 0.130712
30.3008 21.25 35.058 0.130736
30.3008 21.75 34.429 0.130767
30.3008 22.25 33.8679 0.130801
30.3008 22.75 33.3692 0.130838
30.3008 23.25 32.9278 0.130875
30.3008 23.75 32.5386 0.130913
30.3008 24.25 32.197 0.130949
30.3008 24.75 31.8982 0.130983
30.3008 25.25 31.6381 0.131016
30.3008 25.75 31.4128 0.131046
30.3008 26.25 31.2184 0.131074
30.3008 26.75 31.0518 0.131099
30.3008 27.25 30.9096 0.131122
30.3008 27.75 30.7892 0.131142
30.3008 28.25 30.6878 0.13116
30.3008 28.75 30.6032 0.131176
30.3008 29.25 30.5333 0.13119
30.3008 29.75 30.476 0.131202
30.3008 30.25 30.4298 0.131212
30.3008 30.75 30.3931 0.131221
30.3008 31.25 30.3646 0.131228
30.3008 31.75 30.3429 0.131235
30.3008 32.25 30.3271 0.13124
30.3008 32.75 30.3162 0.131244
30.3008 33.25 30.3093 0.131248
30.3008 33.75 30.3058 0.131251
30.3008 34.25 30.3049 0.131253
30.3008 34.75 30.3061 0.131255
30.3008 35.25 30.309 0.131256
30.3008 35.75 30.3131 0.131257
30.3008 36.25 30.318 0.131257
30.3008 36.75 30.3234 0.131258
30.3008 37.25 30.3291 0.131258
30.3008 37.75 30.3349 0.131257
30.3008 38.25 30.3405 0.131257
30.3008 38.75 30.3458 0.131256
30.3008 39.25 30.3507 0.131255
30.3008 39.75 30.355 0.131254
30.3008 40.25 30.3588 0.131253
30.3008 40.75 30.3618 0.131252
30.3008 41.25 30.3641 0.13125
30.3008 41.75 30.3656 0.131249
30.3008 42.25 30.3663 0.131247
30.3008 42.75 30.3661 0.131244
30.3008 43.25 30.3652 0.131242
30.3008 43.75 30.3634 0.131239
30.3008 44.25 30.3608 0.131236
30.3008 44.75 30.3574 0.131233
30.3008 45.25 30.3531 0.131229
30.3008 45.75 30.3481 0.131225
30.3008 46.25 30.3424 0.131221
30.3008 46.75 30.3358 0.131217
30.3008 47.25 30.3286 0.131211
30.3008 47.75 30.3207 0.131206
30.3008 48.25 30.3121 0.1312
30.3008 48.75 30.3029 0.131193
30.3008 49.25 30.2931 0.131186
30.3008 49.75 30.2828 0.131178
30.3008 50.25 30.2719 0.131169
30.3008 50.75 30.2604 0.13116
30.3008 51.25 30.2485 0.131149
30.3008 51.75 30.2361 0.131138
30.3008 52.25 30.2233 0.131125
30.3008 52.75 30.2101 0.131112
30.3008 53.25 30.1965 0.131099
30.3008 53.75 30.1826 0.131085
30.3008 54.25 30.1684 0.131072
30.3008 54.75 30.1538 0.13106
30.3008 55.25 30.139 0.131051
30.3008 55.75 30.124 0.131047
30.3008 56.25 30.1087 0.13105
30.3008 56.75 30.0933 0.131063
30.3008 57.25 30.0777 0.131088
30.3008 57.75 30.062 0.13113
30.3008 58.25 30.0461 0.131191
30.3008 58.75 30.0302 0.131272
30.3008 59.25 30.0142 0.131375
30.3008 59.75 29.9982 0.131496

31.2782 0.25 302.382 0.005
31.2782 0.75 252.405 0.005
31.2782 1.25 203.416 0.005
31.2782 1.75 155.135 0.00500004
31.2782 2.25 107.274 0.005
31.2782 2.75 103.741 0.102354
31.2782 3.25 102.099 0.131802
31.2782 3.75 100.542 0.140462
31.2782 4.25 99.0051 0.144404
31.2782 4.75 97.415 0.146225
31.2782 5.25 95.7575 0.147031
31.2782 5.75 94.0374 0.147367
31.2782 6.25 92.2568 0.147419
31.2782 6.75 90.4172 0.147262
31.2782 7.25 88.52 0.146937
31.2782 7.75 86.5668 0.146472
31.2782 8.25 84.5595 0.145888
31.2782 8.75 82.5008 0.145204
31.2782 9.25 80.3937 0.144437
31.2782 9.75 78.2423 0.143602
31.2782 10.25 76.0512 0.142713
31.2782 10.75 73.8264 0.141786
31.2782 11.25 71.5748 0.140836
31.2782 11.75 69.3044 0.139876
31.2782 12.25 67.0244 0.138923
31.2782 12.75 64.7454 0.13799
31.2782 13.25 62.4786 0.137091
31.2782 13.75 60.2363 0.136238
31.2782 14.25 58.0312 0.135442
31.2782 14.75 55.8761 0.134712
31.2782 15.25 53.7838 0.134053
31.2782 15.75 51.7661 0.133469
31.2782 16.25 49.8337 0.13296
31.2782 16.75 47.996 0.132525
31.2782 17.25 46.2602 0.13216
31.2782 17.75 44.632 0.13186
31.2782 18.25 43.1145 0.131619
31.2782 18.75 41.7093 0.131429
31.2782 19.25 40.416 0.131283
31.2782 19.75 39.2324 0.131174
31.2782 20.25 38.1552 0.131097
31.2782 20.75 37.18 0.131045
31.2782 21.25 36.3014 0.131013
31.2782 21.75 35.5136 0.130997
31.2782 22.25 34.8103 0.130992
31.2782 22.75 34.1854 0.130997
31.2782 23.25 33.6323 0.131007
31.2782 23.75 33.1449 0.131023
31.2782 24.25 32.7172 0.13104
31.2782 24.75 32.3434 0.13106
31.2782 25.25 32.0181 0.13108
31.2782 25.75 31.7364 0.131099
31.2782 26.25 31.4934 0.131118
31.2782 26.75 31.2848 0.131136
31.2782 27.25 31.1068 0.131153
31.2782 27.75 30.9557 0.131168
31.2782 28.25 30.8282 0.131182
31.2782 28.75 30.7214 0.131194
31.2782 29.25 30.6326 0.131205
31.2782 29.75 30.5595 0.131214
31.2782 30.25 30.4999 0.131223
31.2782 30.75 30.452 0.13123
31.2782 31.25 30.414 0.131236
31.2782 31.75 30.3845 0.131241
31.2782 32.25 30.3621 0.131245
31.2782 32.75 30.3457 0.131249
31.2782 33.25 30.3343 0.131252
31.2782 33.75 30.3271 0.131254
31.2782 34.25 30.3232 0.131256
31.2782 34.75 30.3219 0.131257
31.2782 35.25 30.3227 0.131258
31.2782 35.75 30.3252 0.131259
31.2782 36.25 30.3288 0.131259
31.2782 36.75 30.3331 0.131259
31.2782 37.25 30.338 0.131259
31.2782 37.75 30.3431 0.131259
31.2782 38.25 30.3482 0.131258
31.2782 38.75 30.3531 0.131257
31.2782 39.25 30.3577 0.131257
31.2782 39.75 30.3618 0.131255
31.2782 40.25 30.3653 0.131254
31.2782 40.75 30.3682 0.131253
31.2782 41.25 30.3704 0.131251
31.2782 41.75 30.3718 0.131249
31.2782 42.25 30.3725 0.131247
31.2782 42.75 30.3723 0.131245
31.2782 43.25 30.3713 0.131243
31.2782 43.75 30.3695 0.13124
31.2782 44.25 30.3669 0.131237
31.2782 44.75 30.3635 0.131234
31.2782 45.25 30.3592 0.13123
31.2782 45.75 30.3542 0.131226
31.2782 46.25 30.3483 0.131222
31.2782 46.75 30.3418 0.131217
31.2782 47.25 30.3345 0.131212
31.2782 47.75 30.3265 0.131207
31.2782 48.25 30.3179 0.131201
31.2782 48.75 30.3086 0.131194
31.2782 49.25 30.2987 0.131187
31.2782 49.75 30.2883 0.131179
31.2782 50.25 30.2773 0.131171
31.2782 50.75 30.2657 0.131161
31.2782 51.25 30.2537 0.131151
31.2782 51.75 30.2412 0.13114
31.2782 52.25 30.2282 0.131128
31.2782 52.75 30.2149 0.131115
31.2782 53.25 30.2012 0.131102
31.2782 53.75 30.1871 0.131089
31.2782 54.25 30.1727 0.131076
31.2782 54.75 30.158 0.131065
31.2782 55.25 30.1431 0.131057
31.2782 55.75 30.1279 0.131054
31.2782 56.25 30.1124 0.131058
31.2782 56.75 30.0968 0.131072
31.2782 57.25 30.081 0.131099
31.2782 57.75 30.0651 0.131142
31.2782 58.25 30.0491 0.131205
31.2782 58.75 30.033 0.131288
31.2782 59.25 30.0168 0.131393
31.2782 59.75 30.0006 0.131516

31.767 0.25 284.764 0.005
31.767 0.75 199.429 0.005
31.767 1.25 114.716 0.005
31.767 1.75 109.112 0.0849377
31.767 2.25 106.537 0.122013
31.767 2.75 104.319 0.132423
31.767 3.25 102.534 0.142021
31.767 3.75 101.034 0.149662
31.767 4.25 99.6479 0.154779
31.767 4.75 98.2159 0.157405
31.767 5.25 96.7316 0.158714
31.767 5.75 95.1922 0.159285
31.767 6.25 93.6011 0.159445
31.767 6.75 91.9602 0.159351
31.767 7.25 90.2703 0.159078
31.767 7.75 88.5322 0.158664
31.767 8.25 86.7469 0.158134
31.767 8.75 84.9153 0.157505
31.767 9.25 83.0388 0.156791
31.767 9.75 81.1193 0.156003
31.767 10.25 79.1589 0.155156
31.767 10.75 77.1606 0.15426
31.767 11.25 75.1278 0.153328
31.767 11.75 73.0648 0.152373
31.767 12.25 70.9767 0.151407
31.767 12.75 68.8695 0.150443
31.767 13.25 66.7503 0.149494
31.767 13.75 64.6268 0.148572
31.767 14.25 62.508 0.147689
31.767 14.75 60.4034 0.146856
31.767 15.25 58.3235 0.146081
31.767 15.75 56.2789 0.145373
31.767 16.25 54.2806 0.144736
31.767 16.75 52.3393 0.144175
31.767 17.25 50.4652 0.14369
31.767 17.75 48.6677 0.143279
31.767 18.25 46.9549 0.142941
31.767 18.75 45.3337 0.14267
31.767 19.25 43.8091 0.142461
31.767 19.75 42.3849 0.142307
31.767 20.25 41.0627 0.142201
31.767 20.75 39.843 0.142136
31.767 21.25 38.7244 0.142106
31.767 21.75 37.7046 0.142105
31.767 22.25 36.7801 0.142127
31.767 22.75 35.9465 0.142167
31.767 23.25 35.1988 0.142221
31.767 23.75 34.5315 0.142285
31.767 24.25 33.939 0.142356
31.767 24.75 33.4154 0.142432
31.767 25.25 32.955 0.142511
31.767 25.75 32.552 0.142591
31.767 26.25 32.2011 0.142671
31.767 26.75 31.8968 0.142749
31.767 27.25 31.6345 0.142825
31.767 27.75 31.4094 0.142898
31.767 28.25 31.2173 0.142968
31.767 28.75 31.0543 0.143035
31.767 29.25 30.9168 0.143097
31.767 29.75 30.8016 0.143156
31.767 30.25 30.7059 0.143211
31.767 30.75 30.6269 0.143263
31.767 31.25 30.5624 0.14331
31.767 31.75 30.5103 0.143354
31.767 32.25 30.4687 0.143394
31.767 32.75 30.436 0.143431
31.767 33.25 30.4108 0.143464
31.767 33.75 30.3919 0.143495
31.767 34.25 30.3781 0.143522
31.767 34.75 30.3686 0.143547
31.767 35.25 30.3625 0.143569
31.767 35.75 30.359 0.143589
31.767 36.25 30.3577 0.143607
31.767 36.75 30.358 0.143623
31.767 37.25 30.3594 0.143636
31.767 37.75 30.3615 0.143648
31.767 38.25 30.3642 0.143659
31.767 38.75 30.367 0.143668
31.767 39.25 30.3698 0.143675
31.767 39.75 30.3724 0.143682
31.767 40.25 30.3747 0.143687
31.767 40.75 30.3765 0.143691
31.767 41.25 30.3777 0.143694
31.767 41.75 30.3783 0.143697
31.767 42.25 30.3783 0.143698
31.767 42.75 30.3775 0.143699
31.767 43.25 30.3759 0.143699
31.767 43.75 30.3736 0.143699
31.767 44.25 30.3705 0.143698
31.767 44.75 30.3667 0.143697
31.767 45.25 30.3621 0.143695
31.767 45.75 30.3567 0.143692
31.767 46.25 30.3505 0.143689
31.767 46.75 30.3437 0.143686
31.767 47.25 30.3361 0.143682
31.767 47.75 30.3279 0.143677
31.767 48.25 30.319 0.143673
31.767 48.75 30.3095 0.143667
31.767 49.25 30.2994 0.143661
31.767 49.75 30.2887 0.143655
31.767 50.25 30.2775 0.143649
31.767 50.75 30.2657 0.143642
31.767 51.25 30.2535 0.143634
31.767 51.75 30.2408 0.143627
31.767 52.25 30.2277 0.143619
31.767 52.75 30.2142 0.143612
31.767 53.25 30.2004 0.143605
31.767 53.75 30.1861 0.1436
31.767 54.25 30.1716 0.143596
31.767 54.75 30.1568 0.143595
31.767 55.25 30.1417 0.143596
31.767 55.75 30.1263 0.143602
31.767 56.25 30.1108 0.143614
31.767 56.75 30.0951 0.143632
31.767 57.25 30.0792 0.143657
31.767 57.75 30.0631 0.143691
31.767 58.25 30.047 0.143735
31.767 58.75 30.0308 0.143789
31.767 59.25 30.0145 0.143852
31.767 59.75 29.9981 0.143924

32.2557 0.25 284.797 0.005
32.2557 0.75 199.527 0.005
32.2557 1.25 114.872 0.005
32.2557 1.75 109.435 0.0789915
32.2557 2.25 106.972 0.107929
32.2557 2.75 104.849 0.120503
32.2557 3.25 103.107 0.133111
32.2557 3.75 101.658 0.143932
32.2557 4.25 100.381 0.152346
32.2557 4.75 99.1137 0.157715
32.2557 5.25 97.7948 0.161015
32.2557 5.75 96.417 0.162979
32.2557 6.25 94.9855 0.164096
32.2557 6.75 93.5046 0.164649
32.2557 7.25 91.977 0.164812
32.2557 7.75 90.4047 0.164699
32.2557 8.25 88.789 0.164385
32.2557 8.75 87.131 0.163915
32.2557 9.25 85.4318 0.163322
32.2557 9.75 83.6924 0.162629
32.2557 10.25 81.9142 0.161852
32.2557 10.75 80.0988 0.161009
32.2557 11.25 78.248 0.160112
32.2557 11.75 76.3643 0.159174
32.2557 12.25 74.4505 0.158209
32.2557 12.75 72.5101 0.157228
32.2557 13.25 70.5471 0.156244
32.2557 13.75 68.5665 0.155269
32.2557 14.25 66.5739 0.154314
32.2557 14.75 64.5756 0.153389
32.2557 15.25 62.5789 0.152505
32.2557 15.75 60.5918 0.151671
32.2557 16.25 58.6228 0.150894
32.2557 16.75 56.6809 0.150182
32.2557 17.25 54.7756 0.149538
32.2557 17.75 52.9161 0.148966
32.2557 18.25 51.1116 0.148467
32.2557 18.75 49.3708 0.14804
32.2557 19.25 47.7016 0.147682
32.2557 19.75 46.1107 0.147391
32.2557 20.25 44.6039 0.14716
32.2557 20.75 43.1854 0.146985
32.2557 21.25 41.8582 0.14686
32.2557 21.75 40.6239 0.146777
32.2557 22.25 39.4827 0.146732
32.2557 22.75 38.4336 0.146717
32.2557 23.25 37.4746 0.146728
32.2557 23.75 36.6027 0.14676
32.2557 24.25 35.8141 0.146808
32.2557 24.75 35.1046 0.146869
32.2557 25.25 34.4694 0.146939
32.2557 25.75 33.9036 0.147016
32.2557 26.25 33.402 0.147097
32.2557 26.75 32.9595 0.147181
32.2557 27.25 32.571 0.147267
32.2557 27.75 32.2315 0.147351
32.2557 28.25 31.9363 0.147435
32.2557 28.75 31.6808 0.147517
32.2557 29.25 31.4609 0.147596
32.2557 29.75 31.2725 0.147672
32.2557 30.25 31.1121 0.147745
32.2557 30.75 30.9761 0.147814
32.2557 31.25 30.8617 0.14788
32.2557 31.75 30.766 0.147942
32.2557 32.25 30.6865 0.148
32.2557 32.75 30.621 0.148054
32.2557 33.25 30.5675 0.148104
32.2557 33.75 30.5241 0.148151
32.2557 34.25 30.4894 0.148194
32.2557 34.75 30.4619 0.148234
32.2557 35.25 30.4405 0.148271
32.2557 35.75 30.424 0.148304
32.2557 36.25 30.4117 0.148335
32.2557 36.75 30.4026 0.148362
32.2557 37.25 30.3961 0.148388
32.2557 37.75 30.3916 0.14841
32.2557 38.25 30.3886 0.14843
32.2557 38.75 30.3867 0.148448
32.2557 39.25 30.3856 0.148464
32.2557 39.75 30.3849 0.148478
32.2557 40.25 30.3844 0.148491
32.2557 40.75 30.3839 0.148502
32.2557 41.25 30.3832 0.148511
32.2557 41.75 30.3822 0.148519
32.2557 42.25 30.3807 0.148525
32.2557 42.75 30.3788 0.14853
32.2557 43.25 30.3763 0.148535
32.2557 43.75 30.3732 0.148538
32.2557 44.25 30.3694 0.14854
32.2557 44.75 30.3649 0.148542
32.2557 45.25 30.3598 0.148542
32.2557 45.75 30.354 0.148542
32.2557 46.25 30.3475 0.148541
32.2557 46.75 30.3403 0.14854
32.2557 47.25 30.3324 0.148537
32.2557 47.75 30.324 0.148534
32.2557 48.25 30.3148 0.148531
32.2557 48.75 30.3051 0.148527
32.2557 49.25 30.2948 0.148522
32.2557 49.75 30.284 0.148517
32.2557 50.25 30.2726 0.148512
32.2557 50.75 30.2607 0.148506
32.2557 51.25 30.2483 0.1485
32.2557 51.75 30.2355 0.148493
32.2557 52.25 30.2223 0.148487
32.2557 52.75 30.2087 0.148482
32.2557 53.25 30.1947 0.148477
32.2557 53.75 30.1803 0.148473
32.2557 54.25 30.1657 0.148471
32.2557 54.75 30.1508 0.148471
32.2557 55.25 30.1356 0.148474
32.2557 55.75 30.1202 0.148481
32.2557 56.25 30.1045 0.148492
32.2557 56.75 30.0887 0.148509
32.2557 57.25 30.0727 0.148532
32.2557 57.75 30.0566 0.148562
32.2557 58.25 30.0404 0.148599
32.2557 58.75 30.0241 0.148644
32.2557 59.25 30.0077 0.148697
32.2557 59.75 29.9913 0.148756

41.5414 0.25 284.778 0.005
41.5414 0.75 199.495 0.005
41.5414 1.25 114.874 0.005
41.5414 1.75 109.383 0.0810415
41.5414 2.25 106.92 0.107984
41.5414 2.75 104.806 0.120839
41.5414 3.25 103.072 0.133511
41.5414 3.75 101.628 0.144466
41.5414 4.25 100.351 0.153032
41.5414 4.75 99.079 0.158495
41.5414 5.25 97.7545 0.161841
41.5414 5.75 96.3703 0.163787
41.5414 6.25 94.9328 0.164838
41.5414 6.75 93.4465 0.165295
41.5414 7.25 91.9142 0.165355
41.5414 7.75 90.3378 0.165142
41.5414 8.25 88.7185 0.164736
41.5414 8.75 87.057 0.164186
41.5414 9.25 85.354 0.163526
41.5414 9.75 83.6104 0.162776
41.5414 10.25 81.8272 0.161953
41.5414 10.75 80.0056 0.16107
41.5414 11.25 78.1475 0.16014
41.5414 11.75 76.2549 0.159174
41.5414 12.25 74.3308 0.158185
41.5414 12.75 72.3786 0.157183
41.5414 13.25 70.4027 0.156182
41.5414 13.75 68.4079 0.155191
41.5414 14.25 66.4003 0.154223
41.5414 14.75 64.3867 0.153287
41.5414 15.25 62.3747 0.152395
41.5414 15.75 60.3726 0.151555
41.5414 16.25 58.3896 0.150775
41.5414 16.75 56.4351 0.150061
41.5414 17.25 54.5188 0.149418
41.5414 17.75 52.6504 0.148848
41.5414 18.25 50.8394 0.148353
41.5414 18.75 49.0945 0.147932
41.5414 19.25 47.4236 0.147581
41.5414 19.75 45.8335 0.147297
41.5414 20.25 44.3298 0.147074
41.5414 20.75 42.9166 0.146907
41.5414 21.25 41.5966 0.146789
41.5414 21.75 40.371 0.146714
41.5414 22.25 39.2398 0.146675
41.5414 22.75 38.2018 0.146666
41.5414 23.25 37.2545 0.146683
41.5414 23.75 36.3949 0.14672
41.5414 24.25 35.6188 0.146773
41.5414 24.75 34.9217 0.146838
41.5414 25.25 34.2989 0.146912
41.5414 25.75 33.7451 0.146992
41.5414 26.25 33.2552 0.147076
41.5414 26.75 32.8238 0.147163
41.5414 27.25 32.4458 0.14725
41.5414 27.75 32.1162 0.147337
41.5414 28.25 31.8302 0.147422
41.5414 28.75 31.5834 0.147506
41.5414 29.25 31.3714 0.147586
41.5414 29.75 31.1904 0.147663
41.5414 30.25 31.0366 0.147737
41.5414 30.75 30.9068 0.147807
41.5414 31.25 30.7979 0.147874
41.5414 31.75 30.7073 0.147936
41.5414 32.25 30.6323 0.147995
41.5414 32.75 30.5709 0.14805
41.5414 33.25 30.5211 0.148101
41.5414 33.75 30.4811 0.148148
41.5414 34.25 30.4494 0.148191
41.5414 34.75 30.4246 0.148232
41.5414 35.25 30.4056 0.148269
41.5414 35.75 30.3914 0.148302
41.5414 36.25 30.381 0.148333
41.5414 36.75 30.3737 0.148361
41.5414 37.25 30.3688 0.148386
41.5414 37.75 30.3657 0.148409
41.5414 38.25 30.3641 0.148429
41.5414 38.75 30.3634 0.148448
41.5414 39.25 30.3633 0.148464
41.5414 39.75 30.3636 0.148478
41.5414 40.25 30.364 0.14849
41.5414 40.75 30.3643 0.148501
41.5414 41.25 30.3643 0.148511
41.5414 41.75 30.364 0.148519
41.5414 42.25 30.3632 0.148525
41.5414 42.75 30.3618 0.148531
41.5414 43.25 30.3598 0.148535
41.5414 43.75 30.3571 0.148538
41.5414 44.25 30.3538 0.148541
41.5414 44.75 30.3497 0.148542
41.5414 45.25 30.3449 0.148543
41.5414 45.75 30.3394 0.148543
41.5414 46.25 30.3332 0.148542
41.5414 46.75 30.3262 0.148541
41.5414 47.25 30.3186 0.148539
41.5414 47.75 30.3103 0.148536
41.5414 48.25 30.3013 0.148533
41.5414 48.75 30.2917 0.148529
41.5414 49.25 30.2815 0.148525
41.5414 49.75 30.2708 0.14852
41.5414 50.25 30.2595 0.148515
41.5414 50.75 30.2476 0.148509
41.5414 51.25 30.2353 0.148504
41.5414 51.75 30.2225 0.148498
41.5414 52.25 30.2093 0.148492
41.5414 52.75 30.1956 0.148487
41.5414 53.25 30.1816 0.148483
41.5414 53.75 30.1672 0.14848
41.5414 54.25 30.1525 0.148479
41.5414 54.75 30.1375 0.148481
41.5414 55.25 30.1222 0.148485
41.5414 55.75 30.1067 0.148493
41.5414 56.25 30.091 0.148505
41.5414 56.75 30.075 0.148523
41.5414 57.25 30.0589 0.148548
41.5414 57.75 30.0427 0.148579
41.5414 58.25 30.0263 0.148618
41.5414 58.75 30.0099 0.148664
41.5414 59.25 29.9934 0.148717
41.5414 59.75 29.9769 0.148777

42.0301 0.25 284.78 0.005
42.0301 0.75 199.5 0.005
42.0301 1.25 114.884 0.005
42.0301 1.75 109.35 0.0826019
42.0301 2.25 106.887 0.107936
42.0301 2.75 104.78 0.120958
42.0301 3.25 103.051 0.133629
42.0301 3.75 101.61 0.14457
42.0301 4.25 100.336 0.153116
42.0301 4.75 99.0632 0.158554
42.0301 5.25 97.7381 0.161888
42.0301 5.75 96.3532 0.163826
42.0301 6.25 94.915 0.164869
42.0301 6.75 93.4281 0.165322
42.0301 7.25 91.8953 0.165377
42.0301 7.75 90.3185 0.16516
42.0301 8.25 88.6987 0.16475
42.0301 8.75 87.0368 0.164197
42.0301 9.25 85.3335 0.163534
42.0301 9.75 83.5895 0.162782
42.0301 10.25 81.806 0.161956
42.0301 10.75 79.984 0.161072
42.0301 11.25 78.1255 0.16014
42.0301 11.75 76.2325 0.159173
42.0301 12.25 74.308 0.158182
42.0301 12.75 72.3553 0.15718
42.0301 13.25 70.3788 0.156177
42.0301 13.75 68.3835 0.155186
42.0301 14.25 66.3754 0.154217
42.0301 14.75 64.3612 0.153281
42.0301 15.25 62.3486 0.152389
42.0301 15.75 60.3461 0.151549
42.0301 16.25 58.3625 0.150768
42.0301 16.75 56.4075 0.150054
42.0301 17.25 54.4908 0.149411
42.0301 17.75 52.6221 0.148842
42.0301 18.25 50.8107 0.148348
42.0301 18.75 49.0656 0.147926
42.0301 19.25 47.3945 0.147576
42.0301 19.75 45.8044 0.147292
42.0301 20.25 44.3006 0.14707
42.0301 20.75 42.8874 0.146903
42.0301 21.25 41.5674 0.146785
42.0301 21.75 40.3419 0.14671
42.0301 22.25 39.2109 0.146672
42.0301 22.75 38.173 0.146664
42.0301 23.25 37.2259 0.146681
42.0301 23.75 36.3664 0.146718
42.0301 24.25 35.5905 0.146771
42.0301 24.75 34.8937 0.146836
42.0301 25.25 34.2711 0.14691
42.0301 25.75 33.7175 0.146991
42.0301 26.25 33.2277 0.147075
42.0301 26.75 32.7964 0.147162
42.0301 27.25 32.4186 0.147249
42.0301 27.75 32.0892 0.147336
42.0301 28.25 31.8033 0.147421
42.0301 28.75 31.5566 0.147505
42.0301 29.25 31.3447 0.147585
42.0301 29.75 31.1638 0.147663
42.0301 30.25 31.0101 0.147737
42.0301 30.75 30.8804 0.147807
42.0301 31.25 30.7716 0.147873
42.0301 31.75 30.681 0.147936
42.0301 32.25 30.6062 0.147994
42.0301 32.75 30.5448 0.148049
42.0301 33.25 30.4951 0.1481
42.0301 33.75 30.4551 0.148147
42.0301 34.25 30.4235 0.148191
42.0301 34.75 30.3988 0.148231
42.0301 35.25 30.3798 0.148268
42.0301 35.75 30.3656 0.148302
42.0301 36.25 30.3553 0.148333
42.0301 36.75 30.348 0.148361
42.0301 37.25 30.3432 0.148386
42.0301 37.75 30.3402 0.148409
42.0301 38.25 30.3385 0.148429
42.0301 38.75 30.3379 0.148447
42.0301 39.25 30.3379 0.148463
42.0301 39.75 30.3382 0.148478
42.0301 40.25 30.3386 0.14849
42.0301 40.75 30.339 0.148501
42.0301 41.25 30.3391 0.14851
42.0301 41.75 30.3388 0.148518
42.0301 42.25 30.338 0.148525
42.0301 42.75 30.3367 0.14853
42.0301 43.25 30.3347 0.148535
42.0301 43.75 30.3321 0.148538
42.0301 44.25 30.3288 0.148541
42.0301 44.75 30.3247 0.148542
42.0301 45.25 30.32 0.148543
42.0301 45.75 30.3145 0.148543
42.0301 46.25 30.3083 0.148542
42.0301 46.75 30.3014 0.148541
42.0301 47.25 30.2939 0.148539
42.0301 47.75 30.2856 0.148536
42.0301 48.25 30.2767 0.148533
42.0301 48.75 30.2671 0.148529
42.0301 49.25 30.257 0.148524
42.0301 49.75 30.2463 0.14852
42.0301 50.25 30.235 0.148515
42.0301 50.75 30.2232 0.148509
42.0301 51.25 30.2109 0.148503
42.0301 51.75 30.1982 0.148498
42.0301 52.25 30.185 0.148492
42.0301 52.75 30.1714 0.148487
42.0301 53.25 30.1574 0.148483
42.0301 53.75 30.1431 0.14848
42.0301 54.25 30.1284 0.148479
42.0301 54.75 30.1134 0.14848
42.0301 55.25 30.0982 0.148484
42.0301 55.75 30.0827 0.148492
42.0301 56.25 30.067 0.148505
42.0301 56.75 30.0512 0.148523
42.0301 57.25 30.0351 0.148547
42.0301 57.75 30.0189 0.148578
42.0301 58.25 30.0026 0.148617
42.0301 58.75 29.9862 0.148663
42.0301 59.25 29.9698 0.148716
42.0301 59.75 29.9533 0.148775

42.5188 0.25 284.718 0.005
42.5188 0.75 199.39 0.005
42.5188 1.25 114.856 0.005
42.5188 1.75 109.251 0.0853957
42.5188 2.25 106.763 0.111773
42.5188 2.75 104.641 0.125743
42.5188 3.25 102.906 0.138994
42.5188 3.75 101.465 0.150352
42.5188 4.25 100.181 0.159212
42.5188 4.75 98.869 0.164886
42.5188 5.25 97.498 0.168528
42.5188 5.75 96.0616 0.170765
42.5188 6.25 94.5676 0.172056
42.5188 6.75 93.0209 0.17269
42.5188 7.25 91.425 0.172861
42.5188 7.75 89.7824 0.172706
42.5188 8.25 88.0944 0.172315
42.5188 8.75 86.3624 0.171754
42.5188 9.25 84.5873 0.171064
42.5188 9.75 82.7702 0.170277
42.5188 10.25 80.9125 0.169415
42.5188 10.75 79.016 0.168496
42.5188 11.25 77.0829 0.167536
42.5188 11.75 75.1163 0.16655
42.5188 12.25 73.12 0.165551
42.5188 12.75 71.0983 0.164553
42.5188 13.25 69.0568 0.163569
42.5188 13.75 67.0018 0.162612
42.5188 14.25 64.9405 0.161694
42.5188 14.75 62.881 0.160826
42.5188 15.25 60.8321 0.160017
42.5188 15.75 58.8032 0.159277
42.5188 16.25 56.8044 0.158611
42.5188 16.75 54.8457 0.158025
42.5188 17.25 52.9371 0.157521
42.5188 17.75 51.0883 0.157099
42.5188 18.25 49.3081 0.156757
42.5188 18.75 47.6046 0.156493
42.5188 19.25 45.9847 0.156302
42.5188 19.75 44.4538 0.156176
42.5188 20.25 43.0161 0.15611
42.5188 20.75 41.674 0.156097
42.5188 21.25 40.4288 0.156128
42.5188 21.75 39.2801 0.156198
42.5188 22.25 38.2267 0.1563
42.5188 22.75 37.2659 0.156427
42.5188 23.25 36.3943 0.156575
42.5188 23.75 35.6079 0.156739
42.5188 24.25 34.9019 0.156915
42.5188 24.75 34.2714 0.157099
42.5188 25.25 33.711 0.157289
42.5188 25.75 33.2155 0.157482
42.5188 26.25 32.7794 0.157676
42.5188 26.75 32.3975 0.157869
42.5188 27.25 32.0648 0.15806
42.5188 27.75 31.7763 0.158249
42.5188 28.25 31.5275 0.158433
42.5188 28.75 31.314 0.158613
42.5188 29.25 31.132 0.158787
42.5188 29.75 30.9776 0.158956
42.5188 30.25 30.8475 0.15912
42.5188 30.75 30.7386 0.159277
42.5188 31.25 30.6482 0.159428
42.5188 31.75 30.5737 0.159573
42.5188 32.25 30.513 0.159711
42.5188 32.75 30.4639 0.159843
42.5188 33.25 30.4249 0.159969
42.5188 33.75 30.3942 0.160088
42.5188 34.25 30.3706 0.160202
42.5188 34.75 30.3528 0.160309
42.5188 35.25 30.3397 0.160411
42.5188 35.75 30.3306 0.160507
42.5188 36.25 30.3246 0.160598
42.5188 36.75 30.321 0.160683
42.5188 37.25 30.3192 0.160763
42.5188 37.75 30.3188 0.160838
42.5188 38.25 30.3194 0.160908
42.5188 38.75 30.3206 0.160974
42.5188 39.25 30.3221 0.161035
42.5188 39.75 30.3236 0.161093
42.5188 40.25 30.3251 0.161146
42.5188 40.75 30.3262 0.161195
42.5188 41.25 30.327 0.161241
42.5188 41.75 30.3272 0.161283
42.5188 42.25 30.3268 0.161322
42.5188 42.75 30.3258 0.161357
42.5188 43.25 30.324 0.16139
42.5188 43.75 30.3215 0.16142
42.5188 44.25 30.3183 0.161447
42.5188 44.75 30.3143 0.161472
42.5188 45.25 30.3096 0.161495
42.5188 45.75 30.3041 0.161515
42.5188 46.25 30.2979 0.161533
42.5188 46.75 30.2909 0.161549
42.5188 47.25 30.2833 0.161564
42.5188 47.75 30.275 0.161576
42.5188 48.25 30.266 0.161587
42.5188 48.75 30.2564 0.161597
42.5188 49.25 30.2461 0.161605
42.5188 49.75 30.2353 0.161612
42.5188 50.25 30.224 0.161619
42.5188 50.75 30.2121 0.161624
42.5188 51.25 30.1998 0.161629
42.5188 51.75 30.187 0.161633
42.5188 52.25 30.1737 0.161637
42.5188 52.75 30.1601 0.161641
42.5188 53.25 30.1461 0.161645
42.5188 53.75 30.1317 0.16165
42.5188 54.25 30.117 0.161656
42.5188 54.75 30.102 0.161663
42.5188 55.25 30.0868 0.161672
42.5188 55.75 30.0713 0.161682
42.5188 56.25 30.0556 0.161695
42.5188 56.75 30.0398 0.161711
42.5188 57.25 30.0237 0.16173
42.5188 57.75 30.0075 0.161753
42.5188 58.25 29.9913 0.161779
42.5188 58.75 29.9749 0.161808
42.5188 59.25 29.9585 0.161841
42.5188 59.75 29.942 0.161877

43.0076 0.25 271.923 0.005
43.0076 0.75 168.349 0.005
43.0076 1.25 113.171 0.0198748
43.0076 1.75 108.084 0.0937371
43.0076 2.25 105.828 0.116475
43.0076 2.75 103.946 0.132135
43.0076 3.25 102.414 0.146327
43.0076 3.75 101.134 0.158477
43.0076 4.25 99.9599 0.168119
43.0076 4.75 98.6902 0.1747
43.0076 5.25 97.3281 0.179082
43.0076 5.75 95.8678 0.181947
43.0076 6.25 94.3174 0.183774
43.0076 6.75 92.6849 0.184856
43.0076 7.25 90.9779 0.185386
43.0076 7.75 89.2037 0.185503
43.0076 8.25 87.3687 0.185308
43.0076 8.75 85.4786 0.18488
43.0076 9.25 83.5385 0.184277
43.0076 9.75 81.5533 0.183547
43.0076 10.25 79.5274 0.182725
43.0076 10.75 77.4655 0.181841
43.0076 11.25 75.3724 0.18092
43.0076 11.75 73.2535 0.179983
43.0076 12.25 71.1147 0.17905
43.0076 12.75 68.9627 0.178138
43.0076 13.25 66.8049 0.177264
43.0076 13.75 64.6494 0.176442
43.0076 14.25 62.5053 0.175686
43.0076 14.75 60.3819 0.175007
43.0076 15.25 58.2894 0.174412
43.0076 15.75 56.238 0.173909
43.0076 16.25 54.238 0.1735
43.0076 16.75 52.2991 0.173186
43.0076 17.25 50.4307 0.172966
43.0076 17.75 48.6412 0.172836
43.0076 18.25 46.9377 0.172791
43.0076 18.75 45.3261 0.172822
43.0076 19.25 43.8108 0.172923
43.0076 19.75 42.3946 0.173086
43.0076 20.25 41.079 0.173301
43.0076 20.75 39.8639 0.173561
43.0076 21.25 38.7481 0.173859
43.0076 21.75 37.729 0.174188
43.0076 22.25 36.8033 0.174541
43.0076 22.75 35.9669 0.174913
43.0076 23.25 35.215 0.175299
43.0076 23.75 34.5425 0.175697
43.0076 24.25 33.9441 0.176102
43.0076 24.75 33.4141 0.176511
43.0076 25.25 32.9471 0.176923
43.0076 25.75 32.5376 0.177335
43.0076 26.25 32.1804 0.177745
43.0076 26.75 31.8702 0.178154
43.0076 27.25 31.6025 0.178558
43.0076 27.75 31.3726 0.178958
43.0076 28.25 31.1763 0.179354
43.0076 28.75 31.0097 0.179743
43.0076 29.25 30.8693 0.180127
43.0076 29.75 30.7518 0.180504
43.0076 30.25 30.6542 0.180874
43.0076 30.75 30.574 0.181238
43.0076 31.25 30.5086 0.181594
43.0076 31.75 30.4559 0.181943
43.0076 32.25 30.4142 0.182286
43.0076 32.75 30.3815 0.18262
43.0076 33.25 30.3566 0.182948
43.0076 33.75 30.3381 0.183268
43.0076 34.25 30.3249 0.183581
43.0076 34.75 30.3159 0.183887
43.0076 35.25 30.3104 0.184185
43.0076 35.75 30.3076 0.184477
43.0076 36.25 30.3068 0.184761
43.0076 36.75 30.3076 0.185038
43.0076 37.25 30.3095 0.185309
43.0076 37.75 30.3121 0.185572
43.0076 38.25 30.315 0.185829
43.0076 38.75 30.3181 0.186079
43.0076 39.25 30.3211 0.186323
43.0076 39.75 30.3238 0.18656
43.0076 40.25 30.3261 0.18679
43.0076 40.75 30.3278 0.187014
43.0076 41.25 30.329 0.187232
43.0076 41.75 30.3294 0.187444
43.0076 42.25 30.3291 0.187649
43.0076 42.75 30.328 0.187849
43.0076 43.25 30.3261 0.188043
43.0076 43.75 30.3234 0.188231
43.0076 44.25 30.3199 0.188413
43.0076 44.75 30.3155 0.188589
43.0076 45.25 30.3104 0.18876
43.0076 45.75 30.3046 0.188926
43.0076 46.25 30.2979 0.189086
43.0076 46.75 30.2906 0.18924
43.0076 47.25 30.2825 0.189389
43.0076 47.75 30.2738 0.189533
43.0076 48.25 30.2644 0.189672
43.0076 48.75 30.2544 0.189806
43.0076 49.25 30.2438 0.189934
43.0076 49.75 30.2326 0.190058
43.0076 50.25 30.221 0.190176
43.0076 50.75 30.2088 0.19029
43.0076 51.25 30.1961 0.190399
43.0076 51.75 30.183 0.190502
43.0076 52.25 30.1696 0.190601
43.0076 52.75 30.1557 0.190696
43.0076 53.25 30.1414 0.190785
43.0076 53.75 30.1269 0.19087
43.0076 54.25 30.112 0.190949
43.0076 54.75 30.0969 0.191024
43.0076 55.25 30.0815 0.191094
43.0076 55.75 30.0659 0.19116
43.0076 56.25 30.0501 0.19122
43.0076 56.75 30.0341 0.191275
43.0076 57.25 30.018 0.191325
43.0076 57.75 30.0017 0.191369
43.0076 58.25 29.9854 0.191408
43.0076 58.75 29.9689 0.191441
43.0076 59.25 29.9524 0.191468
43.0076 59.75 29.9359 0.191489

43.4963 0.25 284.791 0.005
43.4963 0.75 199.509 0.005
43.4963 1.25 114.843 0.005
43.4963 1.75 109.277 0.0837699
43.4963 2.25 106.733 0.11934
43.4963 2.75 104.535 0.13387
43.4963 3.25 102.76 0.147637
43.4963 3.75 101.294 0.159202
43.4963 4.25 99.9773 0.168137
43.4963 4.75 98.5923 0.173958
43.4963 5.25 97.137 0.177905
43.4963 5.75 95.6077 0.180528
43.4963 6.25 94.012 0.182211
43.4963 6.75 92.3558 0.1832
43.4963 7.25 90.6438 0.183667
43.4963 7.75 88.8796 0.18374
43.4963 8.25 87.0665 0.183518
43.4963 8.75 85.2071 0.183076
43.4963 9.25 83.3042 0.182468
43.4963 9.75 81.3602 0.181739
43.4963 10.25 79.3781 0.180923
43.4963 10.75 77.3612 0.180047
43.4963 11.25 75.313 0.179133
43.4963 11.75 73.2381 0.178202
43.4963 12.25 71.1415 0.177272
43.4963 12.75 69.0292 0.17636
43.4963 13.25 66.9079 0.175481
43.4963 13.75 64.7853 0.174651
43.4963 14.25 62.6699 0.173881
43.4963 14.75 60.5708 0.173183
43.4963 15.25 58.498 0.172566
43.4963 15.75 56.4614 0.172036
43.4963 16.25 54.4715 0.171596
43.4963 16.75 52.5382 0.17125
43.4963 17.25 50.6712 0.170995
43.4963 17.75 48.8793 0.170829
43.4963 18.25 47.17 0.170746
43.4963 18.75 45.5498 0.170741
43.4963 19.25 44.0237 0.170805
43.4963 19.75 42.595 0.170932
43.4963 20.25 41.2656 0.171112
43.4963 20.75 40.0361 0.171337
43.4963 21.25 38.9054 0.171602
43.4963 21.75 37.8714 0.171897
43.4963 22.25 36.9312 0.172218
43.4963 22.75 36.0807 0.172559
43.4963 23.25 35.3155 0.172916
43.4963 23.75 34.6304 0.173283
43.4963 24.25 34.0201 0.173658
43.4963 24.75 33.4793 0.174038
43.4963 25.25 33.0022 0.174421
43.4963 25.75 32.5836 0.174804
43.4963 26.25 32.2181 0.175187
43.4963 26.75 31.9005 0.175566
43.4963 27.25 31.626 0.175943
43.4963 27.75 31.3901 0.176315
43.4963 28.25 31.1885 0.176682
43.4963 28.75 31.0173 0.177043
43.4963 29.25 30.8727 0.177398
43.4963 29.75 30.7516 0.177747
43.4963 30.25 30.6509 0.178089
43.4963 30.75 30.5678 0.178424
43.4963 31.25 30.5001 0.178752
43.4963 31.75 30.4454 0.179073
43.4963 32.25 30.4018 0.179387
43.4963 32.75 30.3677 0.179693
43.4963 33.25 30.3416 0.179991
43.4963 33.75 30.322 0.180283
43.4963 34.25 30.3079 0.180567
43.4963 34.75 30.2982 0.180844
43.4963 35.25 30.2921 0.181113
43.4963 35.75 30.2888 0.181376
43.4963 36.25 30.2876 0.181631
43.4963 36.75 30.2882 0.181879
43.4963 37.25 30.2898 0.18212
43.4963 37.75 30.2923 0.182355
43.4963 38.25 30.2952 0.182582
43.4963 38.75 30.2983 0.182803
43.4963 39.25 30.3013 0.183018
43.4963 39.75 30.304 0.183226
43.4963 40.25 30.3064 0.183427
43.4963 40.75 30.3082 0.183623
43.4963 41.25 30.3095 0.183812
43.4963 41.75 30.31 0.183995
43.4963 42.25 30.3099 0.184172
43.4963 42.75 30.309 0.184343
43.4963 43.25 30.3073 0.184509
43.4963 43.75 30.3047 0.184669
43.4963 44.25 30.3014 0.184823
43.4963 44.75 30.2973 0.184972
43.4963 45.25 30.2924 0.185116
43.4963 45.75 30.2867 0.185255
43.4963 46.25 30.2803 0.185388
43.4963 46.75 30.2732 0.185516
43.4963 47.25 30.2653 0.185639
43.4963 47.75 30.2568 0.185758
43.4963 48.25 30.2476 0.185872
43.4963 48.75 30.2378 0.185981
43.4963 49.25 30.2274 0.186085
43.4963 49.75 30.2164 0.186185
43.4963 50.25 30.2049 0.186281
43.4963 50.75 30.193 0.186372
43.4963 51.25 30.1805 0.186459
43.4963 51.75 30.1676 0.186542
43.4963 52.25 30.1543 0.186621
43.4963 52.75 30.1406 0.186696
43.4963 53.25 30.1265 0.186767
43.4963 53.75 30.1121 0.186834
43.4963 54.25 30.0975 0.186898
43.4963 54.75 30.0825 0.186957
43.4963 55.25 30.0673 0.187013
43.4963 55.75 30.0518 0.187066
43.4963 56.25 30.0362 0.187115
43.4963 56.75 30.0204 0.18716
43.4963 57.25 30.0044 0.187201
43.4963 57.75 29.9883 0.187238
43.4963 58.25 29.9721 0.187272
43.4963 58.75 29.9558 0.187301
43.4963 59.25 29.9395 0.187326
43.4963 59.75 29.9231 0.187347

43.985 0.25 248.343 0.00500001
43.985 0.75 155.981 0.0375641
43.985 1.25 124.328 0.0447828
43.985 1.75 107.472 0.0410803
43.985 2.25 104.6 0.114387
43.985 2.75 103.268 0.132357
43.985 3.25 102.089 0.146853
43.985 3.75 101.013 0.159177
43.985 4.25 99.946 0.168925
43.985 4.75 98.7277 0.175636
43.985 5.25 97.3811 0.180078
43.985 5.75 95.9122 0.18298
43.985 6.25 94.3399 0.184836
43.985 6.75 92.6798 0.185941
43.985 7.25 90.9441 0.18649
43.985 7.75 89.1425 0.186622
43.985 8.25 87.2825 0.18644
43.985 8.75 85.37 0.186022
43.985 9.25 83.4098 0.185429
43.985 9.75 81.4064 0.184707
43.985 10.25 79.3638 0.183894
43.985 10.75 77.2866 0.183018
43.985 11.25 75.1793 0.182106
43.985 11.75 73.0472 0.181179
43.985 12.25 70.8964 0.180257
43.985 12.75 68.7335 0.179358
43.985 13.25 66.566 0.1785
43.985 13.75 64.4023 0.177696
43.985 14.25 62.2515 0.17696
43.985 14.75 60.1232 0.176303
43.985 15.25 58.0277 0.175732
43.985 15.75 55.9751 0.175254
43.985 16.25 53.9759 0.174873
43.985 16.75 52.0398 0.174587
43.985 17.25 50.1761 0.174396
43.985 17.75 48.393 0.174296
43.985 18.25 46.6975 0.174279
43.985 18.75 45.0952 0.17434
43.985 19.25 43.5904 0.174469
43.985 19.75 42.1856 0.174659
43.985 20.25 40.8819 0.174901
43.985 20.75 39.6791 0.175187
43.985 21.25 38.5757 0.17551
43.985 21.75 37.569 0.175862
43.985 22.25 36.6555 0.176239
43.985 22.75 35.8308 0.176634
43.985 23.25 35.0903 0.177043
43.985 23.75 34.4285 0.177463
43.985 24.25 33.8401 0.177889
43.985 24.75 33.3196 0.17832
43.985 25.25 32.8613 0.178752
43.985 25.75 32.4599 0.179185
43.985 26.25 32.11 0.179616
43.985 26.75 31.8066 0.180045
43.985 27.25 31.5449 0.18047
43.985 27.75 31.3204 0.180891
43.985 28.25 31.129 0.181307
43.985 28.75 30.9669 0.181717
43.985 29.25 30.8303 0.18212
43.985 29.75 30.7163 0.182518
43.985 30.25 30.6218 0.182909
43.985 30.75 30.5442 0.183293
43.985 31.25 30.4811 0.18367
43.985 31.75 30.4305 0.18404
43.985 32.25 30.3905 0.184403
43.985 32.75 30.3595 0.184759
43.985 33.25 30.3359 0.185108
43.985 33.75 30.3185 0.185449
43.985 34.25 30.3062 0.185783
43.985 34.75 30.2981 0.18611
43.985 35.25 30.2933 0.18643
43.985 35.75 30.2911 0.186743
43.985 36.25 30.2908 0.187048
43.985 36.75 30.2921 0.187347
43.985 37.25 30.2943 0.187639
43.985 37.75 30.2972 0.187924
43.985 38.25 30.3004 0.188202
43.985 38.75 30.3037 0.188474
43.985 39.25 30.3068 0.188739
43.985 39.75 30.3096 0.188998
43.985 40.25 30.312 0.18925
43.985 40.75 30.3138 0.189495
43.985 41.25 30.315 0.189735
43.985 41.75 30.3155 0.189968
43.985 42.25 30.3152 0.190195
43.985 42.75 30.3141 0.190416
43.985 43.25 30.3122 0.190631
43.985 43.75 30.3095 0.19084
43.985 44.25 30.306 0.191044
43.985 44.75 30.3017 0.191241
43.985 45.25 30.2966 0.191433
43.985 45.75 30.2908 0.191619
43.985 46.25 30.2841 0.191799
43.985 46.75 30.2768 0.191973
43.985 47.25 30.2687 0.192143
43.985 47.75 30.26 0.192306
43.985 48.25 30.2506 0.192464
43.985 48.75 30.2406 0.192617
43.985 49.25 30.23 0.192764
43.985 49.75 30.2189 0.192905
43.985 50.25 30.2072 0.193042
43.985 50.75 30.1951 0.193173
43.985 51.25 30.1824 0.193298
43.985 51.75 30.1694 0.193418
43.985 52.25 30.1559 0.193533
43.985 52.75 30.1421 0.193642
43.985 53.25 30.1279 0.193746
43.985 53.75 30.1134 0.193844
43.985 54.25 30.0985 0.193936
43.985 54.75 30.0835 0.194023
43.985 55.25 30.0681 0.194104
43.985 55.75 30.0526 0.19418
43.985 56.25 30.0368 0.194249
43.985 56.75 30.0209 0.194312
43.985 57.25 30.0048 0.194369
43.985 57.75 29.9886 0.194419
43.985 58.25 29.9723 0.194463
43.985 58.75 29.9559 0.194499
43.985 59.25 29.9395 0.194527
43.985 59.75 29.923 0.194548

44.4737 0.25 273.847 0.005
44.4737 0.75 173.049 0.005
44.4737 1.25 113.485 0.0125739
44.4737 1.75 108.167 0.0970528
44.4737 2.25 105.859 0.116421
44.4737 2.75 103.946 0.132052
44.4737 3.25 102.389 0.146218
44.4737 3.75 101.089 0.158338
44.4737 4.25 99.8949 0.167925
44.4737 4.75 98.6185 0.174449
44.4737 5.25 97.2554 0.178811
44.4737 5.75 95.8002 0.181668
44.4737 6.25 94.2594 0.183492
44.4737 6.75 92.6389 0.184574
44.4737 7.25 90.9447 0.185105
44.4737 7.75 89.1828 0.185223
44.4737 8.25 87.3587 0.18503
44.4737 8.75 85.478 0.184604
44.4737 9.25 83.5457 0.184003
44.4737 9.75 81.5666 0.183275
44.4737 10.25 79.5455 0.182454
44.4737 10.75 77.4873 0.18157
44.4737 11.25 75.3971 0.180649
44.4737 11.75 73.2803 0.17971
44.4737 12.25 71.143 0.178775
44.4737 12.75 68.992 0.177861
44.4737 13.25 66.8347 0.176984
44.4737 13.75 64.6794 0.176159
44.4737 14.25 62.535 0.1754
44.4737 14.75 60.411 0.174716
44.4737 15.25 58.3175 0.174116
44.4737 15.75 56.2647 0.173608
44.4737 16.25 54.2629 0.173193
44.4737 16.75 52.322 0.172874
44.4737 17.25 50.4513 0.172649
44.4737 17.75 48.6592 0.172513
44.4737 18.25 46.953 0.172462
44.4737 18.75 45.3384 0.172488
44.4737 19.25 43.8201 0.172584
44.4737 19.75 42.4009 0.172741
44.4737 20.25 41.0821 0.172951
44.4737 20.75 39.864 0.173206
44.4737 21.25 38.7451 0.173499
44.4737 21.75 37.7231 0.173823
44.4737 22.25 36.7946 0.174171
44.4737 22.75 35.9555 0.174539
44.4737 23.25 35.2011 0.174921
44.4737 23.75 34.5263 0.175314
44.4737 24.25 33.9256 0.175715
44.4737 24.75 33.3936 0.17612
44.4737 25.25 32.9248 0.176527
44.4737 25.75 32.5136 0.176934
44.4737 26.25 32.1548 0.177341
44.4737 26.75 31.8433 0.177744
44.4737 27.25 31.5743 0.178145
44.4737 27.75 31.3433 0.178541
44.4737 28.25 31.146 0.178931
44.4737 28.75 30.9785 0.179317
44.4737 29.25 30.8373 0.179696
44.4737 29.75 30.7191 0.180068
44.4737 30.25 30.621 0.180434
44.4737 30.75 30.5402 0.180793
44.4737 31.25 30.4743 0.181145
44.4737 31.75 30.4213 0.18149
44.4737 32.25 30.3792 0.181828
44.4737 32.75 30.3463 0.182158
44.4737 33.25 30.3211 0.182481
44.4737 33.75 30.3024 0.182796
44.4737 34.25 30.2889 0.183105
44.4737 34.75 30.2798 0.183406
44.4737 35.25 30.2742 0.1837
44.4737 35.75 30.2712 0.183987
44.4737 36.25 30.2704 0.184266
44.4737 36.75 30.2711 0.184539
44.4737 37.25 30.273 0.184805
44.4737 37.75 30.2755 0.185064
44.4737 38.25 30.2784 0.185316
44.4737 38.75 30.2815 0.185561
44.4737 39.25 30.2845 0.1858
44.4737 39.75 30.2872 0.186032
44.4737 40.25 30.2895 0.186258
44.4737 40.75 30.2912 0.186477
44.4737 41.25 30.2923 0.186691
44.4737 41.75 30.2928 0.186898
44.4737 42.25 30.2925 0.187099
44.4737 42.75 30.2914 0.187294
44.4737 43.25 30.2895 0.187483
44.4737 43.75 30.2868 0.187667
44.4737 44.25 30.2833 0.187844
44.4737 44.75 30.279 0.188016
44.4737 45.25 30.274 0.188183
44.4737 45.75 30.2681 0.188344
44.4737 46.25 30.2615 0.188499
44.4737 46.75 30.2541 0.18865
44.4737 47.25 30.2461 0.188795
44.4737 47.75 30.2374 0.188935
44.4737 48.25 30.228 0.189069
44.4737 48.75 30.218 0.189199
44.4737 49.25 30.2074 0.189324
44.4737 49.75 30.1963 0.189443
44.4737 50.25 30.1846 0.189558
44.4737 50.75 30.1725 0.189668
44.4737 51.25 30.1598 0.189773
44.4737 51.75 30.1468 0.189874
44.4737 52.25 30.1333 0.189969
44.4737 52.75 30.1194 0.19006
44.4737 53.25 30.1052 0.190147
44.4737 53.75 30.0906 0.190228
44.4737 54.25 30.0758 0.190306
44.4737 54.75 30.0606 0.190378
44.4737 55.25 30.0453 0.190446
44.4737 55.75 30.0297 0.190509
44.4737 56.25 30.0139 0.190567
44.4737 56.75 29.9979 0.190621
44.4737 57.25 29.9818 0.190669
44.4737 57.75 29.9655 0.190712
44.4737 58.25 29.9492 0.19075
44.4737 58.75 29.9327 0.190783
44.4737 59.25 29.9162 0.19081
44.4737 59.75 29.8997 0.19083

44.9625 0.25 283.318 0.005
44.9625 0.75 204.117 0.00630321
44.9625 1.25 150.523 0.0129083
44.9625 1.75 108.663 0.005
44.9625 2.25 104.828 0.107013
44.9625 2.75 103.178 0.131191
44.9625 3.25 101.764 0.145638
44.9625 3.75 100.523 0.157495
44.9625 4.25 99.3029 0.166264
44.9625 4.75 98.0132 0.172294
44.9625 5.25 96.6493 0.176391
44.9625 5.75 95.215 0.179112
44.9625 6.25 93.7153 0.180849
44.9625 6.75 92.1536 0.181867
44.9625 7.25 90.5322 0.182353
44.9625 7.75 88.8528 0.182443
44.9625 8.25 87.1169 0.182235
44.9625 8.75 85.326 0.181804
44.9625 9.25 83.4821 0.181206
44.9625 9.75 81.5873 0.180482
44.9625 10.25 79.6447 0.179667
44.9625 10.75 77.6579 0.178786
44.9625 11.25 75.6312 0.177863
44.9625 11.75 73.5701 0.176918
44.9625 12.25 71.4805 0.17597
44.9625 12.75 69.3695 0.175036
44.9625 13.25 67.2448 0.174133
44.9625 13.75 65.115 0.173275
44.9625 14.25 62.9895 0.172476
44.9625 14.75 60.8782 0.171747
44.9625 15.25 58.7915 0.171097
44.9625 15.75 56.7401 0.170534
44.9625 16.25 54.7345 0.170061
44.9625 16.75 52.785 0.169682
44.9625 17.25 50.9015 0.169394
44.9625 17.75 49.0928 0.169195
44.9625 18.25 47.3667 0.169081
44.9625 18.75 45.7295 0.169045
44.9625 19.25 44.1865 0.16908
44.9625 19.75 42.7409 0.169177
44.9625 20.25 41.3949 0.169329
44.9625 20.75 40.1489 0.169528
44.9625 21.25 39.0022 0.169766
44.9625 21.75 37.9526 0.170037
44.9625 22.25 36.9973 0.170333
44.9625 22.75 36.1324 0.17065
44.9625 23.25 35.3534 0.170983
44.9625 23.75 34.6553 0.171327
44.9625 24.25 34.0328 0.171679
44.9625 24.75 33.4805 0.172037
44.9625 25.25 32.9929 0.172397
44.9625 25.75 32.5644 0.172758
44.9625 26.25 32.1899 0.173118
44.9625 26.75 31.8641 0.173476
44.9625 27.25 31.5822 0.17383
44.9625 27.75 31.3396 0.17418
44.9625 28.25 31.1319 0.174525
44.9625 28.75 30.9552 0.174865
44.9625 29.25 30.8058 0.175198
44.9625 29.75 30.6804 0.175524
44.9625 30.25 30.5758 0.175844
44.9625 30.75 30.4894 0.176157
44.9625 31.25 30.4187 0.176463
44.9625 31.75 30.3614 0.176761
44.9625 32.25 30.3156 0.177052
44.9625 32.75 30.2796 0.177336
44.9625 33.25 30.2517 0.177612
44.9625 33.75 30.2307 0.177881
44.9625 34.25 30.2153 0.178143
44.9625 34.75 30.2046 0.178397
44.9625 35.25 30.1976 0.178644
44.9625 35.75 30.1935 0.178883
44.9625 36.25 30.1918 0.179116
44.9625 36.75 30.1918 0.179342
44.9625 37.25 30.193 0.17956
44.9625 37.75 30.1951 0.179772
44.9625 38.25 30.1977 0.179977
44.9625 38.75 30.2005 0.180176
44.9625 39.25 30.2034 0.180368
44.9625 39.75 30.206 0.180553
44.9625 40.25 30.2082 0.180733
44.9625 40.75 30.21 0.180906
44.9625 41.25 30.2112 0.181073
44.9625 41.75 30.2117 0.181234
44.9625 42.25 30.2115 0.18139
44.9625 42.75 30.2106 0.18154
44.9625 43.25 30.2089 0.181684
44.9625 43.75 30.2064 0.181823
44.9625 44.25 30.2031 0.181956
44.9625 44.75 30.199 0.182085
44.9625 45.25 30.1941 0.182208
44.9625 45.75 30.1884 0.182326
44.9625 46.25 30.182 0.182439
44.9625 46.75 30.1749 0.182548
44.9625 47.25 30.167 0.182652
44.9625 47.75 30.1585 0.182752
44.9625 48.25 30.1493 0.182847
44.9625 48.75 30.1395 0.182938
44.9625 49.25 30.129 0.183025
44.9625 49.75 30.1181 0.183107
44.9625 50.25 30.1066 0.183186
44.9625 50.75 30.0945 0.183261
44.9625 51.25 30.082 0.183332
44.9625 51.75 30.0691 0.1834
44.9625 52.25 30.0557 0.183465
44.9625 52.75 30.042 0.183526
44.9625 53.25 30.0279 0.183583
44.9625 53.75 30.0134 0.183638
44.9625 54.25 29.9987 0.18369
44.9625 54.75 29.9837 0.183739
44.9625 55.25 29.9684 0.183785
44.9625 55.75 29.9529 0.183828
44.9625 56.25 29.9371 0.183869
44.9625 56.75 29.9212 0.183907
44.9625 57.25 29.9052 0.183942
44.9625 57.75 29.889 0.183975
44.9625 58.25 29.8727 0.184005
44.9625 58.75 29.8564 0.184032
44.9625 59.25 29.8399 0.184056
44.9625 59.75 29.8235 0.184077

45.4512 0.25 302.388 0.005
45.4512 0.75 252.421 0.005
45.4512 1.25 203.438 0.005
45.4512 1.75 155.162 0.00500005
45.4512 2.25 107.302 0.005
45.4512 2.75 103.757 0.102788
45.4512 3.25 102.111 0.132199
45.4512 3.75 100.553 0.140899
45.4512 4.25 99.0175 0.144834
45.4512 4.75 97.4292 0.146593
45.4512 5.25 95.7744 0.147321
45.4512 5.75 94.0579 0.147586
45.4512 6.25 92.282 0.147581
45.4512 6.75 90.4479 0.147382
45.4512 7.25 88.5569 0.147027
45.4512 7.75 86.6105 0.146539
45.4512 8.25 84.6105 0.145939
45.4512 8.75 82.5594 0.145243
45.4512 9.25 80.4602 0.144467
45.4512 9.75 78.3168 0.143624
45.4512 10.25 76.1338 0.14273
45.4512 10.75 73.9168 0.141798
45.4512 11.25 71.6727 0.140843
45.4512 11.75 69.4093 0.139879
45.4512 12.25 67.1356 0.138922
45.4512 12.75 64.8617 0.137983
45.4512 13.25 62.5988 0.137079
45.4512 13.75 60.3589 0.136219
45.4512 14.25 58.1545 0.135416
45.4512 14.75 55.9984 0.134677
45.4512 15.25 53.9028 0.134009
45.4512 15.75 51.8799 0.133415
45.4512 16.25 49.9402 0.132897
45.4512 16.75 48.0932 0.132452
45.4512 17.25 46.3463 0.132077
45.4512 17.75 44.7052 0.131768
45.4512 18.25 43.1737 0.131517
45.4512 18.75 41.7532 0.131318
45.4512 19.25 40.4438 0.131164
45.4512 19.75 39.2436 0.131048
45.4512 20.25 38.1496 0.130964
45.4512 20.75 37.1575 0.130906
45.4512 21.25 36.2622 0.130869
45.4512 21.75 35.4582 0.130847
45.4512 22.25 34.7392 0.130839
45.4512 22.75 34.0992 0.130839
45.4512 23.25 33.5318 0.130846
45.4512 23.75 33.0309 0.130858
45.4512 24.25 32.5906 0.130873
45.4512 24.75 32.205 0.13089
45.4512 25.25 31.8688 0.130907
45.4512 25.75 31.5769 0.130925
45.4512 26.25 31.3247 0.130942
45.4512 26.75 31.1077 0.130958
45.4512 27.25 30.9219 0.130973
45.4512 27.75 30.7638 0.130987
45.4512 28.25 30.63 0.130999
45.4512 28.75 30.5174 0.13101
45.4512 29.25 30.4235 0.13102
45.4512 29.75 30.3457 0.131028
45.4512 30.25 30.2819 0.131036
45.4512 30.75 30.2302 0.131042
45.4512 31.25 30.1888 0.131048
45.4512 31.75 30.1563 0.131052
45.4512 32.25 30.1312 0.131056
45.4512 32.75 30.1124 0.131059
45.4512 33.25 30.0989 0.131061
45.4512 33.75 30.0897 0.131063
45.4512 34.25 30.0841 0.131064
45.4512 34.75 30.0813 0.131065
45.4512 35.25 30.0808 0.131066
45.4512 35.75 30.082 0.131067
45.4512 36.25 30.0846 0.131067
45.4512 36.75 30.088 0.131067
45.4512 37.25 30.092 0.131066
45.4512 37.75 30.0964 0.131066
45.4512 38.25 30.1008 0.131065
45.4512 38.75 30.1052 0.131064
45.4512 39.25 30.1092 0.131063
45.4512 39.75 30.1129 0.131062
45.4512 40.25 30.116 0.131061
45.4512 40.75 30.1186 0.13106
45.4512 41.25 30.1205 0.131058
45.4512 41.75 30.1216 0.131056
45.4512 42.25 30.1221 0.131054
45.4512 42.75 30.1217 0.131052
45.4512 43.25 30.1206 0.13105
45.4512 43.75 30.1187 0.131047
45.4512 44.25 30.1159 0.131044
45.4512 44.75 30.1124 0.131041
45.4512 45.25 30.1081 0.131037
45.4512 45.75 30.1031 0.131033
45.4512 46.25 30.0972 0.131029
45.4512 46.75 30.0907 0.131024
45.4512 47.25 30.0835 0.131019
45.4512 47.75 30.0755 0.131014
45.4512 48.25 30.067 0.131008
45.4512 48.75 30.0578 0.131001
45.4512 49.25 30.048 0.130994
45.4512 49.75 30.0376 0.130987
45.4512 50.25 30.0267 0.130978
45.4512 50.75 30.0152 0.130969
45.4512 51.25 30.0033 0.130959
45.4512 51.75 29.991 0.130947
45.4512 52.25 29.9782 0.130936
45.4512 52.75 29.965 0.130923
45.4512 53.25 29.9514 0.13091
45.4512 53.75 29.9375 0.130896
45.4512 54.25 29.9232 0.130884
45.4512 54.75 29.9087 0.130872
45.4512 55.25 29.8939 0.130864
45.4512 55.75 29.8789 0.130861
45.4512 56.25 29.8637 0.130864
45.4512 56.75 29.8482 0.130877
45.4512 57.25 29.8326 0.130904
45.4512 57.75 29.8169 0.130946
45.4512 58.25 29.8011 0.131007
45.4512 58.75 29.7851 0.131089
45.4512 59.25 29.7691 0.131192
45.4512 59.75 29.7531 0.131312

45.9399 0.25 306.195 0.005
45.9399 0.75 264.057 0.005
45.9399 1.25 223.561 0.005
45.9399 1.75 184.883 0.005
45.9399 2.25 148.238 0.00503257
45.9399 2.75 119.235 0.0122416
45.9399 3.25 94.2393 0.005
45.9399 3.75 91.548 0.099998
45.9399 4.25 90.0447 0.127234
45.9399 4.75 88.382 0.131179
45.9399 5.25 86.663 0.132293
45.9399 5.75 84.9025 0.132647
45.9399 6.25 83.1048 0.132734
45.9399 6.75 81.2723 0.132662
45.9399 7.25 79.407 0.132464
45.9399 7.75 77.5114 0.132161
45.9399 8.25 75.5884 0.131769
45.9399 8.75 73.6414 0.131306
45.9399 9.25 71.6743 0.130785
45.9399 9.75 69.6917 0.130219
45.9399 10.25 67.6987 0.129622
45.9399 10.75 65.7013 0.129005
45.9399 11.25 63.706 0.128379
45.9399 11.75 61.7201 0.127757
45.9399 12.25 59.7514 0.127147
45.9399 12.75 57.808 0.12656
45.9399 13.25 55.8983 0.126002
45.9399 13.75 54.0311 0.12548
45.9399 14.25 52.2145 0.124998
45.9399 14.75 50.4566 0.12456
45.9399 15.25 48.7649 0.124167
45.9399 15.75 47.1458 0.123818
45.9399 16.25 45.605 0.123513
45.9399 16.75 44.1467 0.123249
45.9399 17.25 42.7743 0.123023
45.9399 17.75 41.4898 0.122831
45.9399 18.25 40.2937 0.122669
45.9399 18.75 39.186 0.122534
45.9399 19.25 38.1651 0.122421
45.9399 19.75 37.2289 0.122326
45.9399 20.25 36.3743 0.122248
45.9399 20.75 35.5979 0.122182
45.9399 21.25 34.8956 0.122126
45.9399 21.75 34.2631 0.122079
45.9399 22.25 33.6958 0.122039
45.9399 22.75 33.1893 0.122004
45.9399 23.25 32.7388 0.121973
45.9399 23.75 32.3399 0.121946
45.9399 24.25 31.9882 0.121922
45.9399 24.75 31.6793 0.121899
45.9399 25.25 31.4093 0.121879
45.9399 25.75 31.1744 0.121861
45.9399 26.25 30.971 0.121844
45.9399 26.75 30.7958 0.121828
45.9399 27.25 30.6457 0.121813
45.9399 27.75 30.518 0.1218
45.9399 28.25 30.4099 0.121787
45.9399 28.75 30.3192 0.121776
45.9399 29.25 30.2437 0.121766
45.9399 29.75 30.1816 0.121756
45.9399 30.25 30.1309 0.121748
45.9399 30.75 30.0903 0.12174
45.9399 31.25 30.0582 0.121733
45.9399 31.75 30.0334 0.121727
45.9399 32.25 30.0149 0.121722
45.9399 32.75 30.0015 0.121717
45.9399 33.25 29.9926 0.121713
45.9399 33.75 29.9872 0.121709
45.9399 34.25 29.9848 0.121706
45.9399 34.75 29.9847 0.121703
45.9399 35.25 29.9865 0.1217
45.9399 35.75 29.9896 0.121698
45.9399 36.25 29.9938 0.121696
45.9399 36.75 29.9986 0.121694
45.9399 37.25 30.0038 0.121693
45.9399 37.75 30.0092 0.121691
45.9399 38.25 30.0145 0.12169
45.9399 38.75 30.0196 0.121689
45.9399 39.25 30.0244 0.121687
45.9399 39.75 30.0287 0.121686
45.9399 40.25 30.0324 0.121685
45.9399 40.75 30.0355 0.121684
45.9399 41.25 30.0379 0.121683
45.9399 41.75 30.0395 0.121681
45.9399 42.25 30.0404 0.12168
45.9399 42.75 30.0405 0.121678
45.9399 43.25 30.0398 0.121677
45.9399 43.75 30.0382 0.121675
45.9399 44.25 30.0359 0.121673
45.9399 44.75 30.0327 0.12167
45.9399 45.25 30.0288 0.121667
45.9399 45.75 30.0241 0.121664
45.9399 46.25 30.0186 0.121661
45.9399 46.75 30.0124 0.121657
45.9399 47.25 30.0054 0.121652
45.9399 47.75 29.9978 0.121647
45.9399 48.25 29.9895 0.121641
45.9399 48.75 29.9806 0.121635
45.9399 49.25 29.9711 0.121627
45.9399 49.75 29.961 0.121619
45.9399 50.25 29.9504 0.121611
45.9399 50.75 29.9392 0.121601
45.9399 51.25 29.9275 0.121589
45.9399 51.75 29.9154 0.121577
45.9399 52.25 29.9028 0.121563
45.9399 52.75 29.8899 0.121547
45.9399 53.25 29.8765 0.12153
45.9399 53.75 29.8628 0.121511
45.9399 54.25 29.8488 0.121491
45.9399 54.75 29.8345 0.12147
45.9399 55.25 29.8199 0.121449
45.9399 55.75 29.8051 0.121432
45.9399 56.25 29.79 0.121422
45.9399 56.75 29.7748 0.121422
45.9399 57.25 29.7594 0.12144
45.9399 57.75 29.7438 0.121483
45.9399 58.25 29.7282 0.121557
45.9399 58.75 29.7124 0.12167
45.9399 59.25 29.6966 0.121823
45.9399 59.75 29.6807 0.122012

46.4286 0.25 308.156 0.005
46.4286 0.75 269.923 0.005
46.4286 1.25 233.285 0.005
46.4286 1.75 198.363 0.005
46.4286 2.25 165.257 0.00500079
46.4286 2.75 134.512 0.00553482
46.4286 3.25 113.341 0.0197997
46.4286 3.75 103.086 0.0565229
46.4286 4.25 96.4875 0.0632047
46.4286 4.75 90.1335 0.060781
46.4286 5.25 83.4343 0.0461329
46.4286 5.75 73.3014 0.005
46.4286 6.25 70.5872 0.0843272
46.4286 6.75 69.0617 0.113155
46.4286 7.25 67.4443 0.1133
46.4286 7.75 65.812 0.113578
46.4286 8.25 64.1683 0.113784
46.4286 8.75 62.518 0.11387
46.4286 9.25 60.8663 0.113863
46.4286 9.75 59.2185 0.113788
46.4286 10.25 57.5804 0.113665
46.4286 10.75 55.9578 0.113507
46.4286 11.25 54.3568 0.113324
46.4286 11.75 52.7833 0.113126
46.4286 12.25 51.2433 0.11292
46.4286 12.75 49.7425 0.11271
46.4286 13.25 48.2864 0.112502
46.4286 13.75 46.8799 0.112299
46.4286 14.25 45.5276 0.112103
46.4286 14.75 44.2334 0.111915
46.4286 15.25 43.0004 0.111737
46.4286 15.75 41.8311 0.111569
46.4286 16.25 40.7273 0.111411
46.4286 16.75 39.6899 0.111263
46.4286 17.25 38.7194 0.111124
46.4286 17.75 37.8154 0.110993
46.4286 18.25 36.9769 0.110871
46.4286 18.75 36.2026 0.110757
46.4286 19.25 35.4904 0.11065
46.4286 19.75 34.8381 0.110551
46.4286 20.25 34.2431 0.110458
46.4286 20.75 33.7026 0.110371
46.4286 21.25 33.2136 0.110291
46.4286 21.75 32.7729 0.110217
46.4286 22.25 32.3775 0.110149
46.4286 22.75 32.0241 0.110087
46.4286 23.25 31.7096 0.11003
46.4286 23.75 31.4311 0.109978
46.4286 24.25 31.1854 0.109932
46.4286 24.75 30.9698 0.109889
46.4286 25.25 30.7815 0.109851
46.4286 25.75 30.618 0.109818
46.4286 26.25 30.4769 0.109788
46.4286 26.75 30.3559 0.109761
46.4286 27.25 30.2528 0.109737
46.4286 27.75 30.1657 0.109717
46.4286 28.25 30.0929 0.109699
46.4286 28.75 30.0326 0.109683
46.4286 29.25 29.9834 0.109669
46.4286 29.75 29.9438 0.109657
46.4286 30.25 29.9126 0.109647
46.4286 30.75 29.8886 0.109638
46.4286 31.25 29.8709 0.10963
46.4286 31.75 29.8586 0.109624
46.4286 32.25 29.8507 0.109618
46.4286 32.75 29.8466 0.109614
46.4286 33.25 29.8456 0.10961
46.4286 33.75 29.8471 0.109607
46.4286 34.25 29.8507 0.109604
46.4286 34.75 29.8558 0.109602
46.4286 35.25 29.8621 0.1096
46.4286 35.75 29.8693 0.109598
46.4286 36.25 29.877 0.109597
46.4286 36.75 29.8851 0.109596
46.4286 37.25 29.8932 0.109595
46.4286 37.75 29.9011 0.109594
46.4286 38.25 29.9089 0.109593
46.4286 38.75 29.9162 0.109592
46.4286 39.25 29.923 0.109592
46.4286 39.75 29.9292 0.109591
46.4286 40.25 29.9348 0.109591
46.4286 40.75 29.9396 0.10959
46.4286 41.25 29.9436 0.10959
46.4286 41.75 29.9469 0.109589
46.4286 42.25 29.9493 0.109588
46.4286 42.75 29.9509 0.109588
46.4286 43.25 29.9517 0.109587
46.4286 43.75 29.9516 0.109586
46.4286 44.25 29.9507 0.109585
46.4286 44.75 29.949 0.109584
46.4286 45.25 29.9464 0.109583
46.4286 45.75 29.9431 0.109581
46.4286 46.25 29.939 0.10958
46.4286 46.75 29.9342 0.109578
46.4286 47.25 29.9286 0.109575
46.4286 47.75 29.9224 0.109573
46.4286 48.25 29.9154 0.109569
46.4286 48.75 29.9079 0.109565
46.4286 49.25 29.8997 0.10956
46.4286 49.75 29.891 0.109555
46.4286 50.25 29.8817 0.109547
46.4286 50.75 29.8718 0.109539
46.4286 51.25 29.8615 0.109528
46.4286 51.75 29.8507 0.109516
46.4286 52.25 29.8395 0.109501
46.4286 52.75 29.8278 0.109483
46.4286 53.25 29.8158 0.109462
46.4286 53.75 29.8034 0.109438
46.4286 54.25 29.7907 0.109409
46.4286 54.75 29.7777 0.109374
46.4286 55.25 29.7644 0.109334
46.4286 55.75 29.7509 0.109288
46.4286 56.25 29.7371 0.109238
46.4286 56.75 29.7232 0.10919
46.4286 57.25 29.7091 0.109153
46.4286 57.75 29.6949 0.109145
46.4286 58.25 29.6805 0.109191
46.4286 58.75 29.666 0.109319
46.4286 59.25 29.6515 0.109552
46.4286 59.75 29.637 0.109889

46.9173 0.25 307.93 0.005
46.9173 0.75 269.24 0.005
46.9173 1.25 232.132 0.005
46.9173 1.75 196.719 0.005
46.9173 2.25 163.089 0.00500114
46.9173 2.75 131.969 0.00574994
46.9173 3.25 111.67 0.023803
46.9173 3.75 101.923 0.061494
46.9173 4.25 94.9952 0.0632612
46.9173 4.75 87.8075 0.0487781
46.9173 5.25 76.879 0.005
46.9173 5.75 74.1351 0.0868384
46.9173 6.25 72.5923 0.115888
46.9173 6.75 70.9411 0.116243
46.9173 7.25 69.2688 0.11635
46.9173 7.75 67.5791 0.116454
46.9173 8.25 65.876 0.116478
46.9173 8.75 64.1644 0.116423
46.9173 9.25 62.4491 0.116303
46.9173 9.75 60.7357 0.116134
46.9173 10.25 59.03 0.115927
46.9173 10.75 57.3381 0.115693
46.9173 11.25 55.6661 0.115441
46.9173 11.75 54.0204 0.11518
46.9173 12.25 52.4074 0.114916
46.9173 12.75 50.8332 0.114656
46.9173 13.25 49.3039 0.114403
46.9173 13.75 47.8248 0.11416
46.9173 14.25 46.4011 0.113931
46.9173 14.75 45.0371 0.113716
46.9173 15.25 43.7366 0.113515
46.9173 15.75 42.5025 0.11333
46.9173 16.25 41.3369 0.113159
46.9173 16.75 40.2411 0.113002
46.9173 17.25 39.2158 0.112858
46.9173 17.75 38.2606 0.112724
46.9173 18.25 37.3749 0.112602
46.9173 18.75 36.557 0.112489
46.9173 19.25 35.8051 0.112384
46.9173 19.75 35.1168 0.112288
46.9173 20.25 34.4892 0.112198
46.9173 20.75 33.9195 0.112116
46.9173 21.25 33.4043 0.11204
46.9173 21.75 32.9403 0.111969
46.9173 22.25 32.5242 0.111904
46.9173 22.75 32.1526 0.111845
46.9173 23.25 31.8221 0.11179
46.9173 23.75 31.5295 0.11174
46.9173 24.25 31.2716 0.111695
46.9173 24.75 31.0453 0.111654
46.9173 25.25 30.8477 0.111617
46.9173 25.75 30.6762 0.111584
46.9173 26.25 30.5281 0.111555
46.9173 26.75 30.401 0.111528
46.9173 27.25 30.2928 0.111505
46.9173 27.75 30.2013 0.111484
46.9173 28.25 30.1247 0.111466
46.9173 28.75 30.0611 0.11145
46.9173 29.25 30.0091 0.111436
46.9173 29.75 29.9671 0.111424
46.9173 30.25 29.9338 0.111414
46.9173 30.75 29.9082 0.111405
46.9173 31.25 29.889 0.111397
46.9173 31.75 29.8753 0.111391
46.9173 32.25 29.8663 0.111385
46.9173 32.75 29.8612 0.11138
46.9173 33.25 29.8594 0.111376
46.9173 33.75 29.8602 0.111373
46.9173 34.25 29.8631 0.11137
46.9173 34.75 29.8677 0.111368
46.9173 35.25 29.8735 0.111366
46.9173 35.75 29.8802 0.111364
46.9173 36.25 29.8875 0.111363
46.9173 36.75 29.8951 0.111362
46.9173 37.25 29.9028 0.111361
46.9173 37.75 29.9104 0.11136
46.9173 38.25 29.9178 0.111359
46.9173 38.75 29.9248 0.111358
46.9173 39.25 29.9312 0.111358
46.9173 39.75 29.9371 0.111357
46.9173 40.25 29.9424 0.111356
46.9173 40.75 29.9468 0.111356
46.9173 41.25 29.9506 0.111355
46.9173 41.75 29.9535 0.111354
46.9173 42.25 29.9556 0.111354
46.9173 42.75 29.9569 0.111353
46.9173 43.25 29.9573 0.111352
46.9173 43.75 29.9569 0.111351
46.9173 44.25 29.9556 0.11135
46.9173 44.75 29.9535 0.111349
46.9173 45.25 29.9507 0.111347
46.9173 45.75 29.947 0.111346
46.9173 46.25 29.9425 0.111344
46.9173 46.75 29.9373 0.111341
46.9173 47.25 29.9314 0.111339
46.9173 47.75 29.9248 0.111336
46.9173 48.25 29.9175 0.111332
46.9173 48.75 29.9096 0.111327
46.9173 49.25 29.9011 0.111322
46.9173 49.75 29.8919 0.111315
46.9173 50.25 29.8823 0.111307
46.9173 50.75 29.872 0.111298
46.9173 51.25 29.8613 0.111287
46.9173 51.75 29.8502 0.111274
46.9173 52.25 29.8386 0.111259
46.9173 52.75 29.8265 0.111241
46.9173 53.25 29.8141 0.11122
46.9173 53.75 29.8014 0.111196
46.9173 54.25 29.7883 0.111168
46.9173 54.75 29.7749 0.111135
46.9173 55.25 29.7612 0.111098
46.9173 55.75 29.7473 0.111056
46.9173 56.25 29.7332 0.111014
46.9173 56.75 29.7188 0.110977
46.9173 57.25 29.7044 0.110954
46.9173 57.75 29.6897 0.110963
46.9173 58.25 29.675 0.111022
46.9173 58.75 29.6601 0.111156
46.9173 59.25 29.6452 0.111381
46.9173 59.75 29.6303 0.111692

47.4061 0.25 308.263 0.005
47.4061 0.75 270.244 0.005
47.4061 1.25 233.818 0.005
47.4061 1.75 199.104 0.005
47.4061 2.25 166.198 0.00500063
47.4061 2.75 135.552 0.00543399
47.4061 3.25 113.874 0.0181701
47.4061 3.75 103.064 0.0515702
47.4061 4.25 95.7832 0.0522032
47.4061 4.75 87.7695 0.0317567
47.4061 5.25 75.561 0.005
47.4061 5.75 72.8767 0.0834542
47.4061 6.25 71.3717 0.111316
47.4061 6.75 69.7718 0.110938
47.4061 7.25 68.1541 0.111453
47.4061 7.75 66.5194 0.111843
47.4061 8.25 64.8721 0.112059
47.4061 8.75 63.2171 0.112147
47.4061 9.25 61.5595 0.112141
47.4061 9.75 59.9046 0.112064
47.4061 10.25 58.258 0.111932
47.4061 10.75 56.6255 0.111757
47.4061 11.25 55.013 0.111552
47.4061 11.75 53.4266 0.111326
47.4061 12.25 51.8721 0.111085
47.4061 12.75 50.3553 0.110837
47.4061 13.25 48.8819 0.110587
47.4061 13.75 47.4569 0.110339
47.4061 14.25 46.0849 0.110096
47.4061 14.75 44.77 0.109861
47.4061 15.25 43.5155 0.109635
47.4061 15.75 42.3243 0.10942
47.4061 16.25 41.1981 0.109215
47.4061 16.75 40.1383 0.109022
47.4061 17.25 39.1454 0.108841
47.4061 17.75 38.2192 0.10867
47.4061 18.25 37.359 0.108511
47.4061 18.75 36.5635 0.108362
47.4061 19.25 35.8308 0.108224
47.4061 19.75 35.1588 0.108096
47.4061 20.25 34.5449 0.107978
47.4061 20.75 33.9865 0.10787
47.4061 21.25 33.4804 0.10777
47.4061 21.75 33.0237 0.10768
47.4061 22.25 32.6132 0.107597
47.4061 22.75 32.2457 0.107523
47.4061 23.25 31.918 0.107455
47.4061 23.75 31.6272 0.107395
47.4061 24.25 31.3701 0.107341
47.4061 24.75 31.1439 0.107293
47.4061 25.25 30.9459 0.10725
47.4061 25.75 30.7734 0.107212
47.4061 26.25 30.6239 0.107179
47.4061 26.75 30.4952 0.107149
47.4061 27.25 30.3851 0.107123
47.4061 27.75 30.2916 0.107101
47.4061 28.25 30.2128 0.107081
47.4061 28.75 30.147 0.107064
47.4061 29.25 30.0927 0.107049
47.4061 29.75 30.0485 0.107036
47.4061 30.25 30.0131 0.107025
47.4061 30.75 29.9853 0.107015
47.4061 31.25 29.964 0.107007
47.4061 31.75 29.9484 0.107
47.4061 32.25 29.9375 0.106994
47.4061 32.75 29.9306 0.106989
47.4061 33.25 29.927 0.106984
47.4061 33.75 29.9262 0.10698
47.4061 34.25 29.9275 0.106977
47.4061 34.75 29.9306 0.106975
47.4061 35.25 29.9351 0.106973
47.4061 35.75 29.9405 0.106971
47.4061 36.25 29.9466 0.106969
47.4061 36.75 29.953 0.106968
47.4061 37.25 29.9597 0.106967
47.4061 37.75 29.9663 0.106966
47.4061 38.25 29.9728 0.106965
47.4061 38.75 29.9789 0.106964
47.4061 39.25 29.9845 0.106963
47.4061 39.75 29.9897 0.106962
47.4061 40.25 29.9942 0.106962
47.4061 40.75 29.998 0.106961
47.4061 41.25 30.0011 0.10696
47.4061 41.75 30.0034 0.106959
47.4061 42.25 30.005 0.106959
47.4061 42.75 30.0057 0.106958
47.4061 43.25 30.0057 0.106957
47.4061 43.75 30.0048 0.106956
47.4061 44.25 30.0031 0.106955
47.4061 44.75 30.0006 0.106954
47.4061 45.25 29.9973 0.106953
47.4061 45.75 29.9933 0.106951
47.4061 46.25 29.9885 0.10695
47.4061 46.75 29.9829 0.106948
47.4061 47.25 29.9767 0.106946
47.4061 47.75 29.9698 0.106944
47.4061 48.25 29.9622 0.106941
47.4061 48.75 29.954 0.106938
47.4061 49.25 29.9451 0.106934
47.4061 49.75 29.9357 0.106929
47.4061 50.25 29.9258 0.106923
47.4061 50.75 29.9153 0.106915
47.4061 51.25 29.9043 0.106905
47.4061 51.75 29.8929 0.106894
47.4061 52.25 29.881 0.10688
47.4061 52.75 29.8688 0.106863
47.4061 53.25 29.8561 0.106842
47.4061 53.75 29.8431 0.106818
47.4061 54.25 29.8298 0.106788
47.4061 54.75 29.8162 0.106752
47.4061 55.25 29.8023 0.10671
47.4061 55.75 29.7881 0.106659
47.4061 56.25 29.7737 0.106602
47.4061 56.75 29.7592 0.106543
47.4061 57.25 29.7445 0.106492
47.4061 57.75 29.7296 0.106469
47.4061 58.25 29.7146 0.106507
47.4061 58.75 29.6995 0.106644
47.4061 59.25 29.6844 0.106916
47.4061 59.75 29.6692 0.107327

47.8948 0.25 305.846 0.005
47.8948 0.75 263.004 0.005
47.8948 1.25 221.79 0.005
47.8948 1.75 182.38 0.005
47.8948 2.25 145.031 0.00505663
47.8948 2.75 117.357 0.0156837
47.8948 3.25 94.2386 0.005
47.8948 3.75 91.6035 0.0979383
47.8948 4.25 90.1326 0.124729
47.8948 4.75 88.5099 0.127968
47.8948 5.25 86.8343 0.129017
47.8948 5.75 85.1163 0.129534
47.8948 6.25 83.3588 0.129796
47.8948 6.75 81.564 0.129863
47.8948 7.25 79.734 0.129772
47.8948 7.75 77.8714 0.129551
47.8948 8.25 75.9789 0.129224
47.8948 8.75 74.0598 0.128809
47.8948 9.25 72.1177 0.128324
47.8948 9.75 70.1569 0.127782
47.8948 10.25 68.1826 0.127198
47.8948 10.75 66.2004 0.126584
47.8948 11.25 64.2166 0.125952
47.8948 11.75 62.2383 0.125315
47.8948 12.25 60.273 0.124683
47.8948 12.75 58.3289 0.124066
47.8948 13.25 56.4144 0.123472
47.8948 13.75 54.5382 0.122908
47.8948 14.25 52.7088 0.122381
47.8948 14.75 50.9345 0.121894
47.8948 15.25 49.2231 0.121449
47.8948 15.75 47.5815 0.121048
47.8948 16.25 46.0158 0.12069
47.8948 16.75 44.531 0.120372
47.8948 17.25 43.1308 0.120094
47.8948 17.75 41.8178 0.119851
47.8948 18.25 40.5932 0.119639
47.8948 18.75 39.457 0.119456
47.8948 19.25 38.4085 0.119298
47.8948 19.75 37.4455 0.119161
47.8948 20.25 36.5655 0.119042
47.8948 20.75 35.765 0.118939
47.8948 21.25 35.0401 0.118849
47.8948 21.75 34.3866 0.11877
47.8948 22.25 33.8 0.1187
47.8948 22.75 33.2757 0.118638
47.8948 23.25 32.809 0.118583
47.8948 23.75 32.3954 0.118533
47.8948 24.25 32.0303 0.118489
47.8948 24.75 31.7094 0.118449
47.8948 25.25 31.4286 0.118413
47.8948 25.75 31.184 0.118381
47.8948 26.25 30.9719 0.118351
47.8948 26.75 30.7889 0.118325
47.8948 27.25 30.6319 0.118301
47.8948 27.75 30.4979 0.11828
47.8948 28.25 30.3842 0.118261
47.8948 28.75 30.2886 0.118244
47.8948 29.25 30.2086 0.118229
47.8948 29.75 30.1424 0.118215
47.8948 30.25 30.0882 0.118203
47.8948 30.75 30.0443 0.118193
47.8948 31.25 30.0093 0.118184
47.8948 31.75 29.9819 0.118176
47.8948 32.25 29.961 0.118169
47.8948 32.75 29.9455 0.118163
47.8948 33.25 29.9346 0.118158
47.8948 33.75 29.9275 0.118153
47.8948 34.25 29.9234 0.118149
47.8948 34.75 29.9219 0.118146
47.8948 35.25 29.9223 0.118143
47.8948 35.75 29.9242 0.11814
47.8948 36.25 29.9272 0.118138
47.8948 36.75 29.931 0.118136
47.8948 37.25 29.9353 0.118134
47.8948 37.75 29.9399 0.118133
47.8948 38.25 29.9444 0.118131
47.8948 38.75 29.9489 0.11813
47.8948 39.25 29.953 0.118129
47.8948 39.75 29.9567 0.118128
47.8948 40.25 29.96 0.118126
47.8948 40.75 29.9626 0.118125
47.8948 41.25 29.9646 0.118124
47.8948 41.75 29.9659 0.118123
47.8948 42.25 29.9664 0.118122
47.8948 42.75 29.9662 0.11812
47.8948 43.25 29.9653 0.118119
47.8948 43.75 29.9635 0.118117
47.8948 44.25 29.961 0.118115
47.8948 44.75 29.9577 0.118113
47.8948 45.25 29.9537 0.118111
47.8948 45.75 29.9489 0.118108
47.8948 46.25 29.9433 0.118105
47.8948 46.75 29.9371 0.118102
47.8948 47.25 29.9301 0.118097
47.8948 47.75 29.9225 0.118093
47.8948 48.25 29.9143 0.118087
47.8948 48.75 29.9054 0.118081
47.8948 49.25 29.896 0.118074
47.8948 49.75 29.8859 0.118066
47.8948 50.25 29.8754 0.118057
47.8948 50.75 29.8643 0.118047
47.8948 51.25 29.8528 0.118035
47.8948 51.75 29.8407 0.118022
47.8948 52.25 29.8283 0.118007
47.8948 52.75 29.8155 0.11799
47.8948 53.25 29.8023 0.117971
47.8948 53.75 29.7887 0.117949
47.8948 54.25 29.7749 0.117925
47.8948 54.75 29.7607 0.117899
47.8948 55.25 29.7463 0.117872
47.8948 55.75 29.7316 0.117846
47.8948 56.25 29.7168 0.117825
47.8948 56.75 29.7017 0.117815
47.8948 57.25 29.6865 0.117822
47.8948 57.75 29.6711 0.117857
47.8948 58.25 29.6556 0.117932
47.8948 58.75 29.6401 0.118054
47.8948 59.25 29.6244 0.118229
47.8948 59.75 29.6088 0.118453

48.3835 0.25 308.014 0.005
48.3835 0.75 269.504 0.005
48.3835 1.25 232.604 0.005
48.3835 1.75 197.446 0.005
48.3835 2.25 164.139 0.00500116
48.3835 2.75 133.378 0.00569776
48.3835 3.25 112.795 0.021586
48.3835 3.75 102.814 0.0564696
48.3835 4.25 96.1756 0.0624178
48.3835 4.75 89.8263 0.0624285
48.3835 5.25 83.337 0.0518222
48.3835 5.75 73.6053 0.005
48.3835 6.25 70.9298 0.0820039
48.3835 6.75 69.4151 0.115994
48.3835 7.25 67.7915 0.117102
48.3835 7.75 66.1508 0.117345
48.3835 8.25 64.4994 0.117418
48.3835 8.75 62.8421 0.117403
48.3835 9.25 61.1837 0.117323
48.3835 9.75 59.5296 0.117196
48.3835 10.25 57.8851 0.117034
48.3835 10.75 56.256 0.116849
48.3835 11.25 54.6481 0.11665
48.3835 11.75 53.0672 0.116443
48.3835 12.25 51.5191 0.116234
48.3835 12.75 50.0094 0.116029
48.3835 13.25 48.5435 0.115832
48.3835 13.75 47.1264 0.115643
48.3835 14.25 45.7625 0.115467
48.3835 14.75 44.4557 0.115302
48.3835 15.25 43.2094 0.11515
48.3835 15.75 42.026 0.115011
48.3835 16.25 40.9076 0.114883
48.3835 16.75 39.8551 0.114766
48.3835 17.25 38.8693 0.114658
48.3835 17.75 37.9498 0.114559
48.3835 18.25 37.096 0.114468
48.3835 18.75 36.3066 0.114384
48.3835 19.25 35.5797 0.114305
48.3835 19.75 34.9133 0.114232
48.3835 20.25 34.3048 0.114164
48.3835 20.75 33.7516 0.1141
48.3835 21.25 33.2506 0.11404
48.3835 21.75 32.7989 0.113984
48.3835 22.25 32.3933 0.113932
48.3835 22.75 32.0306 0.113883
48.3835 23.25 31.7078 0.113838
48.3835 23.75 31.4217 0.113796
48.3835 24.25 31.1694 0.113757
48.3835 24.75 30.948 0.113722
48.3835 25.25 30.7546 0.113689
48.3835 25.75 30.5868 0.11366
48.3835 26.25 30.442 0.113633
48.3835 26.75 30.318 0.113609
48.3835 27.25 30.2124 0.113587
48.3835 27.75 30.1234 0.113568
48.3835 28.25 30.049 0.113551
48.3835 28.75 29.9877 0.113536
48.3835 29.25 29.9377 0.113523
48.3835 29.75 29.8977 0.113511
48.3835 30.25 29.8663 0.113501
48.3835 30.75 29.8425 0.113493
48.3835 31.25 29.8251 0.113485
48.3835 31.75 29.8132 0.113479
48.3835 32.25 29.8059 0.113473
48.3835 32.75 29.8026 0.113469
48.3835 33.25 29.8024 0.113465
48.3835 33.75 29.8048 0.113462
48.3835 34.25 29.8094 0.113459
48.3835 34.75 29.8155 0.113457
48.3835 35.25 29.8229 0.113455
48.3835 35.75 29.8311 0.113453
48.3835 36.25 29.8399 0.113452
48.3835 36.75 29.849 0.113451
48.3835 37.25 29.8581 0.11345
48.3835 37.75 29.8672 0.113449
48.3835 38.25 29.8759 0.113448
48.3835 38.75 29.8842 0.113448
48.3835 39.25 29.892 0.113447
48.3835 39.75 29.8991 0.113447
48.3835 40.25 29.9056 0.113446
48.3835 40.75 29.9113 0.113446
48.3835 41.25 29.9161 0.113445
48.3835 41.75 29.9202 0.113444
48.3835 42.25 29.9234 0.113444
48.3835 42.75 29.9257 0.113443
48.3835 43.25 29.9271 0.113442
48.3835 43.75 29.9276 0.113441
48.3835 44.25 29.9273 0.11344
48.3835 44.75 29.9261 0.113439
48.3835 45.25 29.9241 0.113437
48.3835 45.75 29.9212 0.113436
48.3835 46.25 29.9175 0.113433
48.3835 46.75 29.9131 0.113431
48.3835 47.25 29.9079 0.113428
48.3835 47.75 29.902 0.113424
48.3835 48.25 29.8953 0.11342
48.3835 48.75 29.888 0.113415
48.3835 49.25 29.8801 0.113409
48.3835 49.75 29.8715 0.113402
48.3835 50.25 29.8623 0.113394
48.3835 50.75 29.8526 0.113384
48.3835 51.25 29.8424 0.113373
48.3835 51.75 29.8317 0.11336
48.3835 52.25 29.8205 0.113345
48.3835 52.75 29.8089 0.113328
48.3835 53.25 29.7969 0.113308
48.3835 53.75 29.7845 0.113285
48.3835 54.25 29.7717 0.113258
48.3835 54.75 29.7587 0.113227
48.3835 55.25 29.7453 0.113193
48.3835 55.75 29.7317 0.113157
48.3835 56.25 29.7179 0.113122
48.3835 56.75 29.7038 0.113095
48.3835 57.25 29.6896 0.113085
48.3835 57.75 29.6752 0.113105
48.3835 58.25 29.6607 0.113174
48.3835 58.75 29.6461 0.113307
48.3835 59.25 29.6315 0.113516
48.3835 59.75 29.6168 0.113793

48.8722 0.25 307.75 0.005
48.8722 0.75 268.693 0.005
48.8722 1.25 231.201 0.005
48.8722 1.75 195.382 0.005
48.8722 2.25 161.325 0.00500147
48.8722 2.75 129.96 0.00597043
48.8722 3.25 110.385 0.0272289
48.8722 3.75 100.822 0.0612092
48.8722 4.25 92.779 0.0460026
48.8722 4.75 80.522 0.005
48.8722 5.25 77.7203 0.0922369
48.8722 5.75 76.1487 0.120169
48.8722 6.25 74.4537 0.122341
48.8722 6.75 72.7257 0.123096
48.8722 7.25 70.9733 0.123488
48.8722 7.75 69.2017 0.123659
48.8722 8.25 67.416 0.123666
48.8722 8.75 65.6211 0.123558
48.8722 9.25 63.8226 0.123369
48.8722 9.75 62.0259 0.123126
48.8722 10.25 60.2372 0.122849
48.8722 10.75 58.4625 0.122553
48.8722 11.25 56.7084 0.122251
48.8722 11.75 54.9816 0.121952
48.8722 12.25 53.2886 0.121663
48.8722 12.75 51.6362 0.12139
48.8722 13.25 50.0307 0.121138
48.8722 13.75 48.4781 0.120908
48.8722 14.25 46.9837 0.120702
48.8722 14.75 45.5523 0.12052
48.8722 15.25 44.188 0.120362
48.8722 15.75 42.8939 0.120227
48.8722 16.25 41.6723 0.120112
48.8722 16.75 40.5247 0.120015
48.8722 17.25 39.4515 0.119934
48.8722 17.75 38.4527 0.119866
48.8722 18.25 37.5271 0.119809
48.8722 18.75 36.6733 0.119762
48.8722 19.25 35.8889 0.119722
48.8722 19.75 35.1716 0.119687
48.8722 20.25 34.5181 0.119657
48.8722 20.75 33.9254 0.11963
48.8722 21.25 33.3898 0.119606
48.8722 21.75 32.908 0.119583
48.8722 22.25 32.4763 0.119562
48.8722 22.75 32.091 0.119541
48.8722 23.25 31.7486 0.119522
48.8722 23.75 31.4457 0.119503
48.8722 24.25 31.179 0.119485
48.8722 24.75 30.9451 0.119467
48.8722 25.25 30.7412 0.11945
48.8722 25.75 30.5642 0.119434
48.8722 26.25 30.4116 0.119419
48.8722 26.75 30.2809 0.119405
48.8722 27.25 30.1697 0.119391
48.8722 27.75 30.0758 0.119379
48.8722 28.25 29.9973 0.119367
48.8722 28.75 29.9324 0.119356
48.8722 29.25 29.8794 0.119347
48.8722 29.75 29.8368 0.119338
48.8722 30.25 29.8033 0.11933
48.8722 30.75 29.7777 0.119323
48.8722 31.25 29.7588 0.119317
48.8722 31.75 29.7456 0.119311
48.8722 32.25 29.7373 0.119306
48.8722 32.75 29.7331 0.119302
48.8722 33.25 29.7322 0.119298
48.8722 33.75 29.7341 0.119295
48.8722 34.25 29.7382 0.119293
48.8722 34.75 29.744 0.11929
48.8722 35.25 29.7512 0.119288
48.8722 35.75 29.7593 0.119287
48.8722 36.25 29.768 0.119285
48.8722 36.75 29.7771 0.119284
48.8722 37.25 29.7864 0.119283
48.8722 37.75 29.7955 0.119282
48.8722 38.25 29.8044 0.119281
48.8722 38.75 29.813 0.119281
48.8722 39.25 29.821 0.11928
48.8722 39.75 29.8284 0.119279
48.8722 40.25 29.8352 0.119279
48.8722 40.75 29.8413 0.119278
48.8722 41.25 29.8465 0.119277
48.8722 41.75 29.8509 0.119277
48.8722 42.25 29.8545 0.119276
48.8722 42.75 29.8573 0.119275
48.8722 43.25 29.8592 0.119273
48.8722 43.75 29.8602 0.119272
48.8722 44.25 29.8603 0.119271
48.8722 44.75 29.8596 0.119269
48.8722 45.25 29.8581 0.119267
48.8722 45.75 29.8558 0.119264
48.8722 46.25 29.8526 0.119261
48.8722 46.75 29.8487 0.119258
48.8722 47.25 29.8441 0.119254
48.8722 47.75 29.8387 0.119249
48.8722 48.25 29.8326 0.119244
48.8722 48.75 29.8259 0.119238
48.8722 49.25 29.8185 0.119231
48.8722 49.75 29.8105 0.119223
48.8722 50.25 29.802 0.119214
48.8722 50.75 29.7929 0.119203
48.8722 51.25 29.7832 0.119192
48.8722 51.75 29.7731 0.119178
48.8722 52.25 29.7625 0.119163
48.8722 52.75 29.7515 0.119145
48.8722 53.25 29.7401 0.119126
48.8722 53.75 29.7283 0.119103
48.8722 54.25 29.7162 0.119078
48.8722 54.75 29.7038 0.11905
48.8722 55.25 29.6911 0.119022
48.8722 55.75 29.6781 0.118995
48.8722 56.25 29.6649 0.118972
48.8722 56.75 29.6515 0.118959
48.8722 57.25 29.6379 0.118962
48.8722 57.75 29.6241 0.118992
48.8722 58.25 29.6103 0.119055
48.8722 58.75 29.5963 0.119162
48.8722 59.25 29.5823 0.119315
48.8722 59.75 29.5683 0.119508

49.361 0.25 307.394 0.005
49.361 0.75 267.62 0.005
49.361 1.25 229.396 0.005
49.361 1.75 192.823 0.005
49.361 2.25 157.987 0.00500275
49.361 2.75 126.422 0.00665536
49.361 3.25 108.222 0.0346764
49.361 3.75 97.9536 0.0413086
49.361 4.25 84.2204 0.005
49.361 4.75 81.4529 0.095845
49.361 5.25 79.9048 0.122588
49.361 5.75 78.2255 0.125399
49.361 6.25 76.5059 0.126172
49.361 6.75 74.7567 0.126446
49.361 7.25 72.9824 0.126513
49.361 7.75 71.1868 0.126443
49.361 8.25 69.3739 0.126271
49.361 8.75 67.5482 0.126023
49.361 9.25 65.7145 0.12572
49.361 9.75 63.878 0.125378
49.361 10.25 62.0447 0.125011
49.361 10.75 60.2206 0.124631
49.361 11.25 58.4125 0.124249
49.361 11.75 56.6273 0.123873
49.361 12.25 54.8719 0.12351
49.361 12.75 53.1534 0.123168
49.361 13.25 51.4789 0.122849
49.361 13.75 49.8548 0.122558
49.361 14.25 48.2873 0.122296
49.361 14.75 46.782 0.122064
49.361 15.25 45.3435 0.12186
49.361 15.75 43.9758 0.121685
49.361 16.25 42.6817 0.121535
49.361 16.75 41.4634 0.121409
49.361 17.25 40.3218 0.121303
49.361 17.75 39.2573 0.121215
49.361 18.25 38.2692 0.121142
49.361 18.75 37.3561 0.121082
49.361 19.25 36.5161 0.121032
49.361 19.75 35.7465 0.12099
49.361 20.25 35.0445 0.120955
49.361 20.75 34.4068 0.120925
49.361 21.25 33.8297 0.120899
49.361 21.75 33.3097 0.120875
49.361 22.25 32.843 0.120854
49.361 22.75 32.4258 0.120834
49.361 23.25 32.0544 0.120815
49.361 23.75 31.7251 0.120798
49.361 24.25 31.4344 0.120781
49.361 24.75 31.1789 0.120765
49.361 25.25 30.9554 0.120749
49.361 25.75 30.7609 0.120734
49.361 26.25 30.5924 0.12072
49.361 26.75 30.4473 0.120706
49.361 27.25 30.3232 0.120694
49.361 27.75 30.2177 0.120682
49.361 28.25 30.1287 0.120671
49.361 28.75 30.0544 0.12066
49.361 29.25 29.9929 0.120651
49.361 29.75 29.9426 0.120642
49.361 30.25 29.9021 0.120634
49.361 30.75 29.8702 0.120627
49.361 31.25 29.8455 0.12062
49.361 31.75 29.8271 0.120615
49.361 32.25 29.8139 0.12061
49.361 32.75 29.8053 0.120605
49.361 33.25 29.8003 0.120601
49.361 33.75 29.7984 0.120598
49.361 34.25 29.799 0.120594
49.361 34.75 29.8016 0.120592
49.361 35.25 29.8057 0.120589
49.361 35.75 29.8109 0.120587
49.361 36.25 29.8169 0.120586
49.361 36.75 29.8234 0.120584
49.361 37.25 29.8301 0.120583
49.361 37.75 29.8369 0.120581
49.361 38.25 29.8436 0.12058
49.361 38.75 29.8499 0.120579
49.361 39.25 29.8558 0.120578
49.361 39.75 29.8613 0.120577
49.361 40.25 29.8661 0.120576
49.361 40.75 29.8702 0.120575
49.361 41.25 29.8736 0.120574
49.361 41.75 29.8762 0.120573
49.361 42.25 29.878 0.120572
49.361 42.75 29.8791 0.12057
49.361 43.25 29.8793 0.120569
49.361 43.75 29.8787 0.120567
49.361 44.25 29.8772 0.120565
49.361 44.75 29.875 0.120563
49.361 45.25 29.8719 0.120561
49.361 45.75 29.8681 0.120558
49.361 46.25 29.8635 0.120554
49.361 46.75 29.8581 0.120551
49.361 47.25 29.8521 0.120546
49.361 47.75 29.8453 0.120541
49.361 48.25 29.8379 0.120536
49.361 48.75 29.8298 0.12053
49.361 49.25 29.8212 0.120523
49.361 49.75 29.8119 0.120515
49.361 50.25 29.8021 0.120506
49.361 50.75 29.7918 0.120496
49.361 51.25 29.7809 0.120484
49.361 51.75 29.7696 0.120472
49.361 52.25 29.7579 0.120457
49.361 52.75 29.7458 0.120441
49.361 53.25 29.7332 0.120422
49.361 53.75 29.7203 0.120402
49.361 54.25 29.7071 0.120379
49.361 54.75 29.6936 0.120355
49.361 55.25 29.6798 0.120331
49.361 55.75 29.6658 0.120309
49.361 56.25 29.6516 0.120292
49.361 56.75 29.6371 0.120286
49.361 57.25 29.6225 0.120297
49.361 57.75 29.6078 0.120332
49.361 58.25 29.5929 0.1204
49.361 58.75 29.578 0.120508
49.361 59.25 29.563 0.120659
49.361 59.75 29.5479 0.120849

49.8497 0.25 296.1 0.005
49.8497 0.75 233.493 0.005
49.8497 1.25 171.713 0.005
49.8497 1.75 110.393 0.005
49.8497 2.25 105.976 0.0978328
49.8497 2.75 103.98 0.13052
49.8497 3.25 102.226 0.141613
49.8497 3.75 100.702 0.149293
49.8497 4.25 99.2366 0.15373
49.8497 4.75 97.7204 0.155892
49.8497 5.25 96.1432 0.156833
49.8497 5.75 94.508 0.157154
49.8497 6.25 92.8176 0.157134
49.8497 6.75 91.0734 0.156898
49.8497 7.25 89.2764 0.156505
49.8497 7.75 87.4275 0.155989
49.8497 8.25 85.528 0.155369
49.8497 8.75 83.5792 0.15466
49.8497 9.25 81.5831 0.153877
49.8497 9.75 79.5423 0.153032
49.8497 10.25 77.46 0.152137
49.8497 10.75 75.3402 0.151205
49.8497 11.25 73.1878 0.150249
49.8497 11.75 71.0088 0.149282
49.8497 12.25 68.81 0.148319
49.8497 12.75 66.5995 0.147371
49.8497 13.25 64.3864 0.146454
49.8497 13.75 62.1808 0.145579
49.8497 14.25 59.9937 0.144757
49.8497 14.75 57.8367 0.143999
49.8497 15.25 55.7218 0.143312
49.8497 15.75 53.661 0.142702
49.8497 16.25 51.6657 0.14217
49.8497 16.75 49.7467 0.141718
49.8497 17.25 47.9135 0.141342
49.8497 17.75 46.1743 0.14104
49.8497 18.25 44.5354 0.140805
49.8497 18.75 43.0012 0.140631
49.8497 19.25 41.5744 0.140511
49.8497 19.75 40.2558 0.140436
49.8497 20.25 39.0445 0.1404
49.8497 20.75 37.9383 0.140396
49.8497 21.25 36.9336 0.140418
49.8497 21.75 36.026 0.14046
49.8497 22.25 35.2103 0.140518
49.8497 22.75 34.4808 0.140587
49.8497 23.25 33.8314 0.140664
49.8497 23.75 33.2561 0.140746
49.8497 24.25 32.7486 0.140831
49.8497 24.75 32.303 0.140918
49.8497 25.25 31.9135 0.141003
49.8497 25.75 31.5745 0.141088
49.8497 26.25 31.2809 0.141169
49.8497 26.75 31.0278 0.141248
49.8497 27.25 30.8107 0.141323
49.8497 27.75 30.6255 0.141394
49.8497 28.25 30.4683 0.141461
49.8497 28.75 30.3359 0.141524
49.8497 29.25 30.225 0.141582
49.8497 29.75 30.1329 0.141637
49.8497 30.25 30.0571 0.141687
49.8497 30.75 29.9954 0.141733
49.8497 31.25 29.9457 0.141776
49.8497 31.75 29.9064 0.141814
49.8497 32.25 29.8758 0.14185
49.8497 32.75 29.8527 0.141882
49.8497 33.25 29.8357 0.141911
49.8497 33.75 29.8239 0.141937
49.8497 34.25 29.8164 0.14196
49.8497 34.75 29.8123 0.141981
49.8497 35.25 29.8109 0.141999
49.8497 35.75 29.8117 0.142016
49.8497 36.25 29.8142 0.14203
49.8497 36.75 29.8178 0.142043
49.8497 37.25 29.8223 0.142054
49.8497 37.75 29.8273 0.142063
49.8497 38.25 29.8325 0.142071
49.8497 38.75 29.8377 0.142078
49.8497 39.25 29.8427 0.142084
49.8497 39.75 29.8474 0.142089
49.8497 40.25 29.8516 0.142092
49.8497 40.75 29.8552 0.142095
49.8497 41.25 29.8582 0.142097
49.8497 41.75 29.8605 0.142099
49.8497 42.25 29.862 0.142099
49.8497 42.75 29.8626 0.1421
49.8497 43.25 29.8625 0.142099
49.8497 43.75 29.8615 0.142098
49.8497 44.25 29.8597 0.142097
49.8497 44.75 29.8571 0.142095
49.8497 45.25 29.8536 0.142092
49.8497 45.75 29.8493 0.14209
49.8497 46.25 29.8441 0.142087
49.8497 46.75 29.8382 0.142083
49.8497 47.25 29.8316 0.142079
49.8497 47.75 29.8242 0.142074
49.8497 48.25 29.816 0.14207
49.8497 48.75 29.8072 0.142064
49.8497 49.25 29.7978 0.142058
49.8497 49.75 29.7877 0.142052
49.8497 50.25 29.777 0.142046
49.8497 50.75 29.7658 0.142039
49.8497 51.25 29.754 0.142031
49.8497 51.75 29.7418 0.142024
49.8497 52.25 29.729 0.142016
49.8497 52.75 29.7158 0.142009
49.8497 53.25 29.7022 0.142003
49.8497 53.75 29.6882 0.141998
49.8497 54.25 29.6739 0.141994
49.8497 54.75 29.6592 0.141994
49.8497 55.25 29.6443 0.141997
49.8497 55.75 29.629 0.142004
49.8497 56.25 29.6136 0.142017
49.8497 56.75 29.5979 0.142038
49.8497 57.25 29.5821 0.142067
49.8497 57.75 29.5661 0.142105
49.8497 58.25 29.5499 0.142153
49.8497 58.75 29.5337 0.142212
49.8497 59.25 29.5174 0.142281
49.8497 59.75 29.5011 0.142357

50.3384 0.25 302.401 0.005
50.3384 0.75 252.453 0.005
50.3384 1.25 203.482 0.005
50.3384 1.75 155.211 0.00500004
50.3384 2.25 107.353 0.005
50.3384 2.75 103.775 0.103962
50.3384 3.25 102.118 0.133541
50.3384 3.75 100.549 0.142625
50.3384 4.25 99 0.14681
50.3384 4.75 97.3956 0.148702
50.3384 5.25 95.7231 0.149479
50.3384 5.75 93.988 0.149743
50.3384 6.25 92.193 0.149713
50.3384 6.75 90.3395 0.149479
50.3384 7.25 88.429 0.149086
50.3384 7.75 86.4631 0.148561
50.3384 8.25 84.4438 0.147926
50.3384 8.75 82.3738 0.147199
50.3384 9.25 80.2561 0.146395
50.3384 9.75 78.0948 0.145529
50.3384 10.25 75.8947 0.144616
50.3384 10.75 73.6618 0.143671
50.3384 11.25 71.4028 0.142708
50.3384 11.75 69.1261 0.141742
50.3384 12.25 66.8406 0.140787
50.3384 12.75 64.5569 0.139858
50.3384 13.25 62.2862 0.138968
50.3384 13.75 60.0407 0.138127
50.3384 14.25 57.8328 0.137348
50.3384 14.75 55.6753 0.136637
50.3384 15.25 53.5806 0.136
50.3384 15.75 51.5603 0.13544
50.3384 16.25 49.625 0.134957
50.3384 16.75 47.7836 0.134549
50.3384 17.25 46.0434 0.134211
50.3384 17.75 44.4097 0.133939
50.3384 18.25 42.8858 0.133724
50.3384 18.75 41.4732 0.133561
50.3384 19.25 40.1713 0.133442
50.3384 19.75 38.9783 0.13336
50.3384 20.25 37.8909 0.133308
50.3384 20.75 36.9047 0.13328
50.3384 21.25 36.0147 0.133272
50.3384 21.75 35.2152 0.133279
50.3384 22.25 34.5001 0.133297
50.3384 22.75 33.8633 0.133323
50.3384 23.25 33.2985 0.133355
50.3384 23.75 32.7997 0.13339
50.3384 24.25 32.361 0.133427
50.3384 24.75 31.9767 0.133464
50.3384 25.25 31.6415 0.133501
50.3384 25.75 31.3503 0.133537
50.3384 26.25 31.0986 0.133571
50.3384 26.75 30.882 0.133603
50.3384 27.25 30.6966 0.133633
50.3384 27.75 30.5387 0.133661
50.3384 28.25 30.4052 0.133686
50.3384 28.75 30.2929 0.133709
50.3384 29.25 30.1993 0.13373
50.3384 29.75 30.1219 0.133748
50.3384 30.25 30.0586 0.133765
50.3384 30.75 30.0074 0.133779
50.3384 31.25 29.9666 0.133792
50.3384 31.75 29.9347 0.133803
50.3384 32.25 29.9104 0.133813
50.3384 32.75 29.8924 0.133821
50.3384 33.25 29.8798 0.133828
50.3384 33.75 29.8715 0.133834
50.3384 34.25 29.8669 0.13384
50.3384 34.75 29.8652 0.133844
50.3384 35.25 29.8657 0.133847
50.3384 35.75 29.8681 0.13385
50.3384 36.25 29.8717 0.133853
50.3384 36.75 29.8763 0.133854
50.3384 37.25 29.8815 0.133856
50.3384 37.75 29.887 0.133856
50.3384 38.25 29.8926 0.133857
50.3384 38.75 29.8981 0.133857
50.3384 39.25 29.9033 0.133857
50.3384 39.75 29.9081 0.133856
50.3384 40.25 29.9124 0.133856
50.3384 40.75 29.916 0.133855
50.3384 41.25 29.919 0.133853
50.3384 41.75 29.9212 0.133852
50.3384 42.25 29.9226 0.13385
50.3384 42.75 29.9233 0.133848
50.3384 43.25 29.9231 0.133846
50.3384 43.75 29.922 0.133843
50.3384 44.25 29.9202 0.133841
50.3384 44.75 29.9175 0.133837
50.3384 45.25 29.9139 0.133834
50.3384 45.75 29.9096 0.13383
50.3384 46.25 29.9045 0.133826
50.3384 46.75 29.8986 0.133822
50.3384 47.25 29.892 0.133817
50.3384 47.75 29.8847 0.133812
50.3384 48.25 29.8766 0.133806
50.3384 48.75 29.8679 0.1338
50.3384 49.25 29.8586 0.133793
50.3384 49.75 29.8487 0.133786
50.3384 50.25 29.8382 0.133778
50.3384 50.75 29.8271 0.133769
50.3384 51.25 29.8156 0.13376
50.3384 51.75 29.8035 0.13375
50.3384 52.25 29.791 0.133739
50.3384 52.75 29.7781 0.133728
50.3384 53.25 29.7648 0.133717
50.3384 53.75 29.7511 0.133706
50.3384 54.25 29.737 0.133696
50.3384 54.75 29.7227 0.133689
50.3384 55.25 29.7081 0.133684
50.3384 55.75 29.6932 0.133685
50.3384 56.25 29.6781 0.133692
50.3384 56.75 29.6627 0.133709
50.3384 57.25 29.6473 0.133738
50.3384 57.75 29.6316 0.13378
50.3384 58.25 29.6159 0.133838
50.3384 58.75 29.6 0.133914
50.3384 59.25 29.5841 0.134006
50.3384 59.75 29.5682 0.134112

50.8271 0.25 283.405 0.005
50.8271 0.75 197.399 0.00526758
50.8271 1.25 114.599 0.005
50.8271 1.75 109.365 0.0734945
50.8271 2.25 106.9 0.11304
50.8271 2.75 104.73 0.126718
50.8271 3.25 102.964 0.140188
50.8271 3.75 101.502 0.151794
50.8271 4.25 100.205 0.160948
50.8271 4.75 98.8854 0.166904
50.8271 5.25 97.5039 0.170741
50.8271 5.75 96.0549 0.173115
50.8271 6.25 94.5458 0.174506
50.8271 6.75 92.9812 0.175213
50.8271 7.25 91.3645 0.175436
50.8271 7.75 89.6977 0.175311
50.8271 8.25 87.9825 0.174935
50.8271 8.75 86.2201 0.174374
50.8271 9.25 84.4119 0.173676
50.8271 9.75 82.5594 0.172875
50.8271 10.25 80.6647 0.171996
50.8271 10.75 78.73 0.17106
50.8271 11.25 76.7584 0.170085
50.8271 11.75 74.7538 0.169087
50.8271 12.25 72.7204 0.16808
50.8271 12.75 70.6637 0.16708
50.8271 13.25 68.5896 0.1661
50.8271 13.75 66.5051 0.165153
50.8271 14.25 64.4179 0.164251
50.8271 14.75 62.3363 0.163407
50.8271 15.25 60.2696 0.162628
50.8271 15.75 58.2274 0.161924
50.8271 16.25 56.2194 0.1613
50.8271 16.75 54.2558 0.160759
50.8271 17.25 52.3463 0.160304
50.8271 17.75 50.5001 0.159934
50.8271 18.25 48.7259 0.159646
50.8271 18.75 47.0311 0.159436
50.8271 19.25 45.422 0.159298
50.8271 19.75 43.9037 0.159226
50.8271 20.25 42.4796 0.159212
50.8271 20.75 41.1519 0.15925
50.8271 21.25 39.9212 0.159331
50.8271 21.75 38.787 0.159449
50.8271 22.25 37.7474 0.159597
50.8271 22.75 36.7998 0.159769
50.8271 23.25 35.9406 0.159961
50.8271 23.75 35.1654 0.160167
50.8271 24.25 34.4697 0.160385
50.8271 24.75 33.8483 0.160609
50.8271 25.25 33.2961 0.160838
50.8271 25.75 32.8076 0.16107
50.8271 26.25 32.3776 0.161302
50.8271 26.75 32.001 0.161533
50.8271 27.25 31.6726 0.161761
50.8271 27.75 31.3879 0.161986
50.8271 28.25 31.1422 0.162207
50.8271 28.75 30.9313 0.162422
50.8271 29.25 30.7513 0.162632
50.8271 29.75 30.5986 0.162836
50.8271 30.25 30.4699 0.163033
50.8271 30.75 30.3621 0.163224
50.8271 31.25 30.2726 0.163409
50.8271 31.75 30.1989 0.163586
50.8271 32.25 30.1387 0.163757
50.8271 32.75 30.0902 0.163921
50.8271 33.25 30.0515 0.164079
50.8271 33.75 30.0212 0.164229
50.8271 34.25 29.9979 0.164373
50.8271 34.75 29.9804 0.16451
50.8271 35.25 29.9676 0.164641
50.8271 35.75 29.9587 0.164766
50.8271 36.25 29.9529 0.164885
50.8271 36.75 29.9496 0.164997
50.8271 37.25 29.9481 0.165104
50.8271 37.75 29.948 0.165205
50.8271 38.25 29.9488 0.165301
50.8271 38.75 29.9503 0.165391
50.8271 39.25 29.9521 0.165476
50.8271 39.75 29.9539 0.165557
50.8271 40.25 29.9557 0.165632
50.8271 40.75 29.9571 0.165703
50.8271 41.25 29.9582 0.16577
50.8271 41.75 29.9587 0.165832
50.8271 42.25 29.9586 0.165891
50.8271 42.75 29.9578 0.165945
50.8271 43.25 29.9564 0.165996
50.8271 43.75 29.9542 0.166043
50.8271 44.25 29.9513 0.166087
50.8271 44.75 29.9476 0.166128
50.8271 45.25 29.9431 0.166166
50.8271 45.75 29.9379 0.1662
50.8271 46.25 29.9319 0.166232
50.8271 46.75 29.9252 0.166262
50.8271 47.25 29.9178 0.166289
50.8271 47.75 29.9097 0.166313
50.8271 48.25 29.9009 0.166336
50.8271 48.75 29.8915 0.166356
50.8271 49.25 29.8815 0.166375
50.8271 49.75 29.8709 0.166392
50.8271 50.25 29.8597 0.166407
50.8271 50.75 29.848 0.166421
50.8271 51.25 29.8358 0.166434
50.8271 51.75 29.8232 0.166447
50.8271 52.25 29.8101 0.166458
50.8271 52.75 29.7966 0.166469
50.8271 53.25 29.7827 0.16648
50.8271 53.75 29.7685 0.16649
50.8271 54.25 29.7539 0.166501
50.8271 54.75 29.7391 0.166513
50.8271 55.25 29.724 0.166526
50.8271 55.75 29.7086 0.166539
50.8271 56.25 29.693 0.166555
50.8271 56.75 29.6772 0.166572
50.8271 57.25 29.6613 0.166591
50.8271 57.75 29.6452 0.166612
50.8271 58.25 29.629 0.166636
50.8271 58.75 29.6128 0.166662
50.8271 59.25 29.5964 0.16669
50.8271 59.75 29.58 0.16672

51.3158 0.25 284.797 0.005
51.3158 0.75 199.526 0.005
51.3158 1.25 114.868 0.005
51.3158 1.75 109.326 0.0826701
51.3158 2.25 106.807 0.115483
51.3158 2.75 104.635 0.129348
51.3158 3.25 102.871 0.142738
51.3158 3.75 101.41 0.15405
51.3158 4.25 100.106 0.162796
51.3158 4.75 98.7578 0.168365
51.3158 5.25 97.346 0.172006
51.3158 5.75 95.865 0.17431
51.3158 6.25 94.3221 0.175693
51.3158 6.75 92.723 0.176415
51.3158 7.25 91.0718 0.176657
51.3158 7.75 89.3716 0.176547
51.3158 8.25 87.6251 0.17618
51.3158 8.75 85.8341 0.175626
51.3158 9.25 84.0007 0.174933
51.3158 9.75 82.1267 0.174136
51.3158 10.25 80.2143 0.173262
51.3158 10.75 78.2658 0.172333
51.3158 11.25 76.2841 0.171366
51.3158 11.75 74.2728 0.170379
51.3158 12.25 72.2359 0.169385
51.3158 12.75 70.1782 0.168401
51.3158 13.25 68.1054 0.167438
51.3158 13.75 66.024 0.166512
51.3158 14.25 63.9414 0.165633
51.3158 14.75 61.8659 0.164813
51.3158 15.25 59.8063 0.164061
51.3158 15.75 57.7722 0.163384
51.3158 16.25 55.7733 0.162789
51.3158 16.75 53.8199 0.162279
51.3158 17.25 51.9216 0.161856
51.3158 17.75 50.0878 0.161517
51.3158 18.25 48.3273 0.161262
51.3158 18.75 46.6474 0.161084
51.3158 19.25 45.0545 0.160978
51.3158 19.75 43.5535 0.160937
51.3158 20.25 42.1479 0.160954
51.3158 20.75 40.8395 0.161022
51.3158 21.25 39.6289 0.161132
51.3158 21.75 38.5152 0.161278
51.3158 22.25 37.4965 0.161453
51.3158 22.75 36.5698 0.161652
51.3158 23.25 35.7312 0.161869
51.3158 23.75 34.9764 0.162101
51.3158 24.25 34.3005 0.162342
51.3158 24.75 33.6981 0.162591
51.3158 25.25 33.164 0.162843
51.3158 25.75 32.6928 0.163098
51.3158 26.25 32.2791 0.163353
51.3158 26.75 31.9176 0.163606
51.3158 27.25 31.6034 0.163856
51.3158 27.75 31.3316 0.164102
51.3158 28.25 31.0978 0.164344
51.3158 28.75 30.8978 0.164581
51.3158 29.25 30.7277 0.164811
51.3158 29.75 30.5839 0.165036
51.3158 30.25 30.4632 0.165254
51.3158 30.75 30.3625 0.165465
51.3158 31.25 30.2794 0.16567
51.3158 31.75 30.2113 0.165867
51.3158 32.25 30.1561 0.166058
51.3158 32.75 30.1119 0.166241
51.3158 33.25 30.077 0.166418
51.3158 33.75 30.05 0.166587
51.3158 34.25 30.0294 0.166749
51.3158 34.75 30.0143 0.166905
51.3158 35.25 30.0036 0.167054
51.3158 35.75 29.9965 0.167197
51.3158 36.25 29.9921 0.167333
51.3158 36.75 29.99 0.167462
51.3158 37.25 29.9895 0.167586
51.3158 37.75 29.9901 0.167704
51.3158 38.25 29.9916 0.167816
51.3158 38.75 29.9935 0.167922
51.3158 39.25 29.9956 0.168022
51.3158 39.75 29.9977 0.168118
51.3158 40.25 29.9996 0.168208
51.3158 40.75 30.0011 0.168293
51.3158 41.25 30.0021 0.168374
51.3158 41.75 30.0026 0.16845
51.3158 42.25 30.0024 0.168521
51.3158 42.75 30.0015 0.168589
51.3158 43.25 29.9999 0.168652
51.3158 43.75 29.9975 0.168711
51.3158 44.25 29.9944 0.168767
51.3158 44.75 29.9905 0.168818
51.3158 45.25 29.9858 0.168867
51.3158 45.75 29.9803 0.168912
51.3158 46.25 29.9741 0.168954
51.3158 46.75 29.9672 0.168993
51.3158 47.25 29.9595 0.169029
51.3158 47.75 29.9512 0.169062
51.3158 48.25 29.9422 0.169093
51.3158 48.75 29.9326 0.169122
51.3158 49.25 29.9223 0.169148
51.3158 49.75 29.9115 0.169173
51.3158 50.25 29.9002 0.169195
51.3158 50.75 29.8883 0.169216
51.3158 51.25 29.8759 0.169235
51.3158 51.75 29.8631 0.169254
51.3158 52.25 29.8498 0.169271
51.3158 52.75 29.8362 0.169287
51.3158 53.25 29.8221 0.169302
51.3158 53.75 29.8078 0.169317
51.3158 54.25 29.7931 0.169333
51.3158 54.75 29.7781 0.169348
51.3158 55.25 29.7628 0.169364
51.3158 55.75 29.7474 0.16938
51.3158 56.25 29.7317 0.169397
51.3158 56.75 29.7158 0.169416
51.3158 57.25 29.6997 0.169436
51.3158 57.75 29.6836 0.169457
51.3158 58.25 29.6673 0.16948
51.3158 58.75 29.6509 0.169505
51.3158 59.25 29.6345 0.169532
51.3158 59.75 29.618 0.169559

51.8046 0.25 278.295 0.005
51.8046 0.75 186.264 0.005
51.8046 1.25 113.123 0.005
51.8046 1.75 108.009 0.0932645
51.8046 2.25 105.792 0.115108
51.8046 2.75 103.918 0.13047
51.8046 3.25 102.374 0.144448
51.8046 3.75 101.07 0.156402
51.8046 4.25 99.8652 0.165816
51.8046 4.75 98.5831 0.172119
51.8046 5.25 97.222 0.176303
51.8046 5.75 95.778 0.178998
51.8046 6.25 94.2572 0.180674
51.8046 6.75 92.6642 0.181624
51.8046 7.25 91.003 0.182043
51.8046 7.75 89.2775 0.182068
51.8046 8.25 87.4915 0.181798
51.8046 8.75 85.6487 0.18131
51.8046 9.25 83.7532 0.180658
51.8046 9.75 81.809 0.179887
51.8046 10.25 79.8204 0.179028
51.8046 10.75 77.7921 0.178108
51.8046 11.25 75.7289 0.17715
51.8046 11.75 73.6362 0.176175
51.8046 12.25 71.5199 0.1752
51.8046 12.75 69.3865 0.174242
51.8046 13.25 67.2432 0.173317
51.8046 13.75 65.0981 0.172439
51.8046 14.25 62.9598 0.171622
51.8046 14.75 60.8377 0.170875
51.8046 15.25 58.7415 0.170209
51.8046 15.75 56.6814 0.169629
51.8046 16.25 54.6678 0.169141
51.8046 16.75 52.7105 0.168746
51.8046 17.25 50.8194 0.168444
51.8046 17.75 49.003 0.168231
51.8046 18.25 47.2691 0.168102
51.8046 18.75 45.6242 0.168052
51.8046 19.25 44.0734 0.168073
51.8046 19.75 42.6201 0.168158
51.8046 20.25 41.2665 0.168297
51.8046 20.75 40.0131 0.168483
51.8046 21.25 38.8592 0.168709
51.8046 21.75 37.8028 0.168967
51.8046 22.25 36.841 0.169251
51.8046 22.75 35.97 0.169556
51.8046 23.25 35.1852 0.169877
51.8046 23.75 34.4818 0.170209
51.8046 24.25 33.8545 0.17055
51.8046 24.75 33.2977 0.170896
51.8046 25.25 32.806 0.171244
51.8046 25.75 32.374 0.171593
51.8046 26.25 31.9961 0.171942
51.8046 26.75 31.6674 0.172287
51.8046 27.25 31.3829 0.17263
51.8046 27.75 31.138 0.172968
51.8046 28.25 30.9282 0.173301
51.8046 28.75 30.7498 0.173628
51.8046 29.25 30.5988 0.173949
51.8046 29.75 30.472 0.174263
51.8046 30.25 30.3663 0.174571
51.8046 30.75 30.2789 0.174871
51.8046 31.25 30.2073 0.175165
51.8046 31.75 30.1493 0.175451
51.8046 32.25 30.1028 0.17573
51.8046 32.75 30.0662 0.176001
51.8046 33.25 30.0379 0.176265
51.8046 33.75 30.0165 0.176521
51.8046 34.25 30.0008 0.17677
51.8046 34.75 29.9898 0.177012
51.8046 35.25 29.9826 0.177246
51.8046 35.75 29.9784 0.177474
51.8046 36.25 29.9766 0.177694
51.8046 36.75 29.9764 0.177907
51.8046 37.25 29.9776 0.178113
51.8046 37.75 29.9797 0.178313
51.8046 38.25 29.9823 0.178506
51.8046 38.75 29.9851 0.178692
51.8046 39.25 29.9879 0.178872
51.8046 39.75 29.9906 0.179045
51.8046 40.25 29.9929 0.179212
51.8046 40.75 29.9947 0.179374
51.8046 41.25 29.9959 0.179529
51.8046 41.75 29.9965 0.179678
51.8046 42.25 29.9964 0.179822
51.8046 42.75 29.9955 0.17996
51.8046 43.25 29.9939 0.180093
51.8046 43.75 29.9915 0.180221
51.8046 44.25 29.9883 0.180343
51.8046 44.75 29.9842 0.18046
51.8046 45.25 29.9794 0.180572
51.8046 45.75 29.9739 0.18068
51.8046 46.25 29.9676 0.180783
51.8046 46.75 29.9605 0.180881
51.8046 47.25 29.9528 0.180975
51.8046 47.75 29.9443 0.181065
51.8046 48.25 29.9352 0.18115
51.8046 48.75 29.9255 0.181231
51.8046 49.25 29.9152 0.181309
51.8046 49.75 29.9043 0.181383
51.8046 50.25 29.8929 0.181453
51.8046 50.75 29.881 0.181519
51.8046 51.25 29.8686 0.181582
51.8046 51.75 29.8558 0.181642
51.8046 52.25 29.8425 0.181699
51.8046 52.75 29.8289 0.181753
51.8046 53.25 29.8149 0.181804
51.8046 53.75 29.8005 0.181852
51.8046 54.25 29.7859 0.181897
51.8046 54.75 29.771 0.181941
51.8046 55.25 29.7558 0.181981
51.8046 55.75 29.7404 0.18202
51.8046 56.25 29.7248 0.182056
51.8046 56.75 29.709 0.182091
51.8046 57.25 29.693 0.182123
51.8046 57.75 29.677 0.182153
51.8046 58.25 29.6608 0.182181
51.8046 58.75 29.6445 0.182207
51.8046 59.25 29.6282 0.182231
51.8046 59.75 29.6118 0.182252

52.2933 0.25 284.685 0.005
52.2933 0.75 199.332 0.005
52.2933 1.25 114.849 0.005
52.2933 1.75 109.255 0.0850632
52.2933 2.25 106.781 0.109908
52.2933 2.75 104.674 0.123531
52.2933 3.25 102.947 0.136507
52.2933 3.75 101.508 0.147677
52.2933 4.25 100.228 0.15641
52.2933 4.75 98.9311 0.161963
52.2933 5.25 97.5779 0.165451
52.2933 5.75 96.162 0.167527
52.2933 6.25 94.6909 0.168674
52.2933 6.75 93.1693 0.169193
52.2933 7.25 91.6001 0.16928
52.2933 7.75 89.9851 0.169066
52.2933 8.25 88.3256 0.168639
52.2933 8.75 86.6222 0.168057
52.2933 9.25 84.8756 0.167356
52.2933 9.75 83.0867 0.166562
52.2933 10.25 81.2564 0.165696
52.2933 10.75 79.3864 0.164772
52.2933 11.25 77.4785 0.163805
52.2933 11.75 75.5356 0.162808
52.2933 12.25 73.5609 0.161793
52.2933 12.75 71.5587 0.160774
52.2933 13.25 69.534 0.159764
52.2933 13.75 67.4927 0.158773
52.2933 14.25 65.4417 0.157815
52.2933 14.75 63.3885 0.1569
52.2933 15.25 61.3417 0.156038
52.2933 15.75 59.3105 0.155238
52.2933 16.25 57.3045 0.154507
52.2933 16.75 55.3337 0.153851
52.2933 17.25 53.4083 0.153274
52.2933 17.75 51.5379 0.152776
52.2933 18.25 49.7318 0.152358
52.2933 18.75 47.9985 0.152016
52.2933 19.25 46.3454 0.151747
52.2933 19.75 44.7786 0.151544
52.2933 20.25 43.3028 0.151403
52.2933 20.75 41.9214 0.151316
52.2933 21.25 40.636 0.151276
52.2933 21.75 39.4472 0.151276
52.2933 22.25 38.354 0.15131
52.2933 22.75 37.3544 0.151372
52.2933 23.25 36.4454 0.151457
52.2933 23.75 35.6233 0.151559
52.2933 24.25 34.8835 0.151674
52.2933 24.75 34.2212 0.1518
52.2933 25.25 33.6313 0.151932
52.2933 25.75 33.1085 0.152068
52.2933 26.25 32.6473 0.152206
52.2933 26.75 32.2425 0.152345
52.2933 27.25 31.889 0.152483
52.2933 27.75 31.5817 0.152619
52.2933 28.25 31.3159 0.152752
52.2933 28.75 31.0873 0.152881
52.2933 29.25 30.8917 0.153006
52.2933 29.75 30.7253 0.153126
52.2933 30.25 30.5846 0.153242
52.2933 30.75 30.4664 0.153352
52.2933 31.25 30.3677 0.153457
52.2933 31.75 30.2861 0.153557
52.2933 32.25 30.219 0.153651
52.2933 32.75 30.1645 0.15374
52.2933 33.25 30.1206 0.153824
52.2933 33.75 30.0858 0.153903
52.2933 34.25 30.0586 0.153977
52.2933 34.75 30.0378 0.154046
52.2933 35.25 30.0221 0.15411
52.2933 35.75 30.0107 0.15417
52.2933 36.25 30.0027 0.154226
52.2933 36.75 29.9975 0.154277
52.2933 37.25 29.9943 0.154325
52.2933 37.75 29.9928 0.154369
52.2933 38.25 29.9924 0.154409
52.2933 38.75 29.9927 0.154446
52.2933 39.25 29.9935 0.15448
52.2933 39.75 29.9945 0.15451
52.2933 40.25 29.9955 0.154538
52.2933 40.75 29.9963 0.154564
52.2933 41.25 29.9967 0.154586
52.2933 41.75 29.9967 0.154607
52.2933 42.25 29.9961 0.154625
52.2933 42.75 29.995 0.154641
52.2933 43.25 29.9931 0.154656
52.2933 43.75 29.9906 0.154668
52.2933 44.25 29.9873 0.154679
52.2933 44.75 29.9833 0.154688
52.2933 45.25 29.9786 0.154696
52.2933 45.75 29.9731 0.154703
52.2933 46.25 29.9669 0.154708
52.2933 46.75 29.96 0.154712
52.2933 47.25 29.9524 0.154715
52.2933 47.75 29.9441 0.154717
52.2933 48.25 29.9352 0.154718
52.2933 48.75 29.9256 0.154719
52.2933 49.25 29.9154 0.154718
52.2933 49.75 29.9047 0.154717
52.2933 50.25 29.8934 0.154715
52.2933 50.75 29.8816 0.154713
52.2933 51.25 29.8693 0.154711
52.2933 51.75 29.8565 0.154708
52.2933 52.25 29.8433 0.154706
52.2933 52.75 29.8298 0.154704
52.2933 53.25 29.8158 0.154703
52.2933 53.75 29.8015 0.154703
52.2933 54.25 29.7868 0.154704
52.2933 54.75 29.7719 0.154707
52.2933 55.25 29.7567 0.154713
52.2933 55.75 29.7413 0.154721
52.2933 56.25 29.7256 0.154733
52.2933 56.75 29.7098 0.154749
52.2933 57.25 29.6938 0.15477
52.2933 57.75 29.6777 0.154795
52.2933 58.25 29.6614 0.154826
52.2933 58.75 29.6451 0.154862
52.2933 59.25 29.6287 0.154903
52.2933 59.75 29.6122 0.154948

52.782 0.25 284.789 0.005
52.782 0.75 199.514 0.005
52.782 1.25 114.876 0.005
52.782 1.75 109.318 0.0832678
52.782 2.25 106.812 0.113683
52.782 2.75 104.658 0.127619
52.782 3.25 102.902 0.141017
52.782 3.75 101.446 0.152415
52.782 4.25 100.147 0.161256
52.782 4.75 98.8135 0.166906
52.782 5.25 97.4173 0.170566
52.782 5.75 95.9528 0.172851
52.782 6.25 94.4278 0.174197
52.782 6.75 92.8478 0.174878
52.782 7.25 91.2166 0.175082
52.782 7.75 89.5373 0.174944
52.782 8.25 87.8118 0.174557
52.782 8.75 86.0421 0.173989
52.782 9.25 84.2296 0.173287
52.782 9.75 82.3759 0.172484
52.782 10.25 80.4827 0.171605
52.782 10.75 78.5521 0.170671
52.782 11.25 76.5867 0.169698
52.782 11.75 74.5897 0.168701
52.782 12.25 72.5648 0.167696
52.782 12.75 70.5169 0.166697
52.782 13.25 68.4513 0.165717
52.782 13.75 66.3745 0.164769
52.782 14.25 64.2938 0.163865
52.782 14.75 62.2175 0.163017
52.782 15.25 60.1545 0.162234
52.782 15.75 58.1145 0.161524
52.782 16.25 56.1074 0.160893
52.782 16.75 54.1436 0.160346
52.782 17.25 52.2329 0.159884
52.782 17.75 50.3851 0.159507
52.782 18.25 48.609 0.159213
52.782 18.75 46.9124 0.158996
52.782 19.25 45.3019 0.158853
52.782 19.75 43.7828 0.158775
52.782 20.25 42.3587 0.158756
52.782 20.75 41.0317 0.158789
52.782 21.25 39.8027 0.158865
52.782 21.75 38.671 0.158979
52.782 22.25 37.6348 0.159123
52.782 22.75 36.6913 0.159291
52.782 23.25 35.8368 0.159479
52.782 23.75 35.067 0.159681
52.782 24.25 34.3769 0.159894
52.782 24.75 33.7614 0.160115
52.782 25.25 33.2152 0.16034
52.782 25.75 32.7329 0.160567
52.782 26.25 32.309 0.160795
52.782 26.75 31.9383 0.161022
52.782 27.25 31.6157 0.161246
52.782 27.75 31.3365 0.161467
52.782 28.25 31.096 0.161683
52.782 28.75 30.8901 0.161894
52.782 29.25 30.7147 0.162099
52.782 29.75 30.5662 0.162299
52.782 30.25 30.4414 0.162492
52.782 30.75 30.3372 0.162679
52.782 31.25 30.2509 0.162859
52.782 31.75 30.1801 0.163032
52.782 32.25 30.1225 0.163199
52.782 32.75 30.0762 0.163358
52.782 33.25 30.0396 0.163511
52.782 33.75 30.011 0.163658
52.782 34.25 29.9892 0.163797
52.782 34.75 29.973 0.163931
52.782 35.25 29.9613 0.164058
52.782 35.75 29.9534 0.164178
52.782 36.25 29.9484 0.164293
52.782 36.75 29.9456 0.164401
52.782 37.25 29.9446 0.164504
52.782 37.75 29.9449 0.164602
52.782 38.25 29.946 0.164694
52.782 38.75 29.9477 0.16478
52.782 39.25 29.9495 0.164862
52.782 39.75 29.9514 0.164939
52.782 40.25 29.9532 0.165011
52.782 40.75 29.9546 0.165079
52.782 41.25 29.9555 0.165142
52.782 41.75 29.9559 0.165202
52.782 42.25 29.9556 0.165257
52.782 42.75 29.9547 0.165309
52.782 43.25 29.9531 0.165357
52.782 43.75 29.9507 0.165401
52.782 44.25 29.9475 0.165443
52.782 44.75 29.9436 0.165481
52.782 45.25 29.9389 0.165516
52.782 45.75 29.9334 0.165549
52.782 46.25 29.9272 0.165578
52.782 46.75 29.9202 0.165606
52.782 47.25 29.9126 0.165631
52.782 47.75 29.9042 0.165653
52.782 48.25 29.8952 0.165674
52.782 48.75 29.8855 0.165693
52.782 49.25 29.8753 0.16571
52.782 49.75 29.8645 0.165725
52.782 50.25 29.8531 0.165739
52.782 50.75 29.8412 0.165752
52.782 51.25 29.8288 0.165763
52.782 51.75 29.8159 0.165774
52.782 52.25 29.8026 0.165784
52.782 52.75 29.7889 0.165794
52.782 53.25 29.7749 0.165804
52.782 53.75 29.7604 0.165813
52.782 54.25 29.7457 0.165823
52.782 54.75 29.7307 0.165834
52.782 55.25 29.7154 0.165846
52.782 55.75 29.6998 0.165859
52.782 56.25 29.6841 0.165874
52.782 56.75 29.6682 0.165891
52.782 57.25 29.6521 0.16591
52.782 57.75 29.6358 0.165931
52.782 58.25 29.6195 0.165955
52.782 58.75 29.603 0.165981
52.782 59.25 29.5866 0.16601
52.782 59.75 29.57 0.166041

53.2707 0.25 296.088 0.005
53.2707 0.75 233.466 0.005
53.2707 1.25 171.677 0.005
53.2707 1.75 110.351 0.005
53.2707 2.25 105.948 0.0980385
53.2707 2.75 103.96 0.130919
53.2707 3.25 102.211 0.14228
53.2707 3.75 100.692 0.150171
53.2707 4.25 99.2285 0.154831
53.2707 4.75 97.7123 0.157215
53.2707 5.25 96.1326 0.158351
53.2707 5.75 94.4926 0.15883
53.2707 6.25 92.7956 0.158932
53.2707 6.75 91.0431 0.158786
53.2707 7.25 89.2365 0.158458
53.2707 7.75 87.3767 0.157987
53.2707 8.25 85.4652 0.157396
53.2707 8.75 83.5034 0.156706
53.2707 9.25 81.4936 0.155932
53.2707 9.75 79.4384 0.155089
53.2707 10.25 77.341 0.154192
53.2707 10.75 75.2057 0.153255
53.2707 11.25 73.0374 0.152292
53.2707 11.75 70.8423 0.151318
53.2707 12.25 68.6273 0.150348
53.2707 12.75 66.4008 0.149395
53.2707 13.25 64.172 0.148474
53.2707 13.75 61.9512 0.147597
53.2707 14.25 59.7498 0.146776
53.2707 14.75 57.5795 0.146021
53.2707 15.25 55.4525 0.14534
53.2707 15.75 53.3811 0.144739
53.2707 16.25 51.3769 0.144219
53.2707 16.75 49.4507 0.143782
53.2707 17.25 47.6123 0.143424
53.2707 17.75 45.8698 0.143141
53.2707 18.25 44.2293 0.142927
53.2707 18.75 42.6954 0.142775
53.2707 19.25 41.2705 0.142678
53.2707 19.75 39.9553 0.142627
53.2707 20.25 38.7487 0.142616
53.2707 20.75 37.6482 0.142637
53.2707 21.25 36.6502 0.142683
53.2707 21.75 35.7501 0.142751
53.2707 22.25 34.9423 0.142833
53.2707 22.75 34.221 0.142926
53.2707 23.25 33.5801 0.143028
53.2707 23.75 33.0133 0.143134
53.2707 24.25 32.5143 0.143242
53.2707 24.75 32.077 0.143351
53.2707 25.25 31.6957 0.143459
53.2707 25.75 31.3645 0.143565
53.2707 26.25 31.0784 0.143668
53.2707 26.75 30.8325 0.143767
53.2707 27.25 30.6221 0.143862
53.2707 27.75 30.4432 0.143953
53.2707 28.25 30.2919 0.144038
53.2707 28.75 30.165 0.144119
53.2707 29.25 30.0591 0.144194
53.2707 29.75 29.9717 0.144265
53.2707 30.25 29.9001 0.144331
53.2707 30.75 29.8422 0.144392
53.2707 31.25 29.796 0.144448
53.2707 31.75 29.7598 0.1445
53.2707 32.25 29.732 0.144548
53.2707 32.75 29.7113 0.144592
53.2707 33.25 29.6965 0.144632
53.2707 33.75 29.6866 0.144668
53.2707 34.25 29.6807 0.144701
53.2707 34.75 29.678 0.144731
53.2707 35.25 29.6779 0.144758
53.2707 35.75 29.6797 0.144782
53.2707 36.25 29.683 0.144804
53.2707 36.75 29.6873 0.144823
53.2707 37.25 29.6923 0.14484
53.2707 37.75 29.6977 0.144855
53.2707 38.25 29.7033 0.144868
53.2707 38.75 29.7087 0.14488
53.2707 39.25 29.7139 0.144889
53.2707 39.75 29.7187 0.144898
53.2707 40.25 29.7229 0.144905
53.2707 40.75 29.7266 0.144911
53.2707 41.25 29.7295 0.144916
53.2707 41.75 29.7318 0.144919
53.2707 42.25 29.7332 0.144922
53.2707 42.75 29.7338 0.144924
53.2707 43.25 29.7336 0.144926
53.2707 43.75 29.7325 0.144926
53.2707 44.25 29.7306 0.144926
53.2707 44.75 29.7279 0.144925
53.2707 45.25 29.7244 0.144924
53.2707 45.75 29.72 0.144922
53.2707 46.25 29.7149 0.14492
53.2707 46.75 29.709 0.144917
53.2707 47.25 29.7023 0.144914
53.2707 47.75 29.695 0.14491
53.2707 48.25 29.687 0.144905
53.2707 48.75 29.6783 0.1449
53.2707 49.25 29.6689 0.144895
53.2707 49.75 29.659 0.144889
53.2707 50.25 29.6485 0.144883
53.2707 50.75 29.6375 0.144877
53.2707 51.25 29.6259 0.14487
53.2707 51.75 29.6139 0.144863
53.2707 52.25 29.6014 0.144856
53.2707 52.75 29.5885 0.144849
53.2707 53.25 29.5753 0.144843
53.2707 53.75 29.5616 0.144838
53.2707 54.25 29.5476 0.144835
53.2707 54.75 29.5334 0.144834
53.2707 55.25 29.5188 0.144836
53.2707 55.75 29.504 0.144842
53.2707 56.25 29.489 0.144854
53.2707 56.75 29.4737 0.144871
53.2707 57.25 29.4583 0.144895
53.2707 57.75 29.4428 0.144927
53.2707 58.25 29.4271 0.144967
53.2707 58.75 29.4114 0.145017
53.2707 59.25 29.3956 0.145074
53.2707 59.75 29.3797 0.145139

53.7595 0.25 296.09 0.005
53.7595 0.75 233.467 0.005
53.7595 1.25 171.675 0.005
53.7595 1.75 110.346 0.005
53.7595 2.25 105.997 0.0951516
53.7595 2.75 104.025 0.127622
53.7595 3.25 102.29 0.137982
53.7595 3.75 100.786 0.145261
53.7595 4.25 99.3511 0.149512
53.7595 4.75 97.8706 0.151556
53.7595 5.25 96.3338 0.152475
53.7595 5.75 94.7406 0.152839
53.7595 6.25 93.0932 0.1529
53.7595 6.75 91.3926 0.152758
53.7595 7.25 89.6394 0.152459
53.7595 7.75 87.8344 0.152028
53.7595 8.25 85.9784 0.151484
53.7595 8.75 84.0726 0.150841
53.7595 9.25 82.1186 0.150112
53.7595 9.75 80.1186 0.14931
53.7595 10.25 78.0753 0.148448
53.7595 10.75 75.9923 0.147537
53.7595 11.25 73.8738 0.146592
53.7595 11.75 71.725 0.145623
53.7595 12.25 69.5523 0.144646
53.7595 12.75 67.3629 0.143674
53.7595 13.25 65.1652 0.14272
53.7595 13.75 62.9688 0.141796
53.7595 14.25 60.784 0.140916
53.7595 14.75 58.6221 0.140089
53.7595 15.25 56.4948 0.139325
53.7595 15.75 54.4142 0.138631
53.7595 16.25 52.392 0.13801
53.7595 16.75 50.4396 0.137466
53.7595 17.25 48.5672 0.136998
53.7595 17.75 46.7839 0.136602
53.7595 18.25 45.0971 0.136276
53.7595 18.75 43.5123 0.136012
53.7595 19.25 42.0333 0.135805
53.7595 19.75 40.6619 0.135648
53.7595 20.25 39.3983 0.135532
53.7595 20.75 38.241 0.135453
53.7595 21.25 37.1872 0.135403
53.7595 21.75 36.2327 0.135376
53.7595 22.25 35.3729 0.135368
53.7595 22.75 34.6022 0.135375
53.7595 23.25 33.9148 0.135393
53.7595 23.75 33.3044 0.135418
53.7595 24.25 32.765 0.135449
53.7595 24.75 32.2904 0.135484
53.7595 25.25 31.8747 0.13552
53.7595 25.75 31.5121 0.135557
53.7595 26.25 31.1973 0.135594
53.7595 26.75 30.9252 0.13563
53.7595 27.25 30.6911 0.135664
53.7595 27.75 30.4907 0.135697
53.7595 28.25 30.3201 0.135727
53.7595 28.75 30.1756 0.135756
53.7595 29.25 30.054 0.135782
53.7595 29.75 29.9523 0.135805
53.7595 30.25 29.868 0.135827
53.7595 30.75 29.7986 0.135847
53.7595 31.25 29.742 0.135864
53.7595 31.75 29.6965 0.135879
53.7595 32.25 29.6604 0.135893
53.7595 32.75 29.6321 0.135905
53.7595 33.25 29.6106 0.135916
53.7595 33.75 29.5946 0.135925
53.7595 34.25 29.5832 0.135933
53.7595 34.75 29.5756 0.13594
53.7595 35.25 29.571 0.135946
53.7595 35.75 29.5688 0.13595
53.7595 36.25 29.5685 0.135954
53.7595 36.75 29.5696 0.135958
53.7595 37.25 29.5716 0.13596
53.7595 37.75 29.5744 0.135962
53.7595 38.25 29.5775 0.135964
53.7595 38.75 29.5807 0.135964
53.7595 39.25 29.5839 0.135965
53.7595 39.75 29.5869 0.135965
53.7595 40.25 29.5895 0.135965
53.7595 40.75 29.5916 0.135964
53.7595 41.25 29.5932 0.135963
53.7595 41.75 29.5942 0.135962
53.7595 42.25 29.5945 0.13596
53.7595 42.75 29.594 0.135958
53.7595 43.25 29.5928 0.135956
53.7595 43.75 29.5909 0.135954
53.7595 44.25 29.5882 0.135951
53.7595 44.75 29.5847 0.135948
53.7595 45.25 29.5805 0.135944
53.7595 45.75 29.5755 0.135941
53.7595 46.25 29.5698 0.135936
53.7595 46.75 29.5633 0.135932
53.7595 47.25 29.5561 0.135927
53.7595 47.75 29.5483 0.135922
53.7595 48.25 29.5398 0.135916
53.7595 48.75 29.5307 0.13591
53.7595 49.25 29.521 0.135904
53.7595 49.75 29.5107 0.135896
53.7595 50.25 29.4999 0.135889
53.7595 50.75 29.4885 0.13588
53.7595 51.25 29.4766 0.135871
53.7595 51.75 29.4643 0.135861
53.7595 52.25 29.4516 0.135851
53.7595 52.75 29.4384 0.135841
53.7595 53.25 29.4249 0.13583
53.7595 53.75 29.411 0.13582
53.7595 54.25 29.3968 0.135812
53.7595 54.75 29.3823 0.135805
53.7595 55.25 29.3675 0.135802
53.7595 55.75 29.3525 0.135803
53.7595 56.25 29.3373 0.135811
53.7595 56.75 29.3218 0.135827
53.7595 57.25 29.3063 0.135854
53.7595 57.75 29.2905 0.135893
53.7595 58.25 29.2747 0.135946
53.7595 58.75 29.2587 0.136014
53.7595 59.25 29.2427 0.136096
53.7595 59.75 29.2267 0.136191

54.2482 0.25 307.523 0.005
54.2482 0.75 268.004 0.005
54.2482 1.25 230.032 0.005
54.2482 1.75 193.713 0.005
54.2482 2.25 159.135 0.00500216
54.2482 2.75 127.613 0.00638024
54.2482 3.25 109.074 0.0321819
54.2482 3.75 100.018 0.0645982
54.2482 4.25 92.4707 0.0647317
54.2482 4.75 81.3592 0.005
54.2482 5.25 78.5933 0.08598
54.2482 5.75 77.044 0.114878
54.2482 6.25 75.3782 0.114089
54.2482 6.75 73.6889 0.114432
54.2482 7.25 71.9739 0.114765
54.2482 7.75 70.2364 0.114927
54.2482 8.25 68.48 0.114949
54.2482 8.75 66.709 0.114864
54.2482 9.25 64.9279 0.114694
54.2482 9.75 63.1419 0.114456
54.2482 10.25 61.3564 0.114165
54.2482 10.75 59.5773 0.113834
54.2482 11.25 57.811 0.113475
54.2482 11.75 56.0641 0.113097
54.2482 12.25 54.3434 0.11271
54.2482 12.75 52.6559 0.112321
54.2482 13.25 51.0083 0.111938
54.2482 13.75 49.4073 0.111565
54.2482 14.25 47.859 0.111207
54.2482 14.75 46.369 0.110867
54.2482 15.25 44.9423 0.110546
54.2482 15.75 43.5831 0.110246
54.2482 16.25 42.2945 0.109967
54.2482 16.75 41.0791 0.109709
54.2482 17.25 39.9382 0.109471
54.2482 17.75 38.8724 0.109252
54.2482 18.25 37.8814 0.109052
54.2482 18.75 36.9643 0.108868
54.2482 19.25 36.1193 0.108701
54.2482 19.75 35.3442 0.108549
54.2482 20.25 34.6362 0.108411
54.2482 20.75 33.9922 0.108285
54.2482 21.25 33.4089 0.108172
54.2482 21.75 32.8827 0.108069
54.2482 22.25 32.4098 0.107977
54.2482 22.75 31.9868 0.107895
54.2482 23.25 31.6097 0.107821
54.2482 23.75 31.275 0.107755
54.2482 24.25 30.9792 0.107696
54.2482 24.75 30.7188 0.107644
54.2482 25.25 30.4907 0.107598
54.2482 25.75 30.2918 0.107558
54.2482 26.25 30.1191 0.107522
54.2482 26.75 29.9702 0.10749
54.2482 27.25 29.8423 0.107463
54.2482 27.75 29.7332 0.107439
54.2482 28.25 29.6409 0.107418
54.2482 28.75 29.5633 0.1074
54.2482 29.25 29.4987 0.107384
54.2482 29.75 29.4455 0.10737
54.2482 30.25 29.4022 0.107358
54.2482 30.75 29.3675 0.107348
54.2482 31.25 29.3402 0.10734
54.2482 31.75 29.3192 0.107332
54.2482 32.25 29.3037 0.107326
54.2482 32.75 29.2927 0.10732
54.2482 33.25 29.2856 0.107316
54.2482 33.75 29.2816 0.107312
54.2482 34.25 29.2802 0.107308
54.2482 34.75 29.2808 0.107305
54.2482 35.25 29.2831 0.107303
54.2482 35.75 29.2865 0.107301
54.2482 36.25 29.2909 0.107299
54.2482 36.75 29.2958 0.107298
54.2482 37.25 29.3011 0.107296
54.2482 37.75 29.3066 0.107295
54.2482 38.25 29.3119 0.107294
54.2482 38.75 29.3171 0.107293
54.2482 39.25 29.3219 0.107293
54.2482 39.75 29.3263 0.107292
54.2482 40.25 29.3301 0.107291
54.2482 40.75 29.3334 0.10729
54.2482 41.25 29.3359 0.107289
54.2482 41.75 29.3378 0.107289
54.2482 42.25 29.339 0.107288
54.2482 42.75 29.3394 0.107287
54.2482 43.25 29.3391 0.107286
54.2482 43.75 29.338 0.107285
54.2482 44.25 29.3361 0.107284
54.2482 44.75 29.3335 0.107283
54.2482 45.25 29.3301 0.107282
54.2482 45.75 29.3259 0.107281
54.2482 46.25 29.3211 0.107279
54.2482 46.75 29.3155 0.107277
54.2482 47.25 29.3093 0.107275
54.2482 47.75 29.3024 0.107273
54.2482 48.25 29.2949 0.107271
54.2482 48.75 29.2868 0.107267
54.2482 49.25 29.2781 0.107263
54.2482 49.75 29.2688 0.107258
54.2482 50.25 29.259 0.107252
54.2482 50.75 29.2487 0.107244
54.2482 51.25 29.2379 0.107235
54.2482 51.75 29.2267 0.107224
54.2482 52.25 29.215 0.10721
54.2482 52.75 29.203 0.107193
54.2482 53.25 29.1906 0.107173
54.2482 53.75 29.1778 0.10715
54.2482 54.25 29.1647 0.107121
54.2482 54.75 29.1514 0.107088
54.2482 55.25 29.1378 0.107047
54.2482 55.75 29.1239 0.107001
54.2482 56.25 29.1098 0.106948
54.2482 56.75 29.0955 0.106895
54.2482 57.25 29.0811 0.10685
54.2482 57.75 29.0665 0.106834
54.2482 58.25 29.0519 0.106874
54.2482 58.75 29.0371 0.107007
54.2482 59.25 29.0223 0.107263
54.2482 59.75 29.0074 0.107645

54.7369 0.25 306.853 0.005
54.7369 0.75 265.984 0.005
54.7369 1.25 226.648 0.005
54.7369 1.75 188.942 0.005
54.7369 2.25 152.956 0.00500781
54.7369 2.75 121.733 0.00842855
54.7369 3.25 104.773 0.0413505
54.7369 3.75 89.4817 0.005
54.7369 4.25 86.7838 0.0933805
54.7369 4.75 85.266 0.122871
54.7369 5.25 83.5932 0.125144
54.7369 5.75 81.8715 0.125932
54.7369 6.25 80.1086 0.126365
54.7369 6.75 78.3079 0.126544
54.7369 7.25 76.4729 0.126524
54.7369 7.75 74.6071 0.126354
54.7369 8.25 72.7144 0.126072
54.7369 8.75 70.7991 0.125705
54.7369 9.25 68.8661 0.125274
54.7369 9.75 66.9206 0.124795
54.7369 10.25 64.9686 0.124282
54.7369 10.75 63.0168 0.123748
54.7369 11.25 61.0721 0.123206
54.7369 11.75 59.1422 0.122665
54.7369 12.25 57.235 0.122135
54.7369 12.75 55.3585 0.121625
54.7369 13.25 53.521 0.12114
54.7369 13.75 51.7304 0.120686
54.7369 14.25 49.9944 0.120267
54.7369 14.75 48.3199 0.119885
54.7369 15.25 46.7133 0.11954
54.7369 15.75 45.18 0.119232
54.7369 16.25 43.7242 0.118959
54.7369 16.75 42.3494 0.118719
54.7369 17.25 41.0576 0.118509
54.7369 17.75 39.85 0.118326
54.7369 18.25 38.7265 0.118167
54.7369 18.75 37.6864 0.118029
54.7369 19.25 36.7279 0.117908
54.7369 19.75 35.8486 0.117803
54.7369 20.25 35.0454 0.11771
54.7369 20.75 34.315 0.117628
54.7369 21.25 33.6534 0.117556
54.7369 21.75 33.0568 0.117491
54.7369 22.25 32.5208 0.117432
54.7369 22.75 32.0414 0.117379
54.7369 23.25 31.6142 0.117332
54.7369 23.75 31.2352 0.117288
54.7369 24.25 30.9004 0.117249
54.7369 24.75 30.6058 0.117212
54.7369 25.25 30.3478 0.11718
54.7369 25.75 30.1229 0.11715
54.7369 26.25 29.9279 0.117123
54.7369 26.75 29.7597 0.117098
54.7369 27.25 29.6155 0.117076
54.7369 27.75 29.4926 0.117056
54.7369 28.25 29.3887 0.117038
54.7369 28.75 29.3016 0.117022
54.7369 29.25 29.2292 0.117008
54.7369 29.75 29.1697 0.116996
54.7369 30.25 29.1215 0.116985
54.7369 30.75 29.0831 0.116975
54.7369 31.25 29.0531 0.116967
54.7369 31.75 29.0304 0.116959
54.7369 32.25 29.0139 0.116953
54.7369 32.75 29.0026 0.116948
54.7369 33.25 28.9957 0.116943
54.7369 33.75 28.9924 0.116939
54.7369 34.25 28.9921 0.116936
54.7369 34.75 28.9942 0.116933
54.7369 35.25 28.9982 0.11693
54.7369 35.75 29.0036 0.116928
54.7369 36.25 29.0101 0.116927
54.7369 36.75 29.0173 0.116925
54.7369 37.25 29.025 0.116924
54.7369 37.75 29.0329 0.116923
54.7369 38.25 29.0407 0.116922
54.7369 38.75 29.0484 0.116921
54.7369 39.25 29.0557 0.11692
54.7369 39.75 29.0625 0.11692
54.7369 40.25 29.0688 0.116919
54.7369 40.75 29.0745 0.116918
54.7369 41.25 29.0794 0.116918
54.7369 41.75 29.0836 0.116917
54.7369 42.25 29.087 0.116916
54.7369 42.75 29.0896 0.116915
54.7369 43.25 29.0913 0.116914
54.7369 43.75 29.0922 0.116913
54.7369 44.25 29.0923 0.116912
54.7369 44.75 29.0915 0.11691
54.7369 45.25 29.0898 0.116909
54.7369 45.75 29.0874 0.116907
54.7369 46.25 29.0841 0.116904
54.7369 46.75 29.0801 0.116901
54.7369 47.25 29.0753 0.116898
54.7369 47.75 29.0697 0.116894
54.7369 48.25 29.0635 0.116889
54.7369 48.75 29.0565 0.116883
54.7369 49.25 29.0489 0.116877
54.7369 49.75 29.0407 0.11687
54.7369 50.25 29.0319 0.116862
54.7369 50.75 29.0225 0.116852
54.7369 51.25 29.0126 0.116842
54.7369 51.75 29.0022 0.116829
54.7369 52.25 28.9913 0.116815
54.7369 52.75 28.9799 0.116799
54.7369 53.25 28.9681 0.116781
54.7369 53.75 28.956 0.116761
54.7369 54.25 28.9435 0.116738
54.7369 54.75 28.9306 0.116713
54.7369 55.25 28.9175 0.116687
54.7369 55.75 28.9041 0.116661
54.7369 56.25 28.8904 0.116641
54.7369 56.75 28.8765 0.11663
54.7369 57.25 28.8625 0.116637
54.7369 57.75 28.8483 0.116673
54.7369 58.25 28.8339 0.116748
54.7369 58.75 28.8195 0.116872
54.7369 59.25 28.805 0.117049
54.7369 59.75 28.7905 0.11727

55.2256 0.25 308.507 0.005
55.2256 0.75 270.971 0.005
55.2256 1.25 235.037 0.005
55.2256 1.75 200.847 0.005
55.2256 2.25 168.526 0.00500042
55.2256 2.75 138.461 0.00530797
55.2256 3.25 116.393 0.0152136
55.2256 3.75 105.49 0.0477089
55.2256 4.25 99.5795 0.0636776
55.2256 4.75 94.23 0.063485
55.2256 5.25 89.0395 0.0623118
55.2256 5.75 83.962 0.0600581
55.2256 6.25 78.9154 0.0553223
55.2256 6.75 73.0048 0.0264221
55.2256 7.25 63.6503 0.005
55.2256 7.75 61.0371 0.0807382
55.2256 8.25 59.5815 0.102452
55.2256 8.75 58.0938 0.102338
55.2256 9.25 56.6098 0.102767
55.2256 9.75 55.1328 0.103016
55.2256 10.25 53.6673 0.103141
55.2256 10.75 52.2178 0.103182
55.2256 11.25 50.7888 0.103157
55.2256 11.75 49.385 0.103082
55.2256 12.25 48.011 0.102966
55.2256 12.75 46.6714 0.102818
55.2256 13.25 45.3707 0.102644
55.2256 13.75 44.1129 0.102451
55.2256 14.25 42.902 0.102245
55.2256 14.75 41.7413 0.102031
55.2256 15.25 40.6336 0.101813
55.2256 15.75 39.5812 0.101595
55.2256 16.25 38.5858 0.101381
55.2256 16.75 37.6484 0.101173
55.2256 17.25 36.7697 0.100973
55.2256 17.75 35.9494 0.100784
55.2256 18.25 35.187 0.100606
55.2256 18.75 34.4813 0.100441
55.2256 19.25 33.831 0.100289
55.2256 19.75 33.2341 0.100151
55.2256 20.25 32.6886 0.100025
55.2256 20.75 32.1919 0.0999109
55.2256 21.25 31.7417 0.0998088
55.2256 21.75 31.3353 0.0997175
55.2256 22.25 30.97 0.0996362
55.2256 22.75 30.6429 0.099564
55.2256 23.25 30.3514 0.0995001
55.2256 23.75 30.0929 0.0994436
55.2256 24.25 29.8646 0.0993938
55.2256 24.75 29.664 0.0993499
55.2256 25.25 29.4887 0.0993114
55.2256 25.75 29.3364 0.0992775
55.2256 26.25 29.205 0.0992479
55.2256 26.75 29.0922 0.099222
55.2256 27.25 28.9963 0.0991995
55.2256 27.75 28.9155 0.0991798
55.2256 28.25 28.8479 0.0991628
55.2256 28.75 28.7923 0.099148
55.2256 29.25 28.747 0.0991353
55.2256 29.75 28.7109 0.0991244
55.2256 30.25 28.6828 0.099115
55.2256 30.75 28.6616 0.099107
55.2256 31.25 28.6463 0.0991002
55.2256 31.75 28.6361 0.0990945
55.2256 32.25 28.6302 0.0990897
55.2256 32.75 28.6279 0.0990856
55.2256 33.25 28.6287 0.0990823
55.2256 33.75 28.6318 0.0990795
55.2256 34.25 28.6369 0.0990773
55.2256 34.75 28.6435 0.0990755
55.2256 35.25 28.6512 0.099074
55.2256 35.75 28.6598 0.0990728
55.2256 36.25 28.6689 0.0990719
55.2256 36.75 28.6782 0.0990712
55.2256 37.25 28.6877 0.0990706
55.2256 37.75 28.697 0.0990702
55.2256 38.25 28.706 0.0990698
55.2256 38.75 28.7146 0.0990695
55.2256 39.25 28.7227 0.0990693
55.2256 39.75 28.7302 0.099069
55.2256 40.25 28.737 0.0990688
55.2256 40.75 28.7431 0.0990685
55.2256 41.25 28.7485 0.0990683
55.2256 41.75 28.753 0.0990679
55.2256 42.25 28.7567 0.0990676
55.2256 42.75 28.7595 0.0990672
55.2256 43.25 28.7615 0.0990667
55.2256 43.75 28.7626 0.0990662
55.2256 44.25 28.7629 0.0990656
55.2256 44.75 28.7624 0.0990649
55.2256 45.25 28.7611 0.0990641
55.2256 45.75 28.7589 0.0990633
55.2256 46.25 28.756 0.0990624
55.2256 46.75 28.7523 0.0990614
55.2256 47.25 28.7478 0.0990604
55.2256 47.75 28.7427 0.0990592
55.2256 48.25 28.7368 0.0990579
55.2256 48.75 28.7303 0.0990565
55.2256 49.25 28.7232 0.0990549
55.2256 49.75 28.7155 0.099053
55.2256 50.25 28.7072 0.0990507
55.2256 50.75 28.6984 0.0990477
55.2256 51.25 28.689 0.0990437
55.2256 51.75 28.6792 0.0990383
55.2256 52.25 28.6689 0.0990308
55.2256 52.75 28.6582 0.0990206
55.2256 53.25 28.6471 0.0990066
55.2256 53.75 28.6357 0.098988
55.2256 54.25 28.6238 0.0989633
55.2256 54.75 28.6117 0.0989312
55.2256 55.25 28.5993 0.0988897
55.2256 55.75 28.5867 0.0988362
55.2256 56.25 28.5738 0.0987676
55.2256 56.75 28.5607 0.098681
55.2256 57.25 28.5474 0.0985775
55.2256 57.75 28.534 0.0984707
55.2256 58.25 28.5204 0.0984011
55.2256 58.75 28.5068 0.0984514
55.2256 59.25 28.4931 0.0987372
55.2256 59.75 28.4794 0.0993251

55.7143 0.25 308.645 0.005
55.7143 0.75 271.39 0.005
55.7143 1.25 235.749 0.005
55.7143 1.75 201.869 0.005
55.7143 2.25 169.879 0.00500032
55.7143 2.75 140.104 0.00523963
55.7143 3.25 117.604 0.013684
55.7143 3.75 106.231 0.0441603
55.7143 4.25 100.317 0.0643187
55.7143 4.75 95.1727 0.0641701
55.7143 5.25 90.1857 0.0635375
55.7143 5.75 85.3513 0.0625726
55.7143 6.25 80.6658 0.0615024
55.7143 6.75 76.1561 0.0618888
55.7143 7.25 71.8573 0.0627026
55.7143 7.75 67.7713 0.0630363
55.7143 8.25 63.9043 0.0638012
55.7143 8.75 60.2727 0.0643733
55.7143 9.25 56.8845 0.0645581
55.7143 9.75 53.6676 0.058635
55.7143 10.25 50.6603 0.0629229
55.7143 10.75 48.9381 0.0708068
55.7143 11.25 47.7213 0.0928784
55.7143 11.75 46.5109 0.0928808
55.7143 12.25 45.3133 0.0928857
55.7143 12.75 44.1343 0.0927764
55.7143 13.25 42.9816 0.092593
55.7143 13.75 41.8627 0.0923597
55.7143 14.25 40.7842 0.0920951
55.7143 14.75 39.7514 0.0918142
55.7143 15.25 38.768 0.0915297
55.7143 15.75 37.8366 0.0912512
55.7143 16.25 36.9586 0.0909857
55.7143 16.75 36.1347 0.0907378
55.7143 17.25 35.3648 0.0905099
55.7143 17.75 34.6484 0.0903026
55.7143 18.25 33.9844 0.0901157
55.7143 18.75 33.3713 0.089948
55.7143 19.25 32.8075 0.0897983
55.7143 19.75 32.291 0.0896648
55.7143 20.25 31.8198 0.0895462
55.7143 20.75 31.3914 0.0894408
55.7143 21.25 31.0036 0.0893473
55.7143 21.75 30.654 0.0892644
55.7143 22.25 30.34 0.0891911
55.7143 22.75 30.0594 0.0891262
55.7143 23.25 29.8095 0.0890689
55.7143 23.75 29.5881 0.0890183
55.7143 24.25 29.393 0.0889737
55.7143 24.75 29.2218 0.0889345
55.7143 25.25 29.0725 0.0889
55.7143 25.75 28.943 0.0888697
55.7143 26.25 28.8316 0.0888432
55.7143 26.75 28.7363 0.0888201
55.7143 27.25 28.6555 0.0888
55.7143 27.75 28.5877 0.0887824
55.7143 28.25 28.5315 0.0887673
55.7143 28.75 28.4854 0.0887542
55.7143 29.25 28.4484 0.0887429
55.7143 29.75 28.4192 0.0887333
55.7143 30.25 28.3968 0.0887251
55.7143 30.75 28.3804 0.0887181
55.7143 31.25 28.3691 0.0887122
55.7143 31.75 28.3621 0.0887073
55.7143 32.25 28.3588 0.0887032
55.7143 32.75 28.3585 0.0886998
55.7143 33.25 28.3607 0.088697
55.7143 33.75 28.365 0.0886948
55.7143 34.25 28.3709 0.088693
55.7143 34.75 28.378 0.0886916
55.7143 35.25 28.386 0.0886905
55.7143 35.75 28.3946 0.0886896
55.7143 36.25 28.4036 0.088689
55.7143 36.75 28.4128 0.0886885
55.7143 37.25 28.4219 0.0886882
55.7143 37.75 28.4308 0.0886879
55.7143 38.25 28.4394 0.0886877
55.7143 38.75 28.4475 0.0886876
55.7143 39.25 28.4552 0.0886875
55.7143 39.75 28.4622 0.0886874
55.7143 40.25 28.4685 0.0886872
55.7143 40.75 28.4742 0.0886871
55.7143 41.25 28.479 0.0886869
55.7143 41.75 28.4831 0.0886866
55.7143 42.25 28.4864 0.0886864
55.7143 42.75 28.4889 0.088686
55.7143 43.25 28.4906 0.0886856
55.7143 43.75 28.4915 0.0886851
55.7143 44.25 28.4916 0.0886845
55.7143 44.75 28.4909 0.0886839
55.7143 45.25 28.4894 0.0886832
55.7143 45.75 28.4872 0.0886824
55.7143 46.25 28.4843 0.0886815
55.7143 46.75 28.4806 0.0886806
55.7143 47.25 28.4762 0.0886795
55.7143 47.75 28.4712 0.0886784
55.7143 48.25 28.4656 0.0886773
55.7143 48.75 28.4593 0.088676
55.7143 49.25 28.4525 0.0886747
55.7143 49.75 28.4451 0.0886734
55.7143 50.25 28.4371 0.088672
55.7143 50.75 28.4287 0.0886705
55.7143 51.25 28.4198 0.0886689
55.7143 51.75 28.4105 0.0886673
55.7143 52.25 28.4007 0.0886655
55.7143 52.75 28.3905 0.0886635
55.7143 53.25 28.38 0.0886611
55.7143 53.75 28.3692 0.0886578
55.7143 54.25 28.358 0.0886524
55.7143 54.75 28.3466 0.0886432
55.7143 55.25 28.3348 0.0886269
55.7143 55.75 28.3229 0.0885985
55.7143 56.25 28.3107 0.0885508
55.7143 56.75 28.2984 0.0884741
55.7143 57.25 28.2859 0.0883546
55.7143 57.75 28.2732 0.0881719
55.7143 58.25 28.2605 0.0879046
55.7143 58.75 28.2476 0.0875841
55.7143 59.25 28.2347 0.087499
55.7143 59.75 28.2218 0.0884097

56.2031 0.25 308.691 0.005
56.2031 0.75 271.534 0.005
56.2031 1.25 235.997 0.005
56.2031 1.75 202.224 0.005
56.2031 2.25 170.348 0.00500027
56.2031 2.75 140.668 0.00521493
56.2031 3.25 118.025 0.0132759
56.2031 3.75 106.492 0.0432782
56.2031 4.25 100.586 0.0646406
56.2031 4.75 95.598 0.0650006
56.2031 5.25 90.7813 0.0650008
56.2031 5.75 86.1453 0.0650009
56.2031 6.25 81.6983 0.0650009
56.2031 6.75 77.4445 0.0650009
56.2031 7.25 73.3858 0.0650007
56.2031 7.75 69.5225 0.0649992
56.2031 8.25 65.8532 0.0649984
56.2031 8.75 62.3761 0.0649901
56.2031 9.25 59.0885 0.0649924
56.2031 9.75 55.9875 0.0649874
56.2031 10.25 53.0697 0.0648827
56.2031 10.75 50.3341 0.0647876
56.2031 11.25 47.7863 0.0648871
56.2031 11.75 45.4303 0.0643176
56.2031 12.25 43.269 0.0636519
56.2031 12.75 41.3035 0.0642062
56.2031 13.25 40.0038 0.0661367
56.2031 13.75 39.0472 0.0834806
56.2031 14.25 38.1303 0.0829904
56.2031 14.75 37.246 0.0827059
56.2031 15.25 36.4002 0.0824227
56.2031 15.75 35.598 0.082161
56.2031 16.25 34.8431 0.0819233
56.2031 16.75 34.1373 0.0817092
56.2031 17.25 33.4812 0.0815173
56.2031 17.75 32.8745 0.0813456
56.2031 18.25 32.3161 0.0811925
56.2031 18.75 31.8044 0.0810561
56.2031 19.25 31.3375 0.0809348
56.2031 19.75 30.9132 0.080827
56.2031 20.25 30.5293 0.0807314
56.2031 20.75 30.1832 0.0806466
56.2031 21.25 29.8728 0.0805715
56.2031 21.75 29.5954 0.0805051
56.2031 22.25 29.3487 0.0804465
56.2031 22.75 29.1303 0.0803947
56.2031 23.25 28.938 0.0803491
56.2031 23.75 28.7696 0.080309
56.2031 24.25 28.6229 0.0802738
56.2031 24.75 28.496 0.0802429
56.2031 25.25 28.3869 0.080216
56.2031 25.75 28.2939 0.0801924
56.2031 26.25 28.2153 0.080172
56.2031 26.75 28.1496 0.0801542
56.2031 27.25 28.0953 0.0801389
56.2031 27.75 28.0511 0.0801257
56.2031 28.25 28.0158 0.0801143
56.2031 28.75 27.9883 0.0801047
56.2031 29.25 27.9675 0.0800965
56.2031 29.75 27.9526 0.0800895
56.2031 30.25 27.9428 0.0800837
56.2031 30.75 27.9372 0.0800789
56.2031 31.25 27.9352 0.0800749
56.2031 31.75 27.9362 0.0800717
56.2031 32.25 27.9397 0.0800691
56.2031 32.75 27.9451 0.080067
56.2031 33.25 27.9522 0.0800653
56.2031 33.75 27.9604 0.0800641
56.2031 34.25 27.9696 0.0800632
56.2031 34.75 27.9793 0.0800625
56.2031 35.25 27.9894 0.080062
56.2031 35.75 27.9996 0.0800617
56.2031 36.25 28.0098 0.0800616
56.2031 36.75 28.0198 0.0800615
56.2031 37.25 28.0294 0.0800615
56.2031 37.75 28.0386 0.0800616
56.2031 38.25 28.0473 0.0800616
56.2031 38.75 28.0554 0.0800617
56.2031 39.25 28.0628 0.0800617
56.2031 39.75 28.0695 0.0800617
56.2031 40.25 28.0754 0.0800617
56.2031 40.75 28.0806 0.0800616
56.2031 41.25 28.0849 0.0800615
56.2031 41.75 28.0885 0.0800613
56.2031 42.25 28.0913 0.080061
56.2031 42.75 28.0932 0.0800606
56.2031 43.25 28.0944 0.0800602
56.2031 43.75 28.0948 0.0800597
56.2031 44.25 28.0944 0.0800591
56.2031 44.75 28.0932 0.0800585
56.2031 45.25 28.0913 0.0800577
56.2031 45.75 28.0887 0.0800569
56.2031 46.25 28.0854 0.080056
56.2031 46.75 28.0815 0.080055
56.2031 47.25 28.0769 0.080054
56.2031 47.75 28.0717 0.0800528
56.2031 48.25 28.0659 0.0800516
56.2031 48.75 28.0595 0.0800504
56.2031 49.25 28.0526 0.080049
56.2031 49.75 28.0451 0.0800476
56.2031 50.25 28.0372 0.0800462
56.2031 50.75 28.0289 0.0800446
56.2031 51.25 28.0201 0.0800431
56.2031 51.75 28.0108 0.0800414
56.2031 52.25 28.0013 0.0800397
56.2031 52.75 27.9913 0.080038
56.2031 53.25 27.981 0.0800362
56.2031 53.75 27.9704 0.0800344
56.2031 54.25 27.9596 0.0800325
56.2031 54.75 27.9484 0.0800306
56.2031 55.25 27.9371 0.0800286
56.2031 55.75 27.9255 0.0800261
56.2031 56.25 27.9137 0.0800218
56.2031 56.75 27.9018 0.0800112
56.2031 57.25 27.8897 0.0799811
56.2031 57.75 27.8775 0.0798982
56.2031 58.25 27.8651 0.079692
56.2031 58.75 27.8527 0.0792244
56.2031 59.25 27.8403 0.0783149
56.2031 59.75 27.8277 0.0782182

56.6918 0.25 308.787 0.005
56.6918 0.75 271.819 0.005
56.6918 1.25 236.462 0.005
56.6918 1.75 202.855 0.005
56.6918 2.25 171.124 0.00500019
56.6918 2.75 141.528 0.00517394
56.6918 3.25 118.531 0.0124238
56.6918 3.75 106.649 0.0418499
56.6918 4.25 100.603 0.0646259
56.6918 4.75 95.5389 0.0650006
56.6918 5.25 90.6497 0.0650008
56.6918 5.75 85.9451 0.0650008
56.6918 6.25 81.4339 0.0650008
56.6918 6.75 77.1207 0.0649995
56.6918 7.25 73.0075 0.0649994
56.6918 7.75 69.0942 0.0649912
56.6918 8.25 65.3793 0.0649881
56.6918 8.75 61.8602 0.0649838
56.6918 9.25 58.5328 0.0649687
56.6918 9.75 55.3889 0.064707
56.6918 10.25 52.4244 0.0648575
56.6918 10.75 49.6068 0.0622365
56.6918 11.25 46.9415 0.0635927
56.6918 11.75 44.3408 0.0531414
56.6918 12.25 42.7012 0.0691596
56.6918 12.75 41.5589 0.0847766
56.6918 13.25 40.4694 0.0837571
56.6918 13.75 39.4291 0.0834581
56.6918 14.25 38.4401 0.0831262
56.6918 14.75 37.5034 0.0828048
56.6918 15.25 36.6198 0.0825059
56.6918 15.75 35.7896 0.0822333
56.6918 16.25 35.0126 0.0819873
56.6918 16.75 34.2881 0.0817664
56.6918 17.25 33.6153 0.0815686
56.6918 17.75 32.9929 0.0813918
56.6918 18.25 32.4193 0.081234
56.6918 18.75 31.8928 0.0810935
56.6918 19.25 31.4113 0.0809685
56.6918 19.75 30.9729 0.0808574
56.6918 20.25 30.5753 0.0807587
56.6918 20.75 30.2163 0.0806713
56.6918 21.25 29.8934 0.0805938
56.6918 21.75 29.6043 0.0805253
56.6918 22.25 29.3467 0.0804648
56.6918 22.75 29.1183 0.0804115
56.6918 23.25 28.9168 0.0803645
56.6918 23.75 28.7399 0.0803231
56.6918 24.25 28.5857 0.0802869
56.6918 24.75 28.4519 0.0802551
56.6918 25.25 28.3367 0.0802274
56.6918 25.75 28.2382 0.0802032
56.6918 26.25 28.1548 0.0801822
56.6918 26.75 28.0848 0.080164
56.6918 27.25 28.0266 0.0801482
56.6918 27.75 27.9791 0.0801347
56.6918 28.25 27.9408 0.0801231
56.6918 28.75 27.9106 0.0801132
56.6918 29.25 27.8875 0.0801048
56.6918 29.75 27.8705 0.0800977
56.6918 30.25 27.8587 0.0800918
56.6918 30.75 27.8513 0.0800868
56.6918 31.25 27.8477 0.0800827
56.6918 31.75 27.8472 0.0800794
56.6918 32.25 27.8493 0.0800766
56.6918 32.75 27.8534 0.0800745
56.6918 33.25 27.8592 0.0800727
56.6918 33.75 27.8663 0.0800714
56.6918 34.25 27.8742 0.0800704
56.6918 34.75 27.8828 0.0800696
56.6918 35.25 27.8918 0.080069
56.6918 35.75 27.9009 0.0800686
56.6918 36.25 27.91 0.0800684
56.6918 36.75 27.9189 0.0800682
56.6918 37.25 27.9274 0.0800681
56.6918 37.75 27.9356 0.080068
56.6918 38.25 27.9432 0.0800679
56.6918 38.75 27.9502 0.0800679
56.6918 39.25 27.9565 0.0800678
56.6918 39.75 27.9622 0.0800676
56.6918 40.25 27.967 0.0800675
56.6918 40.75 27.9711 0.0800672
56.6918 41.25 27.9745 0.080067
56.6918 41.75 27.977 0.0800666
56.6918 42.25 27.9787 0.0800662
56.6918 42.75 27.9796 0.0800657
56.6918 43.25 27.9797 0.0800651
56.6918 43.75 27.979 0.0800645
56.6918 44.25 27.9776 0.0800637
56.6918 44.75 27.9754 0.0800629
56.6918 45.25 27.9725 0.080062
56.6918 45.75 27.9689 0.080061
56.6918 46.25 27.9645 0.0800599
56.6918 46.75 27.9596 0.0800588
56.6918 47.25 27.9539 0.0800576
56.6918 47.75 27.9477 0.0800563
56.6918 48.25 27.9409 0.0800549
56.6918 48.75 27.9335 0.0800535
56.6918 49.25 27.9256 0.080052
56.6918 49.75 27.9171 0.0800504
56.6918 50.25 27.9082 0.0800488
56.6918 50.75 27.8988 0.0800471
56.6918 51.25 27.889 0.0800454
56.6918 51.75 27.8788 0.0800436
56.6918 52.25 27.8682 0.0800418
56.6918 52.75 27.8573 0.0800399
56.6918 53.25 27.846 0.0800379
56.6918 53.75 27.8344 0.080036
56.6918 54.25 27.8226 0.0800339
56.6918 54.75 27.8105 0.0800319
56.6918 55.25 27.7981 0.0800297
56.6918 55.75 27.7855 0.080027
56.6918 56.25 27.7728 0.0800226
56.6918 56.75 27.7599 0.0800118
56.6918 57.25 27.7468 0.0799816
56.6918 57.75 27.7336 0.0798996
56.6918 58.25 27.7203 0.0796988
56.6918 58.75 27.7069 0.0792594
56.6918 59.25 27.6935 0.078488
56.6918 59.75 27.68 0.0788954

57.1805 0.25 308.61 0.005
57.1805 0.75 271.29 0.005
57.1805 1.25 235.586 0.005
57.1805 1.75 201.644 0.005
57.1805 2.25 169.592 0.00500034
57.1805 2.75 139.764 0.00525255
57.1805 3.25 117.339 0.014023
57.1805 3.75 106.067 0.0451675
57.1805 4.25 100.191 0.0649469
57.1805 4.75 95.0237 0.0650007
57.1805 5.25 90.0411 0.0649994
57.1805 5.75 85.2474 0.0649992
57.1805 6.25 80.6427 0.0649873
57.1805 6.75 76.2257 0.0649865
57.1805 7.25 71.9941 0.064941
57.1805 7.75 67.9457 0.0649692
57.1805 8.25 64.0715 0.064529
57.1805 8.75 60.3711 0.0648343
57.1805 9.25 56.8334 0.0639811
57.1805 9.75 53.4541 0.064538
57.1805 10.25 50.0969 0.0565904
57.1805 10.75 48.0806 0.0650496
57.1805 11.25 46.7105 0.0738152
57.1805 11.75 45.394 0.0904848
57.1805 12.25 44.1148 0.0903035
57.1805 12.75 42.8788 0.0901574
57.1805 13.25 41.6897 0.0899401
57.1805 13.75 40.5505 0.0896756
57.1805 14.25 39.4639 0.0893842
57.1805 14.75 38.4317 0.0890831
57.1805 15.25 37.4555 0.0887858
57.1805 15.75 36.5359 0.088502
57.1805 16.25 35.6734 0.0882376
57.1805 16.75 34.8677 0.0879957
57.1805 17.25 34.1183 0.0877768
57.1805 17.75 33.4241 0.0875804
57.1805 18.25 32.7836 0.0874051
57.1805 18.75 32.1951 0.087249
57.1805 19.25 31.6566 0.0871105
57.1805 19.75 31.1658 0.0869876
57.1805 20.25 30.7204 0.0868788
57.1805 20.75 30.3179 0.0867826
57.1805 21.25 29.9556 0.0866976
57.1805 21.75 29.6309 0.0866225
57.1805 22.25 29.3413 0.0865562
57.1805 22.75 29.0842 0.0864979
57.1805 23.25 28.8569 0.0864465
57.1805 23.75 28.6571 0.0864014
57.1805 24.25 28.4823 0.0863618
57.1805 24.75 28.3303 0.086327
57.1805 25.25 28.199 0.0862967
57.1805 25.75 28.0864 0.0862702
57.1805 26.25 27.9904 0.0862471
57.1805 26.75 27.9095 0.086227
57.1805 27.25 27.8418 0.0862096
57.1805 27.75 27.7859 0.0861946
57.1805 28.25 27.7405 0.0861817
57.1805 28.75 27.7042 0.0861706
57.1805 29.25 27.6758 0.0861611
57.1805 29.75 27.6544 0.0861531
57.1805 30.25 27.6389 0.0861463
57.1805 30.75 27.6285 0.0861406
57.1805 31.25 27.6224 0.0861358
57.1805 31.75 27.6199 0.0861318
57.1805 32.25 27.6205 0.0861286
57.1805 32.75 27.6235 0.0861259
57.1805 33.25 27.6285 0.0861238
57.1805 33.75 27.635 0.0861221
57.1805 34.25 27.6427 0.0861207
57.1805 34.75 27.6512 0.0861197
57.1805 35.25 27.6603 0.0861189
57.1805 35.75 27.6697 0.0861183
57.1805 36.25 27.6791 0.0861179
57.1805 36.75 27.6885 0.0861176
57.1805 37.25 27.6977 0.0861173
57.1805 37.75 27.7065 0.0861172
57.1805 38.25 27.7148 0.086117
57.1805 38.75 27.7225 0.0861169
57.1805 39.25 27.7296 0.0861168
57.1805 39.75 27.7361 0.0861166
57.1805 40.25 27.7417 0.0861165
57.1805 40.75 27.7466 0.0861162
57.1805 41.25 27.7507 0.086116
57.1805 41.75 27.754 0.0861157
57.1805 42.25 27.7564 0.0861153
57.1805 42.75 27.758 0.0861148
57.1805 43.25 27.7589 0.0861143
57.1805 43.75 27.7589 0.0861137
57.1805 44.25 27.7581 0.086113
57.1805 44.75 27.7565 0.0861123
57.1805 45.25 27.7542 0.0861115
57.1805 45.75 27.7511 0.0861106
57.1805 46.25 27.7473 0.0861096
57.1805 46.75 27.7428 0.0861086
57.1805 47.25 27.7377 0.0861074
57.1805 47.75 27.7319 0.0861063
57.1805 48.25 27.7255 0.086105
57.1805 48.75 27.7185 0.0861037
57.1805 49.25 27.7109 0.0861023
57.1805 49.75 27.7028 0.0861008
57.1805 50.25 27.6942 0.0860993
57.1805 50.75 27.6851 0.0860977
57.1805 51.25 27.6756 0.0860961
57.1805 51.75 27.6656 0.0860944
57.1805 52.25 27.6552 0.0860927
57.1805 52.75 27.6445 0.0860909
57.1805 53.25 27.6334 0.0860889
57.1805 53.75 27.622 0.0860867
57.1805 54.25 27.6103 0.0860838
57.1805 54.75 27.5983 0.0860794
57.1805 55.25 27.5861 0.0860713
57.1805 55.75 27.5736 0.0860556
57.1805 56.25 27.561 0.0860252
57.1805 56.75 27.5481 0.0859691
57.1805 57.25 27.5352 0.0858716
57.1805 57.75 27.522 0.08571
57.1805 58.25 27.5088 0.0854528
57.1805 58.75 27.4955 0.0850915
57.1805 59.25 27.4821 0.0848643
57.1805 59.75 27.4687 0.0858107

57.6692 0.25 308.664 0.005
57.6692 0.75 271.445 0.005
57.6692 1.25 235.838 0.005
57.6692 1.75 201.989 0.005
57.6692 2.25 170.028 0.00500031
57.6692 2.75 140.277 0.00523328
57.6692 3.25 117.736 0.0135023
57.6692 3.75 106.33 0.0438817
57.6692 4.25 100.438 0.0647879
57.6692 4.75 95.3817 0.0650006
57.6692 5.25 90.4933 0.0649969
57.6692 5.75 85.7818 0.0649971
57.6692 6.25 81.2526 0.0649942
57.6692 6.75 76.9081 0.0649858
57.6692 7.25 72.7495 0.0649924
57.6692 7.75 68.777 0.064931
57.6692 8.25 64.9925 0.0649713
57.6692 8.75 61.3982 0.0649101
57.6692 9.25 57.9968 0.064924
57.6692 9.75 54.7899 0.0647679
57.6692 10.25 51.7753 0.0645887
57.6692 10.75 48.9478 0.0645561
57.6692 11.25 46.2772 0.0626012
57.6692 11.75 44.5959 0.0662554
57.6692 12.25 43.3958 0.0880956
57.6692 12.75 42.2388 0.0897338
57.6692 13.25 41.1184 0.0895771
57.6692 13.75 40.0361 0.0893435
57.6692 14.25 38.9948 0.0890718
57.6692 14.75 37.9978 0.088785
57.6692 15.25 37.0482 0.0884989
57.6692 15.75 36.1489 0.0882243
57.6692 16.25 35.302 0.0879676
57.6692 16.75 34.5086 0.0877323
57.6692 17.25 33.769 0.0875192
57.6692 17.75 33.0831 0.0873278
57.6692 18.25 32.4499 0.0871569
57.6692 18.75 31.8678 0.0870047
57.6692 19.25 31.3351 0.0868695
57.6692 19.75 30.8497 0.0867496
57.6692 20.25 30.4091 0.0866434
57.6692 20.75 30.011 0.0865494
57.6692 21.25 29.6526 0.0864663
57.6692 21.75 29.3316 0.0863929
57.6692 22.25 29.0451 0.0863281
57.6692 22.75 28.7907 0.086271
57.6692 23.25 28.5659 0.0862207
57.6692 23.75 28.3682 0.0861764
57.6692 24.25 28.1952 0.0861375
57.6692 24.75 28.0449 0.0861034
57.6692 25.25 27.915 0.0860735
57.6692 25.75 27.8035 0.0860474
57.6692 26.25 27.7086 0.0860247
57.6692 26.75 27.6287 0.0860049
57.6692 27.25 27.5619 0.0859878
57.6692 27.75 27.5069 0.0859729
57.6692 28.25 27.4623 0.0859602
57.6692 28.75 27.4268 0.0859492
57.6692 29.25 27.3993 0.0859399
57.6692 29.75 27.3788 0.0859319
57.6692 30.25 27.3642 0.0859252
57.6692 30.75 27.3548 0.0859196
57.6692 31.25 27.3497 0.0859149
57.6692 31.75 27.3483 0.0859111
57.6692 32.25 27.35 0.0859079
57.6692 32.75 27.3542 0.0859054
57.6692 33.25 27.3604 0.0859033
57.6692 33.75 27.3682 0.0859017
57.6692 34.25 27.3772 0.0859005
57.6692 34.75 27.3871 0.0858996
57.6692 35.25 27.3976 0.085899
57.6692 35.75 27.4085 0.0858985
57.6692 36.25 27.4194 0.0858982
57.6692 36.75 27.4304 0.0858981
57.6692 37.25 27.4411 0.085898
57.6692 37.75 27.4514 0.085898
57.6692 38.25 27.4613 0.0858981
57.6692 38.75 27.4706 0.0858981
57.6692 39.25 27.4793 0.0858982
57.6692 39.75 27.4873 0.0858983
57.6692 40.25 27.4946 0.0858983
57.6692 40.75 27.5011 0.0858983
57.6692 41.25 27.5067 0.0858983
57.6692 41.75 27.5116 0.0858982
57.6692 42.25 27.5156 0.085898
57.6692 42.75 27.5188 0.0858978
57.6692 43.25 27.5212 0.0858975
57.6692 43.75 27.5227 0.0858972
57.6692 44.25 27.5235 0.0858967
57.6692 44.75 27.5234 0.0858962
57.6692 45.25 27.5226 0.0858956
57.6692 45.75 27.5209 0.085895
57.6692 46.25 27.5186 0.0858942
57.6692 46.75 27.5156 0.0858934
57.6692 47.25 27.5118 0.0858925
57.6692 47.75 27.5074 0.0858916
57.6692 48.25 27.5024 0.0858905
57.6692 48.75 27.4967 0.0858894
57.6692 49.25 27.4905 0.0858883
57.6692 49.75 27.4837 0.0858871
57.6692 50.25 27.4764 0.0858858
57.6692 50.75 27.4686 0.0858844
57.6692 51.25 27.4603 0.085883
57.6692 51.75 27.4516 0.0858816
57.6692 52.25 27.4424 0.08588
57.6692 52.75 27.4329 0.0858784
57.6692 53.25 27.423 0.0858767
57.6692 53.75 27.4127 0.0858748
57.6692 54.25 27.4022 0.0858723
57.6692 54.75 27.3914 0.0858683
57.6692 55.25 27.3803 0.0858609
57.6692 55.75 27.369 0.0858462
57.6692 56.25 27.3574 0.0858171
57.6692 56.75 27.3457 0.0857622
57.6692 57.25 27.3339 0.0856643
57.6692 57.75 27.3218 0.0854972
57.6692 58.25 27.3097 0.0852219
57.6692 58.75 27.2975 0.0848109
57.6692 59.25 27.2852 0.084466
57.6692 59.75 27.2729 0.08526

58.158 0.25 308.747 0.005
58.158 0.75 271.684 0.005
58.158 1.25 236.218 0.005
58.158 1.75 202.498 0.005
58.158 2.25 170.653 0.00500025
58.158 2.75 140.979 0.00520324
58.158 3.25 118.262 0.0128409
58.158 3.75 106.674 0.0422506
58.158 4.25 100.756 0.0644127
58.158 4.75 95.8433 0.0650006
58.158 5.25 91.0923 0.0650008
58.158 5.75 86.5086 0.0650009
58.158 6.25 82.1015 0.0650008
58.158 6.75 77.8771 0.065
58.158 7.25 73.8384 0.0649994
58.158 7.75 69.9866 0.0649976
58.158 8.25 66.3214 0.0649958
58.158 8.75 62.841 0.0649787
58.158 9.25 59.5429 0.0649891
58.158 9.75 56.423 0.0649539
58.158 10.25 53.4763 0.064938
58.158 10.75 50.6943 0.0646529
58.158 11.25 48.0714 0.0647393
58.158 11.75 45.5881 0.0631917
58.158 12.25 43.177 0.0568463
58.158 12.75 41.5964 0.0655288
58.158 13.25 40.473 0.0824435
58.158 13.75 39.4127 0.0840959
58.158 14.25 38.4034 0.0837896
58.158 14.75 37.4458 0.0834717
58.158 15.25 36.5409 0.0831714
58.158 15.75 35.6889 0.0828961
58.158 16.25 34.89 0.082647
58.158 16.75 34.1438 0.082423
58.158 17.25 33.4493 0.0822222
58.158 17.75 32.8055 0.0820427
58.158 18.25 32.2111 0.0818824
58.158 18.75 31.6642 0.0817395
58.158 19.25 31.163 0.0816122
58.158 19.75 30.7056 0.081499
58.158 20.25 30.2897 0.0813984
58.158 20.75 29.9131 0.0813091
58.158 21.25 29.5735 0.0812299
58.158 21.75 29.2686 0.0811596
58.158 22.25 28.9959 0.0810975
58.158 22.75 28.7533 0.0810426
58.158 23.25 28.5384 0.0809941
58.158 23.75 28.349 0.0809513
58.158 24.25 28.183 0.0809136
58.158 24.75 28.0384 0.0808805
58.158 25.25 27.9131 0.0808515
58.158 25.75 27.8054 0.0808261
58.158 26.25 27.7135 0.0808039
58.158 26.75 27.6358 0.0807845
58.158 27.25 27.5708 0.0807678
58.158 27.75 27.5171 0.0807532
58.158 28.25 27.4733 0.0807407
58.158 28.75 27.4383 0.0807299
58.158 29.25 27.411 0.0807207
58.158 29.75 27.3904 0.0807129
58.158 30.25 27.3756 0.0807063
58.158 30.75 27.3657 0.0807007
58.158 31.25 27.3601 0.0806961
58.158 31.75 27.3581 0.0806923
58.158 32.25 27.3591 0.0806891
58.158 32.75 27.3626 0.0806866
58.158 33.25 27.368 0.0806845
58.158 33.75 27.3751 0.0806829
58.158 34.25 27.3833 0.0806817
58.158 34.75 27.3924 0.0806807
58.158 35.25 27.4022 0.0806801
58.158 35.75 27.4123 0.0806796
58.158 36.25 27.4225 0.0806793
58.158 36.75 27.4327 0.0806791
58.158 37.25 27.4428 0.080679
58.158 37.75 27.4525 0.080679
58.158 38.25 27.4618 0.080679
58.158 38.75 27.4706 0.0806791
58.158 39.25 27.4787 0.0806791
58.158 39.75 27.4862 0.0806792
58.158 40.25 27.493 0.0806792
58.158 40.75 27.4991 0.0806792
58.158 41.25 27.5044 0.0806791
58.158 41.75 27.5089 0.080679
58.158 42.25 27.5126 0.0806788
58.158 42.75 27.5154 0.0806786
58.158 43.25 27.5175 0.0806783
58.158 43.75 27.5188 0.0806779
58.158 44.25 27.5193 0.0806774
58.158 44.75 27.519 0.0806769
58.158 45.25 27.518 0.0806763
58.158 45.75 27.5162 0.0806756
58.158 46.25 27.5137 0.0806749
58.158 46.75 27.5105 0.080674
58.158 47.25 27.5066 0.0806731
58.158 47.75 27.5021 0.0806721
58.158 48.25 27.4969 0.0806711
58.158 48.75 27.4912 0.08067
58.158 49.25 27.4849 0.0806688
58.158 49.75 27.478 0.0806675
58.158 50.25 27.4706 0.0806662
58.158 50.75 27.4627 0.0806649
58.158 51.25 27.4544 0.0806634
58.158 51.75 27.4456 0.080662
58.158 52.25 27.4364 0.0806604
58.158 52.75 27.4269 0.0806588
58.158 53.25 27.4169 0.0806572
58.158 53.75 27.4067 0.0806555
58.158 54.25 27.3961 0.0806538
58.158 54.75 27.3852 0.080652
58.158 55.25 27.3741 0.08065
58.158 55.75 27.3628 0.0806473
58.158 56.25 27.3512 0.0806421
58.158 56.75 27.3395 0.0806286
58.158 57.25 27.3276 0.0805918
58.158 57.75 27.3156 0.0804982
58.158 58.25 27.3034 0.0802819
58.158 58.75 27.2912 0.0798261
58.158 59.25 27.2789 0.0790439
58.158 59.75 27.2665 0.0793654

58.6467 0.25 308.272 0.005
58.6467 0.75 270.233 0.005
58.6467 1.25 233.746 0.005
58.6467 1.75 198.927 0.005
58.6467 2.25 165.872 0.00500065
58.6467 2.75 135.087 0.00545725
58.6467 3.25 113.723 0.0184563
58.6467 3.75 103.388 0.0547404
58.6467 4.25 96.8715 0.062563
58.6467 4.75 90.444 0.053562
58.6467 5.25 83.5664 0.0440016
58.6467 5.75 73.3036 0.005
58.6467 6.25 70.5393 0.0798703
58.6467 6.75 68.9835 0.111352
58.6467 7.25 67.3356 0.109505
58.6467 7.75 65.6745 0.109793
58.6467 8.25 63.9987 0.110034
58.6467 8.75 62.3128 0.110121
58.6467 9.25 60.6219 0.1101
58.6467 9.75 58.9314 0.110003
58.6467 10.25 57.2468 0.109849
58.6467 10.75 55.5741 0.109651
58.6467 11.25 53.9194 0.109421
58.6467 11.75 52.2888 0.109168
58.6467 12.25 50.6885 0.108901
58.6467 12.75 49.1245 0.108625
58.6467 13.25 47.6025 0.108347
58.6467 13.75 46.1279 0.108071
58.6467 14.25 44.7056 0.1078
58.6467 14.75 43.3399 0.107537
58.6467 15.25 42.0345 0.107285
58.6467 15.75 40.7923 0.107043
58.6467 16.25 39.6154 0.106814
58.6467 16.75 38.5054 0.106597
58.6467 17.25 37.463 0.106394
58.6467 17.75 36.4883 0.106204
58.6467 18.25 35.5806 0.106027
58.6467 18.75 34.7388 0.105862
58.6467 19.25 33.9613 0.105711
58.6467 19.75 33.246 0.105571
58.6467 20.25 32.5905 0.105444
58.6467 20.75 31.9922 0.105328
58.6467 21.25 31.4481 0.105222
58.6467 21.75 30.9552 0.105127
58.6467 22.25 30.5104 0.105041
58.6467 22.75 30.1106 0.104964
58.6467 23.25 29.7526 0.104896
58.6467 23.75 29.4334 0.104834
58.6467 24.25 29.1498 0.10478
58.6467 24.75 28.8991 0.104731
58.6467 25.25 28.6783 0.104689
58.6467 25.75 28.4849 0.104651
58.6467 26.25 28.3162 0.104618
58.6467 26.75 28.17 0.104589
58.6467 27.25 28.0439 0.104563
58.6467 27.75 27.936 0.104541
58.6467 28.25 27.8442 0.104521
58.6467 28.75 27.7668 0.104504
58.6467 29.25 27.7021 0.104489
58.6467 29.75 27.6487 0.104476
58.6467 30.25 27.6052 0.104465
58.6467 30.75 27.5704 0.104455
58.6467 31.25 27.543 0.104447
58.6467 31.75 27.5221 0.10444
58.6467 32.25 27.5067 0.104434
58.6467 32.75 27.4961 0.104429
58.6467 33.25 27.4895 0.104424
58.6467 33.75 27.4862 0.10442
58.6467 34.25 27.4857 0.104417
58.6467 34.75 27.4874 0.104415
58.6467 35.25 27.4909 0.104412
58.6467 35.75 27.4957 0.10441
58.6467 36.25 27.5015 0.104409
58.6467 36.75 27.5081 0.104408
58.6467 37.25 27.515 0.104406
58.6467 37.75 27.5222 0.104405
58.6467 38.25 27.5294 0.104405
58.6467 38.75 27.5365 0.104404
58.6467 39.25 27.5432 0.104403
58.6467 39.75 27.5496 0.104403
58.6467 40.25 27.5554 0.104402
58.6467 40.75 27.5606 0.104402
58.6467 41.25 27.5652 0.104401
58.6467 41.75 27.5691 0.104401
58.6467 42.25 27.5722 0.1044
58.6467 42.75 27.5745 0.1044
58.6467 43.25 27.5761 0.104399
58.6467 43.75 27.5768 0.104398
58.6467 44.25 27.5767 0.104398
58.6467 44.75 27.5759 0.104397
58.6467 45.25 27.5742 0.104396
58.6467 45.75 27.5717 0.104395
58.6467 46.25 27.5685 0.104394
58.6467 46.75 27.5645 0.104393
58.6467 47.25 27.5598 0.104392
58.6467 47.75 27.5543 0.10439
58.6467 48.25 27.5482 0.104389
58.6467 48.75 27.5414 0.104386
58.6467 49.25 27.534 0.104384
58.6467 49.75 27.5259 0.10438
58.6467 50.25 27.5173 0.104376
58.6467 50.75 27.5082 0.104371
58.6467 51.25 27.4985 0.104364
58.6467 51.75 27.4883 0.104355
58.6467 52.25 27.4777 0.104344
58.6467 52.75 27.4666 0.10433
58.6467 53.25 27.4551 0.104313
58.6467 53.75 27.4432 0.104292
58.6467 54.25 27.431 0.104267
58.6467 54.75 27.4185 0.104236
58.6467 55.25 27.4056 0.104197
58.6467 55.75 27.3925 0.104151
58.6467 56.25 27.3792 0.104096
58.6467 56.75 27.3657 0.104035
58.6467 57.25 27.352 0.103977
58.6467 57.75 27.3381 0.103939
58.6467 58.25 27.3241 0.103956
58.6467 58.75 27.31 0.104074
58.6467 59.25 27.2958 0.104337
58.6467 59.75 27.2816 0.10475

59.1354 0.25 308.241 0.005
59.1354 0.75 270.134 0.005
59.1354 1.25 233.572 0.005
59.1354 1.75 198.672 0.005
59.1354 2.25 165.529 0.00500072
59.1354 2.75 134.681 0.00548864
59.1354 3.25 113.389 0.0186468
59.1354 3.75 103.071 0.0550104
59.1354 4.25 96.4288 0.0625125
59.1354 4.75 90.1033 0.0622115
59.1354 5.25 83.7653 0.056906
59.1354 5.75 74.2391 0.005
59.1354 6.25 71.4541 0.080302
59.1354 6.75 69.8822 0.114106
59.1354 7.25 68.2067 0.113003
59.1354 7.75 66.5162 0.112972
59.1354 8.25 64.8113 0.11304
59.1354 8.75 63.096 0.11302
59.1354 9.25 61.3753 0.112921
59.1354 9.75 59.6544 0.112761
59.1354 10.25 57.9389 0.112555
59.1354 10.75 56.2348 0.112316
59.1354 11.25 54.5482 0.112053
59.1354 11.75 52.8853 0.111775
59.1354 12.25 51.2523 0.11149
59.1354 12.75 49.6552 0.111204
59.1354 13.25 48.1 0.110921
59.1354 13.75 46.5921 0.110646
59.1354 14.25 45.1366 0.11038
59.1354 14.75 43.7378 0.110127
59.1354 15.25 42.3996 0.109887
59.1354 15.75 41.125 0.109661
59.1354 16.25 39.9164 0.109449
59.1354 16.75 38.7754 0.10925
59.1354 17.25 37.7027 0.109065
59.1354 17.75 36.6986 0.108892
59.1354 18.25 35.7626 0.108732
59.1354 18.75 34.8936 0.108584
59.1354 19.25 34.0899 0.108447
59.1354 19.75 33.3497 0.10832
59.1354 20.25 32.6705 0.108204
59.1354 20.75 32.0496 0.108097
59.1354 21.25 31.4842 0.108
59.1354 21.75 30.9713 0.107911
59.1354 22.25 30.5078 0.10783
59.1354 22.75 30.0904 0.107756
59.1354 23.25 29.716 0.10769
59.1354 23.75 29.3815 0.107631
59.1354 24.25 29.0839 0.107578
59.1354 24.75 28.8201 0.10753
59.1354 25.25 28.5873 0.107487
59.1354 25.75 28.3829 0.10745
59.1354 26.25 28.2042 0.107416
59.1354 26.75 28.0487 0.107387
59.1354 27.25 27.9143 0.107361
59.1354 27.75 27.7988 0.107338
59.1354 28.25 27.7002 0.107318
59.1354 28.75 27.6167 0.1073
59.1354 29.25 27.5465 0.107285
59.1354 29.75 27.4882 0.107271
59.1354 30.25 27.4403 0.10726
59.1354 30.75 27.4015 0.10725
59.1354 31.25 27.3707 0.107241
59.1354 31.75 27.3468 0.107233
59.1354 32.25 27.3288 0.107227
59.1354 32.75 27.3158 0.107221
59.1354 33.25 27.3072 0.107217
59.1354 33.75 27.3022 0.107212
59.1354 34.25 27.3001 0.107209
59.1354 34.75 27.3005 0.107206
59.1354 35.25 27.3029 0.107204
59.1354 35.75 27.3068 0.107202
59.1354 36.25 27.3119 0.1072
59.1354 36.75 27.3178 0.107198
59.1354 37.25 27.3243 0.107197
59.1354 37.75 27.3311 0.107196
59.1354 38.25 27.338 0.107195
59.1354 38.75 27.3448 0.107194
59.1354 39.25 27.3514 0.107193
59.1354 39.75 27.3576 0.107193
59.1354 40.25 27.3633 0.107192
59.1354 40.75 27.3685 0.107192
59.1354 41.25 27.373 0.107191
59.1354 41.75 27.3769 0.10719
59.1354 42.25 27.38 0.10719
59.1354 42.75 27.3824 0.107189
59.1354 43.25 27.384 0.107189
59.1354 43.75 27.3848 0.107188
59.1354 44.25 27.3848 0.107187
59.1354 44.75 27.3839 0.107186
59.1354 45.25 27.3823 0.107185
59.1354 45.75 27.3799 0.107184
59.1354 46.25 27.3766 0.107183
59.1354 46.75 27.3727 0.107182
59.1354 47.25 27.3679 0.10718
59.1354 47.75 27.3625 0.107179
59.1354 48.25 27.3564 0.107176
59.1354 48.75 27.3495 0.107174
59.1354 49.25 27.3421 0.10717
59.1354 49.75 27.334 0.107166
59.1354 50.25 27.3253 0.10716
59.1354 50.75 27.316 0.107154
59.1354 51.25 27.3062 0.107145
59.1354 51.75 27.296 0.107135
59.1354 52.25 27.2852 0.107123
59.1354 52.75 27.274 0.107109
59.1354 53.25 27.2623 0.107091
59.1354 53.75 27.2503 0.10707
59.1354 54.25 27.2379 0.107045
59.1354 54.75 27.2252 0.107014
59.1354 55.25 27.2122 0.106978
59.1354 55.75 27.1989 0.106936
59.1354 56.25 27.1854 0.106889
59.1354 56.75 27.1716 0.106841
59.1354 57.25 27.1577 0.106804
59.1354 57.75 27.1436 0.106794
59.1354 58.25 27.1294 0.10684
59.1354 58.75 27.1151 0.106973
59.1354 59.25 27.1007 0.10722
59.1354 59.75 27.0863 0.107574

59.6241 0.25 308.805 0.005
59.6241 0.75 271.842 0.005
59.6241 1.25 236.459 0.005
59.6241 1.75 202.797 0.005
59.6241 2.25 170.982 0.00500021
59.6241 2.75 141.29 0.00518175
59.6241 3.25 118.439 0.012497
59.6241 3.75 106.76 0.0416593
59.6241 4.25 100.802 0.0643434
59.6241 4.75 95.8836 0.0650006
59.6241 5.25 91.1216 0.0650008
59.6241 5.75 86.5207 0.0650009
59.6241 6.25 82.0904 0.0650008
59.6241 6.75 77.8371 0.0650004
59.6241 7.25 73.7651 0.0650004
59.6241 7.75 69.8769 0.0649968
59.6241 8.25 66.1735 0.0649978
59.6241 8.75 62.6545 0.0649797
59.6241 9.25 59.3177 0.0649121
59.6241 9.75 56.1591 0.0648194
59.6241 10.25 53.1693 0.0643185
59.6241 10.75 50.3451 0.0644745
59.6241 11.25 47.5608 0.053594
59.6241 11.75 44.8765 0.0592378
59.6241 12.25 43.2198 0.0696104
59.6241 12.75 42.0311 0.0747059
59.6241 13.25 40.8914 0.0845977
59.6241 13.75 39.8021 0.0837143
59.6241 14.25 38.7598 0.0833691
59.6241 14.75 37.7661 0.0830253
59.6241 15.25 36.8221 0.0827053
59.6241 15.75 35.9286 0.082413
59.6241 16.25 35.0862 0.0821484
59.6241 16.75 34.2952 0.0819103
59.6241 17.25 33.5555 0.0816967
59.6241 17.75 32.8668 0.0815055
59.6241 18.25 32.2283 0.0813348
59.6241 18.75 31.639 0.0811826
59.6241 19.25 31.0974 0.0810471
59.6241 19.75 30.602 0.0809268
59.6241 20.25 30.1508 0.08082
59.6241 20.75 29.7416 0.0807253
59.6241 21.25 29.3721 0.0806415
59.6241 21.75 29.04 0.0805674
59.6241 22.25 28.7428 0.0805019
59.6241 22.75 28.478 0.080444
59.6241 23.25 28.2432 0.0803931
59.6241 23.75 28.0359 0.0803482
59.6241 24.25 27.8539 0.0803087
59.6241 24.75 27.6949 0.0802741
59.6241 25.25 27.5569 0.0802437
59.6241 25.75 27.4377 0.0802171
59.6241 26.25 27.3356 0.0801939
59.6241 26.75 27.2488 0.0801736
59.6241 27.25 27.1756 0.0801561
59.6241 27.75 27.1145 0.0801408
59.6241 28.25 27.0642 0.0801276
59.6241 28.75 27.0234 0.0801163
59.6241 29.25 26.9908 0.0801066
59.6241 29.75 26.9656 0.0800983
59.6241 30.25 26.9466 0.0800912
59.6241 30.75 26.933 0.0800853
59.6241 31.25 26.9241 0.0800803
59.6241 31.75 26.919 0.0800761
59.6241 32.25 26.9173 0.0800726
59.6241 32.75 26.9183 0.0800698
59.6241 33.25 26.9216 0.0800675
59.6241 33.75 26.9266 0.0800656
59.6241 34.25 26.9331 0.0800641
59.6241 34.75 26.9406 0.080063
59.6241 35.25 26.9488 0.0800621
59.6241 35.75 26.9576 0.0800615
59.6241 36.25 26.9666 0.080061
59.6241 36.75 26.9757 0.0800606
59.6241 37.25 26.9847 0.0800604
59.6241 37.75 26.9934 0.0800602
59.6241 38.25 27.0017 0.0800601
59.6241 38.75 27.0096 0.08006
59.6241 39.25 27.017 0.0800599
59.6241 39.75 27.0237 0.0800598
59.6241 40.25 27.0297 0.0800597
59.6241 40.75 27.035 0.0800596
59.6241 41.25 27.0396 0.0800594
59.6241 41.75 27.0434 0.0800592
59.6241 42.25 27.0464 0.0800589
59.6241 42.75 27.0487 0.0800586
59.6241 43.25 27.0501 0.0800582
59.6241 43.75 27.0507 0.0800577
59.6241 44.25 27.0506 0.0800572
59.6241 44.75 27.0496 0.0800565
59.6241 45.25 27.0479 0.0800559
59.6241 45.75 27.0455 0.0800551
59.6241 46.25 27.0423 0.0800543
59.6241 46.75 27.0385 0.0800534
59.6241 47.25 27.0339 0.0800524
59.6241 47.75 27.0288 0.0800513
59.6241 48.25 27.0229 0.0800502
59.6241 48.75 27.0165 0.080049
59.6241 49.25 27.0095 0.0800478
59.6241 49.75 27.0019 0.0800464
59.6241 50.25 26.9939 0.0800451
59.6241 50.75 26.9853 0.0800436
59.6241 51.25 26.9762 0.0800421
59.6241 51.75 26.9667 0.0800406
59.6241 52.25 26.9568 0.080039
59.6241 52.75 26.9465 0.0800373
59.6241 53.25 26.9358 0.0800357
59.6241 53.75 26.9248 0.0800339
59.6241 54.25 26.9135 0.0800321
59.6241 54.75 26.9019 0.0800303
59.6241 55.25 26.89 0.0800283
59.6241 55.75 26.8779 0.0800259
59.6241 56.25 26.8656 0.0800217
59.6241 56.75 26.8531 0.0800113
59.6241 57.25 26.8404 0.0799816
59.6241 57.75 26.8276 0.0799015
59.6241 58.25 26.8147 0.0797067
59.6241 58.75 26.8017 0.0792853
59.6241 59.25 26.7886 0.0785787
59.6241 59.75 26.7754 0.0791679

60.1128 0.25 308.859 0.005
60.1128 0.75 272.003 0.005
60.1128 1.25 236.718 0.005
60.1128 1.75 203.14 0.005
60.1128 2.25 171.39 0.00500013
60.1128 2.75 141.722 0.00516035
60.1128 3.25 118.672 0.0121221
60.1128 3.75 106.827 0.0412586
60.1128 4.25 100.808 0.0642856
60.1128 4.75 95.8499 0.0650006
60.1128 5.25 91.0501 0.0650008
60.1128 5.75 86.4121 0.0650008
60.1128 6.25 81.9451 0.0650007
60.1128 6.75 77.6549 0.0649968
60.1128 7.25 73.5445 0.0649954
60.1128 7.75 69.6153 0.0649964
60.1128 8.25 65.8667 0.064993
60.1128 8.75 62.2954 0.0648865
60.1128 9.25 58.8988 0.0648991
60.1128 9.75 55.6681 0.0643983
60.1128 10.25 52.5857 0.0633092
60.1128 10.75 49.5845 0.057658
60.1128 11.25 46.5851 0.0514789
60.1128 11.75 44.7406 0.0650373
60.1128 12.25 43.463 0.0765707
60.1128 12.75 42.2413 0.0849876
60.1128 13.25 41.0664 0.0841434
60.1128 13.75 39.9388 0.083797
60.1128 14.25 38.8612 0.0834276
60.1128 14.75 37.8358 0.0830729
60.1128 15.25 36.8641 0.082744
60.1128 15.75 35.9471 0.0824445
60.1128 16.25 35.0852 0.0821743
60.1128 16.75 34.2785 0.0819319
60.1128 17.25 33.5263 0.081715
60.1128 17.75 32.828 0.0815215
60.1128 18.25 32.1821 0.081349
60.1128 18.75 31.5872 0.0811955
60.1128 19.25 31.0413 0.0810591
60.1128 19.75 30.5424 0.080938
60.1128 20.25 30.0882 0.0808307
60.1128 20.75 29.6765 0.0807356
60.1128 21.25 29.3047 0.0806514
60.1128 21.75 28.9704 0.0805769
60.1128 22.25 28.671 0.0805111
60.1128 22.75 28.4041 0.080453
60.1128 23.25 28.1672 0.0804018
60.1128 23.75 27.9579 0.0803567
60.1128 24.25 27.7739 0.080317
60.1128 24.75 27.6131 0.0802822
60.1128 25.25 27.4732 0.0802516
60.1128 25.75 27.3524 0.0802249
60.1128 26.25 27.2486 0.0802015
60.1128 26.75 27.1603 0.0801811
60.1128 27.25 27.0856 0.0801634
60.1128 27.75 27.0232 0.080148
60.1128 28.25 26.9716 0.0801347
60.1128 28.75 26.9296 0.0801233
60.1128 29.25 26.8959 0.0801135
60.1128 29.75 26.8695 0.0801051
60.1128 30.25 26.8494 0.0800979
60.1128 30.75 26.8347 0.0800918
60.1128 31.25 26.8247 0.0800867
60.1128 31.75 26.8187 0.0800824
60.1128 32.25 26.8159 0.0800789
60.1128 32.75 26.8159 0.0800759
60.1128 33.25 26.8181 0.0800735
60.1128 33.75 26.8222 0.0800715
60.1128 34.25 26.8276 0.0800699
60.1128 34.75 26.834 0.0800687
60.1128 35.25 26.8412 0.0800677
60.1128 35.75 26.8489 0.0800669
60.1128 36.25 26.8569 0.0800662
60.1128 36.75 26.8649 0.0800658
60.1128 37.25 26.8729 0.0800654
60.1128 37.75 26.8805 0.0800651
60.1128 38.25 26.8878 0.0800648
60.1128 38.75 26.8947 0.0800646
60.1128 39.25 26.901 0.0800643
60.1128 39.75 26.9067 0.0800641
60.1128 40.25 26.9117 0.0800639
60.1128 40.75 26.916 0.0800636
60.1128 41.25 26.9196 0.0800633
60.1128 41.75 26.9224 0.0800629
60.1128 42.25 26.9244 0.0800625
60.1128 42.75 26.9256 0.080062
60.1128 43.25 26.9261 0.0800615
60.1128 43.75 26.9258 0.0800608
60.1128 44.25 26.9247 0.0800602
60.1128 44.75 26.9229 0.0800594
60.1128 45.25 26.9203 0.0800586
60.1128 45.75 26.917 0.0800577
60.1128 46.25 26.913 0.0800567
60.1128 46.75 26.9083 0.0800557
60.1128 47.25 26.9029 0.0800546
60.1128 47.75 26.8969 0.0800534
60.1128 48.25 26.8903 0.0800522
60.1128 48.75 26.8831 0.0800509
60.1128 49.25 26.8753 0.0800495
60.1128 49.75 26.867 0.0800481
60.1128 50.25 26.8582 0.0800466
60.1128 50.75 26.8489 0.0800451
60.1128 51.25 26.8392 0.0800435
60.1128 51.75 26.829 0.0800418
60.1128 52.25 26.8184 0.0800401
60.1128 52.75 26.8075 0.0800384
60.1128 53.25 26.7962 0.0800366
60.1128 53.75 26.7846 0.0800348
60.1128 54.25 26.7726 0.0800329
60.1128 54.75 26.7604 0.080031
60.1128 55.25 26.748 0.0800289
60.1128 55.75 26.7353 0.0800264
60.1128 56.25 26.7224 0.0800222
60.1128 56.75 26.7093 0.0800117
60.1128 57.25 26.6961 0.0799823
60.1128 57.75 26.6827 0.0799026
60.1128 58.25 26.6693 0.0797089
60.1128 58.75 26.6557 0.0792891
60.1128 59.25 26.6421 0.0785807
60.1128 59.75 26.6284 0.0791459

60.6016 0.25 308.781 0.005
60.6016 0.75 271.775 0.005
60.6016 1.25 236.356 0.005
60.6016 1.75 202.669 0.005
60.6016 2.25 170.843 0.00500024
60.6016 2.75 141.163 0.00519277
60.6016 3.25 118.364 0.012586
60.6016 3.75 106.732 0.0419632
60.6016 4.25 100.801 0.0643517
60.6016 4.75 95.8997 0.0650006
60.6016 5.25 91.1568 0.0650008
60.6016 5.75 86.5771 0.0650009
60.6016 6.25 82.17 0.0650009
60.6016 6.75 77.9413 0.0650009
60.6016 7.25 73.8945 0.0650009
60.6016 7.75 70.0311 0.0649999
60.6016 8.25 66.3515 0.0650002
60.6016 8.75 62.855 0.0649923
60.6016 9.25 59.5406 0.0649771
60.6016 9.75 56.4075 0.0649851
60.6016 10.25 53.455 0.0649539
60.6016 10.75 50.6807 0.064786
60.6016 11.25 48.085 0.0648561
60.6016 11.75 45.6651 0.0647145
60.6016 12.25 43.4064 0.064011
60.6016 12.75 41.2924 0.0633249
60.6016 13.25 39.8605 0.0657315
60.6016 13.75 38.8119 0.0832893
60.6016 14.25 37.8225 0.0831475
60.6016 14.75 36.8766 0.0828389
60.6016 15.25 35.975 0.082541
60.6016 15.75 35.1191 0.0822671
60.6016 16.25 34.3105 0.0820187
60.6016 16.75 33.5506 0.0817948
60.6016 17.25 32.8402 0.0815939
60.6016 17.75 32.1797 0.0814142
60.6016 18.25 31.5685 0.0812537
60.6016 18.75 31.0056 0.0811107
60.6016 19.25 30.4896 0.0809835
60.6016 19.75 30.0186 0.0808706
60.6016 20.25 29.5905 0.0807703
60.6016 20.75 29.2029 0.0806814
60.6016 21.25 28.8536 0.0806027
60.6016 21.75 28.5399 0.080533
60.6016 22.25 28.2595 0.0804713
60.6016 22.75 28.01 0.0804169
60.6016 23.25 27.7888 0.0803689
60.6016 23.75 27.5939 0.0803265
60.6016 24.25 27.4229 0.0802892
60.6016 24.75 27.2737 0.0802564
60.6016 25.25 27.1443 0.0802277
60.6016 25.75 27.0328 0.0802025
60.6016 26.25 26.9375 0.0801804
60.6016 26.75 26.8567 0.0801612
60.6016 27.25 26.7888 0.0801445
60.6016 27.75 26.7325 0.0801301
60.6016 28.25 26.6864 0.0801175
60.6016 28.75 26.6493 0.0801068
60.6016 29.25 26.6201 0.0800976
60.6016 29.75 26.5978 0.0800897
60.6016 30.25 26.5815 0.080083
60.6016 30.75 26.5704 0.0800774
60.6016 31.25 26.5636 0.0800727
60.6016 31.75 26.5606 0.0800687
60.6016 32.25 26.5607 0.0800655
60.6016 32.75 26.5633 0.0800629
60.6016 33.25 26.5681 0.0800607
60.6016 33.75 26.5746 0.080059
60.6016 34.25 26.5823 0.0800577
60.6016 34.75 26.591 0.0800567
60.6016 35.25 26.6004 0.080056
60.6016 35.75 26.6102 0.0800554
60.6016 36.25 26.6203 0.080055
60.6016 36.75 26.6303 0.0800548
60.6016 37.25 26.6402 0.0800547
60.6016 37.75 26.6498 0.0800546
60.6016 38.25 26.659 0.0800546
60.6016 38.75 26.6678 0.0800546
60.6016 39.25 26.6759 0.0800546
60.6016 39.75 26.6834 0.0800546
60.6016 40.25 26.6902 0.0800546
60.6016 40.75 26.6963 0.0800546
60.6016 41.25 26.7017 0.0800545
60.6016 41.75 26.7062 0.0800544
60.6016 42.25 26.71 0.0800542
60.6016 42.75 26.7129 0.0800539
60.6016 43.25 26.7151 0.0800536
60.6016 43.75 26.7165 0.0800533
60.6016 44.25 26.717 0.0800528
60.6016 44.75 26.7169 0.0800523
60.6016 45.25 26.7159 0.0800518
60.6016 45.75 26.7142 0.0800511
60.6016 46.25 26.7118 0.0800504
60.6016 46.75 26.7087 0.0800496
60.6016 47.25 26.7049 0.0800487
60.6016 47.75 26.7005 0.0800478
60.6016 48.25 26.6954 0.0800468
60.6016 48.75 26.6898 0.0800458
60.6016 49.25 26.6835 0.0800446
60.6016 49.75 26.6768 0.0800434
60.6016 50.25 26.6695 0.0800422
60.6016 50.75 26.6617 0.0800409
60.6016 51.25 26.6534 0.0800395
60.6016 51.75 26.6447 0.0800381
60.6016 52.25 26.6356 0.0800367
60.6016 52.75 26.6261 0.0800352
60.6016 53.25 26.6163 0.0800336
60.6016 53.75 26.6061 0.080032
60.6016 54.25 26.5956 0.0800304
60.6016 54.75 26.5848 0.0800287
60.6016 55.25 26.5738 0.0800269
60.6016 55.75 26.5625 0.0800246
60.6016 56.25 26.551 0.0800207
60.6016 56.75 26.5394 0.0800106
60.6016 57.25 26.5276 0.0799816
60.6016 57.75 26.5156 0.079902
60.6016 58.25 26.5036 0.079705
60.6016 58.75 26.4914 0.079263
60.6016 59.25 26.4791 0.0784382
60.6016 59.75 26.4668 0.0785603

61.0903 0.25 308.856 0.005
61.0903 0.75 271.991 0.005
61.0903 1.25 236.694 0.005
61.0903 1.75 203.103 0.005
61.0903 2.25 171.341 0.00500013
61.0903 2.75 141.667 0.00516563
61.0903 3.25 118.653 0.0121334
61.0903 3.75 106.845 0.0412086
61.0903 4.25 100.844 0.0642722
61.0903 4.75 95.9146 0.0650006
61.0903 5.25 91.1417 0.0650008
61.0903 5.75 86.5289 0.0650009
61.0903 6.25 82.0862 0.0650008
61.0903 6.75 77.8207 0.0649989
61.0903 7.25 73.7372 0.064998
61.0903 7.75 69.8389 0.0649988
61.0903 8.25 66.1276 0.0649836
61.0903 8.75 62.6033 0.0649588
61.0903 9.25 59.2614 0.0646236
61.0903 9.75 56.0985 0.0644864
61.0903 10.25 53.1134 0.064415
61.0903 10.75 50.2476 0.0596362
61.0903 11.25 47.4583 0.0566081
61.0903 11.75 44.8382 0.0603442
61.0903 12.25 43.1963 0.0713018
61.0903 12.75 42.0187 0.0851218
61.0903 13.25 40.8901 0.0840911
61.0903 13.75 39.8056 0.083765
61.0903 14.25 38.7669 0.0834082
61.0903 14.75 37.7749 0.0830635
61.0903 15.25 36.8308 0.0827422
61.0903 15.75 35.9353 0.0824483
61.0903 16.25 35.0894 0.082182
61.0903 16.75 34.2934 0.081942
61.0903 17.25 33.5477 0.0817264
61.0903 17.75 32.852 0.0815333
61.0903 18.25 32.206 0.0813606
61.0903 18.75 31.6087 0.0812066
61.0903 19.25 31.0588 0.0810694
61.0903 19.75 30.555 0.0809475
61.0903 20.25 30.0952 0.0808391
61.0903 20.75 29.6775 0.080743
61.0903 21.25 29.2996 0.0806579
61.0903 21.75 28.9593 0.0805825
61.0903 22.25 28.6541 0.0805158
61.0903 22.75 28.3815 0.0804569
61.0903 23.25 28.1393 0.080405
61.0903 23.75 27.9251 0.0803592
61.0903 24.25 27.7365 0.0803189
61.0903 24.75 27.5713 0.0802835
61.0903 25.25 27.4275 0.0802524
61.0903 25.75 27.303 0.0802252
61.0903 26.25 27.196 0.0802013
61.0903 26.75 27.1046 0.0801806
61.0903 27.25 27.0273 0.0801625
61.0903 27.75 26.9625 0.0801468
61.0903 28.25 26.9088 0.0801332
61.0903 28.75 26.8649 0.0801215
61.0903 29.25 26.8296 0.0801115
61.0903 29.75 26.8017 0.0801029
61.0903 30.25 26.7804 0.0800955
61.0903 30.75 26.7648 0.0800893
61.0903 31.25 26.754 0.080084
61.0903 31.75 26.7472 0.0800796
61.0903 32.25 26.7439 0.080076
61.0903 32.75 26.7435 0.0800729
61.0903 33.25 26.7455 0.0800704
61.0903 33.75 26.7493 0.0800684
61.0903 34.25 26.7547 0.0800668
61.0903 34.75 26.7612 0.0800655
61.0903 35.25 26.7685 0.0800645
61.0903 35.75 26.7764 0.0800637
61.0903 36.25 26.7846 0.0800631
61.0903 36.75 26.7929 0.0800626
61.0903 37.25 26.8011 0.0800622
61.0903 37.75 26.8092 0.080062
61.0903 38.25 26.8169 0.0800617
61.0903 38.75 26.8242 0.0800616
61.0903 39.25 26.8309 0.0800614
61.0903 39.75 26.8371 0.0800612
61.0903 40.25 26.8426 0.080061
61.0903 40.75 26.8475 0.0800608
61.0903 41.25 26.8515 0.0800606
61.0903 41.75 26.8549 0.0800603
61.0903 42.25 26.8575 0.0800599
61.0903 42.75 26.8592 0.0800595
61.0903 43.25 26.8603 0.080059
61.0903 43.75 26.8605 0.0800585
61.0903 44.25 26.8599 0.0800579
61.0903 44.75 26.8586 0.0800572
61.0903 45.25 26.8566 0.0800565
61.0903 45.75 26.8538 0.0800557
61.0903 46.25 26.8503 0.0800548
61.0903 46.75 26.8461 0.0800539
61.0903 47.25 26.8412 0.0800528
61.0903 47.75 26.8357 0.0800517
61.0903 48.25 26.8296 0.0800506
61.0903 48.75 26.8228 0.0800494
61.0903 49.25 26.8155 0.0800481
61.0903 49.75 26.8077 0.0800467
61.0903 50.25 26.7993 0.0800453
61.0903 50.75 26.7905 0.0800439
61.0903 51.25 26.7811 0.0800424
61.0903 51.75 26.7714 0.0800408
61.0903 52.25 26.7612 0.0800392
61.0903 52.75 26.7507 0.0800375
61.0903 53.25 26.7397 0.0800358
61.0903 53.75 26.7285 0.080034
61.0903 54.25 26.7169 0.0800323
61.0903 54.75 26.7051 0.0800304
61.0903 55.25 26.693 0.0800284
61.0903 55.75 26.6806 0.080026
61.0903 56.25 26.6681 0.0800218
61.0903 56.75 26.6554 0.0800114
61.0903 57.25 26.6425 0.0799819
61.0903 57.75 26.6295 0.0799022
61.0903 58.25 26.6163 0.0797084
61.0903 58.75 26.6031 0.0792888
61.0903 59.25 26.5898 0.078582
61.0903 59.75 26.5764 0.0791488

61.579 0.25 308.82 0.005
61.579 0.75 271.891 0.005
61.579 1.25 236.55 0.005
61.579 1.75 202.942 0.005
61.579 2.25 171.195 0.00500022
61.579 2.75 141.581 0.00517843
61.579 3.25 118.666 0.0122449
61.579 3.75 106.863 0.0407698
61.579 4.25 100.84 0.0632974
61.579 4.75 95.8911 0.0642348
61.579 5.25 91.1222 0.0650005
61.579 5.75 86.5311 0.0650008
61.579 6.25 82.1134 0.0650008
61.579 6.75 77.8753 0.0650008
61.579 7.25 73.8206 0.064999
61.579 7.75 69.9515 0.0649963
61.579 8.25 66.2685 0.0649967
61.579 8.75 62.7713 0.0649894
61.579 9.25 59.4579 0.0649491
61.579 9.75 56.326 0.0649616
61.579 10.25 53.3712 0.0648849
61.579 10.75 50.5881 0.0648965
61.579 11.25 47.9667 0.0645059
61.579 11.75 45.491 0.0637197
61.579 12.25 43.1278 0.0604219
61.579 12.75 41.5628 0.0656324
61.579 13.25 40.436 0.0831046
61.579 13.75 39.3713 0.0835753
61.579 14.25 38.3555 0.0832434
61.579 14.75 37.3894 0.082915
61.579 15.25 36.4737 0.0826084
61.579 15.75 35.6086 0.0823283
61.579 16.25 34.7945 0.0820748
61.579 16.75 34.0312 0.0818467
61.579 17.25 33.3183 0.081642
61.579 17.75 32.6553 0.0814588
61.579 18.25 32.0412 0.081295
61.579 18.75 31.4748 0.081149
61.579 19.25 30.9546 0.0810188
61.579 19.75 30.4789 0.0809031
61.579 20.25 30.0458 0.0808003
61.579 20.75 29.6531 0.080709
61.579 21.25 29.2985 0.0806281
61.579 21.75 28.9798 0.0805564
61.579 22.25 28.6946 0.0804931
61.579 22.75 28.4405 0.0804371
61.579 23.25 28.2152 0.0803876
61.579 23.75 28.0163 0.080344
61.579 24.25 27.8417 0.0803057
61.579 24.75 27.6891 0.0802719
61.579 25.25 27.5567 0.0802423
61.579 25.75 27.4424 0.0802164
61.579 26.25 27.3446 0.0801937
61.579 26.75 27.2614 0.0801739
61.579 27.25 27.1913 0.0801567
61.579 27.75 27.1329 0.0801418
61.579 28.25 27.0848 0.0801289
61.579 28.75 27.0459 0.0801178
61.579 29.25 27.015 0.0801082
61.579 29.75 26.991 0.0801
61.579 30.25 26.9731 0.0800931
61.579 30.75 26.9604 0.0800872
61.579 31.25 26.9521 0.0800822
61.579 31.75 26.9476 0.0800781
61.579 32.25 26.9463 0.0800747
61.579 32.75 26.9476 0.0800718
61.579 33.25 26.9509 0.0800695
61.579 33.75 26.956 0.0800676
61.579 34.25 26.9625 0.0800661
61.579 34.75 26.9699 0.080065
61.579 35.25 26.978 0.080064
61.579 35.75 26.9865 0.0800633
61.579 36.25 26.9953 0.0800628
61.579 36.75 27.004 0.0800624
61.579 37.25 27.0127 0.0800621
61.579 37.75 27.0211 0.0800618
61.579 38.25 27.0291 0.0800617
61.579 38.75 27.0366 0.0800615
61.579 39.25 27.0436 0.0800614
61.579 39.75 27.0499 0.0800612
61.579 40.25 27.0556 0.080061
61.579 40.75 27.0605 0.0800608
61.579 41.25 27.0647 0.0800606
61.579 41.75 27.0681 0.0800603
61.579 42.25 27.0708 0.08006
61.579 42.75 27.0726 0.0800596
61.579 43.25 27.0737 0.0800591
61.579 43.75 27.074 0.0800586
61.579 44.25 27.0735 0.080058
61.579 44.75 27.0723 0.0800573
61.579 45.25 27.0703 0.0800566
61.579 45.75 27.0676 0.0800557
61.579 46.25 27.0641 0.0800549
61.579 46.75 27.06 0.0800539
61.579 47.25 27.0553 0.0800529
61.579 47.75 27.0498 0.0800518
61.579 48.25 27.0438 0.0800506
61.579 48.75 27.0372 0.0800494
61.579 49.25 27.03 0.0800481
61.579 49.75 27.0223 0.0800468
61.579 50.25 27.0141 0.0800454
61.579 50.75 27.0054 0.0800439
61.579 51.25 26.9962 0.0800424
61.579 51.75 26.9867 0.0800408
61.579 52.25 26.9767 0.0800392
61.579 52.75 26.9663 0.0800375
61.579 53.25 26.9556 0.0800358
61.579 53.75 26.9445 0.0800341
61.579 54.25 26.9332 0.0800323
61.579 54.75 26.9215 0.0800304
61.579 55.25 26.9097 0.0800285
61.579 55.75 26.8976 0.080026
61.579 56.25 26.8852 0.0800218
61.579 56.75 26.8728 0.0800114
61.579 57.25 26.8601 0.0799819
61.579 57.75 26.8473 0.0799017
61.579 58.25 26.8345 0.0797047
61.579 58.75 26.8215 0.0792692
61.579 59.25 26.8084 0.078485
61.579 59.75 26.7953 0.0787967

62.0677 0.25 308.789 0.005
62.0677 0.75 271.798 0.005
62.0677 1.25 236.391 0.005
62.0677 1.75 202.715 0.005
62.0677 2.25 170.896 0.00500024
62.0677 2.75 141.219 0.00518994
62.0677 3.25 118.42 0.0125662
62.0677 3.75 106.768 0.0416346
62.0677 4.25 100.824 0.0643044
62.0677 4.75 95.9277 0.0650006
62.0677 5.25 91.1878 0.0650008
62.0677 5.75 86.6077 0.0650008
62.0677 6.25 82.1967 0.0650007
62.0677 6.75 77.9608 0.0649987
62.0677 7.25 73.9037 0.0649985
62.0677 7.75 70.0273 0.0649971
62.0677 8.25 66.3316 0.0649929
62.0677 8.75 62.8153 0.0649529
62.0677 9.25 59.4763 0.0649644
62.0677 9.75 56.3111 0.0649269
62.0677 10.25 53.3151 0.0649479
62.0677 10.75 50.4691 0.0636985
62.0677 11.25 47.7586 0.0629649
62.0677 11.75 45.1396 0.0578913
62.0677 12.25 43.4532 0.0656695
62.0677 12.75 42.256 0.0859658
62.0677 13.25 41.1166 0.0865794
62.0677 13.75 40.024 0.0863122
62.0677 14.25 38.98 0.0859973
62.0677 14.75 37.9861 0.0856769
62.0677 15.25 37.0433 0.0853691
62.0677 15.75 36.1522 0.0850825
62.0677 16.25 35.3134 0.0848206
62.0677 16.75 34.5267 0.0845837
62.0677 17.25 33.7917 0.0843707
62.0677 17.75 33.1079 0.0841799
62.0677 18.25 32.4743 0.0840094
62.0677 18.75 31.8895 0.0838573
62.0677 19.25 31.352 0.0837218
62.0677 19.75 30.8601 0.0836014
62.0677 20.25 30.4118 0.0834943
62.0677 20.75 30.005 0.0833993
62.0677 21.25 29.6374 0.0833151
62.0677 21.75 29.3066 0.0832405
62.0677 22.25 29.0104 0.0831745
62.0677 22.75 28.7463 0.0831162
62.0677 23.25 28.5119 0.0830647
62.0677 23.75 28.305 0.0830194
62.0677 24.25 28.1232 0.0829794
62.0677 24.75 27.9643 0.0829443
62.0677 25.25 27.8264 0.0829134
62.0677 25.75 27.7075 0.0828864
62.0677 26.25 27.6056 0.0828628
62.0677 26.75 27.5191 0.0828422
62.0677 27.25 27.4463 0.0828243
62.0677 27.75 27.3858 0.0828087
62.0677 28.25 27.3361 0.0827953
62.0677 28.75 27.296 0.0827837
62.0677 29.25 27.2643 0.0827738
62.0677 29.75 27.24 0.0827654
62.0677 30.25 27.2221 0.0827582
62.0677 30.75 27.2096 0.0827521
62.0677 31.25 27.2019 0.082747
62.0677 31.75 27.1982 0.0827428
62.0677 32.25 27.1978 0.0827393
62.0677 32.75 27.2003 0.0827365
62.0677 33.25 27.205 0.0827342
62.0677 33.75 27.2116 0.0827324
62.0677 34.25 27.2196 0.082731
62.0677 34.75 27.2287 0.0827299
62.0677 35.25 27.2386 0.0827291
62.0677 35.75 27.249 0.0827286
62.0677 36.25 27.2596 0.0827282
62.0677 36.75 27.2703 0.082728
62.0677 37.25 27.281 0.0827278
62.0677 37.75 27.2913 0.0827278
62.0677 38.25 27.3013 0.0827278
62.0677 38.75 27.3108 0.0827279
62.0677 39.25 27.3197 0.082728
62.0677 39.75 27.328 0.0827281
62.0677 40.25 27.3356 0.0827281
62.0677 40.75 27.3425 0.0827281
62.0677 41.25 27.3485 0.0827281
62.0677 41.75 27.3538 0.0827281
62.0677 42.25 27.3583 0.082728
62.0677 42.75 27.3619 0.0827278
62.0677 43.25 27.3647 0.0827276
62.0677 43.75 27.3667 0.0827273
62.0677 44.25 27.3678 0.0827269
62.0677 44.75 27.3681 0.0827264
62.0677 45.25 27.3677 0.0827259
62.0677 45.75 27.3665 0.0827253
62.0677 46.25 27.3645 0.0827246
62.0677 46.75 27.3618 0.0827239
62.0677 47.25 27.3584 0.082723
62.0677 47.75 27.3542 0.0827221
62.0677 48.25 27.3495 0.0827212
62.0677 48.75 27.3441 0.0827201
62.0677 49.25 27.3381 0.082719
62.0677 49.75 27.3315 0.0827179
62.0677 50.25 27.3243 0.0827166
62.0677 50.75 27.3167 0.0827153
62.0677 51.25 27.3085 0.082714
62.0677 51.75 27.2999 0.0827125
62.0677 52.25 27.2909 0.0827111
62.0677 52.75 27.2814 0.0827096
62.0677 53.25 27.2715 0.082708
62.0677 53.75 27.2613 0.0827064
62.0677 54.25 27.2508 0.0827046
62.0677 54.75 27.24 0.0827026
62.0677 55.25 27.2289 0.0826998
62.0677 55.75 27.2175 0.0826946
62.0677 56.25 27.2059 0.0826829
62.0677 56.75 27.1941 0.082655
62.0677 57.25 27.1822 0.082592
62.0677 57.75 27.1701 0.0824606
62.0677 58.25 27.1579 0.082206
62.0677 58.75 27.1456 0.0817499
62.0677 59.25 27.1332 0.0811626
62.0677 59.75 27.1207 0.0818914

62.5565 0.25 308.758 0.005
62.5565 0.75 271.715 0.005
62.5565 1.25 236.27 0.005
62.5565 1.75 202.568 0.005
62.5565 2.25 170.74 0.00500025
62.5565 2.75 141.075 0.00519829
62.5565 3.25 118.331 0.0127579
62.5565 3.75 106.715 0.0420691
62.5565 4.25 100.791 0.0643598
62.5565 4.75 95.8923 0.0650006
62.5565 5.25 91.1544 0.0650008
62.5565 5.75 86.5825 0.0650009
62.5565 6.25 82.1862 0.0650009
62.5565 6.75 77.9717 0.0650009
62.5565 7.25 73.9422 0.0650007
62.5565 7.75 70.0989 0.0650005
62.5565 8.25 66.4413 0.0649952
62.5565 8.75 62.9676 0.0649963
62.5565 9.25 59.6751 0.0649855
62.5565 9.75 56.5597 0.0649851
62.5565 10.25 53.6165 0.0649666
62.5565 10.75 50.8359 0.0646187
62.5565 11.25 48.2119 0.064647
62.5565 11.75 45.7397 0.0645639
62.5565 12.25 43.3348 0.0564855
62.5565 12.75 41.7501 0.065364
62.5565 13.25 40.625 0.0783413
62.5565 13.75 39.5636 0.0835482
62.5565 14.25 38.5548 0.0831821
62.5565 14.75 37.5977 0.0828603
62.5565 15.25 36.6933 0.0825576
62.5565 15.75 35.842 0.0822811
62.5565 16.25 35.0439 0.0820313
62.5565 16.75 34.2986 0.0818068
62.5565 17.25 33.6053 0.0816057
62.5565 17.75 32.9629 0.0814259
62.5565 18.25 32.3699 0.0812653
62.5565 18.75 31.8245 0.0811222
62.5565 19.25 31.325 0.0809947
62.5565 19.75 30.8691 0.0808814
62.5565 20.25 30.4546 0.0807806
62.5565 20.75 30.0794 0.0806911
62.5565 21.25 29.741 0.0806117
62.5565 21.75 29.4371 0.0805414
62.5565 22.25 29.1653 0.0804791
62.5565 22.75 28.9234 0.080424
62.5565 23.25 28.709 0.0803753
62.5565 23.75 28.5199 0.0803324
62.5565 24.25 28.3541 0.0802946
62.5565 24.75 28.2095 0.0802614
62.5565 25.25 28.0841 0.0802322
62.5565 25.75 27.9762 0.0802066
62.5565 26.25 27.8841 0.0801843
62.5565 26.75 27.806 0.0801649
62.5565 27.25 27.7405 0.080148
62.5565 27.75 27.6863 0.0801334
62.5565 28.25 27.642 0.0801207
62.5565 28.75 27.6065 0.0801099
62.5565 29.25 27.5787 0.0801006
62.5565 29.75 27.5575 0.0800927
62.5565 30.25 27.5422 0.080086
62.5565 30.75 27.5318 0.0800804
62.5565 31.25 27.5257 0.0800757
62.5565 31.75 27.5231 0.0800718
62.5565 32.25 27.5236 0.0800686
62.5565 32.75 27.5265 0.080066
62.5565 33.25 27.5314 0.0800639
62.5565 33.75 27.538 0.0800622
62.5565 34.25 27.5457 0.0800609
62.5565 34.75 27.5544 0.08006
62.5565 35.25 27.5636 0.0800593
62.5565 35.75 27.5733 0.0800587
62.5565 36.25 27.5831 0.0800584
62.5565 36.75 27.5929 0.0800582
62.5565 37.25 27.6025 0.0800581
62.5565 37.75 27.6118 0.080058
62.5565 38.25 27.6207 0.080058
62.5565 38.75 27.6291 0.080058
62.5565 39.25 27.6369 0.080058
62.5565 39.75 27.644 0.080058
62.5565 40.25 27.6505 0.080058
62.5565 40.75 27.6562 0.0800579
62.5565 41.25 27.6612 0.0800578
62.5565 41.75 27.6654 0.0800577
62.5565 42.25 27.6688 0.0800575
62.5565 42.75 27.6714 0.0800572
62.5565 43.25 27.6732 0.0800569
62.5565 43.75 27.6743 0.0800564
62.5565 44.25 27.6745 0.080056
62.5565 44.75 27.674 0.0800554
62.5565 45.25 27.6728 0.0800548
62.5565 45.75 27.6708 0.080054
62.5565 46.25 27.6681 0.0800533
62.5565 46.75 27.6647 0.0800524
62.5565 47.25 27.6607 0.0800515
62.5565 47.75 27.656 0.0800505
62.5565 48.25 27.6507 0.0800494
62.5565 48.75 27.6448 0.0800482
62.5565 49.25 27.6384 0.080047
62.5565 49.75 27.6314 0.0800457
62.5565 50.25 27.6239 0.0800444
62.5565 50.75 27.616 0.080043
62.5565 51.25 27.6075 0.0800416
62.5565 51.75 27.5987 0.0800401
62.5565 52.25 27.5894 0.0800385
62.5565 52.75 27.5798 0.0800369
62.5565 53.25 27.5698 0.0800352
62.5565 53.75 27.5595 0.0800335
62.5565 54.25 27.5488 0.0800318
62.5565 54.75 27.5379 0.08003
62.5565 55.25 27.5268 0.0800281
62.5565 55.75 27.5154 0.0800257
62.5565 56.25 27.5038 0.0800215
62.5565 56.75 27.4921 0.080011
62.5565 57.25 27.4802 0.0799808
62.5565 57.75 27.4681 0.0798981
62.5565 58.25 27.456 0.0796929
62.5565 58.75 27.4437 0.0792314
62.5565 59.25 27.4314 0.0783548
62.5565 59.75 27.419 0.0784045

63.0452 0.25 308.559 0.005
63.0452 0.75 271.12 0.005
63.0452 1.25 235.279 0.005
63.0452 1.75 201.176 0.005
63.0452 2.25 168.933 0.00500038
63.0452 2.75 138.912 0.00528086
63.0452 3.25 116.68 0.0146986
63.0452 3.75 105.63 0.0467146
63.0452 4.25 99.704 0.0645938
63.0452 4.75 94.3898 0.0647369
63.0452 5.25 89.2636 0.0647649
63.0452 5.75 84.3178 0.0646678
63.0452 6.25 79.5484 0.064581
63.0452 6.75 74.95 0.0642386
63.0452 7.25 70.5166 0.0638211
63.0452 7.75 66.1988 0.0605823
63.0452 8.25 61.9112 0.055403
63.0452 8.75 57.0901 0.030189
63.0452 9.25 54.7825 0.0689409
63.0452 9.75 53.3271 0.0986373
63.0452 10.25 51.862 0.0977107
63.0452 10.75 50.4158 0.0978309
63.0452 11.25 48.9931 0.0978608
63.0452 11.75 47.5993 0.0978161
63.0452 12.25 46.2393 0.0977112
63.0452 12.75 44.9179 0.0975577
63.0452 13.25 43.6395 0.0973659
63.0452 13.75 42.408 0.0971453
63.0452 14.25 41.2266 0.0969047
63.0452 14.75 40.0983 0.0966522
63.0452 15.25 39.0251 0.0963953
63.0452 15.75 38.0089 0.0961402
63.0452 16.25 37.0504 0.0958922
63.0452 16.75 36.1504 0.0956555
63.0452 17.25 35.3087 0.0954331
63.0452 17.75 34.5248 0.095227
63.0452 18.25 33.7978 0.0950381
63.0452 18.75 33.1262 0.0948665
63.0452 19.25 32.5084 0.0947119
63.0452 19.75 31.9424 0.0945735
63.0452 20.25 31.4259 0.0944499
63.0452 20.75 30.9565 0.0943402
63.0452 21.25 30.5318 0.0942429
63.0452 21.75 30.1491 0.0941568
63.0452 22.25 29.8057 0.0940807
63.0452 22.75 29.4989 0.0940136
63.0452 23.25 29.226 0.0939545
63.0452 23.75 28.9845 0.0939025
63.0452 24.25 28.7719 0.0938567
63.0452 24.75 28.5856 0.0938165
63.0452 25.25 28.4233 0.0937813
63.0452 25.75 28.2829 0.0937505
63.0452 26.25 28.1621 0.0937236
63.0452 26.75 28.0591 0.0937001
63.0452 27.25 27.9719 0.0936797
63.0452 27.75 27.8989 0.093662
63.0452 28.25 27.8385 0.0936467
63.0452 28.75 27.7892 0.0936335
63.0452 29.25 27.7497 0.0936221
63.0452 29.75 27.7187 0.0936125
63.0452 30.25 27.6952 0.0936042
63.0452 30.75 27.6781 0.0935972
63.0452 31.25 27.6665 0.0935914
63.0452 31.75 27.6596 0.0935865
63.0452 32.25 27.6567 0.0935824
63.0452 32.75 27.6571 0.093579
63.0452 33.25 27.6602 0.0935763
63.0452 33.75 27.6655 0.0935741
63.0452 34.25 27.6725 0.0935724
63.0452 34.75 27.6809 0.093571
63.0452 35.25 27.6902 0.09357
63.0452 35.75 27.7002 0.0935692
63.0452 36.25 27.7106 0.0935686
63.0452 36.75 27.7212 0.0935683
63.0452 37.25 27.7318 0.093568
63.0452 37.75 27.7421 0.0935678
63.0452 38.25 27.7521 0.0935677
63.0452 38.75 27.7616 0.0935677
63.0452 39.25 27.7706 0.0935677
63.0452 39.75 27.7789 0.0935676
63.0452 40.25 27.7865 0.0935676
63.0452 40.75 27.7933 0.0935675
63.0452 41.25 27.7993 0.0935674
63.0452 41.75 27.8045 0.0935673
63.0452 42.25 27.8088 0.0935671
63.0452 42.75 27.8122 0.0935669
63.0452 43.25 27.8148 0.0935665
63.0452 43.75 27.8165 0.0935661
63.0452 44.25 27.8174 0.0935657
63.0452 44.75 27.8174 0.0935651
63.0452 45.25 27.8166 0.0935645
63.0452 45.75 27.8149 0.0935638
63.0452 46.25 27.8125 0.0935631
63.0452 46.75 27.8093 0.0935622
63.0452 47.25 27.8053 0.0935613
63.0452 47.75 27.8006 0.0935603
63.0452 48.25 27.7952 0.0935592
63.0452 48.75 27.7892 0.0935581
63.0452 49.25 27.7825 0.0935569
63.0452 49.75 27.7752 0.0935556
63.0452 50.25 27.7673 0.0935541
63.0452 50.75 27.7589 0.0935526
63.0452 51.25 27.75 0.0935508
63.0452 51.75 27.7405 0.0935486
63.0452 52.25 27.7306 0.0935457
63.0452 52.75 27.7203 0.0935416
63.0452 53.25 27.7096 0.0935354
63.0452 53.75 27.6985 0.093526
63.0452 54.25 27.687 0.0935117
63.0452 54.75 27.6753 0.0934903
63.0452 55.25 27.6632 0.0934592
63.0452 55.75 27.6509 0.0934153
63.0452 56.25 27.6384 0.0933545
63.0452 56.75 27.6256 0.0932716
63.0452 57.25 27.6127 0.0931602
63.0452 57.75 27.5996 0.0930188
63.0452 58.25 27.5864 0.0928705
63.0452 58.75 27.5731 0.0928118
63.0452 59.25 27.5597 0.0930636
63.0452 59.75 27.5463 0.0938596

63.5339 0.25 308.525 0.005
63.5339 0.75 271.026 0.005
63.5339 1.25 235.133 0.005
63.5339 1.75 200.989 0.005
63.5339 2.25 168.722 0.00500043
63.5339 2.75 138.709 0.00530145
63.5339 3.25 116.551 0.0148859
63.5339 3.75 105.515 0.0466381
63.5339 4.25 99.5057 0.0628052
63.5339 4.75 94.0435 0.0610946
63.5339 5.25 88.7005 0.0596311
63.5339 5.75 83.471 0.0578566
63.5339 6.25 78.374 0.0574297
63.5339 6.75 73.4495 0.0577267
63.5339 7.25 68.5125 0.0493626
63.5339 7.75 61.2497 0.005
63.5339 8.25 58.6011 0.067169
63.5339 8.75 57.121 0.0968588
63.5339 9.25 55.6113 0.0972251
63.5339 9.75 54.109 0.0979208
63.5339 10.25 52.6188 0.0982428
63.5339 10.75 51.146 0.0983666
63.5339 11.25 49.6957 0.0983733
63.5339 11.75 48.2727 0.0982981
63.5339 12.25 46.8818 0.0981607
63.5339 12.75 45.5276 0.0979747
63.5339 13.25 44.2146 0.0977514
63.5339 13.75 42.9467 0.097501
63.5339 14.25 41.7277 0.0972325
63.5339 14.75 40.5606 0.0969542
63.5339 15.25 39.4482 0.0966734
63.5339 15.75 38.3925 0.0963965
63.5339 16.25 37.3949 0.0961288
63.5339 16.75 36.4565 0.0958743
63.5339 17.25 35.5776 0.0956359
63.5339 17.75 34.7577 0.0954154
63.5339 18.25 33.9963 0.0952137
63.5339 18.75 33.2921 0.0950309
63.5339 19.25 32.6435 0.0948663
63.5339 19.75 32.0486 0.094719
63.5339 20.25 31.5051 0.0945878
63.5339 20.75 31.0105 0.0944712
63.5339 21.25 30.5624 0.0943679
63.5339 21.75 30.1579 0.0942766
63.5339 22.25 29.7944 0.0941959
63.5339 22.75 29.469 0.0941248
63.5339 23.25 29.179 0.0940621
63.5339 23.75 28.9218 0.0940069
63.5339 24.25 28.6946 0.0939583
63.5339 24.75 28.4949 0.0939157
63.5339 25.25 28.3204 0.0938782
63.5339 25.75 28.1686 0.0938454
63.5339 26.25 28.0376 0.0938167
63.5339 26.75 27.9251 0.0937917
63.5339 27.25 27.8292 0.0937698
63.5339 27.75 27.7483 0.0937509
63.5339 28.25 27.6807 0.0937344
63.5339 28.75 27.6248 0.0937201
63.5339 29.25 27.5793 0.0937079
63.5339 29.75 27.5428 0.0936973
63.5339 30.25 27.5143 0.0936883
63.5339 30.75 27.4927 0.0936806
63.5339 31.25 27.477 0.0936741
63.5339 31.75 27.4663 0.0936686
63.5339 32.25 27.4599 0.093664
63.5339 32.75 27.4572 0.0936601
63.5339 33.25 27.4574 0.093657
63.5339 33.75 27.46 0.0936544
63.5339 34.25 27.4646 0.0936522
63.5339 34.75 27.4708 0.0936505
63.5339 35.25 27.4781 0.0936492
63.5339 35.75 27.4862 0.0936481
63.5339 36.25 27.4949 0.0936472
63.5339 36.75 27.5038 0.0936466
63.5339 37.25 27.5128 0.0936461
63.5339 37.75 27.5218 0.0936457
63.5339 38.25 27.5304 0.0936454
63.5339 38.75 27.5387 0.0936451
63.5339 39.25 27.5465 0.0936449
63.5339 39.75 27.5537 0.0936447
63.5339 40.25 27.5603 0.0936445
63.5339 40.75 27.5661 0.0936443
63.5339 41.25 27.5712 0.093644
63.5339 41.75 27.5755 0.0936438
63.5339 42.25 27.579 0.0936434
63.5339 42.75 27.5817 0.093643
63.5339 43.25 27.5835 0.0936426
63.5339 43.75 27.5845 0.0936421
63.5339 44.25 27.5847 0.0936415
63.5339 44.75 27.5841 0.0936409
63.5339 45.25 27.5826 0.0936402
63.5339 45.75 27.5804 0.0936394
63.5339 46.25 27.5774 0.0936385
63.5339 46.75 27.5737 0.0936376
63.5339 47.25 27.5693 0.0936366
63.5339 47.75 27.5641 0.0936356
63.5339 48.25 27.5583 0.0936344
63.5339 48.75 27.5519 0.0936332
63.5339 49.25 27.5448 0.0936319
63.5339 49.75 27.5372 0.0936306
63.5339 50.25 27.529 0.0936291
63.5339 50.75 27.5203 0.0936275
63.5339 51.25 27.5111 0.0936257
63.5339 51.75 27.5014 0.0936235
63.5339 52.25 27.4913 0.0936205
63.5339 52.75 27.4807 0.0936164
63.5339 53.25 27.4698 0.0936102
63.5339 53.75 27.4585 0.0936008
63.5339 54.25 27.4469 0.0935864
63.5339 54.75 27.435 0.0935648
63.5339 55.25 27.4228 0.0935333
63.5339 55.75 27.4104 0.0934884
63.5339 56.25 27.3977 0.0934255
63.5339 56.75 27.3848 0.0933383
63.5339 57.25 27.3718 0.0932187
63.5339 57.75 27.3586 0.0930621
63.5339 58.25 27.3454 0.0928876
63.5339 58.75 27.332 0.0927854
63.5339 59.25 27.3185 0.0929766
63.5339 59.75 27.305 0.0937201

64.0226 0.25 308.589 0.005
64.0226 0.75 271.21 0.005
64.0226 1.25 235.424 0.005
64.0226 1.75 201.374 0.005
64.0226 2.25 169.185 0.00500036
64.0226 2.75 139.21 0.00526858
64.0226 3.25 116.905 0.0143609
64.0226 3.75 105.797 0.0460894
64.0226 4.25 99.9028 0.0647661
64.0226 4.75 94.639 0.0647612
64.0226 5.25 89.5626 0.0647875
64.0226 5.75 84.6699 0.0647674
64.0226 6.25 79.9542 0.0645395
64.0226 6.75 75.4171 0.0647385
64.0226 7.25 71.0585 0.0646167
64.0226 7.75 66.8493 0.063195
64.0226 8.25 62.7858 0.0629937
64.0226 8.75 58.8911 0.0633175
64.0226 9.25 54.8663 0.0458011
64.0226 9.75 52.6804 0.0654786
64.0226 10.25 51.2344 0.0899386
64.0226 10.75 49.7995 0.0961761
64.0226 11.25 48.387 0.0962487
64.0226 11.75 47.0051 0.0962277
64.0226 12.25 45.6585 0.096133
64.0226 12.75 44.3514 0.0959809
64.0226 13.25 43.0877 0.0957843
64.0226 13.75 41.871 0.0955548
64.0226 14.25 40.7042 0.0953029
64.0226 14.75 39.5898 0.0950383
64.0226 15.25 38.5297 0.0947695
64.0226 15.75 37.5255 0.0945039
64.0226 16.25 36.5781 0.0942474
64.0226 16.75 35.6879 0.0940043
64.0226 17.25 34.8549 0.0937777
64.0226 17.75 34.0786 0.0935692
64.0226 18.25 33.3581 0.0933794
64.0226 18.75 32.6922 0.0932081
64.0226 19.25 32.0791 0.0930544
64.0226 19.75 31.5171 0.0929173
64.0226 20.25 31.0039 0.0927953
64.0226 20.75 30.5372 0.0926871
64.0226 21.25 30.1146 0.0925913
64.0226 21.75 29.7335 0.0925066
64.0226 22.25 29.3912 0.0924317
64.0226 22.75 29.0852 0.0923657
64.0226 23.25 28.8128 0.0923074
64.0226 23.75 28.5714 0.0922561
64.0226 24.25 28.3586 0.092211
64.0226 24.75 28.1718 0.0921713
64.0226 25.25 28.0089 0.0921365
64.0226 25.75 27.8675 0.0921059
64.0226 26.25 27.7456 0.0920792
64.0226 26.75 27.6413 0.0920559
64.0226 27.25 27.5527 0.0920355
64.0226 27.75 27.4781 0.0920178
64.0226 28.25 27.416 0.0920025
64.0226 28.75 27.365 0.0919892
64.0226 29.25 27.3236 0.0919778
64.0226 29.75 27.2907 0.0919679
64.0226 30.25 27.2651 0.0919595
64.0226 30.75 27.246 0.0919523
64.0226 31.25 27.2324 0.0919462
64.0226 31.75 27.2234 0.0919411
64.0226 32.25 27.2184 0.0919367
64.0226 32.75 27.2167 0.0919331
64.0226 33.25 27.2177 0.0919301
64.0226 33.75 27.2209 0.0919277
64.0226 34.25 27.2259 0.0919256
64.0226 34.75 27.2322 0.091924
64.0226 35.25 27.2395 0.0919227
64.0226 35.75 27.2476 0.0919216
64.0226 36.25 27.256 0.0919207
64.0226 36.75 27.2647 0.0919201
64.0226 37.25 27.2733 0.0919195
64.0226 37.75 27.2819 0.0919191
64.0226 38.25 27.29 0.0919187
64.0226 38.75 27.2978 0.0919184
64.0226 39.25 27.3051 0.0919181
64.0226 39.75 27.3117 0.0919178
64.0226 40.25 27.3177 0.0919176
64.0226 40.75 27.3229 0.0919173
64.0226 41.25 27.3274 0.0919169
64.0226 41.75 27.3312 0.0919166
64.0226 42.25 27.3341 0.0919162
64.0226 42.75 27.3361 0.0919157
64.0226 43.25 27.3374 0.0919152
64.0226 43.75 27.3378 0.0919146
64.0226 44.25 27.3375 0.091914
64.0226 44.75 27.3363 0.0919133
64.0226 45.25 27.3343 0.0919125
64.0226 45.75 27.3316 0.0919116
64.0226 46.25 27.3281 0.0919107
64.0226 46.75 27.3239 0.0919097
64.0226 47.25 27.319 0.0919087
64.0226 47.75 27.3134 0.0919076
64.0226 48.25 27.3071 0.0919064
64.0226 48.75 27.3003 0.0919051
64.0226 49.25 27.2928 0.0919038
64.0226 49.75 27.2847 0.0919025
64.0226 50.25 27.2761 0.091901
64.0226 50.75 27.267 0.0918995
64.0226 51.25 27.2575 0.0918978
64.0226 51.75 27.2474 0.0918959
64.0226 52.25 27.2369 0.0918936
64.0226 52.75 27.2261 0.0918906
64.0226 53.25 27.2148 0.0918863
64.0226 53.75 27.2032 0.0918795
64.0226 54.25 27.1913 0.0918688
64.0226 54.75 27.1791 0.0918518
64.0226 55.25 27.1666 0.0918255
64.0226 55.75 27.1539 0.0917858
64.0226 56.25 27.1409 0.0917279
64.0226 56.75 27.1278 0.0916448
64.0226 57.25 27.1145 0.0915269
64.0226 57.75 27.101 0.0913645
64.0226 58.25 27.0875 0.0911655
64.0226 58.75 27.0738 0.0910121
64.0226 59.25 27.0601 0.0911605
64.0226 59.75 27.0463 0.0919823

64.5114 0.25 308.762 0.005
64.5114 0.75 271.72 0.005
64.5114 1.25 236.27 0.005
64.5114 1.75 202.559 0.005
64.5114 2.25 170.716 0.00500025
64.5114 2.75 141.038 0.00520129
64.5114 3.25 118.311 0.0127412
64.5114 3.75 106.717 0.0419586
64.5114 4.25 100.796 0.0643559
64.5114 4.75 95.9007 0.0650006
64.5114 5.25 91.1634 0.0650008
64.5114 5.75 86.5876 0.0650009
64.5114 6.25 82.1823 0.0650009
64.5114 6.75 77.953 0.0650008
64.5114 7.25 73.903 0.0649986
64.5114 7.75 70.0341 0.0649977
64.5114 8.25 66.3473 0.0649984
64.5114 8.75 62.8431 0.064987
64.5114 9.25 59.5219 0.0649651
64.5114 9.75 56.3852 0.0649869
64.5114 10.25 53.4327 0.0648736
64.5114 10.75 50.6583 0.0643514
64.5114 11.25 48.0652 0.0648543
64.5114 11.75 45.5873 0.0584695
64.5114 12.25 43.2485 0.062542
64.5114 12.75 41.7458 0.0690086
64.5114 13.25 40.6515 0.0758484
64.5114 13.75 39.6054 0.0838314
64.5114 14.25 38.6046 0.0832716
64.5114 14.75 37.6458 0.0829481
64.5114 15.25 36.7306 0.0826393
64.5114 15.75 35.8612 0.0823556
64.5114 16.25 35.0396 0.0820982
64.5114 16.75 34.2673 0.0818661
64.5114 17.25 33.5453 0.0816577
64.5114 17.75 32.8738 0.0814713
64.5114 18.25 32.2526 0.0813048
64.5114 18.75 31.6805 0.0811565
64.5114 19.25 31.1561 0.0810247
64.5114 19.75 30.6776 0.0809075
64.5114 20.25 30.2428 0.0808036
64.5114 20.75 29.8493 0.0807116
64.5114 21.25 29.4947 0.08063
64.5114 21.75 29.1765 0.0805579
64.5114 22.25 28.8922 0.0804942
64.5114 22.75 28.6391 0.0804379
64.5114 23.25 28.415 0.0803883
64.5114 23.75 28.2174 0.0803445
64.5114 24.25 28.044 0.080306
64.5114 24.75 27.8927 0.0802722
64.5114 25.25 27.7614 0.0802425
64.5114 25.75 27.6482 0.0802165
64.5114 26.25 27.5513 0.0801937
64.5114 26.75 27.469 0.0801739
64.5114 27.25 27.3997 0.0801567
64.5114 27.75 27.3421 0.0801417
64.5114 28.25 27.2946 0.0801288
64.5114 28.75 27.2563 0.0801176
64.5114 29.25 27.2258 0.080108
64.5114 29.75 27.2022 0.0800999
64.5114 30.25 27.1847 0.0800929
64.5114 30.75 27.1723 0.080087
64.5114 31.25 27.1642 0.080082
64.5114 31.75 27.1599 0.0800779
64.5114 32.25 27.1588 0.0800744
64.5114 32.75 27.1602 0.0800716
64.5114 33.25 27.1637 0.0800693
64.5114 33.75 27.1689 0.0800674
64.5114 34.25 27.1754 0.0800659
64.5114 34.75 27.1829 0.0800647
64.5114 35.25 27.191 0.0800638
64.5114 35.75 27.1996 0.0800631
64.5114 36.25 27.2084 0.0800626
64.5114 36.75 27.2173 0.0800622
64.5114 37.25 27.226 0.0800619
64.5114 37.75 27.2344 0.0800616
64.5114 38.25 27.2424 0.0800615
64.5114 38.75 27.25 0.0800613
64.5114 39.25 27.257 0.0800612
64.5114 39.75 27.2634 0.080061
64.5114 40.25 27.2691 0.0800609
64.5114 40.75 27.2741 0.0800607
64.5114 41.25 27.2784 0.0800604
64.5114 41.75 27.2819 0.0800602
64.5114 42.25 27.2846 0.0800598
64.5114 42.75 27.2865 0.0800594
64.5114 43.25 27.2877 0.080059
64.5114 43.75 27.2881 0.0800585
64.5114 44.25 27.2877 0.0800579
64.5114 44.75 27.2865 0.0800572
64.5114 45.25 27.2846 0.0800565
64.5114 45.75 27.282 0.0800557
64.5114 46.25 27.2787 0.0800548
64.5114 46.75 27.2747 0.0800539
64.5114 47.25 27.2701 0.0800528
64.5114 47.75 27.2648 0.0800518
64.5114 48.25 27.2589 0.0800506
64.5114 48.75 27.2524 0.0800494
64.5114 49.25 27.2454 0.0800481
64.5114 49.75 27.2378 0.0800468
64.5114 50.25 27.2298 0.0800454
64.5114 50.75 27.2212 0.0800439
64.5114 51.25 27.2122 0.0800424
64.5114 51.75 27.2028 0.0800408
64.5114 52.25 27.1929 0.0800392
64.5114 52.75 27.1827 0.0800376
64.5114 53.25 27.1722 0.0800359
64.5114 53.75 27.1613 0.0800341
64.5114 54.25 27.1501 0.0800323
64.5114 54.75 27.1386 0.0800305
64.5114 55.25 27.1269 0.0800285
64.5114 55.75 27.115 0.0800261
64.5114 56.25 27.1029 0.0800219
64.5114 56.75 27.0905 0.0800115
64.5114 57.25 27.0781 0.0799816
64.5114 57.75 27.0655 0.0799
64.5114 58.25 27.0528 0.079698
64.5114 58.75 27.04 0.0792446
64.5114 59.25 27.0271 0.0783931
64.5114 59.75 27.0141 0.0785166

65.0001 0.25 308.792 0.005
65.0001 0.75 271.806 0.005
65.0001 1.25 236.404 0.005
65.0001 1.75 202.73 0.005
65.0001 2.25 170.913 0.00500023
65.0001 2.75 141.235 0.00518892
65.0001 3.25 118.424 0.0125403
65.0001 3.75 106.771 0.0416993
65.0001 4.25 100.832 0.0642932
65.0001 4.75 95.9408 0.0650006
65.0001 5.25 91.2064 0.0650008
65.0001 5.75 86.6322 0.0650009
65.0001 6.25 82.2275 0.0650009
65.0001 6.75 77.9985 0.0650005
65.0001 7.25 73.9489 0.0649999
65.0001 7.75 70.0809 0.0649972
65.0001 8.25 66.3955 0.064994
65.0001 8.75 62.8931 0.0649916
65.0001 9.25 59.5733 0.0649553
65.0001 9.75 56.432 0.0646574
65.0001 10.25 53.4715 0.0649393
65.0001 10.75 50.6908 0.0648315
65.0001 11.25 48.077 0.0644333
65.0001 11.75 45.619 0.0640549
65.0001 12.25 43.2941 0.0621322
65.0001 12.75 41.7528 0.0656698
65.0001 13.25 40.6376 0.0832868
65.0001 13.75 39.5815 0.0836206
65.0001 14.25 38.571 0.0832831
65.0001 14.75 37.6064 0.082952
65.0001 15.25 36.6885 0.0826425
65.0001 15.75 35.8184 0.082359
65.0001 16.25 34.997 0.0821021
65.0001 16.75 34.225 0.0818705
65.0001 17.25 33.5029 0.0816625
65.0001 17.75 32.8306 0.0814762
65.0001 18.25 32.2076 0.0813098
65.0001 18.75 31.6329 0.0811613
65.0001 19.25 31.1052 0.0810292
65.0001 19.75 30.6228 0.0809116
65.0001 20.25 30.1835 0.0808073
65.0001 20.75 29.7854 0.0807147
65.0001 21.25 29.4259 0.0806327
65.0001 21.75 29.1027 0.0805601
65.0001 22.25 28.8134 0.0804958
65.0001 22.75 28.5556 0.0804391
65.0001 23.25 28.3267 0.080389
65.0001 23.75 28.1246 0.0803448
65.0001 24.25 27.947 0.0803059
65.0001 24.75 27.7918 0.0802716
65.0001 25.25 27.6568 0.0802416
65.0001 25.75 27.5402 0.0802153
65.0001 26.25 27.4402 0.0801923
65.0001 26.75 27.3551 0.0801722
65.0001 27.25 27.2833 0.0801547
65.0001 27.75 27.2234 0.0801396
65.0001 28.25 27.1741 0.0801264
65.0001 28.75 27.134 0.0801151
65.0001 29.25 27.102 0.0801054
65.0001 29.75 27.0772 0.0800971
65.0001 30.25 27.0586 0.0800901
65.0001 30.75 27.0453 0.0800841
65.0001 31.25 27.0366 0.0800791
65.0001 31.75 27.0318 0.0800749
65.0001 32.25 27.0303 0.0800715
65.0001 32.75 27.0314 0.0800686
65.0001 33.25 27.0348 0.0800663
65.0001 33.75 27.0399 0.0800645
65.0001 34.25 27.0465 0.080063
65.0001 34.75 27.0541 0.0800618
65.0001 35.25 27.0624 0.0800609
65.0001 35.75 27.0713 0.0800603
65.0001 36.25 27.0803 0.0800598
65.0001 36.75 27.0895 0.0800595
65.0001 37.25 27.0986 0.0800592
65.0001 37.75 27.1074 0.0800591
65.0001 38.25 27.1159 0.0800589
65.0001 38.75 27.1239 0.0800589
65.0001 39.25 27.1313 0.0800588
65.0001 39.75 27.1382 0.0800587
65.0001 40.25 27.1443 0.0800587
65.0001 40.75 27.1498 0.0800585
65.0001 41.25 27.1545 0.0800584
65.0001 41.75 27.1585 0.0800582
65.0001 42.25 27.1616 0.0800579
65.0001 42.75 27.164 0.0800576
65.0001 43.25 27.1656 0.0800572
65.0001 43.75 27.1664 0.0800568
65.0001 44.25 27.1664 0.0800562
65.0001 44.75 27.1657 0.0800557
65.0001 45.25 27.1642 0.080055
65.0001 45.75 27.162 0.0800543
65.0001 46.25 27.159 0.0800534
65.0001 46.75 27.1554 0.0800526
65.0001 47.25 27.1511 0.0800516
65.0001 47.75 27.1461 0.0800506
65.0001 48.25 27.1405 0.0800495
65.0001 48.75 27.1343 0.0800483
65.0001 49.25 27.1276 0.0800471
65.0001 49.75 27.1203 0.0800458
65.0001 50.25 27.1125 0.0800445
65.0001 50.75 27.1041 0.0800431
65.0001 51.25 27.0953 0.0800416
65.0001 51.75 27.0861 0.0800401
65.0001 52.25 27.0765 0.0800385
65.0001 52.75 27.0665 0.0800369
65.0001 53.25 27.0561 0.0800353
65.0001 53.75 27.0453 0.0800336
65.0001 54.25 27.0343 0.0800318
65.0001 54.75 27.023 0.08003
65.0001 55.25 27.0114 0.0800281
65.0001 55.75 26.9996 0.0800257
65.0001 56.25 26.9876 0.0800215
65.0001 56.75 26.9754 0.0800111
65.0001 57.25 26.963 0.0799813
65.0001 57.75 26.9505 0.0799004
65.0001 58.25 26.9379 0.0797022
65.0001 58.75 26.9252 0.0792669
65.0001 59.25 26.9124 0.0784998
65.0001 59.75 26.8996 0.0788956

65.4888 0.25 308.794 0.005
65.4888 0.75 271.815 0.005
65.4888 1.25 236.427 0.005
65.4888 1.75 202.773 0.005
65.4888 2.25 170.982 0.00500023
65.4888 2.75 141.335 0.00518667
65.4888 3.25 118.504 0.0124928
65.4888 3.75 106.81 0.0415012
65.4888 4.25 100.861 0.0642357
65.4888 4.75 95.9818 0.0650006
65.4888 5.25 91.2614 0.0650008
65.4888 5.75 86.7027 0.0650009
65.4888 6.25 82.3154 0.0650009
65.4888 6.75 78.1055 0.0650009
65.4888 7.25 74.0769 0.0650005
65.4888 7.75 70.2312 0.0649996
65.4888 8.25 66.5689 0.0649999
65.4888 8.75 63.0897 0.0649893
65.4888 9.25 59.7928 0.0649901
65.4888 9.75 56.6764 0.0649092
65.4888 10.25 53.7394 0.0648681
65.4888 10.75 50.9826 0.0649657
65.4888 11.25 48.402 0.0647516
65.4888 11.75 45.9933 0.0648616
65.4888 12.25 43.7401 0.0637688
65.4888 12.75 41.6243 0.0630382
65.4888 13.25 40.2017 0.0658102
65.4888 13.75 39.1643 0.0833897
65.4888 14.25 38.186 0.0831434
65.4888 14.75 37.2524 0.0828375
65.4888 15.25 36.3637 0.0825414
65.4888 15.75 35.521 0.082269
65.4888 16.25 34.7252 0.0820217
65.4888 16.75 33.9775 0.0817986
65.4888 17.25 33.2785 0.0815981
65.4888 17.75 32.6283 0.0814185
65.4888 18.25 32.0266 0.0812581
65.4888 18.75 31.4723 0.0811149
65.4888 19.25 30.9642 0.0809875
65.4888 19.75 30.5004 0.0808742
65.4888 20.25 30.0788 0.0807736
65.4888 20.75 29.6974 0.0806844
65.4888 21.25 29.3537 0.0806053
65.4888 21.75 29.0452 0.0805353
65.4888 22.25 28.7697 0.0804734
65.4888 22.75 28.5246 0.0804187
65.4888 23.25 28.3076 0.0803704
65.4888 23.75 28.1165 0.0803279
65.4888 24.25 27.949 0.0802904
65.4888 24.75 27.803 0.0802575
65.4888 25.25 27.6765 0.0802286
65.4888 25.75 27.5677 0.0802033
65.4888 26.25 27.4749 0.0801812
65.4888 26.75 27.3962 0.080162
65.4888 27.25 27.3304 0.0801452
65.4888 27.75 27.2758 0.0801307
65.4888 28.25 27.2313 0.0801182
65.4888 28.75 27.1956 0.0801075
65.4888 29.25 27.1677 0.0800982
65.4888 29.75 27.1465 0.0800904
65.4888 30.25 27.1311 0.0800837
65.4888 30.75 27.1208 0.0800781
65.4888 31.25 27.1148 0.0800735
65.4888 31.75 27.1123 0.0800696
65.4888 32.25 27.113 0.0800664
65.4888 32.75 27.1161 0.0800638
65.4888 33.25 27.1213 0.0800617
65.4888 33.75 27.1281 0.08006
65.4888 34.25 27.1361 0.0800588
65.4888 34.75 27.1451 0.0800578
65.4888 35.25 27.1547 0.0800571
65.4888 35.75 27.1646 0.0800566
65.4888 36.25 27.1748 0.0800562
65.4888 36.75 27.185 0.080056
65.4888 37.25 27.195 0.0800559
65.4888 37.75 27.2047 0.0800559
65.4888 38.25 27.214 0.0800559
65.4888 38.75 27.2227 0.0800559
65.4888 39.25 27.2309 0.0800559
65.4888 39.75 27.2385 0.080056
65.4888 40.25 27.2453 0.080056
65.4888 40.75 27.2514 0.080056
65.4888 41.25 27.2568 0.0800559
65.4888 41.75 27.2613 0.0800558
65.4888 42.25 27.2651 0.0800556
65.4888 42.75 27.2681 0.0800554
65.4888 43.25 27.2702 0.0800551
65.4888 43.75 27.2716 0.0800547
65.4888 44.25 27.2722 0.0800543
65.4888 44.75 27.272 0.0800538
65.4888 45.25 27.271 0.0800532
65.4888 45.75 27.2694 0.0800525
65.4888 46.25 27.2669 0.0800518
65.4888 46.75 27.2638 0.080051
65.4888 47.25 27.26 0.0800501
65.4888 47.75 27.2556 0.0800491
65.4888 48.25 27.2505 0.0800481
65.4888 48.75 27.2448 0.080047
65.4888 49.25 27.2386 0.0800459
65.4888 49.75 27.2318 0.0800446
65.4888 50.25 27.2245 0.0800434
65.4888 50.75 27.2167 0.080042
65.4888 51.25 27.2084 0.0800406
65.4888 51.75 27.1997 0.0800392
65.4888 52.25 27.1905 0.0800377
65.4888 52.75 27.181 0.0800361
65.4888 53.25 27.1711 0.0800345
65.4888 53.75 27.1609 0.0800329
65.4888 54.25 27.1504 0.0800312
65.4888 54.75 27.1396 0.0800295
65.4888 55.25 27.1285 0.0800276
65.4888 55.75 27.1172 0.0800253
65.4888 56.25 27.1057 0.0800212
65.4888 56.75 27.094 0.0800108
65.4888 57.25 27.0822 0.0799811
65.4888 57.75 27.0702 0.0799
65.4888 58.25 27.0581 0.0796993
65.4888 58.75 27.0459 0.0792502
65.4888 59.25 27.0336 0.0784145
65.4888 59.75 27.0213 0.0785675

65.9775 0.25 308.755 0.005
65.9775 0.75 271.707 0.005
65.9775 1.25 236.258 0.005
65.9775 1.75 202.556 0.005
65.9775 2.25 170.731 0.00500025
65.9775 2.75 141.073 0.00520003
65.9775 3.25 118.324 0.0127538
65.9775 3.75 106.702 0.0421182
65.9775 4.25 100.775 0.0643829
65.9775 4.75 95.8661 0.0650006
65.9775 5.25 91.1184 0.0650008
65.9775 5.75 86.5372 0.0650009
65.9775 6.25 82.1319 0.0650009
65.9775 6.75 77.9086 0.0650008
65.9775 7.25 73.8706 0.0649989
65.9775 7.75 70.0191 0.064998
65.9775 8.25 66.3541 0.0649985
65.9775 8.75 62.8741 0.0649904
65.9775 9.25 59.5764 0.0649913
65.9775 9.75 56.4571 0.0649622
65.9775 10.25 53.5106 0.0648785
65.9775 10.75 50.7323 0.0649621
65.9775 11.25 48.1162 0.0649705
65.9775 11.75 45.6497 0.0645506
65.9775 12.25 43.2703 0.058511
65.9775 12.75 41.7007 0.0654187
65.9775 13.25 40.5791 0.0779683
65.9775 13.75 39.5202 0.083577
65.9775 14.25 38.514 0.0831693
65.9775 14.75 37.5592 0.0828468
65.9775 15.25 36.6567 0.0825445
65.9775 15.75 35.8071 0.0822685
65.9775 16.25 35.0102 0.0820191
65.9775 16.75 34.2657 0.081795
65.9775 17.25 33.573 0.0815942
65.9775 17.75 32.9308 0.0814147
65.9775 18.25 32.3379 0.0812544
65.9775 18.75 31.7927 0.0811115
65.9775 19.25 31.2932 0.0809843
65.9775 19.75 30.8376 0.0808711
65.9775 20.25 30.4237 0.0807706
65.9775 20.75 30.0491 0.0806815
65.9775 21.25 29.7117 0.0806024
65.9775 21.75 29.4091 0.0805324
65.9775 22.25 29.1389 0.0804706
65.9775 22.75 28.8987 0.0804159
65.9775 23.25 28.6862 0.0803677
65.9775 23.75 28.4992 0.0803252
65.9775 24.25 28.3356 0.0802878
65.9775 24.75 28.1933 0.080255
65.9775 25.25 28.0702 0.0802263
65.9775 25.75 27.9645 0.0802012
65.9775 26.25 27.8745 0.0801793
65.9775 26.75 27.7985 0.0801602
65.9775 27.25 27.7351 0.0801437
65.9775 27.75 27.6827 0.0801294
65.9775 28.25 27.6402 0.0801171
65.9775 28.75 27.6063 0.0801065
65.9775 29.25 27.58 0.0800975
65.9775 29.75 27.5602 0.0800898
65.9775 30.25 27.5461 0.0800834
65.9775 30.75 27.5368 0.080078
65.9775 31.25 27.5317 0.0800735
65.9775 31.75 27.5301 0.0800697
65.9775 32.25 27.5314 0.0800667
65.9775 32.75 27.535 0.0800642
65.9775 33.25 27.5406 0.0800623
65.9775 33.75 27.5478 0.0800608
65.9775 34.25 27.5561 0.0800596
65.9775 34.75 27.5652 0.0800587
65.9775 35.25 27.5749 0.0800581
65.9775 35.75 27.585 0.0800577
65.9775 36.25 27.5951 0.0800574
65.9775 36.75 27.6053 0.0800573
65.9775 37.25 27.6152 0.0800572
65.9775 37.75 27.6248 0.0800572
65.9775 38.25 27.634 0.0800573
65.9775 38.75 27.6426 0.0800573
65.9775 39.25 27.6506 0.0800574
65.9775 39.75 27.658 0.0800575
65.9775 40.25 27.6647 0.0800575
65.9775 40.75 27.6706 0.0800575
65.9775 41.25 27.6757 0.0800574
65.9775 41.75 27.6801 0.0800573
65.9775 42.25 27.6837 0.0800571
65.9775 42.75 27.6864 0.0800569
65.9775 43.25 27.6884 0.0800566
65.9775 43.75 27.6896 0.0800562
65.9775 44.25 27.6899 0.0800557
65.9775 44.75 27.6896 0.0800552
65.9775 45.25 27.6884 0.0800546
65.9775 45.75 27.6865 0.0800539
65.9775 46.25 27.6839 0.0800531
65.9775 46.75 27.6806 0.0800522
65.9775 47.25 27.6767 0.0800513
65.9775 47.75 27.6721 0.0800503
65.9775 48.25 27.6669 0.0800493
65.9775 48.75 27.661 0.0800481
65.9775 49.25 27.6546 0.0800469
65.9775 49.75 27.6477 0.0800456
65.9775 50.25 27.6403 0.0800443
65.9775 50.75 27.6323 0.0800429
65.9775 51.25 27.6239 0.0800415
65.9775 51.75 27.6151 0.08004
65.9775 52.25 27.6059 0.0800384
65.9775 52.75 27.5963 0.0800368
65.9775 53.25 27.5863 0.0800352
65.9775 53.75 27.576 0.0800335
65.9775 54.25 27.5654 0.0800317
65.9775 54.75 27.5545 0.0800299
65.9775 55.25 27.5433 0.080028
65.9775 55.75 27.532 0.0800256
65.9775 56.25 27.5204 0.0800214
65.9775 56.75 27.5086 0.0800108
65.9775 57.25 27.4967 0.0799807
65.9775 57.75 27.4846 0.0798982
65.9775 58.25 27.4725 0.079695
65.9775 58.75 27.4602 0.0792429
65.9775 59.25 27.4479 0.0784114
65.9775 59.75 27.4355 0.0786135

66.4662 0.25 308.727 0.005
66.4662 0.75 271.624 0.005
66.4662 1.25 236.123 0.005
66.4662 1.75 202.372 0.005
66.4662 2.25 170.504 0.00500028
66.4662 2.75 140.822 0.00521305
66.4662 3.25 118.161 0.0129643
66.4662 3.75 106.618 0.0424662
66.4662 4.25 100.709 0.0644775
66.4662 4.75 95.7792 0.0650006
66.4662 5.25 91.0088 0.0650008
66.4662 5.75 86.4034 0.0650008
66.4662 6.25 81.9711 0.0649996
66.4662 6.75 77.7165 0.0649922
66.4662 7.25 73.642 0.0649963
66.4662 7.75 69.7485 0.0649839
66.4662 8.25 66.0359 0.0649522
66.4662 8.75 62.5052 0.0649681
66.4662 9.25 59.1562 0.0648042
66.4662 9.75 55.9914 0.0647704
66.4662 10.25 53.0178 0.0648822
66.4662 10.75 50.2237 0.0635376
66.4662 11.25 47.6128 0.0643376
66.4662 11.75 45.1738 0.0631363
66.4662 12.25 43.6057 0.0657433
66.4662 12.75 42.4777 0.0860111
66.4662 13.25 41.3957 0.0865089
66.4662 13.75 40.3489 0.0862315
66.4662 14.25 39.3391 0.085919
66.4662 14.75 38.3697 0.0856012
66.4662 15.25 37.4443 0.0852949
66.4662 15.75 36.566 0.0850089
66.4662 16.25 35.7373 0.084747
66.4662 16.75 34.9598 0.0845099
66.4662 17.25 34.234 0.0842967
66.4662 17.75 33.5599 0.0841058
66.4662 18.25 32.9367 0.0839354
66.4662 18.75 32.363 0.0837836
66.4662 19.25 31.8371 0.0836485
66.4662 19.75 31.3572 0.0835285
66.4662 20.25 30.9208 0.0834219
66.4662 20.75 30.5257 0.0833275
66.4662 21.25 30.1695 0.0832438
66.4662 21.75 29.8495 0.0831698
66.4662 22.25 29.5635 0.0831043
66.4662 22.75 29.3088 0.0830464
66.4662 23.25 29.0831 0.0829954
66.4662 23.75 28.884 0.0829504
66.4662 24.25 28.7094 0.0829108
66.4662 24.75 28.5569 0.082876
66.4662 25.25 28.4247 0.0828455
66.4662 25.75 28.3107 0.0828188
66.4662 26.25 28.2132 0.0827954
66.4662 26.75 28.1305 0.0827751
66.4662 27.25 28.061 0.0827574
66.4662 27.75 28.0032 0.0827421
66.4662 28.25 27.9559 0.0827289
66.4662 28.75 27.9177 0.0827176
66.4662 29.25 27.8876 0.0827078
66.4662 29.75 27.8645 0.0826995
66.4662 30.25 27.8474 0.0826925
66.4662 30.75 27.8357 0.0826866
66.4662 31.25 27.8284 0.0826816
66.4662 31.75 27.8249 0.0826775
66.4662 32.25 27.8245 0.0826741
66.4662 32.75 27.8268 0.0826714
66.4662 33.25 27.8313 0.0826691
66.4662 33.75 27.8375 0.0826674
66.4662 34.25 27.8449 0.082666
66.4662 34.75 27.8534 0.082665
66.4662 35.25 27.8626 0.0826642
66.4662 35.75 27.8723 0.0826637
66.4662 36.25 27.8821 0.0826633
66.4662 36.75 27.892 0.082663
66.4662 37.25 27.9018 0.0826629
66.4662 37.75 27.9113 0.0826629
66.4662 38.25 27.9204 0.0826628
66.4662 38.75 27.929 0.0826629
66.4662 39.25 27.937 0.0826629
66.4662 39.75 27.9444 0.0826629
66.4662 40.25 27.9511 0.0826629
66.4662 40.75 27.9571 0.0826629
66.4662 41.25 27.9624 0.0826628
66.4662 41.75 27.9668 0.0826627
66.4662 42.25 27.9705 0.0826625
66.4662 42.75 27.9733 0.0826622
66.4662 43.25 27.9754 0.0826619
66.4662 43.75 27.9766 0.0826615
66.4662 44.25 27.9771 0.0826611
66.4662 44.75 27.9768 0.0826605
66.4662 45.25 27.9757 0.0826599
66.4662 45.75 27.9739 0.0826592
66.4662 46.25 27.9714 0.0826584
66.4662 46.75 27.9682 0.0826576
66.4662 47.25 27.9642 0.0826567
66.4662 47.75 27.9597 0.0826557
66.4662 48.25 27.9545 0.0826546
66.4662 48.75 27.9487 0.0826535
66.4662 49.25 27.9423 0.0826523
66.4662 49.75 27.9353 0.082651
66.4662 50.25 27.9279 0.0826497
66.4662 50.75 27.9199 0.0826483
66.4662 51.25 27.9115 0.0826468
66.4662 51.75 27.9026 0.0826453
66.4662 52.25 27.8933 0.0826438
66.4662 52.75 27.8837 0.0826422
66.4662 53.25 27.8736 0.0826405
66.4662 53.75 27.8632 0.0826388
66.4662 54.25 27.8525 0.082637
66.4662 54.75 27.8416 0.0826349
66.4662 55.25 27.8303 0.082632
66.4662 55.75 27.8189 0.0826268
66.4662 56.25 27.8072 0.0826151
66.4662 56.75 27.7953 0.0825872
66.4662 57.25 27.7833 0.0825239
66.4662 57.75 27.7711 0.0823916
66.4662 58.25 27.7588 0.0821354
66.4662 58.75 27.7464 0.081679
66.4662 59.25 27.734 0.0810995
66.4662 59.75 27.7215 0.0818712

66.955 0.25 308.73 0.005
66.955 0.75 271.642 0.005
66.955 1.25 236.164 0.005
66.955 1.75 202.444 0.005
66.955 2.25 170.615 0.00500027
66.955 2.75 140.974 0.00520762
66.955 3.25 118.27 0.012904
66.955 3.75 106.667 0.0423413
66.955 4.25 100.75 0.0644215
66.955 4.75 95.8388 0.0650006
66.955 5.25 91.0916 0.0650008
66.955 5.75 86.5145 0.0650009
66.955 6.25 82.1167 0.0650009
66.955 6.75 77.9038 0.0650005
66.955 7.25 73.8786 0.0649981
66.955 7.75 70.042 0.0649983
66.955 8.25 66.3931 0.0649951
66.955 8.75 62.9301 0.0649917
66.955 9.25 59.65 0.0649939
66.955 9.75 56.5488 0.0649923
66.955 10.25 53.6201 0.0648705
66.955 10.75 50.8588 0.0649634
66.955 11.25 48.2596 0.0649744
66.955 11.75 45.7945 0.062928
66.955 12.25 43.3885 0.0557793
66.955 12.75 41.8276 0.0654454
66.955 13.25 40.7262 0.0807874
66.955 13.75 39.6868 0.0834363
66.955 14.25 38.6987 0.0831164
66.955 14.75 37.7622 0.0827996
66.955 15.25 36.8782 0.0825024
66.955 15.75 36.0473 0.0822309
66.955 16.25 35.2693 0.0819857
66.955 16.75 34.5438 0.0817653
66.955 17.25 33.8699 0.0815679
66.955 17.75 33.2466 0.0813914
66.955 18.25 32.6721 0.0812338
66.955 18.75 32.1449 0.0810934
66.955 19.25 31.6628 0.0809684
66.955 19.75 31.2239 0.0808572
66.955 20.25 30.8257 0.0807585
66.955 20.75 30.4661 0.0806708
66.955 21.25 30.1426 0.0805932
66.955 21.75 29.8528 0.0805244
66.955 22.25 29.5944 0.0804635
66.955 22.75 29.3651 0.0804098
66.955 23.25 29.1625 0.0803624
66.955 23.75 28.9845 0.0803206
66.955 24.25 28.8289 0.0802839
66.955 24.75 28.6938 0.0802517
66.955 25.25 28.5772 0.0802235
66.955 25.75 28.4773 0.0801988
66.955 26.25 28.3924 0.0801773
66.955 26.75 28.321 0.0801586
66.955 27.25 28.2615 0.0801424
66.955 27.75 28.2127 0.0801284
66.955 28.25 28.1733 0.0801164
66.955 28.75 28.1421 0.0801061
66.955 29.25 28.1181 0.0800974
66.955 29.75 28.1003 0.0800899
66.955 30.25 28.088 0.0800837
66.955 30.75 28.0802 0.0800785
66.955 31.25 28.0764 0.0800741
66.955 31.75 28.0758 0.0800706
66.955 32.25 28.078 0.0800677
66.955 32.75 28.0824 0.0800654
66.955 33.25 28.0886 0.0800635
66.955 33.75 28.0962 0.0800621
66.955 34.25 28.1048 0.0800611
66.955 34.75 28.1142 0.0800603
66.955 35.25 28.1241 0.0800597
66.955 35.75 28.1342 0.0800594
66.955 36.25 28.1445 0.0800592
66.955 36.75 28.1546 0.0800591
66.955 37.25 28.1645 0.0800591
66.955 37.75 28.174 0.0800591
66.955 38.25 28.183 0.0800592
66.955 38.75 28.1915 0.0800593
66.955 39.25 28.1994 0.0800594
66.955 39.75 28.2065 0.0800594
66.955 40.25 28.213 0.0800595
66.955 40.75 28.2187 0.0800595
66.955 41.25 28.2237 0.0800594
66.955 41.75 28.2278 0.0800593
66.955 42.25 28.2311 0.0800591
66.955 42.75 28.2337 0.0800588
66.955 43.25 28.2354 0.0800585
66.955 43.75 28.2364 0.080058
66.955 44.25 28.2366 0.0800576
66.955 44.75 28.236 0.080057
66.955 45.25 28.2347 0.0800563
66.955 45.75 28.2326 0.0800556
66.955 46.25 28.2298 0.0800548
66.955 46.75 28.2264 0.0800539
66.955 47.25 28.2222 0.0800529
66.955 47.75 28.2175 0.0800519
66.955 48.25 28.2121 0.0800507
66.955 48.75 28.2062 0.0800496
66.955 49.25 28.1997 0.0800483
66.955 49.75 28.1926 0.080047
66.955 50.25 28.1851 0.0800456
66.955 50.75 28.177 0.0800441
66.955 51.25 28.1685 0.0800426
66.955 51.75 28.1596 0.080041
66.955 52.25 28.1503 0.0800394
66.955 52.75 28.1406 0.0800378
66.955 53.25 28.1306 0.080036
66.955 53.75 28.1202 0.0800343
66.955 54.25 28.1095 0.0800325
66.955 54.75 28.0986 0.0800306
66.955 55.25 28.0874 0.0800286
66.955 55.75 28.076 0.0800261
66.955 56.25 28.0644 0.0800218
66.955 56.75 28.0526 0.080011
66.955 57.25 28.0406 0.0799802
66.955 57.75 28.0285 0.0798962
66.955 58.25 28.0163 0.0796888
66.955 58.75 28.004 0.0792274
66.955 59.25 27.9917 0.0783766
66.955 59.75 27.9793 0.0785772

67.4437 0.25 308.615 0.005
67.4437 0.75 271.297 0.005
67.4437 1.25 235.581 0.005
67.4437 1.75 201.611 0.005
67.4437 2.25 169.511 0.00500032
67.4437 2.75 139.614 0.00524985
67.4437 3.25 117.184 0.0140762
67.4437 3.75 105.947 0.0455236
67.4437 4.25 100.05 0.0648112
67.4437 4.75 94.8052 0.0648864
67.4437 5.25 89.7519 0.0647038
67.4437 5.75 84.8874 0.0648492
67.4437 6.25 80.2113 0.0648004
67.4437 6.75 75.7178 0.0647465
67.4437 7.25 71.4014 0.0644993
67.4437 7.75 67.2517 0.0639461
67.4437 8.25 63.2413 0.0620937
67.4437 8.75 59.2677 0.0554318
67.4437 9.25 55.1181 0.0428482
67.4437 9.75 52.9976 0.0702986
67.4437 10.25 51.6045 0.0965596
67.4437 10.75 50.2158 0.0959613
67.4437 11.25 48.8529 0.0960604
67.4437 11.75 47.52 0.0960632
67.4437 12.25 46.2215 0.0959895
67.4437 12.75 44.9614 0.0958553
67.4437 13.25 43.7436 0.0956734
67.4437 13.75 42.5713 0.0954558
67.4437 14.25 41.4473 0.0952134
67.4437 14.75 40.374 0.094956
67.4437 15.25 39.3532 0.0946927
67.4437 15.75 38.3863 0.0944311
67.4437 16.25 37.4742 0.0941773
67.4437 16.75 36.6173 0.093936
67.4437 17.25 35.8156 0.0937104
67.4437 17.75 35.0686 0.0935023
67.4437 18.25 34.3754 0.0933125
67.4437 18.75 33.7348 0.0931407
67.4437 19.25 33.1452 0.0929864
67.4437 19.75 32.6049 0.0928484
67.4437 20.25 32.1118 0.0927255
67.4437 20.75 31.6635 0.0926162
67.4437 21.25 31.2579 0.0925193
67.4437 21.75 30.8923 0.0924335
67.4437 22.25 30.5642 0.0923576
67.4437 22.75 30.2711 0.0922906
67.4437 23.25 30.0104 0.0922315
67.4437 23.75 29.7797 0.0921793
67.4437 24.25 29.5765 0.0921335
67.4437 24.75 29.3985 0.0920931
67.4437 25.25 29.2434 0.0920577
67.4437 25.75 29.1091 0.0920267
67.4437 26.25 28.9935 0.0919996
67.4437 26.75 28.8949 0.0919759
67.4437 27.25 28.8113 0.0919552
67.4437 27.75 28.7412 0.0919373
67.4437 28.25 28.6831 0.0919218
67.4437 28.75 28.6355 0.0919084
67.4437 29.25 28.5972 0.0918968
67.4437 29.75 28.567 0.0918869
67.4437 30.25 28.5439 0.0918785
67.4437 30.75 28.5268 0.0918713
67.4437 31.25 28.5149 0.0918652
67.4437 31.75 28.5075 0.0918601
67.4437 32.25 28.5038 0.0918558
67.4437 32.75 28.5032 0.0918522
67.4437 33.25 28.5051 0.0918493
67.4437 33.75 28.5091 0.0918469
67.4437 34.25 28.5147 0.0918449
67.4437 34.75 28.5215 0.0918434
67.4437 35.25 28.5293 0.0918421
67.4437 35.75 28.5376 0.0918411
67.4437 36.25 28.5463 0.0918403
67.4437 36.75 28.5551 0.0918397
67.4437 37.25 28.5639 0.0918392
67.4437 37.75 28.5725 0.0918388
67.4437 38.25 28.5807 0.0918385
67.4437 38.75 28.5884 0.0918382
67.4437 39.25 28.5956 0.0918379
67.4437 39.75 28.6022 0.0918377
67.4437 40.25 28.608 0.0918374
67.4437 40.75 28.6132 0.0918371
67.4437 41.25 28.6175 0.0918368
67.4437 41.75 28.6211 0.0918364
67.4437 42.25 28.6238 0.091836
67.4437 42.75 28.6257 0.0918355
67.4437 43.25 28.6268 0.0918349
67.4437 43.75 28.627 0.0918343
67.4437 44.25 28.6265 0.0918336
67.4437 44.75 28.6251 0.0918328
67.4437 45.25 28.6229 0.091832
67.4437 45.75 28.62 0.0918311
67.4437 46.25 28.6163 0.0918301
67.4437 46.75 28.6119 0.091829
67.4437 47.25 28.6068 0.0918278
67.4437 47.75 28.601 0.0918266
67.4437 48.25 28.5946 0.0918253
67.4437 48.75 28.5875 0.091824
67.4437 49.25 28.5798 0.0918226
67.4437 49.75 28.5716 0.0918211
67.4437 50.25 28.5628 0.0918195
67.4437 50.75 28.5535 0.0918178
67.4437 51.25 28.5438 0.091816
67.4437 51.75 28.5335 0.091814
67.4437 52.25 28.5229 0.0918116
67.4437 52.75 28.5118 0.0918084
67.4437 53.25 28.5004 0.0918038
67.4437 53.75 28.4886 0.0917967
67.4437 54.25 28.4765 0.0917854
67.4437 54.75 28.4641 0.0917676
67.4437 55.25 28.4514 0.0917398
67.4437 55.75 28.4385 0.0916979
67.4437 56.25 28.4254 0.0916367
67.4437 56.75 28.4121 0.0915488
67.4437 57.25 28.3986 0.0914244
67.4437 57.75 28.3849 0.0912533
67.4437 58.25 28.3712 0.0910442
67.4437 58.75 28.3574 0.0908863
67.4437 59.25 28.3435 0.0910586
67.4437 59.75 28.3295 0.0919629

67.9324 0.25 307.212 0.005
67.9324 0.75 267.073 0.005
67.9324 1.25 228.486 0.005
67.9324 1.75 191.554 0.005
67.9324 2.25 156.364 0.00500412
67.9324 2.75 124.894 0.00717454
67.9324 3.25 107.123 0.0368452
67.9324 3.75 97.4009 0.0528231
67.9324 4.25 84.5109 0.005
67.9324 4.75 81.7472 0.0898445
67.9324 5.25 80.1924 0.120084
67.9324 5.75 78.4954 0.121516
67.9324 6.25 76.7602 0.12219
67.9324 6.75 74.9917 0.122644
67.9324 7.25 73.1934 0.122852
67.9324 7.75 71.3693 0.12286
67.9324 8.25 69.5238 0.122724
67.9324 8.75 67.6614 0.122485
67.9324 9.25 65.7872 0.122172
67.9324 9.75 63.9067 0.121806
67.9324 10.25 62.0259 0.121404
67.9324 10.75 60.1513 0.120982
67.9324 11.25 58.2899 0.120549
67.9324 11.75 56.4491 0.120118
67.9324 12.25 54.6363 0.119696
67.9324 12.75 52.8594 0.11929
67.9324 13.25 51.1257 0.118907
67.9324 13.75 49.4427 0.118549
67.9324 14.25 47.8169 0.11822
67.9324 14.75 46.2547 0.117921
67.9324 15.25 44.7612 0.117652
67.9324 15.75 43.3409 0.117412
67.9324 16.25 41.9972 0.1172
67.9324 16.75 40.7325 0.117013
67.9324 17.25 39.548 0.116848
67.9324 17.75 38.4442 0.116704
67.9324 18.25 37.4204 0.116577
67.9324 18.75 36.4753 0.116466
67.9324 19.25 35.6069 0.116367
67.9324 19.75 34.8123 0.116279
67.9324 20.25 34.0886 0.116201
67.9324 20.75 33.4321 0.116131
67.9324 21.25 32.8392 0.116067
67.9324 21.75 32.3059 0.116009
67.9324 22.25 31.8281 0.115956
67.9324 22.75 31.4019 0.115908
67.9324 23.25 31.0232 0.115864
67.9324 23.75 30.6883 0.115823
67.9324 24.25 30.3933 0.115786
67.9324 24.75 30.1348 0.115752
67.9324 25.25 29.9092 0.115721
67.9324 25.75 29.7133 0.115692
67.9324 26.25 29.5443 0.115667
67.9324 26.75 29.3992 0.115643
67.9324 27.25 29.2755 0.115623
67.9324 27.75 29.1709 0.115604
67.9324 28.25 29.083 0.115587
67.9324 28.75 29.01 0.115572
67.9324 29.25 28.95 0.115559
67.9324 29.75 28.9013 0.115548
67.9324 30.25 28.8625 0.115538
67.9324 30.75 28.8323 0.115529
67.9324 31.25 28.8093 0.115521
67.9324 31.75 28.7926 0.115515
67.9324 32.25 28.7811 0.115509
67.9324 32.75 28.7741 0.115504
67.9324 33.25 28.7708 0.1155
67.9324 33.75 28.7705 0.115496
67.9324 34.25 28.7726 0.115493
67.9324 34.75 28.7766 0.115491
67.9324 35.25 28.7821 0.115489
67.9324 35.75 28.7887 0.115487
67.9324 36.25 28.796 0.115486
67.9324 36.75 28.8038 0.115484
67.9324 37.25 28.8117 0.115483
67.9324 37.75 28.8197 0.115482
67.9324 38.25 28.8274 0.115481
67.9324 38.75 28.8349 0.115481
67.9324 39.25 28.8419 0.11548
67.9324 39.75 28.8483 0.115479
67.9324 40.25 28.8541 0.115479
67.9324 40.75 28.8591 0.115478
67.9324 41.25 28.8634 0.115477
67.9324 41.75 28.867 0.115477
67.9324 42.25 28.8697 0.115476
67.9324 42.75 28.8715 0.115475
67.9324 43.25 28.8725 0.115474
67.9324 43.75 28.8727 0.115473
67.9324 44.25 28.872 0.115472
67.9324 44.75 28.8705 0.11547
67.9324 45.25 28.8682 0.115468
67.9324 45.75 28.8651 0.115466
67.9324 46.25 28.8612 0.115464
67.9324 46.75 28.8565 0.115461
67.9324 47.25 28.8511 0.115458
67.9324 47.75 28.845 0.115454
67.9324 48.25 28.8383 0.11545
67.9324 48.75 28.8308 0.115445
67.9324 49.25 28.8228 0.115438
67.9324 49.75 28.8141 0.115431
67.9324 50.25 28.8049 0.115423
67.9324 50.75 28.7952 0.115414
67.9324 51.25 28.7849 0.115403
67.9324 51.75 28.7742 0.11539
67.9324 52.25 28.763 0.115376
67.9324 52.75 28.7514 0.115359
67.9324 53.25 28.7394 0.11534
67.9324 53.75 28.727 0.115318
67.9324 54.25 28.7143 0.115292
67.9324 54.75 28.7013 0.115264
67.9324 55.25 28.6881 0.115233
67.9324 55.75 28.6745 0.115201
67.9324 56.25 28.6608 0.115171
67.9324 56.75 28.6468 0.115148
67.9324 57.25 28.6327 0.115142
67.9324 57.75 28.6185 0.115162
67.9324 58.25 28.6041 0.115222
67.9324 58.75 28.5896 0.115336
67.9324 59.25 28.5751 0.115509
67.9324 59.75 28.5605 0.115739

68.4211 0.25 305.722 0.005
68.4211 0.75 262.538 0.005
68.4211 1.25 220.695 0.005
68.4211 1.75 180.124 0.005
68.4211 2.25 140.78 0.00506743
68.4211 2.75 102.433 0.005
68.4211 3.25 99.5142 0.106466
68.4211 3.75 97.8927 0.133651
68.4211 4.25 96.0824 0.139012
68.4211 4.75 94.1942 0.140872
68.4211 5.25 92.2514 0.141509
68.4211 5.75 90.2629 0.141637
68.4211 6.25 88.233 0.141498
68.4211 6.75 86.1649 0.14118
68.4211 7.25 84.0616 0.140724
68.4211 7.75 81.9261 0.140159
68.4211 8.25 79.7618 0.139507
68.4211 8.75 77.5727 0.138785
68.4211 9.25 75.363 0.13801
68.4211 9.75 73.138 0.137197
68.4211 10.25 70.9031 0.136361
68.4211 10.75 68.665 0.135516
68.4211 11.25 66.4308 0.134673
68.4211 11.75 64.2083 0.133846
68.4211 12.25 62.006 0.133047
68.4211 12.75 59.8329 0.132285
68.4211 13.25 57.6983 0.131569
68.4211 13.75 55.6118 0.130907
68.4211 14.25 53.5827 0.130304
68.4211 14.75 51.6199 0.129763
68.4211 15.25 49.7318 0.129285
68.4211 15.75 47.9257 0.12887
68.4211 16.25 46.2078 0.128515
68.4211 16.75 44.5832 0.128217
68.4211 17.25 43.0555 0.127971
68.4211 17.75 41.6267 0.12777
68.4211 18.25 40.2977 0.127611
68.4211 18.75 39.0681 0.127486
68.4211 19.25 37.9361 0.12739
68.4211 19.75 36.8993 0.127319
68.4211 20.25 35.954 0.127268
68.4211 20.75 35.0962 0.127232
68.4211 21.25 34.3213 0.127209
68.4211 21.75 33.6243 0.127195
68.4211 22.25 33.0001 0.127188
68.4211 22.75 32.4434 0.127186
68.4211 23.25 31.949 0.127187
68.4211 23.75 31.5118 0.127191
68.4211 24.25 31.1268 0.127195
68.4211 24.75 30.7892 0.127201
68.4211 25.25 30.4946 0.127206
68.4211 25.75 30.2385 0.127212
68.4211 26.25 30.0172 0.127216
68.4211 26.75 29.8268 0.12722
68.4211 27.25 29.664 0.127224
68.4211 27.75 29.5255 0.127226
68.4211 28.25 29.4087 0.127228
68.4211 28.75 29.3108 0.12723
68.4211 29.25 29.2295 0.127231
68.4211 29.75 29.1626 0.127231
68.4211 30.25 29.1083 0.127231
68.4211 30.75 29.0649 0.127231
68.4211 31.25 29.0307 0.12723
68.4211 31.75 29.0044 0.127229
68.4211 32.25 28.9849 0.127228
68.4211 32.75 28.9711 0.127227
68.4211 33.25 28.9619 0.127226
68.4211 33.75 28.9566 0.127225
68.4211 34.25 28.9545 0.127224
68.4211 34.75 28.955 0.127223
68.4211 35.25 28.9574 0.127222
68.4211 35.75 28.9613 0.127221
68.4211 36.25 28.9662 0.12722
68.4211 36.75 28.972 0.127219
68.4211 37.25 28.9781 0.127218
68.4211 37.75 28.9845 0.127217
68.4211 38.25 28.9908 0.127216
68.4211 38.75 28.9969 0.127215
68.4211 39.25 29.0026 0.127213
68.4211 39.75 29.0079 0.127212
68.4211 40.25 29.0126 0.127211
68.4211 40.75 29.0166 0.12721
68.4211 41.25 29.0198 0.127209
68.4211 41.75 29.0223 0.127207
68.4211 42.25 29.024 0.127205
68.4211 42.75 29.0249 0.127204
68.4211 43.25 29.0249 0.127202
68.4211 43.75 29.024 0.127199
68.4211 44.25 29.0224 0.127197
68.4211 44.75 29.0198 0.127194
68.4211 45.25 29.0165 0.127191
68.4211 45.75 29.0123 0.127188
68.4211 46.25 29.0074 0.127184
68.4211 46.75 29.0016 0.12718
68.4211 47.25 28.9952 0.127175
68.4211 47.75 28.988 0.12717
68.4211 48.25 28.9801 0.127165
68.4211 48.75 28.9716 0.127158
68.4211 49.25 28.9624 0.127152
68.4211 49.75 28.9526 0.127144
68.4211 50.25 28.9423 0.127136
68.4211 50.75 28.9314 0.127127
68.4211 51.25 28.92 0.127117
68.4211 51.75 28.9081 0.127106
68.4211 52.25 28.8957 0.127094
68.4211 52.75 28.883 0.127081
68.4211 53.25 28.8698 0.127067
68.4211 53.75 28.8562 0.127052
68.4211 54.25 28.8424 0.127038
68.4211 54.75 28.8282 0.127024
68.4211 55.25 28.8137 0.127012
68.4211 55.75 28.799 0.127005
68.4211 56.25 28.784 0.127005
68.4211 56.75 28.7689 0.127015
68.4211 57.25 28.7536 0.127039
68.4211 57.75 28.7381 0.127082
68.4211 58.25 28.7225 0.127147
68.4211 58.75 28.7068 0.127236
68.4211 59.25 28.6911 0.127351
68.4211 59.75 28.6753 0.127488

68.9099 0.25 284.788 0.005
68.9099 0.75 199.515 0.005
68.9099 1.25 114.89 0.005
68.9099 1.75 109.378 0.0815641
68.9099 2.25 106.911 0.107924
68.9099 2.75 104.795 0.120876
68.9099 3.25 103.056 0.133589
68.9099 3.75 101.604 0.144554
68.9099 4.25 100.316 0.153087
68.9099 4.75 99.0269 0.158468
68.9099 5.25 97.6836 0.161754
68.9099 5.75 96.279 0.163649
68.9099 6.25 94.82 0.164656
68.9099 6.75 93.3112 0.165075
68.9099 7.25 91.7554 0.165097
68.9099 7.75 90.1544 0.164846
68.9099 8.25 88.5093 0.164402
68.9099 8.75 86.8209 0.163815
68.9099 9.25 85.09 0.163115
68.9099 9.75 83.3173 0.162324
68.9099 10.25 81.5038 0.161459
68.9099 10.75 79.6509 0.160534
68.9099 11.25 77.7602 0.159561
68.9099 11.75 75.834 0.158552
68.9099 12.25 73.8752 0.15752
68.9099 12.75 71.8873 0.156477
68.9099 13.25 69.8745 0.155434
68.9099 13.75 67.8422 0.154404
68.9099 14.25 65.7963 0.153399
68.9099 14.75 63.7439 0.152429
68.9099 15.25 61.6929 0.151504
68.9099 15.75 59.6519 0.150635
68.9099 16.25 57.6303 0.14983
68.9099 16.75 55.6381 0.149094
68.9099 17.25 53.6853 0.148432
68.9099 17.75 51.7819 0.147847
68.9099 18.25 49.9379 0.14734
68.9099 18.75 48.1622 0.146909
68.9099 19.25 46.463 0.146552
68.9099 19.75 44.8472 0.146262
68.9099 20.25 43.3206 0.146036
68.9099 20.75 41.8873 0.145866
68.9099 21.25 40.5498 0.145746
68.9099 21.75 39.3093 0.145669
68.9099 22.25 38.1657 0.145628
68.9099 22.75 37.1175 0.145618
68.9099 23.25 36.162 0.145632
68.9099 23.75 35.2959 0.145667
68.9099 24.25 34.5148 0.145716
68.9099 24.75 33.8142 0.145778
68.9099 25.25 33.1889 0.145848
68.9099 25.75 32.6335 0.145923
68.9099 26.25 32.1427 0.146003
68.9099 26.75 31.711 0.146085
68.9099 27.25 31.3332 0.146167
68.9099 27.75 31.0041 0.146248
68.9099 28.25 30.7189 0.146328
68.9099 28.75 30.473 0.146405
68.9099 29.25 30.2621 0.14648
68.9099 29.75 30.0821 0.146552
68.9099 30.25 29.9294 0.14662
68.9099 30.75 29.8007 0.146685
68.9099 31.25 29.6929 0.146745
68.9099 31.75 29.6032 0.146803
68.9099 32.25 29.5292 0.146856
68.9099 32.75 29.4686 0.146905
68.9099 33.25 29.4195 0.146951
68.9099 33.75 29.3801 0.146994
68.9099 34.25 29.349 0.147033
68.9099 34.75 29.3247 0.147069
68.9099 35.25 29.3061 0.147101
68.9099 35.75 29.2922 0.147131
68.9099 36.25 29.282 0.147158
68.9099 36.75 29.2749 0.147183
68.9099 37.25 29.2702 0.147205
68.9099 37.75 29.2672 0.147224
68.9099 38.25 29.2656 0.147242
68.9099 38.75 29.2649 0.147257
68.9099 39.25 29.2649 0.147271
68.9099 39.75 29.2651 0.147283
68.9099 40.25 29.2654 0.147293
68.9099 40.75 29.2656 0.147302
68.9099 41.25 29.2655 0.14731
68.9099 41.75 29.265 0.147316
68.9099 42.25 29.264 0.147321
68.9099 42.75 29.2625 0.147326
68.9099 43.25 29.2603 0.147329
68.9099 43.75 29.2575 0.147331
68.9099 44.25 29.254 0.147333
68.9099 44.75 29.2497 0.147333
68.9099 45.25 29.2447 0.147333
68.9099 45.75 29.239 0.147333
68.9099 46.25 29.2326 0.147331
68.9099 46.75 29.2255 0.14733
68.9099 47.25 29.2177 0.147327
68.9099 47.75 29.2092 0.147324
68.9099 48.25 29.2001 0.147321
68.9099 48.75 29.1903 0.147317
68.9099 49.25 29.18 0.147312
68.9099 49.75 29.169 0.147307
68.9099 50.25 29.1576 0.147302
68.9099 50.75 29.1456 0.147296
68.9099 51.25 29.1331 0.147291
68.9099 51.75 29.1201 0.147285
68.9099 52.25 29.1068 0.147279
68.9099 52.75 29.093 0.147274
68.9099 53.25 29.0788 0.14727
68.9099 53.75 29.0643 0.147266
68.9099 54.25 29.0495 0.147265
68.9099 54.75 29.0343 0.147265
68.9099 55.25 29.0189 0.147269
68.9099 55.75 29.0033 0.147276
68.9099 56.25 28.9875 0.147288
68.9099 56.75 28.9714 0.147305
68.9099 57.25 28.9552 0.147328
68.9099 57.75 28.9389 0.147358
68.9099 58.25 28.9224 0.147396
68.9099 58.75 28.9059 0.147442
68.9099 59.25 28.8892 0.147495
68.9099 59.75 28.8726 0.147554

69.3986 0.25 276.09 0.005
69.3986 0.75 179.746 0.005
69.3986 1.25 113.328 0.005
69.3986 1.75 108.111 0.094903
69.3986 2.25 105.845 0.115666
69.3986 2.75 103.942 0.131129
69.3986 3.25 102.38 0.145163
69.3986 3.75 101.065 0.157159
69.3986 4.25 99.8508 0.16661
69.3986 4.75 98.5582 0.172935
69.3986 5.25 97.1835 0.177137
69.3986 5.75 95.7222 0.179847
69.3986 6.25 94.1798 0.181536
69.3986 6.75 92.561 0.182492
69.3986 7.25 90.8704 0.18291
69.3986 7.75 89.1127 0.182925
69.3986 8.25 87.2924 0.182639
69.3986 8.75 85.414 0.182129
69.3986 9.25 83.4822 0.181451
69.3986 9.75 81.5014 0.18065
69.3986 10.25 79.4762 0.17976
69.3986 10.75 77.4112 0.178809
69.3986 11.25 75.3116 0.17782
69.3986 11.75 73.1828 0.176815
69.3986 12.25 71.0309 0.175813
69.3986 12.75 68.8624 0.17483
69.3986 13.25 66.6849 0.173885
69.3986 13.75 64.5066 0.17299
69.3986 14.25 62.3364 0.17216
69.3986 14.75 60.1841 0.171406
69.3986 15.25 58.0597 0.170737
69.3986 15.75 55.9739 0.170159
69.3986 16.25 53.9371 0.169676
69.3986 16.75 51.9597 0.169291
69.3986 17.25 50.0514 0.169001
69.3986 17.75 48.2211 0.168803
69.3986 18.25 46.4765 0.168691
69.3986 18.75 44.824 0.168659
69.3986 19.25 43.2685 0.168699
69.3986 19.75 41.8134 0.168802
69.3986 20.25 40.4603 0.16896
69.3986 20.75 39.2095 0.169165
69.3986 21.25 38.06 0.169408
69.3986 21.75 37.0096 0.169683
69.3986 22.25 36.0548 0.169984
69.3986 22.75 35.1916 0.170304
69.3986 23.25 34.4154 0.17064
69.3986 23.75 33.7208 0.170986
69.3986 24.25 33.1024 0.17134
69.3986 24.75 32.5545 0.171698
69.3986 25.25 32.0715 0.172059
69.3986 25.75 31.6479 0.17242
69.3986 26.25 31.2781 0.172779
69.3986 26.75 30.957 0.173136
69.3986 27.25 30.6796 0.173489
69.3986 27.75 30.4412 0.173837
69.3986 28.25 30.2376 0.17418
69.3986 28.75 30.0646 0.174517
69.3986 29.25 29.9187 0.174848
69.3986 29.75 29.7964 0.175172
69.3986 30.25 29.6948 0.17549
69.3986 30.75 29.611 0.1758
69.3986 31.25 29.5426 0.176103
69.3986 31.75 29.4873 0.176398
69.3986 32.25 29.4433 0.176686
69.3986 32.75 29.4089 0.176967
69.3986 33.25 29.3823 0.17724
69.3986 33.75 29.3625 0.177505
69.3986 34.25 29.3481 0.177764
69.3986 34.75 29.3382 0.178015
69.3986 35.25 29.3318 0.178258
69.3986 35.75 29.3283 0.178495
69.3986 36.25 29.327 0.178724
69.3986 36.75 29.3273 0.178946
69.3986 37.25 29.3288 0.179161
69.3986 37.75 29.331 0.17937
69.3986 38.25 29.3337 0.179572
69.3986 38.75 29.3366 0.179767
69.3986 39.25 29.3394 0.179955
69.3986 39.75 29.3419 0.180138
69.3986 40.25 29.3441 0.180314
69.3986 40.75 29.3458 0.180484
69.3986 41.25 29.3468 0.180647
69.3986 41.75 29.3472 0.180805
69.3986 42.25 29.3468 0.180958
69.3986 42.75 29.3457 0.181104
69.3986 43.25 29.3438 0.181245
69.3986 43.75 29.3411 0.181381
69.3986 44.25 29.3376 0.181512
69.3986 44.75 29.3333 0.181637
69.3986 45.25 29.3282 0.181757
69.3986 45.75 29.3224 0.181872
69.3986 46.25 29.3158 0.181983
69.3986 46.75 29.3085 0.182089
69.3986 47.25 29.3004 0.18219
69.3986 47.75 29.2917 0.182287
69.3986 48.25 29.2824 0.182379
69.3986 48.75 29.2724 0.182468
69.3986 49.25 29.2619 0.182552
69.3986 49.75 29.2508 0.182632
69.3986 50.25 29.2391 0.182709
69.3986 50.75 29.227 0.182781
69.3986 51.25 29.2144 0.18285
69.3986 51.75 29.2014 0.182916
69.3986 52.25 29.1879 0.182978
69.3986 52.75 29.1741 0.183037
69.3986 53.25 29.1599 0.183093
69.3986 53.75 29.1454 0.183146
69.3986 54.25 29.1306 0.183195
69.3986 54.75 29.1155 0.183242
69.3986 55.25 29.1001 0.183287
69.3986 55.75 29.0846 0.183328
69.3986 56.25 29.0688 0.183368
69.3986 56.75 29.0529 0.183404
69.3986 57.25 29.0368 0.183438
69.3986 57.75 29.0206 0.18347
69.3986 58.25 29.0043 0.183499
69.3986 58.75 28.9879 0.183525
69.3986 59.25 28.9714 0.183548
69.3986 59.75 28.9549 0.183568

69.8873 0.25 281.212 0.005
69.8873 0.75 192.832 0.005
69.8873 1.25 113.682 0.005
69.8873 1.75 108.231 0.0942988
69.8873 2.25 105.901 0.115759
69.8873 2.75 103.953 0.131202
69.8873 3.25 102.36 0.145235
69.8873 3.75 101.019 0.157201
69.8873 4.25 99.7775 0.166533
69.8873 4.75 98.4641 0.172759
69.8873 5.25 97.0749 0.176927
69.8873 5.75 95.6066 0.179639
69.8873 6.25 94.0646 0.18134
69.8873 6.75 92.453 0.182313
69.8873 7.25 90.7749 0.182748
69.8873 7.75 89.0334 0.182782
69.8873 8.25 87.2314 0.182515
69.8873 8.75 85.372 0.182021
69.8873 9.25 83.4584 0.181358
69.8873 9.75 81.4945 0.18057
69.8873 10.25 79.4842 0.17969
69.8873 10.75 77.4321 0.178747
69.8873 11.25 75.3432 0.177764
69.8873 11.75 73.2231 0.176764
69.8873 12.25 71.078 0.175764
69.8873 12.75 68.9149 0.174783
69.8873 13.25 66.7416 0.173837
69.8873 13.75 64.5663 0.172942
69.8873 14.25 62.3984 0.17211
69.8873 14.75 60.2475 0.171354
69.8873 15.25 58.1241 0.170682
69.8873 15.75 56.0387 0.170101
69.8873 16.25 54.0019 0.169615
69.8873 16.75 52.0241 0.169226
69.8873 17.25 50.1151 0.168933
69.8873 17.75 48.2838 0.168731
69.8873 18.25 46.538 0.168616
69.8873 18.75 44.8841 0.168581
69.8873 19.25 43.3271 0.168618
69.8873 19.75 41.8703 0.168718
69.8873 20.25 40.5155 0.168873
69.8873 20.75 39.263 0.169075
69.8873 21.25 38.1118 0.169316
69.8873 21.75 37.0597 0.169589
69.8873 22.25 36.1033 0.169887
69.8873 22.75 35.2386 0.170206
69.8873 23.25 34.4609 0.170539
69.8873 23.75 33.7649 0.170884
69.8873 24.25 33.1452 0.171236
69.8873 24.75 32.5962 0.171593
69.8873 25.25 32.1122 0.171952
69.8873 25.75 31.6876 0.172312
69.8873 26.25 31.3169 0.17267
69.8873 26.75 30.995 0.173025
69.8873 27.25 30.7169 0.173377
69.8873 27.75 30.4779 0.173724
69.8873 28.25 30.2737 0.174066
69.8873 28.75 30.1003 0.174402
69.8873 29.25 29.954 0.174731
69.8873 29.75 29.8313 0.175054
69.8873 30.25 29.7293 0.175371
69.8873 30.75 29.6452 0.175679
69.8873 31.25 29.5765 0.175981
69.8873 31.75 29.5211 0.176275
69.8873 32.25 29.4769 0.176562
69.8873 32.75 29.4422 0.176842
69.8873 33.25 29.4156 0.177114
69.8873 33.75 29.3956 0.177378
69.8873 34.25 29.3811 0.177635
69.8873 34.75 29.371 0.177885
69.8873 35.25 29.3646 0.178127
69.8873 35.75 29.361 0.178363
69.8873 36.25 29.3596 0.178591
69.8873 36.75 29.3599 0.178812
69.8873 37.25 29.3613 0.179026
69.8873 37.75 29.3635 0.179233
69.8873 38.25 29.3662 0.179434
69.8873 38.75 29.369 0.179628
69.8873 39.25 29.3718 0.179815
69.8873 39.75 29.3743 0.179997
69.8873 40.25 29.3764 0.180171
69.8873 40.75 29.3781 0.18034
69.8873 41.25 29.3791 0.180503
69.8873 41.75 29.3795 0.18066
69.8873 42.25 29.3791 0.180811
69.8873 42.75 29.378 0.180957
69.8873 43.25 29.3761 0.181097
69.8873 43.75 29.3734 0.181231
69.8873 44.25 29.3699 0.181361
69.8873 44.75 29.3657 0.181485
69.8873 45.25 29.3606 0.181604
69.8873 45.75 29.3548 0.181718
69.8873 46.25 29.3482 0.181828
69.8873 46.75 29.3409 0.181933
69.8873 47.25 29.3329 0.182033
69.8873 47.75 29.3242 0.182129
69.8873 48.25 29.3149 0.182221
69.8873 48.75 29.305 0.182308
69.8873 49.25 29.2945 0.182391
69.8873 49.75 29.2834 0.182471
69.8873 50.25 29.2718 0.182546
69.8873 50.75 29.2597 0.182618
69.8873 51.25 29.2472 0.182686
69.8873 51.75 29.2342 0.182751
69.8873 52.25 29.2207 0.182813
69.8873 52.75 29.207 0.182871
69.8873 53.25 29.1928 0.182926
69.8873 53.75 29.1784 0.182978
69.8873 54.25 29.1636 0.183027
69.8873 54.75 29.1486 0.183074
69.8873 55.25 29.1333 0.183118
69.8873 55.75 29.1178 0.183159
69.8873 56.25 29.1021 0.183198
69.8873 56.75 29.0862 0.183234
69.8873 57.25 29.0701 0.183268
69.8873 57.75 29.054 0.183299
69.8873 58.25 29.0377 0.183327
69.8873 58.75 29.0214 0.183354
69.8873 59.25 29.005 0.183377
69.8873 59.75 28.9885 0.183397

70.376 0.25 276.147 0.005
70.376 0.75 179.964 0.005
70.376 1.25 113.3 0.005
70.376 1.75 108.088 0.0950579
70.376 2.25 105.82 0.116671
70.376 2.75 103.914 0.132356
70.376 3.25 102.35 0.146562
70.376 3.75 101.033 0.158691
70.376 4.25 99.8116 0.168229
70.376 4.75 98.5098 0.174661
70.376 5.25 97.1231 0.178978
70.376 5.75 95.6471 0.181808
70.376 6.25 94.0876 0.183609
70.376 6.75 92.4494 0.184666
70.376 7.25 90.7376 0.18517
70.376 7.75 88.9569 0.185258
70.376 8.25 87.1124 0.185032
70.376 8.75 85.2089 0.18457
70.376 9.25 83.2514 0.183931
70.376 9.75 81.2447 0.183163
70.376 10.25 79.1936 0.182301
70.376 10.75 77.1032 0.181375
70.376 11.25 74.9789 0.180412
70.376 11.75 72.8265 0.179433
70.376 12.25 70.6523 0.178458
70.376 12.75 68.4635 0.177507
70.376 13.25 66.2678 0.176596
70.376 13.75 64.0739 0.17574
70.376 14.25 61.8912 0.174953
70.376 14.75 59.7297 0.174245
70.376 15.25 57.5997 0.173627
70.376 15.75 55.512 0.173104
70.376 16.25 53.4772 0.172679
70.376 16.75 51.5057 0.172353
70.376 17.25 49.607 0.172125
70.376 17.75 47.7898 0.171988
70.376 18.25 46.0614 0.171939
70.376 18.75 44.4277 0.171968
70.376 19.25 42.8933 0.172068
70.376 19.75 41.4608 0.17223
70.376 20.25 40.1316 0.172445
70.376 20.75 38.9054 0.172705
70.376 21.25 37.7807 0.173002
70.376 21.75 36.7549 0.173329
70.376 22.25 35.8243 0.173681
70.376 22.75 34.9845 0.174051
70.376 23.25 34.2306 0.174435
70.376 23.75 33.5572 0.174829
70.376 24.25 32.9587 0.17523
70.376 24.75 32.4294 0.175635
70.376 25.25 31.9636 0.176041
70.376 25.75 31.5557 0.176448
70.376 26.25 31.2004 0.176853
70.376 26.75 30.8923 0.177254
70.376 27.25 30.6267 0.177652
70.376 27.75 30.399 0.178045
70.376 28.25 30.2049 0.178433
70.376 28.75 30.0404 0.178815
70.376 29.25 29.902 0.179191
70.376 29.75 29.7864 0.17956
70.376 30.25 29.6906 0.179922
70.376 30.75 29.6119 0.180277
70.376 31.25 29.548 0.180625
70.376 31.75 29.4966 0.180965
70.376 32.25 29.456 0.181298
70.376 32.75 29.4245 0.181624
70.376 33.25 29.4005 0.181943
70.376 33.75 29.3828 0.182254
70.376 34.25 29.3702 0.182557
70.376 34.75 29.3619 0.182854
70.376 35.25 29.3568 0.183143
70.376 35.75 29.3545 0.183425
70.376 36.25 29.3541 0.183699
70.376 36.75 29.3552 0.183967
70.376 37.25 29.3573 0.184228
70.376 37.75 29.3601 0.184482
70.376 38.25 29.3632 0.184729
70.376 38.75 29.3664 0.184969
70.376 39.25 29.3695 0.185203
70.376 39.75 29.3723 0.18543
70.376 40.25 29.3746 0.185651
70.376 40.75 29.3764 0.185865
70.376 41.25 29.3776 0.186074
70.376 41.75 29.378 0.186276
70.376 42.25 29.3777 0.186472
70.376 42.75 29.3767 0.186662
70.376 43.25 29.3748 0.186846
70.376 43.75 29.3721 0.187025
70.376 44.25 29.3687 0.187197
70.376 44.75 29.3644 0.187365
70.376 45.25 29.3593 0.187526
70.376 45.75 29.3535 0.187683
70.376 46.25 29.3469 0.187834
70.376 46.75 29.3397 0.187979
70.376 47.25 29.3317 0.18812
70.376 47.75 29.323 0.188255
70.376 48.25 29.3137 0.188385
70.376 48.75 29.3038 0.18851
70.376 49.25 29.2933 0.188631
70.376 49.75 29.2823 0.188746
70.376 50.25 29.2707 0.188857
70.376 50.75 29.2587 0.188963
70.376 51.25 29.2462 0.189064
70.376 51.75 29.2333 0.18916
70.376 52.25 29.2199 0.189252
70.376 52.75 29.2062 0.18934
70.376 53.25 29.1921 0.189423
70.376 53.75 29.1778 0.189501
70.376 54.25 29.1631 0.189575
70.376 54.75 29.1481 0.189644
70.376 55.25 29.1329 0.189709
70.376 55.75 29.1175 0.18977
70.376 56.25 29.1019 0.189825
70.376 56.75 29.0862 0.189877
70.376 57.25 29.0703 0.189923
70.376 57.75 29.0542 0.189964
70.376 58.25 29.0381 0.190001
70.376 58.75 29.0218 0.190032
70.376 59.25 29.0056 0.190057
70.376 59.75 28.9893 0.190077

70.8647 0.25 280.85 0.005
70.8647 0.75 193.7 0.00590153
70.8647 1.25 114.178 0.005
70.8647 1.75 109.032 0.0750225
70.8647 2.25 106.622 0.114232
70.8647 2.75 104.505 0.128486
70.8647 3.25 102.783 0.142088
70.8647 3.75 101.355 0.153772
70.8647 4.25 100.077 0.162995
70.8647 4.75 98.7482 0.169003
70.8647 5.25 97.3539 0.172926
70.8647 5.75 95.888 0.175384
70.8647 6.25 94.3568 0.176849
70.8647 6.75 92.7647 0.177614
70.8647 7.25 91.1144 0.177878
70.8647 7.75 89.4082 0.177775
70.8647 8.25 87.648 0.177404
70.8647 8.75 85.8356 0.176834
70.8647 9.25 83.9731 0.176117
70.8647 9.75 82.0627 0.175289
70.8647 10.25 80.1073 0.174379
70.8647 10.75 78.1103 0.173411
70.8647 11.25 76.0754 0.172403
70.8647 11.75 74.0073 0.171374
70.8647 12.25 71.9111 0.17034
70.8647 12.75 69.7931 0.169318
70.8647 13.25 67.6598 0.168323
70.8647 13.75 65.5191 0.167368
70.8647 14.25 63.3792 0.166466
70.8647 14.75 61.2494 0.165629
70.8647 15.25 59.1394 0.164867
70.8647 15.75 57.0594 0.164188
70.8647 16.25 55.0199 0.163596
70.8647 16.75 53.0312 0.163095
70.8647 17.25 51.1035 0.162685
70.8647 17.75 49.2462 0.162365
70.8647 18.25 47.4676 0.16213
70.8647 18.75 45.7753 0.161976
70.8647 19.25 44.1749 0.161896
70.8647 19.75 42.6711 0.161881
70.8647 20.25 41.2665 0.161924
70.8647 20.75 39.9627 0.162018
70.8647 21.25 38.7596 0.162153
70.8647 21.75 37.6556 0.162324
70.8647 22.25 36.6484 0.162522
70.8647 22.75 35.7345 0.162744
70.8647 23.25 34.9096 0.162983
70.8647 23.75 34.1689 0.163235
70.8647 24.25 33.5072 0.163496
70.8647 24.75 32.919 0.163763
70.8647 25.25 32.3987 0.164033
70.8647 25.75 31.9408 0.164305
70.8647 26.25 31.5398 0.164576
70.8647 26.75 31.1903 0.164846
70.8647 27.25 30.8873 0.165112
70.8647 27.75 30.626 0.165373
70.8647 28.25 30.4018 0.16563
70.8647 28.75 30.2106 0.165881
70.8647 29.25 30.0485 0.166126
70.8647 29.75 29.912 0.166364
70.8647 30.25 29.7978 0.166596
70.8647 30.75 29.703 0.166821
70.8647 31.25 29.6251 0.167039
70.8647 31.75 29.5616 0.167249
70.8647 32.25 29.5104 0.167453
70.8647 32.75 29.4698 0.167649
70.8647 33.25 29.438 0.167838
70.8647 33.75 29.4136 0.168019
70.8647 34.25 29.3954 0.168194
70.8647 34.75 29.3823 0.168362
70.8647 35.25 29.3732 0.168522
70.8647 35.75 29.3675 0.168677
70.8647 36.25 29.3643 0.168824
70.8647 36.75 29.3631 0.168965
70.8647 37.25 29.3633 0.1691
70.8647 37.75 29.3646 0.169228
70.8647 38.25 29.3666 0.169351
70.8647 38.75 29.3688 0.169467
70.8647 39.25 29.3712 0.169578
70.8647 39.75 29.3735 0.169683
70.8647 40.25 29.3755 0.169784
70.8647 40.75 29.3771 0.169878
70.8647 41.25 29.3781 0.169968
70.8647 41.75 29.3786 0.170053
70.8647 42.25 29.3783 0.170134
70.8647 42.75 29.3773 0.17021
70.8647 43.25 29.3756 0.170281
70.8647 43.75 29.3731 0.170349
70.8647 44.25 29.3699 0.170412
70.8647 44.75 29.3658 0.170472
70.8647 45.25 29.361 0.170528
70.8647 45.75 29.3554 0.17058
70.8647 46.25 29.3491 0.170629
70.8647 46.75 29.342 0.170675
70.8647 47.25 29.3342 0.170717
70.8647 47.75 29.3258 0.170757
70.8647 48.25 29.3167 0.170794
70.8647 48.75 29.307 0.170828
70.8647 49.25 29.2967 0.17086
70.8647 49.75 29.2858 0.17089
70.8647 50.25 29.2743 0.170918
70.8647 50.75 29.2624 0.170943
70.8647 51.25 29.25 0.170967
70.8647 51.75 29.2372 0.17099
70.8647 52.25 29.2239 0.171011
70.8647 52.75 29.2102 0.171031
70.8647 53.25 29.1962 0.17105
70.8647 53.75 29.1818 0.171068
70.8647 54.25 29.1671 0.171086
70.8647 54.75 29.1522 0.171103
70.8647 55.25 29.137 0.171121
70.8647 55.75 29.1215 0.171139
70.8647 56.25 29.1059 0.171157
70.8647 56.75 29.09 0.171177
70.8647 57.25 29.0741 0.171197
70.8647 57.75 29.0579 0.171218
70.8647 58.25 29.0417 0.17124
70.8647 58.75 29.0254 0.171263
70.8647 59.25 29.009 0.171288
70.8647 59.75 28.9926 0.171313

71.3535 0.25 284.791 0.005
71.3535 0.75 199.514 0.005
71.3535 1.25 114.864 0.005
71.3535 1.75 109.265 0.0848865
71.3535 2.25 106.748 0.11521
71.3535 2.75 104.59 0.129457
71.3535 3.25 102.832 0.142965
71.3535 3.75 101.374 0.154384
71.3535 4.25 100.067 0.163205
71.3535 4.75 98.7068 0.16883
71.3535 5.25 97.2811 0.172525
71.3535 5.75 95.7848 0.174866
71.3535 6.25 94.2258 0.17627
71.3535 6.75 92.6096 0.177
71.3535 7.25 90.9404 0.17724
71.3535 7.75 89.2214 0.177123
71.3535 8.25 87.4549 0.176744
71.3535 8.75 85.6429 0.176173
71.3535 9.25 83.7871 0.17546
71.3535 9.75 81.8892 0.174641
71.3535 10.25 79.9513 0.173743
71.3535 10.75 77.9756 0.172788
71.3535 11.25 75.965 0.171795
71.3535 11.75 73.9229 0.170781
71.3535 12.25 71.8537 0.169761
71.3535 12.75 69.7623 0.168751
71.3535 13.25 67.6547 0.167765
71.3535 13.75 65.5377 0.166818
71.3535 14.25 63.4194 0.165921
71.3535 14.75 61.3083 0.165086
71.3535 15.25 59.2141 0.164322
71.3535 15.75 57.1468 0.163639
71.3535 16.25 55.117 0.163041
71.3535 16.75 53.1351 0.162533
71.3535 17.25 51.2114 0.162114
71.3535 17.75 49.3558 0.161784
71.3535 18.25 47.577 0.161538
71.3535 18.75 45.8825 0.161373
71.3535 19.25 44.2788 0.161281
71.3535 19.75 42.7705 0.161256
71.3535 20.25 41.3609 0.161288
71.3535 20.75 40.0514 0.16137
71.3535 21.25 38.8423 0.161496
71.3535 21.75 37.7324 0.161656
71.3535 22.25 36.7192 0.161845
71.3535 22.75 35.7995 0.162057
71.3535 23.25 34.969 0.162287
71.3535 23.75 34.223 0.16253
71.3535 24.25 33.5564 0.162783
71.3535 24.75 32.9636 0.163041
71.3535 25.25 32.4391 0.163304
71.3535 25.75 31.9773 0.163567
71.3535 26.25 31.5728 0.163831
71.3535 26.75 31.2201 0.164092
71.3535 27.25 30.9142 0.16435
71.3535 27.75 30.6503 0.164604
71.3535 28.25 30.4238 0.164853
71.3535 28.75 30.2306 0.165096
71.3535 29.25 30.0667 0.165334
71.3535 29.75 29.9286 0.165565
71.3535 30.25 29.813 0.165789
71.3535 30.75 29.717 0.166006
71.3535 31.25 29.6379 0.166217
71.3535 31.75 29.5735 0.16642
71.3535 32.25 29.5215 0.166616
71.3535 32.75 29.4802 0.166805
71.3535 33.25 29.4478 0.166987
71.3535 33.75 29.4229 0.167161
71.3535 34.25 29.4042 0.167329
71.3535 34.75 29.3907 0.16749
71.3535 35.25 29.3813 0.167644
71.3535 35.75 29.3753 0.167791
71.3535 36.25 29.3718 0.167932
71.3535 36.75 29.3704 0.168066
71.3535 37.25 29.3705 0.168194
71.3535 37.75 29.3717 0.168316
71.3535 38.25 29.3735 0.168432
71.3535 38.75 29.3757 0.168543
71.3535 39.25 29.378 0.168648
71.3535 39.75 29.3802 0.168747
71.3535 40.25 29.3822 0.168841
71.3535 40.75 29.3837 0.168931
71.3535 41.25 29.3847 0.169015
71.3535 41.75 29.3852 0.169095
71.3535 42.25 29.3849 0.16917
71.3535 42.75 29.3839 0.16924
71.3535 43.25 29.3822 0.169307
71.3535 43.75 29.3797 0.169369
71.3535 44.25 29.3765 0.169428
71.3535 44.75 29.3724 0.169483
71.3535 45.25 29.3676 0.169534
71.3535 45.75 29.362 0.169582
71.3535 46.25 29.3557 0.169627
71.3535 46.75 29.3486 0.169669
71.3535 47.25 29.3409 0.169708
71.3535 47.75 29.3324 0.169744
71.3535 48.25 29.3234 0.169777
71.3535 48.75 29.3136 0.169808
71.3535 49.25 29.3033 0.169836
71.3535 49.75 29.2925 0.169863
71.3535 50.25 29.281 0.169887
71.3535 50.75 29.2691 0.16991
71.3535 51.25 29.2567 0.169931
71.3535 51.75 29.2439 0.169951
71.3535 52.25 29.2306 0.16997
71.3535 52.75 29.2169 0.169987
71.3535 53.25 29.2029 0.170004
71.3535 53.75 29.1885 0.17002
71.3535 54.25 29.1739 0.170036
71.3535 54.75 29.1589 0.170052
71.3535 55.25 29.1437 0.170068
71.3535 55.75 29.1283 0.170085
71.3535 56.25 29.1126 0.170102
71.3535 56.75 29.0968 0.170121
71.3535 57.25 29.0808 0.17014
71.3535 57.75 29.0647 0.170161
71.3535 58.25 29.0485 0.170183
71.3535 58.75 29.0321 0.170207
71.3535 59.25 29.0158 0.170232
71.3535 59.75 28.9994 0.170258

71.8422 0.25 284.769 0.005
71.8422 0.75 199.48 0.005
71.8422 1.25 114.873 0.005
71.8422 1.75 109.32 0.0833157
71.8422 2.25 106.852 0.108476
71.8422 2.75 104.743 0.121675
71.8422 3.25 103.011 0.134432
71.8422 3.75 101.565 0.145425
71.8422 4.25 100.281 0.153986
71.8422 4.75 98.9884 0.159375
71.8422 5.25 97.6414 0.162695
71.8422 5.75 96.2327 0.164627
71.8422 6.25 94.7693 0.165664
71.8422 6.75 93.2558 0.166103
71.8422 7.25 91.6951 0.166139
71.8422 7.75 90.089 0.165896
71.8422 8.25 88.4387 0.165456
71.8422 8.75 86.7449 0.164869
71.8422 9.25 85.0082 0.164169
71.8422 9.75 83.2295 0.163377
71.8422 10.25 81.4097 0.162512
71.8422 10.75 79.5502 0.161586
71.8422 11.25 77.6527 0.160613
71.8422 11.75 75.7194 0.159605
71.8422 12.25 73.7535 0.158576
71.8422 12.75 71.7585 0.157536
71.8422 13.25 69.739 0.156499
71.8422 13.75 67.7003 0.155476
71.8422 14.25 65.6489 0.15448
71.8422 14.75 63.5918 0.15352
71.8422 15.25 61.5372 0.152609
71.8422 15.75 59.494 0.151755
71.8422 16.25 57.4719 0.150965
71.8422 16.75 55.4807 0.150247
71.8422 17.25 53.5308 0.149605
71.8422 17.75 51.6321 0.149041
71.8422 18.25 49.7945 0.148556
71.8422 18.75 48.027 0.148147
71.8422 19.25 46.3374 0.147812
71.8422 19.75 44.7327 0.147544
71.8422 20.25 43.2182 0.14734
71.8422 20.75 41.7979 0.147192
71.8422 21.25 40.474 0.147092
71.8422 21.75 39.2476 0.147036
71.8422 22.25 38.1182 0.147014
71.8422 22.75 37.0841 0.147023
71.8422 23.25 36.1426 0.147056
71.8422 23.75 35.29 0.147107
71.8422 24.25 34.5221 0.147174
71.8422 24.75 33.8339 0.147252
71.8422 25.25 33.2204 0.147338
71.8422 25.75 32.6761 0.147429
71.8422 26.25 32.1956 0.147523
71.8422 26.75 31.7734 0.147619
71.8422 27.25 31.4044 0.147715
71.8422 27.75 31.0834 0.14781
71.8422 28.25 30.8056 0.147902
71.8422 28.75 30.5663 0.147992
71.8422 29.25 30.3614 0.148079
71.8422 29.75 30.1868 0.148162
71.8422 30.25 30.0389 0.148242
71.8422 30.75 29.9145 0.148317
71.8422 31.25 29.8104 0.148388
71.8422 31.75 29.7241 0.148455
71.8422 32.25 29.653 0.148518
71.8422 32.75 29.595 0.148576
71.8422 33.25 29.5482 0.148631
71.8422 33.75 29.5108 0.148681
71.8422 34.25 29.4813 0.148728
71.8422 34.75 29.4585 0.148771
71.8422 35.25 29.4412 0.148811
71.8422 35.75 29.4284 0.148847
71.8422 36.25 29.4191 0.14888
71.8422 36.75 29.4128 0.14891
71.8422 37.25 29.4087 0.148937
71.8422 37.75 29.4063 0.148962
71.8422 38.25 29.4052 0.148984
71.8422 38.75 29.4049 0.149004
71.8422 39.25 29.4052 0.149022
71.8422 39.75 29.4056 0.149037
71.8422 40.25 29.4062 0.149051
71.8422 40.75 29.4065 0.149063
71.8422 41.25 29.4066 0.149073
71.8422 41.75 29.4062 0.149082
71.8422 42.25 29.4054 0.14909
71.8422 42.75 29.4039 0.149096
71.8422 43.25 29.4018 0.149102
71.8422 43.75 29.399 0.149106
71.8422 44.25 29.3955 0.149109
71.8422 44.75 29.3913 0.149111
71.8422 45.25 29.3864 0.149112
71.8422 45.75 29.3807 0.149113
71.8422 46.25 29.3743 0.149113
71.8422 46.75 29.3672 0.149112
71.8422 47.25 29.3594 0.14911
71.8422 47.75 29.3509 0.149108
71.8422 48.25 29.3418 0.149105
71.8422 48.75 29.3321 0.149102
71.8422 49.25 29.3218 0.149098
71.8422 49.75 29.3109 0.149094
71.8422 50.25 29.2995 0.149089
71.8422 50.75 29.2875 0.149084
71.8422 51.25 29.2751 0.149079
71.8422 51.75 29.2622 0.149074
71.8422 52.25 29.2489 0.149069
71.8422 52.75 29.2352 0.149064
71.8422 53.25 29.2211 0.14906
71.8422 53.75 29.2066 0.149057
71.8422 54.25 29.1918 0.149056
71.8422 54.75 29.1768 0.149057
71.8422 55.25 29.1615 0.149061
71.8422 55.75 29.1459 0.149069
71.8422 56.25 29.1301 0.14908
71.8422 56.75 29.1142 0.149097
71.8422 57.25 29.0981 0.149119
71.8422 57.75 29.0818 0.149148
71.8422 58.25 29.0654 0.149183
71.8422 58.75 29.049 0.149226
71.8422 59.25 29.0324 0.149275
71.8422 59.75 29.0159 0.149331

72.3309 0.25 276.1 0.005
72.3309 0.75 179.786 0.005
72.3309 1.25 113.321 0.005
72.3309 1.75 108.107 0.0948378
72.3309 2.25 105.843 0.115692
72.3309 2.75 103.941 0.131154
72.3309 3.25 102.38 0.145184
72.3309 3.75 101.066 0.157177
72.3309 4.25 99.8522 0.166627
72.3309 4.75 98.5607 0.172953
72.3309 5.25 97.1873 0.177156
72.3309 5.75 95.7272 0.179868
72.3309 6.25 94.1862 0.181559
72.3309 6.75 92.5688 0.182517
72.3309 7.25 90.8798 0.182935
72.3309 7.75 89.1237 0.182952
72.3309 8.25 87.3051 0.182668
72.3309 8.75 85.4286 0.18216
72.3309 9.25 83.4987 0.181484
72.3309 9.75 81.5198 0.180686
72.3309 10.25 79.4967 0.179798
72.3309 10.75 77.4339 0.17885
72.3309 11.25 75.3365 0.177865
72.3309 11.75 73.21 0.176863
72.3309 12.25 71.0603 0.175864
72.3309 12.75 68.8942 0.174885
72.3309 13.25 66.7191 0.173942
72.3309 13.75 64.5432 0.17305
72.3309 14.25 62.3755 0.172223
72.3309 14.75 60.2255 0.171471
72.3309 15.25 58.1035 0.170804
72.3309 15.75 56.02 0.170228
72.3309 16.25 53.9854 0.169747
72.3309 16.75 52.0101 0.169362
72.3309 17.25 50.1039 0.169073
72.3309 17.75 48.2755 0.168876
72.3309 18.25 46.5327 0.168765
72.3309 18.75 44.8818 0.168734
72.3309 19.25 43.3279 0.168774
72.3309 19.75 41.8741 0.168878
72.3309 20.25 40.5222 0.169036
72.3309 20.75 39.2726 0.169241
72.3309 21.25 38.1241 0.169485
72.3309 21.75 37.0746 0.169761
72.3309 22.25 36.1206 0.170062
72.3309 22.75 35.2582 0.170383
72.3309 23.25 34.4826 0.170719
72.3309 23.75 33.7886 0.171066
72.3309 24.25 33.1707 0.17142
72.3309 24.75 32.6233 0.17178
72.3309 25.25 32.1408 0.172141
72.3309 25.75 31.7175 0.172503
72.3309 26.25 31.3481 0.172863
72.3309 26.75 31.0272 0.173221
72.3309 27.25 30.7501 0.173575
72.3309 27.75 30.512 0.173924
72.3309 28.25 30.3086 0.174268
72.3309 28.75 30.1359 0.174606
72.3309 29.25 29.9902 0.174938
72.3309 29.75 29.8681 0.175263
72.3309 30.25 29.7666 0.175581
72.3309 30.75 29.683 0.175892
72.3309 31.25 29.6147 0.176196
72.3309 31.75 29.5597 0.176492
72.3309 32.25 29.5158 0.176781
72.3309 32.75 29.4815 0.177063
72.3309 33.25 29.4551 0.177337
72.3309 33.75 29.4354 0.177604
72.3309 34.25 29.4211 0.177863
72.3309 34.75 29.4113 0.178115
72.3309 35.25 29.4051 0.178359
72.3309 35.75 29.4017 0.178597
72.3309 36.25 29.4005 0.178827
72.3309 36.75 29.401 0.17905
72.3309 37.25 29.4026 0.179266
72.3309 37.75 29.405 0.179476
72.3309 38.25 29.4078 0.179679
72.3309 38.75 29.4108 0.179875
72.3309 39.25 29.4137 0.180064
72.3309 39.75 29.4164 0.180248
72.3309 40.25 29.4187 0.180425
72.3309 40.75 29.4205 0.180595
72.3309 41.25 29.4217 0.18076
72.3309 41.75 29.4222 0.180919
72.3309 42.25 29.422 0.181072
72.3309 42.75 29.421 0.18122
72.3309 43.25 29.4192 0.181362
72.3309 43.75 29.4167 0.181498
72.3309 44.25 29.4133 0.18163
72.3309 44.75 29.4092 0.181756
72.3309 45.25 29.4043 0.181877
72.3309 45.75 29.3986 0.181993
72.3309 46.25 29.3921 0.182104
72.3309 46.75 29.385 0.182211
72.3309 47.25 29.3771 0.182313
72.3309 47.75 29.3686 0.182411
72.3309 48.25 29.3594 0.182504
72.3309 48.75 29.3496 0.182593
72.3309 49.25 29.3392 0.182678
72.3309 49.75 29.3282 0.182759
72.3309 50.25 29.3168 0.182836
72.3309 50.75 29.3048 0.182909
72.3309 51.25 29.2924 0.182979
72.3309 51.75 29.2795 0.183045
72.3309 52.25 29.2662 0.183108
72.3309 52.75 29.2526 0.183167
72.3309 53.25 29.2386 0.183223
72.3309 53.75 29.2242 0.183276
72.3309 54.25 29.2096 0.183327
72.3309 54.75 29.1947 0.183374
72.3309 55.25 29.1795 0.183419
72.3309 55.75 29.1641 0.183461
72.3309 56.25 29.1485 0.1835
72.3309 56.75 29.1328 0.183537
72.3309 57.25 29.1169 0.183571
72.3309 57.75 29.1008 0.183602
72.3309 58.25 29.0847 0.183631
72.3309 58.75 29.0685 0.183658
72.3309 59.25 29.0522 0.183681
72.3309 59.75 29.0359 0.183701

72.8196 0.25 281.219 0.005
72.8196 0.75 192.846 0.005
72.8196 1.25 113.681 0.005
72.8196 1.75 108.254 0.0934255
72.8196 2.25 105.932 0.114534
72.8196 2.75 103.99 0.129688
72.8196 3.25 102.4 0.143509
72.8196 3.75 101.064 0.155319
72.8196 4.25 99.8324 0.164556
72.8196 4.75 98.5318 0.170657
72.8196 5.25 97.1586 0.17469
72.8196 5.75 95.7092 0.177263
72.8196 6.25 94.1888 0.178835
72.8196 6.75 92.6013 0.179694
72.8196 7.25 90.9497 0.180035
72.8196 7.75 89.2367 0.179995
72.8196 8.25 87.4649 0.179671
72.8196 8.75 85.637 0.179136
72.8196 9.25 83.7558 0.178444
72.8196 9.75 81.8247 0.177636
72.8196 10.25 79.8473 0.176741
72.8196 10.75 77.8277 0.175786
72.8196 11.25 75.7706 0.174792
72.8196 11.75 73.681 0.173778
72.8196 12.25 71.565 0.172763
72.8196 12.75 69.4288 0.171762
72.8196 13.25 67.2799 0.170791
72.8196 13.75 65.1261 0.169865
72.8196 14.25 62.9762 0.168997
72.8196 14.75 60.8396 0.168199
72.8196 15.25 58.7263 0.167479
72.8196 15.75 56.6466 0.166845
72.8196 16.25 54.611 0.166302
72.8196 16.75 52.6298 0.165852
72.8196 17.25 50.7129 0.165495
72.8196 17.75 48.8696 0.165229
72.8196 18.25 47.1079 0.165049
72.8196 18.75 45.4349 0.164948
72.8196 19.25 43.8558 0.164921
72.8196 19.75 42.3747 0.164958
72.8196 20.25 40.994 0.165052
72.8196 20.75 39.7146 0.165194
72.8196 21.25 38.5359 0.165377
72.8196 21.75 37.4563 0.165593
72.8196 22.25 36.4727 0.165836
72.8196 22.75 35.5817 0.166101
72.8196 23.25 34.7786 0.166383
72.8196 23.75 34.0585 0.166676
72.8196 24.25 33.4161 0.166978
72.8196 24.75 32.8458 0.167285
72.8196 25.25 32.3422 0.167595
72.8196 25.75 31.8994 0.167906
72.8196 26.25 31.5122 0.168216
72.8196 26.75 31.1753 0.168524
72.8196 27.25 30.8836 0.168828
72.8196 27.75 30.6324 0.169127
72.8196 28.25 30.4173 0.169422
72.8196 28.75 30.2341 0.169711
72.8196 29.25 30.0792 0.169993
72.8196 29.75 29.9489 0.170269
72.8196 30.25 29.8403 0.170538
72.8196 30.75 29.7504 0.1708
72.8196 31.25 29.6766 0.171055
72.8196 31.75 29.6168 0.171302
72.8196 32.25 29.5688 0.171542
72.8196 32.75 29.5309 0.171774
72.8196 33.25 29.5015 0.171999
72.8196 33.75 29.4792 0.172217
72.8196 34.25 29.4627 0.172428
72.8196 34.75 29.451 0.172631
72.8196 35.25 29.4432 0.172827
72.8196 35.75 29.4385 0.173016
72.8196 36.25 29.4362 0.173198
72.8196 36.75 29.4358 0.173373
72.8196 37.25 29.4366 0.173541
72.8196 37.75 29.4384 0.173703
72.8196 38.25 29.4408 0.173859
72.8196 38.75 29.4434 0.174008
72.8196 39.25 29.4461 0.174151
72.8196 39.75 29.4486 0.174288
72.8196 40.25 29.4508 0.174419
72.8196 40.75 29.4525 0.174545
72.8196 41.25 29.4536 0.174665
72.8196 41.75 29.4541 0.17478
72.8196 42.25 29.454 0.174889
72.8196 42.75 29.453 0.174993
72.8196 43.25 29.4513 0.175093
72.8196 43.75 29.4489 0.175187
72.8196 44.25 29.4456 0.175277
72.8196 44.75 29.4416 0.175362
72.8196 45.25 29.4368 0.175444
72.8196 45.75 29.4312 0.17552
72.8196 46.25 29.4248 0.175593
72.8196 46.75 29.4178 0.175662
72.8196 47.25 29.41 0.175727
72.8196 47.75 29.4016 0.175789
72.8196 48.25 29.3925 0.175847
72.8196 48.75 29.3828 0.175902
72.8196 49.25 29.3725 0.175953
72.8196 49.75 29.3617 0.176002
72.8196 50.25 29.3503 0.176048
72.8196 50.75 29.3384 0.176091
72.8196 51.25 29.326 0.176131
72.8196 51.75 29.3132 0.17617
72.8196 52.25 29.3 0.176206
72.8196 52.75 29.2864 0.17624
72.8196 53.25 29.2724 0.176272
72.8196 53.75 29.2581 0.176303
72.8196 54.25 29.2435 0.176332
72.8196 54.75 29.2286 0.17636
72.8196 55.25 29.2135 0.176387
72.8196 55.75 29.1981 0.176413
72.8196 56.25 29.1825 0.176439
72.8196 56.75 29.1668 0.176463
72.8196 57.25 29.1509 0.176488
72.8196 57.75 29.1349 0.176512
72.8196 58.25 29.1187 0.176536
72.8196 58.75 29.1025 0.176559
72.8196 59.25 29.0862 0.176582
72.8196 59.75 29.0699 0.176604

73.3084 0.25 269.272 0.005
73.3084 0.75 161.64 0.005
73.3084 1.25 112.775 0.0334481
73.3084 1.75 107.848 0.0989759
73.3084 2.25 105.677 0.117617
73.3084 2.75 103.876 0.133582
73.3084 3.25 102.394 0.147995
73.3084 3.75 101.136 0.160306
73.3084 4.25 99.9629 0.170059
73.3084 4.75 98.6747 0.176718
73.3084 5.25 97.2787 0.181169
73.3084 5.75 95.7728 0.184096
73.3084 6.25 94.1694 0.185979
73.3084 6.75 92.4797 0.187106
73.3084 7.25 90.7138 0.187667
73.3084 7.75 88.88 0.187802
73.3084 8.25 86.9855 0.187614
73.3084 8.75 85.0361 0.187182
73.3084 9.25 83.0371 0.186569
73.3084 9.75 80.993 0.185822
73.3084 10.25 78.9084 0.184981
73.3084 10.75 76.788 0.184077
73.3084 11.25 74.6368 0.183136
73.3084 11.75 72.4605 0.182182
73.3084 12.25 70.2654 0.181236
73.3084 12.75 68.0587 0.180318
73.3084 13.25 65.8484 0.179444
73.3084 13.75 63.6432 0.178631
73.3084 14.25 61.4528 0.177891
73.3084 14.75 59.2874 0.177235
73.3084 15.25 57.1575 0.176672
73.3084 15.75 55.074 0.176208
73.3084 16.25 53.0475 0.175845
73.3084 16.75 51.0881 0.175582
73.3084 17.25 49.2052 0.175417
73.3084 17.75 47.4069 0.175345
73.3084 18.25 45.7004 0.175358
73.3084 18.75 44.0909 0.17545
73.3084 19.25 42.5824 0.175611
73.3084 19.75 41.1771 0.175832
73.3084 20.25 39.8758 0.176104
73.3084 20.75 38.6777 0.17642
73.3084 21.25 37.5809 0.176771
73.3084 21.75 36.5823 0.177151
73.3084 22.25 35.678 0.177554
73.3084 22.75 34.8634 0.177974
73.3084 23.25 34.1333 0.178407
73.3084 23.75 33.4823 0.178849
73.3084 24.25 32.9046 0.179297
73.3084 24.75 32.3945 0.179749
73.3084 25.25 31.9464 0.180202
73.3084 25.75 31.5546 0.180655
73.3084 26.25 31.2138 0.181106
73.3084 26.75 30.9189 0.181553
73.3084 27.25 30.6652 0.181997
73.3084 27.75 30.448 0.182436
73.3084 28.25 30.2633 0.18287
73.3084 28.75 30.1071 0.183298
73.3084 29.25 29.9761 0.18372
73.3084 29.75 29.8669 0.184135
73.3084 30.25 29.7768 0.184543
73.3084 30.75 29.703 0.184945
73.3084 31.25 29.6434 0.18534
73.3084 31.75 29.5958 0.185727
73.3084 32.25 29.5583 0.186108
73.3084 32.75 29.5295 0.186481
73.3084 33.25 29.5079 0.186847
73.3084 33.75 29.4921 0.187205
73.3084 34.25 29.4813 0.187557
73.3084 34.75 29.4743 0.187901
73.3084 35.25 29.4705 0.188239
73.3084 35.75 29.469 0.188569
73.3084 36.25 29.4694 0.188893
73.3084 36.75 29.4712 0.189209
73.3084 37.25 29.4738 0.189518
73.3084 37.75 29.477 0.189821
73.3084 38.25 29.4804 0.190117
73.3084 38.75 29.4838 0.190407
73.3084 39.25 29.487 0.19069
73.3084 39.75 29.4899 0.190966
73.3084 40.25 29.4923 0.191236
73.3084 40.75 29.494 0.191499
73.3084 41.25 29.4952 0.191756
73.3084 41.75 29.4955 0.192007
73.3084 42.25 29.4951 0.192252
73.3084 42.75 29.494 0.192491
73.3084 43.25 29.492 0.192723
73.3084 43.75 29.4891 0.19295
73.3084 44.25 29.4855 0.193171
73.3084 44.75 29.4811 0.193385
73.3084 45.25 29.4759 0.193594
73.3084 45.75 29.4699 0.193797
73.3084 46.25 29.4631 0.193994
73.3084 46.75 29.4557 0.194185
73.3084 47.25 29.4475 0.194371
73.3084 47.75 29.4387 0.194551
73.3084 48.25 29.4292 0.194725
73.3084 48.75 29.4192 0.194893
73.3084 49.25 29.4085 0.195056
73.3084 49.75 29.3973 0.195213
73.3084 50.25 29.3856 0.195364
73.3084 50.75 29.3734 0.195509
73.3084 51.25 29.3608 0.195648
73.3084 51.75 29.3477 0.195782
73.3084 52.25 29.3342 0.19591
73.3084 52.75 29.3204 0.196031
73.3084 53.25 29.3062 0.196147
73.3084 53.75 29.2917 0.196256
73.3084 54.25 29.2769 0.19636
73.3084 54.75 29.2619 0.196456
73.3084 55.25 29.2466 0.196547
73.3084 55.75 29.231 0.19663
73.3084 56.25 29.2153 0.196707
73.3084 56.75 29.1995 0.196777
73.3084 57.25 29.1835 0.196839
73.3084 57.75 29.1673 0.196894
73.3084 58.25 29.1511 0.196941
73.3084 58.75 29.1348 0.196979
73.3084 59.25 29.1184 0.197009
73.3084 59.75 29.102 0.19703

73.7971 0.25 271.913 0.005
73.7971 0.75 168.311 0.005
73.7971 1.25 113.167 0.0200048
73.7971 1.75 108.066 0.0942415
73.7971 2.25 105.805 0.117067
73.7971 2.75 103.918 0.132853
73.7971 3.25 102.381 0.147137
73.7971 3.75 101.092 0.159348
73.7971 4.25 99.9008 0.169015
73.7971 4.75 98.6158 0.175572
73.7971 5.25 97.2337 0.179956
73.7971 5.75 95.7498 0.182825
73.7971 6.25 94.1729 0.184653
73.7971 6.75 92.5115 0.185729
73.7971 7.25 90.7737 0.186246
73.7971 7.75 88.9668 0.186342
73.7971 8.25 87.0975 0.18612
73.7971 8.75 85.1718 0.18566
73.7971 9.25 83.1949 0.185023
73.7971 9.75 81.1717 0.184256
73.7971 10.25 79.1068 0.183396
73.7971 10.75 77.0051 0.182475
73.7971 11.25 74.8716 0.181517
73.7971 11.75 72.7119 0.180545
73.7971 12.25 70.5321 0.17958
73.7971 12.75 68.3394 0.178641
73.7971 13.25 66.1414 0.177744
73.7971 13.75 63.9467 0.176904
73.7971 14.25 61.7648 0.176135
73.7971 14.75 59.6056 0.175448
73.7971 15.25 57.4796 0.174851
73.7971 15.75 55.3974 0.17435
73.7971 16.25 53.3697 0.173949
73.7971 16.75 51.4066 0.173647
73.7971 17.25 49.5176 0.173442
73.7971 17.75 47.7112 0.173329
73.7971 18.25 45.9945 0.173303
73.7971 18.75 44.3733 0.173355
73.7971 19.25 42.8517 0.173478
73.7971 19.75 41.4324 0.173661
73.7971 20.25 40.1164 0.173897
73.7971 20.75 38.9033 0.174178
73.7971 21.25 37.7914 0.174495
73.7971 21.75 36.7779 0.174841
73.7971 22.25 35.859 0.175211
73.7971 22.75 35.0304 0.1756
73.7971 23.25 34.2869 0.176002
73.7971 23.75 33.6232 0.176414
73.7971 24.25 33.0337 0.176832
73.7971 24.75 32.5126 0.177255
73.7971 25.25 32.0544 0.177679
73.7971 25.75 31.6533 0.178102
73.7971 26.25 31.3041 0.178525
73.7971 26.75 31.0015 0.178944
73.7971 27.25 30.7409 0.179359
73.7971 27.75 30.5175 0.17977
73.7971 28.25 30.3273 0.180175
73.7971 28.75 30.1662 0.180575
73.7971 29.25 30.0308 0.180968
73.7971 29.75 29.9178 0.181355
73.7971 30.25 29.8243 0.181734
73.7971 30.75 29.7476 0.182107
73.7971 31.25 29.6854 0.182473
73.7971 31.75 29.6356 0.182832
73.7971 32.25 29.5962 0.183183
73.7971 32.75 29.5658 0.183527
73.7971 33.25 29.5427 0.183864
73.7971 33.75 29.5257 0.184194
73.7971 34.25 29.5138 0.184516
73.7971 34.75 29.506 0.184831
73.7971 35.25 29.5014 0.185139
73.7971 35.75 29.4994 0.185439
73.7971 36.25 29.4993 0.185733
73.7971 36.75 29.5006 0.186019
73.7971 37.25 29.5029 0.186299
73.7971 37.75 29.5058 0.186572
73.7971 38.25 29.509 0.186838
73.7971 38.75 29.5123 0.187097
73.7971 39.25 29.5154 0.18735
73.7971 39.75 29.5182 0.187596
73.7971 40.25 29.5205 0.187836
73.7971 40.75 29.5222 0.188069
73.7971 41.25 29.5233 0.188296
73.7971 41.75 29.5236 0.188517
73.7971 42.25 29.5233 0.188732
73.7971 42.75 29.5221 0.188941
73.7971 43.25 29.5201 0.189144
73.7971 43.75 29.5173 0.189341
73.7971 44.25 29.5137 0.189532
73.7971 44.75 29.5093 0.189717
73.7971 45.25 29.504 0.189897
73.7971 45.75 29.4981 0.190071
73.7971 46.25 29.4913 0.19024
73.7971 46.75 29.4839 0.190403
73.7971 47.25 29.4757 0.190561
73.7971 47.75 29.4669 0.190713
73.7971 48.25 29.4575 0.19086
73.7971 48.75 29.4474 0.191002
73.7971 49.25 29.4367 0.191138
73.7971 49.75 29.4255 0.191269
73.7971 50.25 29.4138 0.191395
73.7971 50.75 29.4016 0.191516
73.7971 51.25 29.3889 0.191632
73.7971 51.75 29.3758 0.191743
73.7971 52.25 29.3623 0.191848
73.7971 52.75 29.3484 0.191949
73.7971 53.25 29.3341 0.192044
73.7971 53.75 29.3196 0.192134
73.7971 54.25 29.3047 0.192219
73.7971 54.75 29.2896 0.192299
73.7971 55.25 29.2742 0.192374
73.7971 55.75 29.2586 0.192443
73.7971 56.25 29.2429 0.192507
73.7971 56.75 29.2269 0.192565
73.7971 57.25 29.2108 0.192617
73.7971 57.75 29.1946 0.192664
73.7971 58.25 29.1783 0.192704
73.7971 58.75 29.1619 0.192738
73.7971 59.25 29.1454 0.192765
73.7971 59.75 29.1289 0.192785

74.2858 0.25 259.637 0.005
74.2858 0.75 123.903 0.005
74.2858 1.25 115.882 0.0644254
74.2858 1.75 112.048 0.105168
74.2858 2.25 108.66 0.119718
74.2858 2.75 105.917 0.135173
74.2858 3.25 103.732 0.149211
74.2858 3.75 101.987 0.161277
74.2858 4.25 100.508 0.170908
74.2858 4.75 99.0609 0.177571
74.2858 5.25 97.5407 0.181966
74.2858 5.75 95.9378 0.184853
74.2858 6.25 94.261 0.186716
74.2858 6.75 92.5171 0.187836
74.2858 7.25 90.7115 0.188401
74.2858 7.75 88.8487 0.188544
74.2858 8.25 86.9326 0.188367
74.2858 8.75 84.9668 0.187947
74.2858 9.25 82.9548 0.187347
74.2858 9.75 80.9001 0.186612
74.2858 10.25 78.8065 0.185783
74.2858 10.75 76.6783 0.184891
74.2858 11.25 74.5204 0.183963
74.2858 11.75 72.3382 0.183022
74.2858 12.25 70.1381 0.182091
74.2858 12.75 67.9273 0.181188
74.2858 13.25 65.7138 0.18033
74.2858 13.75 63.5067 0.179534
74.2858 14.25 61.3154 0.178813
74.2858 14.75 59.1504 0.178177
74.2858 15.25 57.0222 0.177635
74.2858 15.75 54.9415 0.177193
74.2858 16.25 52.9191 0.176851
74.2858 16.75 50.9649 0.176611
74.2858 17.25 49.0882 0.176468
74.2858 17.75 47.2971 0.176418
74.2858 18.25 45.5984 0.176454
74.2858 18.75 43.9973 0.176567
74.2858 19.25 42.4977 0.176748
74.2858 19.75 41.1014 0.176989
74.2858 20.25 39.8092 0.177281
74.2858 20.75 38.6201 0.177615
74.2858 21.25 37.5321 0.177984
74.2858 21.75 36.5421 0.178382
74.2858 22.25 35.646 0.178801
74.2858 22.75 34.8391 0.179238
74.2858 23.25 34.1163 0.179687
74.2858 23.75 33.472 0.180145
74.2858 24.25 32.9006 0.180609
74.2858 24.75 32.3963 0.181077
74.2858 25.25 31.9534 0.181545
74.2858 25.75 31.5664 0.182013
74.2858 26.25 31.2299 0.182479
74.2858 26.75 30.9389 0.182942
74.2858 27.25 30.6886 0.183401
74.2858 27.75 30.4746 0.183855
74.2858 28.25 30.2926 0.184304
74.2858 28.75 30.1389 0.184747
74.2858 29.25 30.01 0.185184
74.2858 29.75 29.9027 0.185614
74.2858 30.25 29.8142 0.186038
74.2858 30.75 29.7418 0.186455
74.2858 31.25 29.6834 0.186865
74.2858 31.75 29.6369 0.187267
74.2858 32.25 29.6004 0.187663
74.2858 32.75 29.5724 0.188052
74.2858 33.25 29.5514 0.188433
74.2858 33.75 29.5363 0.188808
74.2858 34.25 29.5259 0.189175
74.2858 34.75 29.5193 0.189535
74.2858 35.25 29.5159 0.189888
74.2858 35.75 29.5147 0.190234
74.2858 36.25 29.5154 0.190574
74.2858 36.75 29.5173 0.190906
74.2858 37.25 29.5201 0.191232
74.2858 37.75 29.5234 0.19155
74.2858 38.25 29.5269 0.191862
74.2858 38.75 29.5304 0.192168
74.2858 39.25 29.5337 0.192467
74.2858 39.75 29.5366 0.192759
74.2858 40.25 29.539 0.193045
74.2858 40.75 29.5409 0.193325
74.2858 41.25 29.542 0.193598
74.2858 41.75 29.5424 0.193865
74.2858 42.25 29.542 0.194126
74.2858 42.75 29.5408 0.194381
74.2858 43.25 29.5388 0.19463
74.2858 43.75 29.536 0.194872
74.2858 44.25 29.5324 0.195109
74.2858 44.75 29.5279 0.195339
74.2858 45.25 29.5227 0.195563
74.2858 45.75 29.5167 0.195782
74.2858 46.25 29.51 0.195995
74.2858 46.75 29.5025 0.196201
74.2858 47.25 29.4944 0.196402
74.2858 47.75 29.4855 0.196597
74.2858 48.25 29.4761 0.196785
74.2858 48.75 29.466 0.196968
74.2858 49.25 29.4554 0.197145
74.2858 49.75 29.4442 0.197316
74.2858 50.25 29.4325 0.19748
74.2858 50.75 29.4204 0.197639
74.2858 51.25 29.4077 0.197791
74.2858 51.75 29.3947 0.197937
74.2858 52.25 29.3812 0.198077
74.2858 52.75 29.3674 0.19821
74.2858 53.25 29.3533 0.198337
74.2858 53.75 29.3388 0.198457
74.2858 54.25 29.324 0.19857
74.2858 54.75 29.309 0.198677
74.2858 55.25 29.2937 0.198776
74.2858 55.75 29.2783 0.198867
74.2858 56.25 29.2626 0.198951
74.2858 56.75 29.2468 0.199027
74.2858 57.25 29.2308 0.199095
74.2858 57.75 29.2147 0.199155
74.2858 58.25 29.1985 0.199205
74.2858 58.75 29.1822 0.199246
74.2858 59.25 29.1659 0.199278
74.2858 59.75 29.1496 0.199299

74.7745 0.25 281.374 0.005
74.7745 0.75 193.158 0.005
74.7745 1.25 113.704 0.005
74.7745 1.75 108.313 0.0914469
74.7745 2.25 105.986 0.114474
74.7745 2.75 104.029 0.129571
74.7745 3.25 102.429 0.143382
74.7745 3.75 101.087 0.155194
74.7745 4.25 99.854 0.164448
74.7745 4.75 98.5531 0.170555
74.7745 5.25 97.1805 0.174593
74.7745 5.75 95.7323 0.177168
74.7745 6.25 94.2137 0.178741
74.7745 6.75 92.6285 0.179601
74.7745 7.25 90.9797 0.179942
74.7745 7.75 89.2697 0.179902
74.7745 8.25 87.5012 0.17958
74.7745 8.75 85.6769 0.179046
74.7745 9.25 83.7995 0.178356
74.7745 9.75 81.8725 0.17755
74.7745 10.25 79.8993 0.176657
74.7745 10.75 77.884 0.175705
74.7745 11.25 75.8314 0.174713
74.7745 11.75 73.7464 0.173701
74.7745 12.25 71.6349 0.172687
74.7745 12.75 69.5034 0.171687
74.7745 13.25 67.359 0.170718
74.7745 13.75 65.2096 0.169792
74.7745 14.25 63.064 0.168925
74.7745 14.75 60.9315 0.168125
74.7745 15.25 58.822 0.167405
74.7745 15.75 56.7458 0.166769
74.7745 16.25 54.7133 0.166224
74.7745 16.75 52.7349 0.165772
74.7745 17.25 50.8204 0.165412
74.7745 17.75 48.979 0.165142
74.7745 18.25 47.2188 0.164959
74.7745 18.75 45.5468 0.164855
74.7745 19.25 43.9684 0.164823
74.7745 19.75 42.4876 0.164857
74.7745 20.25 41.1069 0.164947
74.7745 20.75 39.8272 0.165086
74.7745 21.25 38.6481 0.165265
74.7745 21.75 37.5677 0.165479
74.7745 22.25 36.5833 0.165719
74.7745 22.75 35.6913 0.165981
74.7745 23.25 34.8872 0.16626
74.7745 23.75 34.166 0.166551
74.7745 24.25 33.5226 0.16685
74.7745 24.75 32.9512 0.167155
74.7745 25.25 32.4465 0.167463
74.7745 25.75 32.0028 0.167772
74.7745 26.25 31.6146 0.16808
74.7745 26.75 31.2767 0.168385
74.7745 27.25 30.9842 0.168688
74.7745 27.75 30.7322 0.168986
74.7745 28.25 30.5163 0.169278
74.7745 28.75 30.3325 0.169565
74.7745 29.25 30.177 0.169846
74.7745 29.75 30.0462 0.17012
74.7745 30.25 29.937 0.170387
74.7745 30.75 29.8467 0.170648
74.7745 31.25 29.7725 0.170901
74.7745 31.75 29.7124 0.171146
74.7745 32.25 29.6641 0.171385
74.7745 32.75 29.6259 0.171616
74.7745 33.25 29.5963 0.171839
74.7745 33.75 29.5737 0.172056
74.7745 34.25 29.5571 0.172264
74.7745 34.75 29.5453 0.172466
74.7745 35.25 29.5373 0.172661
74.7745 35.75 29.5325 0.172848
74.7745 36.25 29.5302 0.173029
74.7745 36.75 29.5296 0.173203
74.7745 37.25 29.5304 0.17337
74.7745 37.75 29.5322 0.17353
74.7745 38.25 29.5345 0.173684
74.7745 38.75 29.5371 0.173832
74.7745 39.25 29.5398 0.173974
74.7745 39.75 29.5422 0.17411
74.7745 40.25 29.5444 0.17424
74.7745 40.75 29.5461 0.174364
74.7745 41.25 29.5472 0.174483
74.7745 41.75 29.5478 0.174596
74.7745 42.25 29.5476 0.174704
74.7745 42.75 29.5466 0.174807
74.7745 43.25 29.545 0.174905
74.7745 43.75 29.5425 0.174999
74.7745 44.25 29.5393 0.175087
74.7745 44.75 29.5352 0.175172
74.7745 45.25 29.5304 0.175252
74.7745 45.75 29.5248 0.175327
74.7745 46.25 29.5185 0.175399
74.7745 46.75 29.5114 0.175467
74.7745 47.25 29.5037 0.175531
74.7745 47.75 29.4953 0.175592
74.7745 48.25 29.4862 0.175649
74.7745 48.75 29.4765 0.175703
74.7745 49.25 29.4662 0.175754
74.7745 49.75 29.4553 0.175801
74.7745 50.25 29.4439 0.175846
74.7745 50.75 29.432 0.175889
74.7745 51.25 29.4197 0.175929
74.7745 51.75 29.4069 0.175966
74.7745 52.25 29.3936 0.176001
74.7745 52.75 29.38 0.176035
74.7745 53.25 29.366 0.176067
74.7745 53.75 29.3517 0.176097
74.7745 54.25 29.3371 0.176126
74.7745 54.75 29.3222 0.176153
74.7745 55.25 29.3071 0.17618
74.7745 55.75 29.2917 0.176206
74.7745 56.25 29.2761 0.176231
74.7745 56.75 29.2604 0.176256
74.7745 57.25 29.2445 0.17628
74.7745 57.75 29.2284 0.176304
74.7745 58.25 29.2123 0.176328
74.7745 58.75 29.1961 0.176351
74.7745 59.25 29.1798 0.176374
74.7745 59.75 29.1634 0.176397

75.2632 0.25 282.995 0.005
75.2632 0.75 196.272 0.005
75.2632 1.25 114.214 0.005
75.2632 1.75 108.634 0.0913981
75.2632 2.25 106.226 0.113815
75.2632 2.75 104.202 0.128697
75.2632 3.25 102.55 0.142363
75.2632 3.75 101.169 0.154052
75.2632 4.25 99.9128 0.163184
75.2632 4.75 98.5952 0.169151
75.2632 5.25 97.2127 0.173075
75.2632 5.75 95.7611 0.175555
75.2632 6.25 94.2456 0.177046
75.2632 6.75 92.6696 0.177838
75.2632 7.25 91.0352 0.178125
75.2632 7.75 89.3442 0.178045
75.2632 8.25 87.5982 0.177693
75.2632 8.75 85.7989 0.177141
75.2632 9.25 83.9482 0.176439
75.2632 9.75 82.0486 0.175626
75.2632 10.25 80.1028 0.174729
75.2632 10.75 78.1143 0.173772
75.2632 11.25 76.0873 0.172775
75.2632 11.75 74.0264 0.171757
75.2632 12.25 71.937 0.170734
75.2632 12.75 69.8254 0.169722
75.2632 13.25 67.6985 0.168736
75.2632 13.75 65.564 0.167791
75.2632 14.25 63.4305 0.166899
75.2632 14.75 61.3072 0.166072
75.2632 15.25 59.2038 0.165319
75.2632 15.75 57.1306 0.164649
75.2632 16.25 55.098 0.164066
75.2632 16.75 53.1163 0.163573
75.2632 17.25 51.1957 0.163172
75.2632 17.75 49.3453 0.162859
75.2632 18.25 47.5737 0.162632
75.2632 18.75 45.888 0.162485
75.2632 19.25 44.2941 0.162411
75.2632 19.75 42.7964 0.162403
75.2632 20.25 41.3977 0.162452
75.2632 20.75 40.0993 0.162551
75.2632 21.25 38.9011 0.162692
75.2632 21.75 37.8017 0.162868
75.2632 22.25 36.7986 0.163073
75.2632 22.75 35.8884 0.163299
75.2632 23.25 35.0668 0.163543
75.2632 23.75 34.3291 0.163801
75.2632 24.25 33.67 0.164067
75.2632 24.75 33.0841 0.16434
75.2632 25.25 32.5658 0.164616
75.2632 25.75 32.1096 0.164893
75.2632 26.25 31.7101 0.16517
75.2632 26.75 31.3619 0.165444
75.2632 27.25 31.0599 0.165716
75.2632 27.75 30.7995 0.165983
75.2632 28.25 30.5761 0.166245
75.2632 28.75 30.3856 0.166502
75.2632 29.25 30.2241 0.166752
75.2632 29.75 30.088 0.166996
75.2632 30.25 29.9742 0.167234
75.2632 30.75 29.8798 0.167464
75.2632 31.25 29.8021 0.167688
75.2632 31.75 29.7388 0.167904
75.2632 32.25 29.6878 0.168113
75.2632 32.75 29.6473 0.168314
75.2632 33.25 29.6157 0.168509
75.2632 33.75 29.5914 0.168696
75.2632 34.25 29.5733 0.168876
75.2632 34.75 29.5602 0.169049
75.2632 35.25 29.5512 0.169215
75.2632 35.75 29.5455 0.169375
75.2632 36.25 29.5424 0.169527
75.2632 36.75 29.5412 0.169674
75.2632 37.25 29.5415 0.169813
75.2632 37.75 29.5428 0.169947
75.2632 38.25 29.5447 0.170074
75.2632 38.75 29.547 0.170196
75.2632 39.25 29.5494 0.170312
75.2632 39.75 29.5517 0.170422
75.2632 40.25 29.5537 0.170527
75.2632 40.75 29.5552 0.170626
75.2632 41.25 29.5563 0.170721
75.2632 41.75 29.5567 0.17081
75.2632 42.25 29.5565 0.170895
75.2632 42.75 29.5555 0.170975
75.2632 43.25 29.5538 0.171051
75.2632 43.75 29.5513 0.171122
75.2632 44.25 29.548 0.171189
75.2632 44.75 29.5439 0.171253
75.2632 45.25 29.539 0.171312
75.2632 45.75 29.5334 0.171368
75.2632 46.25 29.5271 0.17142
75.2632 46.75 29.52 0.171469
75.2632 47.25 29.5122 0.171515
75.2632 47.75 29.5037 0.171558
75.2632 48.25 29.4946 0.171598
75.2632 48.75 29.4848 0.171635
75.2632 49.25 29.4745 0.17167
75.2632 49.75 29.4636 0.171703
75.2632 50.25 29.4521 0.171733
75.2632 50.75 29.4401 0.171761
75.2632 51.25 29.4277 0.171787
75.2632 51.75 29.4148 0.171812
75.2632 52.25 29.4015 0.171835
75.2632 52.75 29.3878 0.171857
75.2632 53.25 29.3737 0.171878
75.2632 53.75 29.3593 0.171898
75.2632 54.25 29.3445 0.171917
75.2632 54.75 29.3295 0.171936
75.2632 55.25 29.3143 0.171955
75.2632 55.75 29.2988 0.171975
75.2632 56.25 29.2831 0.171994
75.2632 56.75 29.2672 0.172014
75.2632 57.25 29.2512 0.172035
75.2632 57.75 29.235 0.172057
75.2632 58.25 29.2187 0.172079
75.2632 58.75 29.2024 0.172103
75.2632 59.25 29.1859 0.172127
75.2632 59.75 29.1695 0.172152

75.752 0.25 278.052 0.005
75.752 0.75 185.607 0.005
75.752 1.25 113.11 0.005
75.752 1.75 107.965 0.0952919
75.752 2.25 105.749 0.115543
75.752 2.75 103.882 0.131011
75.752 3.25 102.34 0.145046
75.752 3.75 101.034 0.157034
75.752 4.25 99.8202 0.166449
75.752 4.75 98.528 0.172743
75.752 5.25 97.1551 0.176936
75.752 5.75 95.698 0.17965
75.752 6.25 94.1627 0.181345
75.752 6.75 92.5539 0.18231
75.752 7.25 90.8755 0.182738
75.752 7.75 89.1313 0.182765
75.752 8.25 87.3253 0.182493
75.752 8.75 85.4615 0.181996
75.752 9.25 83.5439 0.181332
75.752 9.75 81.5767 0.180544
75.752 10.25 79.5644 0.179668
75.752 10.75 77.5118 0.178729
75.752 11.25 75.4238 0.177753
75.752 11.75 73.306 0.17676
75.752 12.25 71.1645 0.175768
75.752 12.75 69.0061 0.174795
75.752 13.25 66.8382 0.173858
75.752 13.75 64.6691 0.172971
75.752 14.25 62.5077 0.172147
75.752 14.75 60.3637 0.171397
75.752 15.25 58.2471 0.170731
75.752 15.75 56.1686 0.170156
75.752 16.25 54.1384 0.169675
75.752 16.75 52.167 0.169289
75.752 17.25 50.2639 0.168998
75.752 17.75 48.4382 0.168799
75.752 18.25 46.6975 0.168686
75.752 18.75 45.0482 0.168652
75.752 19.25 43.4953 0.16869
75.752 19.75 42.042 0.168791
75.752 20.25 40.6903 0.168947
75.752 20.75 39.4404 0.169149
75.752 21.25 38.2915 0.16939
75.752 21.75 37.2411 0.169664
75.752 22.25 36.2862 0.169963
75.752 22.75 35.4227 0.170282
75.752 23.25 34.6459 0.170616
75.752 23.75 33.9507 0.170961
75.752 24.25 33.3315 0.171314
75.752 24.75 32.7829 0.171671
75.752 25.25 32.2991 0.172031
75.752 25.75 31.8747 0.172391
75.752 26.25 31.5041 0.17275
75.752 26.75 31.1822 0.173107
75.752 27.25 30.904 0.173459
75.752 27.75 30.665 0.173807
75.752 28.25 30.4607 0.17415
75.752 28.75 30.2872 0.174487
75.752 29.25 30.1407 0.174818
75.752 29.75 30.018 0.175142
75.752 30.25 29.9159 0.175459
75.752 30.75 29.8317 0.175769
75.752 31.25 29.7629 0.176071
75.752 31.75 29.7074 0.176367
75.752 32.25 29.6631 0.176654
75.752 32.75 29.6284 0.176935
75.752 33.25 29.6017 0.177208
75.752 33.75 29.5817 0.177473
75.752 34.25 29.5671 0.177731
75.752 34.75 29.5571 0.177982
75.752 35.25 29.5506 0.178225
75.752 35.75 29.547 0.178462
75.752 36.25 29.5456 0.178691
75.752 36.75 29.5459 0.178913
75.752 37.25 29.5473 0.179128
75.752 37.75 29.5495 0.179336
75.752 38.25 29.5522 0.179538
75.752 38.75 29.5551 0.179733
75.752 39.25 29.5578 0.179921
75.752 39.75 29.5604 0.180103
75.752 40.25 29.5626 0.180279
75.752 40.75 29.5642 0.180449
75.752 41.25 29.5653 0.180612
75.752 41.75 29.5656 0.18077
75.752 42.25 29.5653 0.180922
75.752 42.75 29.5642 0.181069
75.752 43.25 29.5623 0.18121
75.752 43.75 29.5596 0.181345
75.752 44.25 29.5561 0.181475
75.752 44.75 29.5518 0.1816
75.752 45.25 29.5468 0.18172
75.752 45.75 29.5409 0.181835
75.752 46.25 29.5344 0.181946
75.752 46.75 29.527 0.182051
75.752 47.25 29.519 0.182152
75.752 47.75 29.5103 0.182249
75.752 48.25 29.501 0.182341
75.752 48.75 29.4911 0.182429
75.752 49.25 29.4805 0.182513
75.752 49.75 29.4694 0.182593
75.752 50.25 29.4578 0.18267
75.752 50.75 29.4457 0.182742
75.752 51.25 29.4331 0.182811
75.752 51.75 29.42 0.182876
75.752 52.25 29.4066 0.182938
75.752 52.75 29.3927 0.182997
75.752 53.25 29.3786 0.183053
75.752 53.75 29.364 0.183105
75.752 54.25 29.3492 0.183155
75.752 54.75 29.3341 0.183202
75.752 55.25 29.3188 0.183246
75.752 55.75 29.3032 0.183288
75.752 56.25 29.2875 0.183327
75.752 56.75 29.2715 0.183364
75.752 57.25 29.2554 0.183398
75.752 57.75 29.2392 0.183429
75.752 58.25 29.2229 0.183458
75.752 58.75 29.2065 0.183485
75.752 59.25 29.19 0.183508
75.752 59.75 29.1736 0.183529

76.2407 0.25 279.841 0.005
76.2407 0.75 189.926 0.005
76.2407 1.25 113.358 0.005
76.2407 1.75 108.057 0.0946686
76.2407 2.25 105.792 0.115505
76.2407 2.75 103.894 0.130938
76.2407 3.25 102.336 0.144958
76.2407 3.75 101.02 0.156928
76.2407 4.25 99.7975 0.166299
76.2407 4.75 98.4997 0.172554
76.2407 5.25 97.1232 0.176728
76.2407 5.75 95.6651 0.179433
76.2407 6.25 94.1312 0.181122
76.2407 6.75 92.5259 0.182083
76.2407 7.25 90.8528 0.182509
76.2407 7.75 89.1153 0.182535
76.2407 8.25 87.3168 0.182263
76.2407 8.75 85.4608 0.181768
76.2407 9.25 83.5508 0.181105
76.2407 9.75 81.5909 0.18032
76.2407 10.25 79.5852 0.179445
76.2407 10.75 77.5383 0.178509
76.2407 11.25 75.4553 0.177534
76.2407 11.75 73.3417 0.17654
76.2407 12.25 71.2037 0.175548
76.2407 12.75 69.0481 0.174574
76.2407 13.25 66.8824 0.173635
76.2407 13.75 64.7149 0.172746
76.2407 14.25 62.5546 0.171919
76.2407 14.75 60.4112 0.171166
76.2407 15.25 58.2948 0.170496
76.2407 15.75 56.2159 0.169916
76.2407 16.25 54.185 0.16943
76.2407 16.75 52.2125 0.169039
76.2407 17.25 50.308 0.168743
76.2407 17.75 48.4805 0.168539
76.2407 18.25 46.7378 0.16842
76.2407 18.75 45.0862 0.168381
76.2407 19.25 43.5308 0.168414
76.2407 19.75 42.075 0.16851
76.2407 20.25 40.7206 0.168661
76.2407 20.75 39.4681 0.168859
76.2407 21.25 38.3165 0.169096
76.2407 21.75 37.2636 0.169365
76.2407 22.25 36.3062 0.16966
76.2407 22.75 35.4403 0.169975
76.2407 23.25 34.6612 0.170305
76.2407 23.75 33.9638 0.170646
76.2407 24.25 33.3427 0.170995
76.2407 24.75 32.7922 0.171349
76.2407 25.25 32.3067 0.171705
76.2407 25.75 31.8807 0.172062
76.2407 26.25 31.5087 0.172418
76.2407 26.75 31.1856 0.17277
76.2407 27.25 30.9063 0.173119
76.2407 27.75 30.6662 0.173464
76.2407 28.25 30.4611 0.173803
76.2407 28.75 30.2867 0.174137
76.2407 29.25 30.1396 0.174464
76.2407 29.75 30.0162 0.174784
76.2407 30.25 29.9136 0.175098
76.2407 30.75 29.829 0.175404
76.2407 31.25 29.7599 0.175703
76.2407 31.75 29.704 0.175995
76.2407 32.25 29.6595 0.176279
76.2407 32.75 29.6246 0.176556
76.2407 33.25 29.5977 0.176826
76.2407 33.75 29.5775 0.177088
76.2407 34.25 29.5629 0.177342
76.2407 34.75 29.5528 0.17759
76.2407 35.25 29.5463 0.177829
76.2407 35.75 29.5427 0.178062
76.2407 36.25 29.5413 0.178288
76.2407 36.75 29.5416 0.178506
76.2407 37.25 29.5431 0.178718
76.2407 37.75 29.5453 0.178923
76.2407 38.25 29.5481 0.179121
76.2407 38.75 29.551 0.179312
76.2407 39.25 29.5539 0.179497
76.2407 39.75 29.5565 0.179676
76.2407 40.25 29.5588 0.179848
76.2407 40.75 29.5605 0.180015
76.2407 41.25 29.5617 0.180175
76.2407 41.75 29.5622 0.180329
76.2407 42.25 29.562 0.180478
76.2407 42.75 29.561 0.180621
76.2407 43.25 29.5592 0.180759
76.2407 43.75 29.5567 0.180891
76.2407 44.25 29.5533 0.181018
76.2407 44.75 29.5492 0.18114
76.2407 45.25 29.5443 0.181257
76.2407 45.75 29.5386 0.181369
76.2407 46.25 29.5321 0.181476
76.2407 46.75 29.525 0.181579
76.2407 47.25 29.5171 0.181677
76.2407 47.75 29.5086 0.181771
76.2407 48.25 29.4994 0.181861
76.2407 48.75 29.4896 0.181946
76.2407 49.25 29.4792 0.182027
76.2407 49.75 29.4682 0.182105
76.2407 50.25 29.4568 0.182178
76.2407 50.75 29.4448 0.182248
76.2407 51.25 29.4323 0.182315
76.2407 51.75 29.4195 0.182378
76.2407 52.25 29.4062 0.182438
76.2407 52.75 29.3925 0.182495
76.2407 53.25 29.3785 0.182548
76.2407 53.75 29.3641 0.182599
76.2407 54.25 29.3495 0.182647
76.2407 54.75 29.3345 0.182692
76.2407 55.25 29.3193 0.182735
76.2407 55.75 29.3039 0.182775
76.2407 56.25 29.2883 0.182813
76.2407 56.75 29.2725 0.182849
76.2407 57.25 29.2566 0.182882
76.2407 57.75 29.2406 0.182913
76.2407 58.25 29.2244 0.182941
76.2407 58.75 29.2082 0.182967
76.2407 59.25 29.1918 0.18299
76.2407 59.75 29.1755 0.183011

76.7294 0.25 276.737 0.005
76.7294 0.75 182.245 0.005
76.7294 1.25 112.979 0.005
76.7294 1.75 108.054 0.0879939
76.7294 2.25 105.851 0.115514
76.7294 2.75 103.96 0.130869
76.7294 3.25 102.405 0.144878
76.7294 3.75 101.094 0.156859
76.7294 4.25 99.886 0.166309
76.7294 4.75 98.5982 0.172648
76.7294 5.25 97.228 0.176847
76.7294 5.75 95.7708 0.179548
76.7294 6.25 94.2329 0.181225
76.7294 6.75 92.6194 0.182171
76.7294 7.25 90.9349 0.182581
76.7294 7.75 89.1842 0.182591
76.7294 8.25 87.3718 0.182303
76.7294 8.75 85.5021 0.181793
76.7294 9.25 83.5795 0.181117
76.7294 9.75 81.6085 0.18032
76.7294 10.25 79.5934 0.179435
76.7294 10.75 77.539 0.17849
76.7294 11.25 75.45 0.177508
76.7294 11.75 73.3319 0.176509
76.7294 12.25 71.1907 0.175512
76.7294 12.75 69.0328 0.174535
76.7294 13.25 66.8656 0.173593
76.7294 13.75 64.6972 0.172701
76.7294 14.25 62.5365 0.171872
76.7294 14.75 60.3931 0.171117
76.7294 15.25 58.2769 0.170445
76.7294 15.75 56.1985 0.169864
76.7294 16.25 54.1682 0.169377
76.7294 16.75 52.1964 0.168985
76.7294 17.25 50.2928 0.168688
76.7294 17.75 48.4662 0.168483
76.7294 18.25 46.7244 0.168363
76.7294 18.75 45.0738 0.168323
76.7294 19.25 43.5195 0.168355
76.7294 19.75 42.0647 0.16845
76.7294 20.25 40.7114 0.1686
76.7294 20.75 39.4599 0.168796
76.7294 21.25 38.3092 0.169032
76.7294 21.75 37.2572 0.1693
76.7294 22.25 36.3007 0.169593
76.7294 22.75 35.4357 0.169907
76.7294 23.25 34.6574 0.170236
76.7294 23.75 33.9608 0.170576
76.7294 24.25 33.3404 0.170924
76.7294 24.75 32.7905 0.171277
76.7294 25.25 32.3057 0.171632
76.7294 25.75 31.8802 0.171987
76.7294 26.25 31.5087 0.172341
76.7294 26.75 31.186 0.172693
76.7294 27.25 30.9071 0.173041
76.7294 27.75 30.6675 0.173384
76.7294 28.25 30.4626 0.173722
76.7294 28.75 30.2886 0.174055
76.7294 29.25 30.1417 0.174381
76.7294 29.75 30.0186 0.1747
76.7294 30.25 29.9162 0.175012
76.7294 30.75 29.8317 0.175318
76.7294 31.25 29.7627 0.175616
76.7294 31.75 29.707 0.175906
76.7294 32.25 29.6626 0.17619
76.7294 32.75 29.6278 0.176465
76.7294 33.25 29.601 0.176734
76.7294 33.75 29.5809 0.176995
76.7294 34.25 29.5663 0.177248
76.7294 34.75 29.5562 0.177494
76.7294 35.25 29.5498 0.177733
76.7294 35.75 29.5462 0.177965
76.7294 36.25 29.5449 0.17819
76.7294 36.75 29.5451 0.178407
76.7294 37.25 29.5466 0.178618
76.7294 37.75 29.5489 0.178821
76.7294 38.25 29.5516 0.179019
76.7294 38.75 29.5546 0.179209
76.7294 39.25 29.5574 0.179393
76.7294 39.75 29.5601 0.179571
76.7294 40.25 29.5623 0.179742
76.7294 40.75 29.5641 0.179908
76.7294 41.25 29.5652 0.180067
76.7294 41.75 29.5657 0.180221
76.7294 42.25 29.5655 0.180369
76.7294 42.75 29.5645 0.180511
76.7294 43.25 29.5627 0.180648
76.7294 43.75 29.5601 0.180779
76.7294 44.25 29.5567 0.180905
76.7294 44.75 29.5525 0.181026
76.7294 45.25 29.5476 0.181142
76.7294 45.75 29.5419 0.181254
76.7294 46.25 29.5354 0.18136
76.7294 46.75 29.5282 0.181462
76.7294 47.25 29.5203 0.181559
76.7294 47.75 29.5117 0.181652
76.7294 48.25 29.5025 0.181741
76.7294 48.75 29.4927 0.181826
76.7294 49.25 29.4822 0.181907
76.7294 49.75 29.4713 0.181983
76.7294 50.25 29.4597 0.182056
76.7294 50.75 29.4477 0.182126
76.7294 51.25 29.4352 0.182192
76.7294 51.75 29.4223 0.182254
76.7294 52.25 29.409 0.182314
76.7294 52.75 29.3953 0.18237
76.7294 53.25 29.3812 0.182423
76.7294 53.75 29.3668 0.182473
76.7294 54.25 29.3521 0.182521
76.7294 54.75 29.3371 0.182566
76.7294 55.25 29.3219 0.182608
76.7294 55.75 29.3065 0.182648
76.7294 56.25 29.2908 0.182686
76.7294 56.75 29.275 0.182721
76.7294 57.25 29.259 0.182754
76.7294 57.75 29.2429 0.182784
76.7294 58.25 29.2267 0.182813
76.7294 58.75 29.2104 0.182839
76.7294 59.25 29.1941 0.182862
76.7294 59.75 29.1777 0.182882

77.2181 0.25 262.897 0.005
77.2181 0.75 143.395 0.005
77.2181 1.25 112.453 0.0529429
77.2181 1.75 108.633 0.0995101
77.2181 2.25 106.609 0.11819
77.2181 2.75 104.731 0.134132
77.2181 3.25 103.078 0.148466
77.2181 3.75 101.641 0.160705
77.2181 4.25 100.33 0.170432
77.2181 4.75 98.966 0.177136
77.2181 5.25 97.4982 0.181561
77.2181 5.75 95.9293 0.184461
77.2181 6.25 94.2746 0.186326
77.2181 6.75 92.5459 0.187443
77.2181 7.25 90.7514 0.188002
77.2181 7.75 88.8974 0.188139
77.2181 8.25 86.989 0.187956
77.2181 8.75 85.0303 0.187532
77.2181 9.25 83.0249 0.186927
77.2181 9.75 80.9766 0.18619
77.2181 10.25 78.8893 0.185358
77.2181 10.75 76.7672 0.184462
77.2181 11.25 74.615 0.183531
77.2181 11.75 72.4383 0.182586
77.2181 12.25 70.2434 0.18165
77.2181 12.75 68.0373 0.180741
77.2181 13.25 65.828 0.179878
77.2181 13.75 63.6244 0.179074
77.2181 14.25 61.4361 0.178344
77.2181 14.75 59.2732 0.177699
77.2181 15.25 57.1463 0.177147
77.2181 15.75 55.0662 0.176693
77.2181 16.25 53.0435 0.17634
77.2181 16.75 51.0883 0.176088
77.2181 17.25 49.2098 0.175933
77.2181 17.75 47.4162 0.175871
77.2181 18.25 45.7145 0.175894
77.2181 18.75 44.1099 0.175995
77.2181 19.25 42.6062 0.176164
77.2181 19.75 41.2057 0.176394
77.2181 20.25 39.909 0.176675
77.2181 20.75 38.7154 0.176998
77.2181 21.25 37.6228 0.177357
77.2181 21.75 36.6283 0.177745
77.2181 22.25 35.7278 0.178155
77.2181 22.75 34.9167 0.178582
77.2181 23.25 34.1898 0.179022
77.2181 23.75 33.5417 0.179471
77.2181 24.25 32.9667 0.179927
77.2181 24.75 32.4591 0.180385
77.2181 25.25 32.0131 0.180845
77.2181 25.75 31.6233 0.181305
77.2181 26.25 31.2843 0.181763
77.2181 26.75 30.9909 0.182217
77.2181 27.25 30.7386 0.182668
77.2181 27.75 30.5226 0.183114
77.2181 28.25 30.3389 0.183555
77.2181 28.75 30.1837 0.183989
77.2181 29.25 30.0535 0.184418
77.2181 29.75 29.945 0.18484
77.2181 30.25 29.8555 0.185256
77.2181 30.75 29.7823 0.185665
77.2181 31.25 29.7231 0.186067
77.2181 31.75 29.6759 0.186461
77.2181 32.25 29.6388 0.186849
77.2181 32.75 29.6103 0.187229
77.2181 33.25 29.5888 0.187602
77.2181 33.75 29.5733 0.187968
77.2181 34.25 29.5626 0.188327
77.2181 34.75 29.5558 0.188679
77.2181 35.25 29.5521 0.189024
77.2181 35.75 29.5508 0.189362
77.2181 36.25 29.5512 0.189693
77.2181 36.75 29.553 0.190016
77.2181 37.25 29.5557 0.190334
77.2181 37.75 29.5589 0.190644
77.2181 38.25 29.5624 0.190947
77.2181 38.75 29.5658 0.191244
77.2181 39.25 29.5691 0.191535
77.2181 39.75 29.5719 0.191819
77.2181 40.25 29.5743 0.192096
77.2181 40.75 29.5761 0.192367
77.2181 41.25 29.5772 0.192632
77.2181 41.75 29.5776 0.192891
77.2181 42.25 29.5772 0.193143
77.2181 42.75 29.576 0.193389
77.2181 43.25 29.574 0.19363
77.2181 43.75 29.5712 0.193864
77.2181 44.25 29.5675 0.194092
77.2181 44.75 29.5631 0.194314
77.2181 45.25 29.5578 0.19453
77.2181 45.75 29.5518 0.19474
77.2181 46.25 29.5451 0.194945
77.2181 46.75 29.5376 0.195143
77.2181 47.25 29.5294 0.195336
77.2181 47.75 29.5206 0.195523
77.2181 48.25 29.5111 0.195704
77.2181 48.75 29.5011 0.195879
77.2181 49.25 29.4904 0.196048
77.2181 49.75 29.4792 0.196212
77.2181 50.25 29.4675 0.196369
77.2181 50.75 29.4553 0.196521
77.2181 51.25 29.4426 0.196666
77.2181 51.75 29.4295 0.196806
77.2181 52.25 29.4161 0.196939
77.2181 52.75 29.4022 0.197066
77.2181 53.25 29.388 0.197187
77.2181 53.75 29.3735 0.197302
77.2181 54.25 29.3587 0.19741
77.2181 54.75 29.3437 0.197511
77.2181 55.25 29.3283 0.197605
77.2181 55.75 29.3128 0.197693
77.2181 56.25 29.2971 0.197773
77.2181 56.75 29.2812 0.197846
77.2181 57.25 29.2652 0.197911
77.2181 57.75 29.2491 0.197968
77.2181 58.25 29.2328 0.198016
77.2181 58.75 29.2165 0.198056
77.2181 59.25 29.2002 0.198087
77.2181 59.75 29.1837 0.198107

77.7069 0.25 262.867 0.005
77.7069 0.75 143.234 0.005
77.7069 1.25 112.456 0.055406
77.7069 1.75 108.594 0.102642
77.7069 2.25 106.569 0.118403
77.7069 2.75 104.703 0.134361
77.7069 3.25 103.057 0.14872
77.7069 3.75 101.626 0.160976
77.7069 4.25 100.317 0.170716
77.7069 4.75 98.9525 0.177426
77.7069 5.25 97.4831 0.181867
77.7069 5.75 95.9118 0.184786
77.7069 6.25 94.2542 0.186671
77.7069 6.75 92.5222 0.187808
77.7069 7.25 90.7241 0.188386
77.7069 7.75 88.8662 0.18854
77.7069 8.25 86.9535 0.188372
77.7069 8.75 84.9904 0.18796
77.7069 9.25 82.9805 0.187365
77.7069 9.75 80.9277 0.186636
77.7069 10.25 78.8358 0.185811
77.7069 10.75 76.7092 0.184922
77.7069 11.25 74.5528 0.183995
77.7069 11.75 72.3722 0.183056
77.7069 12.25 70.1735 0.182125
77.7069 12.75 67.9641 0.181221
77.7069 13.25 65.7521 0.180363
77.7069 13.75 63.5461 0.179566
77.7069 14.25 61.3561 0.178843
77.7069 14.75 59.192 0.178205
77.7069 15.25 57.0647 0.177662
77.7069 15.75 54.9848 0.177217
77.7069 16.25 52.963 0.176873
77.7069 16.75 51.0092 0.17663
77.7069 17.25 49.1328 0.176485
77.7069 17.75 47.3417 0.176432
77.7069 18.25 45.643 0.176465
77.7069 18.75 44.0417 0.176576
77.7069 19.25 42.5417 0.176755
77.7069 19.75 41.145 0.176994
77.7069 20.25 39.8522 0.177283
77.7069 20.75 38.6625 0.177616
77.7069 21.25 37.5739 0.177983
77.7069 21.75 36.5831 0.178379
77.7069 22.25 35.6863 0.178797
77.7069 22.75 34.8787 0.179232
77.7069 23.25 34.1551 0.179679
77.7069 23.75 33.5101 0.180136
77.7069 24.25 32.938 0.180599
77.7069 24.75 32.433 0.181065
77.7069 25.25 31.9895 0.181533
77.7069 25.75 31.6019 0.182
77.7069 26.25 31.2649 0.182465
77.7069 26.75 30.9734 0.182927
77.7069 27.25 30.7226 0.183385
77.7069 27.75 30.5081 0.183838
77.7069 28.25 30.3257 0.184286
77.7069 28.75 30.1716 0.184728
77.7069 29.25 30.0424 0.185164
77.7069 29.75 29.9348 0.185594
77.7069 30.25 29.846 0.186017
77.7069 30.75 29.7734 0.186433
77.7069 31.25 29.7148 0.186843
77.7069 31.75 29.6681 0.187245
77.7069 32.25 29.6314 0.18764
77.7069 32.75 29.6032 0.188028
77.7069 33.25 29.5821 0.188409
77.7069 33.75 29.5668 0.188783
77.7069 34.25 29.5563 0.18915
77.7069 34.75 29.5497 0.189509
77.7069 35.25 29.5461 0.189862
77.7069 35.75 29.5449 0.190208
77.7069 36.25 29.5455 0.190547
77.7069 36.75 29.5473 0.190878
77.7069 37.25 29.5501 0.191204
77.7069 37.75 29.5533 0.191522
77.7069 38.25 29.5568 0.191834
77.7069 38.75 29.5603 0.192139
77.7069 39.25 29.5636 0.192437
77.7069 39.75 29.5664 0.192729
77.7069 40.25 29.5688 0.193015
77.7069 40.75 29.5706 0.193294
77.7069 41.25 29.5717 0.193567
77.7069 41.75 29.5721 0.193834
77.7069 42.25 29.5717 0.194094
77.7069 42.75 29.5705 0.194349
77.7069 43.25 29.5685 0.194597
77.7069 43.75 29.5656 0.194839
77.7069 44.25 29.562 0.195075
77.7069 44.75 29.5576 0.195305
77.7069 45.25 29.5523 0.195529
77.7069 45.75 29.5463 0.195747
77.7069 46.25 29.5396 0.19596
77.7069 46.75 29.5321 0.196166
77.7069 47.25 29.524 0.196366
77.7069 47.75 29.5152 0.196561
77.7069 48.25 29.5057 0.196749
77.7069 48.75 29.4956 0.196932
77.7069 49.25 29.485 0.197108
77.7069 49.75 29.4738 0.197279
77.7069 50.25 29.4622 0.197443
77.7069 50.75 29.45 0.197601
77.7069 51.25 29.4374 0.197753
77.7069 51.75 29.4243 0.197899
77.7069 52.25 29.4109 0.198039
77.7069 52.75 29.3971 0.198172
77.7069 53.25 29.3829 0.198298
77.7069 53.75 29.3685 0.198418
77.7069 54.25 29.3537 0.198531
77.7069 54.75 29.3387 0.198637
77.7069 55.25 29.3234 0.198736
77.7069 55.75 29.308 0.198828
77.7069 56.25 29.2923 0.198911
77.7069 56.75 29.2765 0.198987
77.7069 57.25 29.2605 0.199055
77.7069 57.75 29.2445 0.199115
77.7069 58.25 29.2283 0.199165
77.7069 58.75 29.212 0.199206
77.7069 59.25 29.1957 0.199237
77.7069 59.75 29.1794 0.199258

78.1956 0.25 283.942 0.005
78.1956 0.75 197.994 0.005
78.1956 1.25 114.527 0.005
78.1956 1.75 108.971 0.086749
78.1956 2.25 106.521 0.112692
78.1956 2.75 104.437 0.127051
78.1956 3.25 102.736 0.140464
78.1956 3.75 101.32 0.151965
78.1956 4.25 100.047 0.160968
78.1956 4.75 98.7236 0.166772
78.1956 5.25 97.3391 0.170537
78.1956 5.75 95.8892 0.172866
78.1956 6.25 94.3803 0.174224
78.1956 6.75 92.8162 0.174906
78.1956 7.25 91.1992 0.175108
78.1956 7.75 89.5306 0.174965
78.1956 8.25 87.8114 0.174571
78.1956 8.75 86.0425 0.173993
78.1956 9.25 84.2251 0.173277
78.1956 9.75 82.3605 0.172456
78.1956 10.25 80.4508 0.171557
78.1956 10.75 78.4986 0.170598
78.1956 11.25 76.5071 0.169598
78.1956 11.75 74.4806 0.168574
78.1956 12.25 72.4236 0.167541
78.1956 12.75 70.3418 0.166514
78.1956 13.25 68.2417 0.165508
78.1956 13.75 66.1304 0.164535
78.1956 14.25 64.0162 0.163609
78.1956 14.75 61.9077 0.162742
78.1956 15.25 59.8146 0.161942
78.1956 15.75 57.7468 0.161219
78.1956 16.25 55.7146 0.160578
78.1956 16.75 53.7284 0.160024
78.1956 17.25 51.7983 0.159557
78.1956 17.75 49.934 0.159177
78.1956 18.25 48.1442 0.158882
78.1956 18.75 46.4367 0.158666
78.1956 19.25 44.8178 0.158525
78.1956 19.75 43.2925 0.158449
78.1956 20.25 41.8644 0.158433
78.1956 20.75 40.5353 0.158469
78.1956 21.25 39.3057 0.158548
78.1956 21.75 38.1749 0.158664
78.1956 22.25 37.1408 0.15881
78.1956 22.75 36.2003 0.15898
78.1956 23.25 35.3495 0.159169
78.1956 23.75 34.584 0.159373
78.1956 24.25 33.8986 0.159587
78.1956 24.75 33.2881 0.159807
78.1956 25.25 32.747 0.160033
78.1956 25.75 32.2697 0.16026
78.1956 26.25 31.8509 0.160487
78.1956 26.75 31.4851 0.160713
78.1956 27.25 31.1673 0.160936
78.1956 27.75 30.8925 0.161155
78.1956 28.25 30.6562 0.16137
78.1956 28.75 30.4542 0.161579
78.1956 29.25 30.2825 0.161783
78.1956 29.75 30.1373 0.16198
78.1956 30.25 30.0155 0.162172
78.1956 30.75 29.9141 0.162356
78.1956 31.25 29.8302 0.162534
78.1956 31.75 29.7616 0.162705
78.1956 32.25 29.7059 0.16287
78.1956 32.75 29.6614 0.163027
78.1956 33.25 29.6262 0.163178
78.1956 33.75 29.5989 0.163322
78.1956 34.25 29.5782 0.16346
78.1956 34.75 29.5629 0.163591
78.1956 35.25 29.552 0.163715
78.1956 35.75 29.5447 0.163834
78.1956 36.25 29.5402 0.163946
78.1956 36.75 29.5379 0.164053
78.1956 37.25 29.5372 0.164153
78.1956 37.75 29.5377 0.164249
78.1956 38.25 29.539 0.164339
78.1956 38.75 29.5408 0.164423
78.1956 39.25 29.5428 0.164503
78.1956 39.75 29.5447 0.164578
78.1956 40.25 29.5465 0.164649
78.1956 40.75 29.5479 0.164715
78.1956 41.25 29.5488 0.164776
78.1956 41.75 29.5491 0.164834
78.1956 42.25 29.5488 0.164888
78.1956 42.75 29.5478 0.164938
78.1956 43.25 29.5461 0.164984
78.1956 43.75 29.5436 0.165027
78.1956 44.25 29.5404 0.165067
78.1956 44.75 29.5363 0.165104
78.1956 45.25 29.5316 0.165138
78.1956 45.75 29.5261 0.16517
78.1956 46.25 29.5198 0.165198
78.1956 46.75 29.5128 0.165224
78.1956 47.25 29.5051 0.165248
78.1956 47.75 29.4967 0.16527
78.1956 48.25 29.4877 0.16529
78.1956 48.75 29.4781 0.165307
78.1956 49.25 29.4679 0.165324
78.1956 49.75 29.4571 0.165338
78.1956 50.25 29.4457 0.165351
78.1956 50.75 29.4339 0.165363
78.1956 51.25 29.4215 0.165374
78.1956 51.75 29.4087 0.165384
78.1956 52.25 29.3955 0.165393
78.1956 52.75 29.3819 0.165402
78.1956 53.25 29.368 0.165411
78.1956 53.75 29.3537 0.16542
78.1956 54.25 29.3391 0.16543
78.1956 54.75 29.3242 0.16544
78.1956 55.25 29.309 0.165451
78.1956 55.75 29.2936 0.165463
78.1956 56.25 29.278 0.165477
78.1956 56.75 29.2622 0.165493
78.1956 57.25 29.2463 0.165511
78.1956 57.75 29.2302 0.165532
78.1956 58.25 29.214 0.165555
78.1956 58.75 29.1978 0.16558
78.1956 59.25 29.1815 0.165608
78.1956 59.75 29.1651 0.165638

78.6843 0.25 283.867 0.005
78.6843 0.75 197.867 0.005
78.6843 1.25 114.531 0.005
78.6843 1.75 108.843 0.0916438
78.6843 2.25 106.381 0.114496
78.6843 2.75 104.31 0.129461
78.6843 3.25 102.619 0.143192
78.6843 3.75 101.208 0.154905
78.6843 4.25 99.9289 0.164009
78.6843 4.75 98.5877 0.169957
78.6843 5.25 97.1821 0.173894
78.6843 5.75 95.7085 0.176406
78.6843 6.25 94.1729 0.177932
78.6843 6.75 92.579 0.178757
78.6843 7.25 90.9292 0.179072
78.6843 7.75 89.2251 0.179013
78.6843 8.25 87.4682 0.178679
78.6843 8.75 85.6596 0.17814
78.6843 9.25 83.8011 0.177449
78.6843 9.75 81.8945 0.176644
78.6843 10.25 79.9424 0.175754
78.6843 10.75 77.948 0.174804
78.6843 11.25 75.9151 0.173814
78.6843 11.75 73.8482 0.172803
78.6843 12.25 71.753 0.171787
78.6843 12.75 69.6354 0.170784
78.6843 13.25 67.5028 0.169809
78.6843 13.75 65.3629 0.168875
78.6843 14.25 63.2245 0.167997
78.6843 14.75 61.0971 0.167185
78.6843 15.25 58.9906 0.166449
78.6843 15.75 56.9154 0.165798
78.6843 16.25 54.8823 0.165235
78.6843 16.75 52.9015 0.164764
78.6843 17.25 50.9832 0.164385
78.6843 17.75 49.1366 0.164096
78.6843 18.25 47.3702 0.163892
78.6843 18.75 45.6909 0.163769
78.6843 19.25 44.1046 0.163719
78.6843 19.75 42.6153 0.163733
78.6843 20.25 41.2258 0.163805
78.6843 20.75 39.9371 0.163926
78.6843 21.25 38.7489 0.164089
78.6843 21.75 37.6596 0.164285
78.6843 22.25 36.6666 0.16451
78.6843 22.75 35.7662 0.164756
78.6843 23.25 34.9541 0.165019
78.6843 23.75 34.2255 0.165295
78.6843 24.25 33.575 0.16558
78.6843 24.75 32.9972 0.16587
78.6843 25.25 32.4865 0.166164
78.6843 25.75 32.0373 0.166459
78.6843 26.25 31.6442 0.166753
78.6843 26.75 31.3018 0.167044
78.6843 27.25 31.0052 0.167333
78.6843 27.75 30.7496 0.167617
78.6843 28.25 30.5305 0.167896
78.6843 28.75 30.3438 0.168169
78.6843 29.25 30.1857 0.168436
78.6843 29.75 30.0527 0.168697
78.6843 30.25 29.9415 0.16895
78.6843 30.75 29.8494 0.169197
78.6843 31.25 29.7738 0.169436
78.6843 31.75 29.7123 0.169669
78.6843 32.25 29.6629 0.169894
78.6843 32.75 29.6237 0.170111
78.6843 33.25 29.5932 0.170321
78.6843 33.75 29.5699 0.170524
78.6843 34.25 29.5526 0.17072
78.6843 34.75 29.5402 0.170909
78.6843 35.25 29.5319 0.17109
78.6843 35.75 29.5266 0.171265
78.6843 36.25 29.5239 0.171432
78.6843 36.75 29.5231 0.171593
78.6843 37.25 29.5236 0.171748
78.6843 37.75 29.5252 0.171896
78.6843 38.25 29.5273 0.172037
78.6843 38.75 29.5297 0.172173
78.6843 39.25 29.5322 0.172303
78.6843 39.75 29.5346 0.172427
78.6843 40.25 29.5366 0.172545
78.6843 40.75 29.5382 0.172657
78.6843 41.25 29.5393 0.172765
78.6843 41.75 29.5397 0.172867
78.6843 42.25 29.5395 0.172964
78.6843 42.75 29.5385 0.173056
78.6843 43.25 29.5367 0.173144
78.6843 43.75 29.5342 0.173227
78.6843 44.25 29.5309 0.173305
78.6843 44.75 29.5268 0.173379
78.6843 45.25 29.5219 0.17345
78.6843 45.75 29.5162 0.173516
78.6843 46.25 29.5098 0.173578
78.6843 46.75 29.5027 0.173637
78.6843 47.25 29.4948 0.173693
78.6843 47.75 29.4863 0.173745
78.6843 48.25 29.4772 0.173794
78.6843 48.75 29.4674 0.17384
78.6843 49.25 29.457 0.173883
78.6843 49.75 29.446 0.173923
78.6843 50.25 29.4345 0.173961
78.6843 50.75 29.4225 0.173996
78.6843 51.25 29.4101 0.174029
78.6843 51.75 29.3971 0.174061
78.6843 52.25 29.3838 0.17409
78.6843 52.75 29.3701 0.174118
78.6843 53.25 29.356 0.174144
78.6843 53.75 29.3416 0.17417
78.6843 54.25 29.3268 0.174194
78.6843 54.75 29.3118 0.174217
78.6843 55.25 29.2965 0.17424
78.6843 55.75 29.281 0.174263
78.6843 56.25 29.2653 0.174285
78.6843 56.75 29.2494 0.174308
78.6843 57.25 29.2334 0.17433
78.6843 57.75 29.2172 0.174353
78.6843 58.25 29.2009 0.174376
78.6843 58.75 29.1846 0.1744
78.6843 59.25 29.1681 0.174423
78.6843 59.75 29.1517 0.174447

79.173 0.25 284.465 0.005
79.173 0.75 198.938 0.005
79.173 1.25 114.76 0.005
79.173 1.75 109.099 0.0883552
79.173 2.25 106.625 0.111548
79.173 2.75 104.532 0.125735
79.173 3.25 102.818 0.138985
79.173 3.75 101.389 0.150348
79.173 4.25 100.108 0.159217
79.173 4.75 98.7878 0.164864
79.173 5.25 97.4078 0.168486
79.173 5.75 95.9633 0.170694
79.173 6.25 94.4615 0.17195
79.173 6.75 92.907 0.172549
79.173 7.25 91.3026 0.172687
79.173 7.75 89.6499 0.172499
79.173 8.25 87.9498 0.172076
79.173 8.75 86.2032 0.171482
79.173 9.25 84.4107 0.170758
79.173 9.75 82.5732 0.169936
79.173 10.25 80.6922 0.169037
79.173 10.75 78.7695 0.168081
79.173 11.25 76.8078 0.167083
79.173 11.75 74.8102 0.166058
79.173 12.25 72.7811 0.165021
79.173 12.75 70.7253 0.163986
79.173 13.25 68.6487 0.162967
79.173 13.75 66.5581 0.161976
79.173 14.25 64.4611 0.161027
79.173 14.75 62.3663 0.16013
79.173 15.25 60.2828 0.159296
79.173 15.75 58.2205 0.158533
79.173 16.25 56.1896 0.157849
79.173 16.75 54.2006 0.157247
79.173 17.25 52.2637 0.15673
79.173 17.75 50.3886 0.156298
79.173 18.25 48.5847 0.155949
79.173 18.75 46.8599 0.15568
79.173 19.25 45.2211 0.155484
79.173 19.75 43.6739 0.155356
79.173 20.25 42.2222 0.155288
79.173 20.75 40.8685 0.155273
79.173 21.25 39.6138 0.155303
79.173 21.75 38.4577 0.155372
79.173 22.25 37.3986 0.155472
79.173 22.75 36.4337 0.155597
79.173 23.25 35.5594 0.155743
79.173 23.75 34.7714 0.155904
79.173 24.25 34.0648 0.156077
79.173 24.75 33.4344 0.156257
79.173 25.25 32.8749 0.156443
79.173 25.75 32.3806 0.156631
79.173 26.25 31.9462 0.15682
79.173 26.75 31.5662 0.157008
79.173 27.25 31.2354 0.157194
79.173 27.75 30.949 0.157376
79.173 28.25 30.7023 0.157555
79.173 28.75 30.491 0.157729
79.173 29.25 30.3109 0.157897
79.173 29.75 30.1584 0.15806
79.173 30.25 30.0301 0.158217
79.173 30.75 29.9229 0.158368
79.173 31.25 29.834 0.158512
79.173 31.75 29.7609 0.158651
79.173 32.25 29.7013 0.158783
79.173 32.75 29.6534 0.158908
79.173 33.25 29.6153 0.159028
79.173 33.75 29.5855 0.159141
79.173 34.25 29.5625 0.159249
79.173 34.75 29.5453 0.15935
79.173 35.25 29.5328 0.159446
79.173 35.75 29.5241 0.159536
79.173 36.25 29.5184 0.159621
79.173 36.75 29.5151 0.159701
79.173 37.25 29.5135 0.159776
79.173 37.75 29.5133 0.159846
79.173 38.25 29.514 0.159911
79.173 38.75 29.5152 0.159972
79.173 39.25 29.5167 0.160028
79.173 39.75 29.5183 0.160081
79.173 40.25 29.5197 0.16013
79.173 40.75 29.5209 0.160175
79.173 41.25 29.5215 0.160217
79.173 41.75 29.5217 0.160255
79.173 42.25 29.5212 0.16029
79.173 42.75 29.5201 0.160322
79.173 43.25 29.5183 0.160352
79.173 43.75 29.5158 0.160379
79.173 44.25 29.5125 0.160403
79.173 44.75 29.5084 0.160425
79.173 45.25 29.5036 0.160445
79.173 45.75 29.498 0.160462
79.173 46.25 29.4918 0.160478
79.173 46.75 29.4848 0.160492
79.173 47.25 29.4771 0.160504
79.173 47.75 29.4687 0.160515
79.173 48.25 29.4597 0.160524
79.173 48.75 29.45 0.160532
79.173 49.25 29.4398 0.160539
79.173 49.75 29.429 0.160544
79.173 50.25 29.4176 0.160549
79.173 50.75 29.4058 0.160553
79.173 51.25 29.3935 0.160556
79.173 51.75 29.3807 0.160559
79.173 52.25 29.3675 0.160562
79.173 52.75 29.3539 0.160565
79.173 53.25 29.3399 0.160568
79.173 53.75 29.3256 0.160571
79.173 54.25 29.311 0.160576
79.173 54.75 29.296 0.160582
79.173 55.25 29.2809 0.16059
79.173 55.75 29.2655 0.160599
79.173 56.25 29.2499 0.160611
79.173 56.75 29.2341 0.160626
79.173 57.25 29.2181 0.160644
79.173 57.75 29.202 0.160666
79.173 58.25 29.1858 0.160691
79.173 58.75 29.1696 0.16072
79.173 59.25 29.1532 0.160752
79.173 59.75 29.1368 0.160787

79.6617 0.25 284.717 0.005
79.6617 0.75 199.385 0.005
79.6617 1.25 114.844 0.005
79.6617 1.75 109.296 0.0833485
79.6617 2.25 106.824 0.109639
79.6617 2.75 104.708 0.123051
79.6617 3.25 102.974 0.135973
79.6617 3.75 101.528 0.147098
79.6617 4.25 100.242 0.155779
79.6617 4.75 98.9415 0.16129
79.6617 5.25 97.5843 0.164727
79.6617 5.75 96.1642 0.166754
79.6617 6.25 94.6885 0.167859
79.6617 6.75 93.1619 0.168342
79.6617 7.25 91.5875 0.1684
79.6617 7.75 89.9672 0.168163
79.6617 8.25 88.3019 0.167717
79.6617 8.75 86.5926 0.167118
79.6617 9.25 84.8399 0.166402
79.6617 9.75 83.0446 0.165594
79.6617 10.25 81.2076 0.164712
79.6617 10.75 79.3304 0.163773
79.6617 11.25 77.415 0.162789
79.6617 11.75 75.4639 0.161774
79.6617 12.25 73.4803 0.160741
79.6617 12.75 71.4683 0.159702
79.6617 13.25 69.4329 0.15867
79.6617 13.75 67.3798 0.157658
79.6617 14.25 65.3158 0.156676
79.6617 14.75 63.2486 0.155737
79.6617 15.25 61.1865 0.15485
79.6617 15.75 59.139 0.154025
79.6617 16.25 57.1157 0.15327
79.6617 16.75 55.1268 0.15259
79.6617 17.25 53.1826 0.151988
79.6617 17.75 51.2931 0.151467
79.6617 18.25 49.4678 0.151026
79.6617 18.75 47.7154 0.150663
79.6617 19.25 46.0436 0.150373
79.6617 19.75 44.4587 0.150151
79.6617 20.25 42.9657 0.149991
79.6617 20.75 41.5679 0.149886
79.6617 21.25 40.2674 0.14983
79.6617 21.75 39.0646 0.149814
79.6617 22.25 37.9586 0.149832
79.6617 22.75 36.9475 0.149879
79.6617 23.25 36.0282 0.149948
79.6617 23.75 35.1969 0.150036
79.6617 24.25 34.4491 0.150137
79.6617 24.75 33.7799 0.150248
79.6617 25.25 33.1839 0.150366
79.6617 25.75 32.6559 0.150488
79.6617 26.25 32.1903 0.150613
79.6617 26.75 31.7817 0.150738
79.6617 27.25 31.425 0.150863
79.6617 27.75 31.115 0.150985
79.6617 28.25 30.8471 0.151105
79.6617 28.75 30.6167 0.151221
79.6617 29.25 30.4196 0.151334
79.6617 29.75 30.2519 0.151442
79.6617 30.25 30.1102 0.151545
79.6617 30.75 29.9911 0.151643
79.6617 31.25 29.8918 0.151736
79.6617 31.75 29.8096 0.151825
79.6617 32.25 29.742 0.151908
79.6617 32.75 29.6871 0.151987
79.6617 33.25 29.643 0.15206
79.6617 33.75 29.6079 0.152129
79.6617 34.25 29.5804 0.152193
79.6617 34.75 29.5593 0.152253
79.6617 35.25 29.5434 0.152308
79.6617 35.75 29.5318 0.15236
79.6617 36.25 29.5237 0.152407
79.6617 36.75 29.5182 0.152451
79.6617 37.25 29.5149 0.152491
79.6617 37.75 29.5132 0.152527
79.6617 38.25 29.5126 0.152561
79.6617 38.75 29.5128 0.152591
79.6617 39.25 29.5134 0.152619
79.6617 39.75 29.5142 0.152644
79.6617 40.25 29.515 0.152666
79.6617 40.75 29.5156 0.152686
79.6617 41.25 29.5159 0.152704
79.6617 41.75 29.5157 0.15272
79.6617 42.25 29.5149 0.152734
79.6617 42.75 29.5136 0.152746
79.6617 43.25 29.5116 0.152757
79.6617 43.75 29.5089 0.152766
79.6617 44.25 29.5054 0.152774
79.6617 44.75 29.5013 0.15278
79.6617 45.25 29.4964 0.152786
79.6617 45.75 29.4908 0.15279
79.6617 46.25 29.4844 0.152793
79.6617 46.75 29.4773 0.152795
79.6617 47.25 29.4696 0.152796
79.6617 47.75 29.4612 0.152796
79.6617 48.25 29.4521 0.152796
79.6617 48.75 29.4424 0.152794
79.6617 49.25 29.4321 0.152792
79.6617 49.75 29.4213 0.15279
79.6617 50.25 29.4098 0.152787
79.6617 50.75 29.3979 0.152784
79.6617 51.25 29.3855 0.15278
79.6617 51.75 29.3727 0.152776
79.6617 52.25 29.3594 0.152773
79.6617 52.75 29.3457 0.15277
79.6617 53.25 29.3316 0.152768
79.6617 53.75 29.3172 0.152766
79.6617 54.25 29.3025 0.152767
79.6617 54.75 29.2875 0.152769
79.6617 55.25 29.2722 0.152774
79.6617 55.75 29.2567 0.152782
79.6617 56.25 29.2409 0.152793
79.6617 56.75 29.225 0.152809
79.6617 57.25 29.209 0.152829
79.6617 57.75 29.1927 0.152855
79.6617 58.25 29.1764 0.152887
79.6617 58.75 29.16 0.152924
79.6617 59.25 29.1435 0.152967
79.6617 59.75 29.127 0.153015

80.1505 0.25 284.757 0.005
80.1505 0.75 199.454 0.005
80.1505 1.25 114.857 0.005
80.1505 1.75 109.351 0.0816483
80.1505 2.25 106.884 0.108642
80.1505 2.75 104.767 0.121672
80.1505 3.25 103.029 0.134418
80.1505 3.75 101.581 0.145416
80.1505 4.25 100.295 0.154001
80.1505 4.75 99.0046 0.15943
80.1505 5.25 97.6595 0.162772
80.1505 5.75 96.2527 0.164715
80.1505 6.25 94.7914 0.165755
80.1505 6.75 93.2801 0.166196
80.1505 7.25 91.7217 0.166231
80.1505 7.75 90.118 0.165988
80.1505 8.25 88.4701 0.165547
80.1505 8.75 86.7788 0.164959
80.1505 9.25 85.0446 0.164259
80.1505 9.75 83.2684 0.163468
80.1505 10.25 81.451 0.162603
80.1505 10.75 79.5939 0.161678
80.1505 11.25 77.6987 0.160707
80.1505 11.75 75.7678 0.159701
80.1505 12.25 73.8042 0.158673
80.1505 12.75 71.8116 0.157636
80.1505 13.25 69.7945 0.156601
80.1505 13.75 67.7584 0.155581
80.1505 14.25 65.7096 0.154587
80.1505 14.75 63.6553 0.15363
80.1505 15.25 61.6036 0.152721
80.1505 15.75 59.5635 0.151869
80.1505 16.25 57.5446 0.151082
80.1505 16.75 55.5567 0.150366
80.1505 17.25 53.61 0.149726
80.1505 17.75 51.7147 0.149164
80.1505 18.25 49.8803 0.148679
80.1505 18.75 48.1158 0.148272
80.1505 19.25 46.4292 0.147937
80.1505 19.75 44.8271 0.147671
80.1505 20.25 43.3151 0.147467
80.1505 20.75 41.8969 0.147319
80.1505 21.25 40.575 0.147221
80.1505 21.75 39.3502 0.147164
80.1505 22.25 38.2221 0.147144
80.1505 22.75 37.1891 0.147153
80.1505 23.25 36.2485 0.147186
80.1505 23.75 35.3965 0.147238
80.1505 24.25 34.629 0.147305
80.1505 24.75 33.9412 0.147384
80.1505 25.25 33.3278 0.14747
80.1505 25.75 32.7835 0.147562
80.1505 26.25 32.303 0.147657
80.1505 26.75 31.8807 0.147753
80.1505 27.25 31.5116 0.14785
80.1505 27.75 31.1904 0.147946
80.1505 28.25 30.9123 0.148039
80.1505 28.75 30.6728 0.14813
80.1505 29.25 30.4676 0.148218
80.1505 29.75 30.2927 0.148302
80.1505 30.25 30.1446 0.148382
80.1505 30.75 30.02 0.148458
80.1505 31.25 29.9157 0.148529
80.1505 31.75 29.8292 0.148597
80.1505 32.25 29.7579 0.14866
80.1505 32.75 29.6998 0.14872
80.1505 33.25 29.6528 0.148775
80.1505 33.75 29.6153 0.148826
80.1505 34.25 29.5857 0.148873
80.1505 34.75 29.5628 0.148917
80.1505 35.25 29.5454 0.148957
80.1505 35.75 29.5325 0.148994
80.1505 36.25 29.5233 0.149027
80.1505 36.75 29.5169 0.149058
80.1505 37.25 29.5128 0.149086
80.1505 37.75 29.5104 0.149111
80.1505 38.25 29.5092 0.149133
80.1505 38.75 29.509 0.149153
80.1505 39.25 29.5092 0.149171
80.1505 39.75 29.5097 0.149187
80.1505 40.25 29.5103 0.149201
80.1505 40.75 29.5107 0.149214
80.1505 41.25 29.5107 0.149224
80.1505 41.75 29.5104 0.149234
80.1505 42.25 29.5096 0.149241
80.1505 42.75 29.5081 0.149248
80.1505 43.25 29.5061 0.149253
80.1505 43.75 29.5033 0.149258
80.1505 44.25 29.4998 0.149261
80.1505 44.75 29.4956 0.149263
80.1505 45.25 29.4907 0.149265
80.1505 45.75 29.4851 0.149265
80.1505 46.25 29.4787 0.149265
80.1505 46.75 29.4716 0.149264
80.1505 47.25 29.4639 0.149263
80.1505 47.75 29.4555 0.149261
80.1505 48.25 29.4464 0.149258
80.1505 48.75 29.4367 0.149255
80.1505 49.25 29.4264 0.149251
80.1505 49.75 29.4155 0.149247
80.1505 50.25 29.4041 0.149242
80.1505 50.75 29.3922 0.149237
80.1505 51.25 29.3797 0.149232
80.1505 51.75 29.3669 0.149227
80.1505 52.25 29.3535 0.149222
80.1505 52.75 29.3398 0.149217
80.1505 53.25 29.3257 0.149213
80.1505 53.75 29.3113 0.149211
80.1505 54.25 29.2965 0.14921
80.1505 54.75 29.2815 0.149211
80.1505 55.25 29.2662 0.149215
80.1505 55.75 29.2506 0.149222
80.1505 56.25 29.2349 0.149234
80.1505 56.75 29.2189 0.14925
80.1505 57.25 29.2028 0.149273
80.1505 57.75 29.1865 0.149302
80.1505 58.25 29.1702 0.149337
80.1505 58.75 29.1537 0.14938
80.1505 59.25 29.1372 0.149429
80.1505 59.75 29.1206 0.149485

80.6392 0.25 284.715 0.005
80.6392 0.75 199.385 0.005
80.6392 1.25 114.857 0.005
80.6392 1.75 109.253 0.0853331
80.6392 2.25 106.78 0.109655
80.6392 2.75 104.674 0.123246
80.6392 3.25 102.946 0.136181
80.6392 3.75 101.506 0.147308
80.6392 4.25 100.222 0.155982
80.6392 4.75 98.9195 0.16146
80.6392 5.25 97.5608 0.164886
80.6392 5.75 96.1393 0.166911
80.6392 6.25 94.6623 0.168017
80.6392 6.75 93.1345 0.168501
80.6392 7.25 91.5589 0.168559
80.6392 7.75 89.9374 0.168321
80.6392 8.25 88.271 0.167874
80.6392 8.75 86.5606 0.167273
80.6392 9.25 84.8068 0.166555
80.6392 9.75 83.0104 0.165746
80.6392 10.25 81.1723 0.164863
80.6392 10.75 79.2939 0.163922
80.6392 11.25 77.3773 0.162937
80.6392 11.75 75.425 0.161921
80.6392 12.25 73.4403 0.160887
80.6392 12.75 71.4272 0.159848
80.6392 13.25 69.3907 0.158816
80.6392 13.75 67.3366 0.157804
80.6392 14.25 65.2717 0.156824
80.6392 14.75 63.2037 0.155886
80.6392 15.25 61.1411 0.155001
80.6392 15.75 59.0932 0.154178
80.6392 16.25 57.0699 0.153426
80.6392 16.75 55.0812 0.152748
80.6392 17.25 53.1374 0.15215
80.6392 17.75 51.2486 0.151632
80.6392 18.25 49.4243 0.151194
80.6392 18.75 47.6731 0.150834
80.6392 19.25 46.0027 0.150548
80.6392 19.75 44.4194 0.15033
80.6392 20.25 42.9281 0.150174
80.6392 20.75 41.5323 0.150072
80.6392 21.25 40.2337 0.150019
80.6392 21.75 39.0328 0.150006
80.6392 22.25 37.9288 0.150027
80.6392 22.75 36.9197 0.150077
80.6392 23.25 36.0023 0.150149
80.6392 23.75 35.1728 0.150239
80.6392 24.25 34.4267 0.150343
80.6392 24.75 33.7591 0.150456
80.6392 25.25 33.1646 0.150577
80.6392 25.75 32.638 0.150701
80.6392 26.25 32.1737 0.150828
80.6392 26.75 31.7663 0.150956
80.6392 27.25 31.4107 0.151082
80.6392 27.75 31.1017 0.151207
80.6392 28.25 30.8346 0.151329
80.6392 28.75 30.605 0.151447
80.6392 29.25 30.4086 0.151561
80.6392 29.75 30.2416 0.151671
80.6392 30.25 30.1004 0.151776
80.6392 30.75 29.9818 0.151876
80.6392 31.25 29.8829 0.151971
80.6392 31.75 29.801 0.152061
80.6392 32.25 29.7338 0.152146
80.6392 32.75 29.6792 0.152225
80.6392 33.25 29.6353 0.1523
80.6392 33.75 29.6004 0.152371
80.6392 34.25 29.5731 0.152436
80.6392 34.75 29.5522 0.152497
80.6392 35.25 29.5364 0.152554
80.6392 35.75 29.5249 0.152606
80.6392 36.25 29.5169 0.152655
80.6392 36.75 29.5115 0.152699
80.6392 37.25 29.5083 0.15274
80.6392 37.75 29.5066 0.152778
80.6392 38.25 29.506 0.152812
80.6392 38.75 29.5062 0.152844
80.6392 39.25 29.5069 0.152872
80.6392 39.75 29.5077 0.152898
80.6392 40.25 29.5085 0.152921
80.6392 40.75 29.5092 0.152942
80.6392 41.25 29.5094 0.15296
80.6392 41.75 29.5092 0.152977
80.6392 42.25 29.5085 0.152991
80.6392 42.75 29.5071 0.153004
80.6392 43.25 29.5051 0.153015
80.6392 43.75 29.5024 0.153025
80.6392 44.25 29.4989 0.153033
80.6392 44.75 29.4948 0.15304
80.6392 45.25 29.4899 0.153045
80.6392 45.75 29.4842 0.15305
80.6392 46.25 29.4778 0.153053
80.6392 46.75 29.4708 0.153055
80.6392 47.25 29.463 0.153057
80.6392 47.75 29.4545 0.153057
80.6392 48.25 29.4455 0.153057
80.6392 48.75 29.4357 0.153056
80.6392 49.25 29.4254 0.153054
80.6392 49.75 29.4145 0.153052
80.6392 50.25 29.4031 0.153049
80.6392 50.75 29.3912 0.153046
80.6392 51.25 29.3788 0.153042
80.6392 51.75 29.3659 0.153039
80.6392 52.25 29.3526 0.153036
80.6392 52.75 29.3388 0.153033
80.6392 53.25 29.3248 0.153031
80.6392 53.75 29.3103 0.15303
80.6392 54.25 29.2956 0.15303
80.6392 54.75 29.2805 0.153032
80.6392 55.25 29.2652 0.153037
80.6392 55.75 29.2497 0.153045
80.6392 56.25 29.2339 0.153057
80.6392 56.75 29.218 0.153072
80.6392 57.25 29.2019 0.153093
80.6392 57.75 29.1857 0.153119
80.6392 58.25 29.1693 0.15315
80.6392 58.75 29.1529 0.153187
80.6392 59.25 29.1364 0.15323
80.6392 59.75 29.1198 0.153277

81.1279 0.25 284.74 0.005
81.1279 0.75 199.428 0.005
81.1279 1.25 114.864 0.005
81.1279 1.75 109.287 0.0842629
81.1279 2.25 106.816 0.10914
81.1279 2.75 104.708 0.122551
81.1279 3.25 102.978 0.13541
81.1279 3.75 101.535 0.146482
81.1279 4.25 100.251 0.155115
81.1279 4.75 98.9543 0.160578
81.1279 5.25 97.6017 0.163974
81.1279 5.75 96.1867 0.165971
81.1279 6.25 94.7165 0.167056
81.1279 6.75 93.1958 0.167529
81.1279 7.25 91.6276 0.167585
81.1279 7.75 90.0136 0.167352
81.1279 8.25 88.3551 0.166915
81.1279 8.75 86.6527 0.166326
81.1279 9.25 84.9072 0.165622
81.1279 9.75 83.1192 0.164825
81.1279 10.25 81.2899 0.163955
81.1279 10.75 79.4205 0.163025
81.1279 11.25 77.513 0.16205
81.1279 11.75 75.5698 0.161042
81.1279 12.25 73.594 0.160014
81.1279 12.75 71.5896 0.158978
81.1279 13.25 69.5613 0.157948
81.1279 13.75 67.5147 0.156934
81.1279 14.25 65.4566 0.15595
81.1279 14.75 63.3943 0.155006
81.1279 15.25 61.3363 0.154112
81.1279 15.75 59.2916 0.153279
81.1279 16.25 57.27 0.152513
81.1279 16.75 55.2815 0.151821
81.1279 17.25 53.3364 0.151206
81.1279 17.75 51.4448 0.150671
81.1279 18.25 49.6161 0.150216
81.1279 18.75 47.8592 0.149837
81.1279 19.25 46.182 0.149532
81.1279 19.75 44.5907 0.149295
81.1279 20.25 43.0907 0.14912
81.1279 20.75 41.6854 0.149
81.1279 21.25 40.377 0.148929
81.1279 21.75 39.1662 0.148899
81.1279 22.25 38.0521 0.148904
81.1279 22.75 37.0329 0.148937
81.1279 23.25 36.1058 0.148994
81.1279 23.75 35.2669 0.149069
81.1279 24.25 34.5119 0.149159
81.1279 24.75 33.8358 0.149258
81.1279 25.25 33.2334 0.149365
81.1279 25.75 32.6994 0.149477
81.1279 26.25 32.2283 0.149592
81.1279 26.75 31.8147 0.149707
81.1279 27.25 31.4533 0.149822
81.1279 27.75 31.1392 0.149935
81.1279 28.25 30.8675 0.150045
81.1279 28.75 30.6337 0.150152
81.1279 29.25 30.4336 0.150256
81.1279 29.75 30.2633 0.150355
81.1279 30.25 30.1192 0.15045
81.1279 30.75 29.9981 0.150541
81.1279 31.25 29.8969 0.150627
81.1279 31.75 29.813 0.150707
81.1279 32.25 29.7441 0.150784
81.1279 32.75 29.688 0.150855
81.1279 33.25 29.6427 0.150922
81.1279 33.75 29.6067 0.150985
81.1279 34.25 29.5784 0.151043
81.1279 34.75 29.5566 0.151097
81.1279 35.25 29.5402 0.151146
81.1279 35.75 29.5281 0.151192
81.1279 36.25 29.5195 0.151235
81.1279 36.75 29.5137 0.151273
81.1279 37.25 29.51 0.151309
81.1279 37.75 29.508 0.151341
81.1279 38.25 29.5071 0.151371
81.1279 38.75 29.5071 0.151397
81.1279 39.25 29.5076 0.151421
81.1279 39.75 29.5082 0.151443
81.1279 40.25 29.5089 0.151462
81.1279 40.75 29.5094 0.151479
81.1279 41.25 29.5095 0.151494
81.1279 41.75 29.5092 0.151508
81.1279 42.25 29.5084 0.151519
81.1279 42.75 29.507 0.151529
81.1279 43.25 29.5049 0.151538
81.1279 43.75 29.5021 0.151545
81.1279 44.25 29.4986 0.151551
81.1279 44.75 29.4944 0.151556
81.1279 45.25 29.4894 0.15156
81.1279 45.75 29.4838 0.151563
81.1279 46.25 29.4773 0.151564
81.1279 46.75 29.4702 0.151565
81.1279 47.25 29.4624 0.151565
81.1279 47.75 29.4539 0.151565
81.1279 48.25 29.4448 0.151563
81.1279 48.75 29.4351 0.151561
81.1279 49.25 29.4247 0.151559
81.1279 49.75 29.4138 0.151555
81.1279 50.25 29.4023 0.151552
81.1279 50.75 29.3903 0.151548
81.1279 51.25 29.3779 0.151544
81.1279 51.75 29.3649 0.15154
81.1279 52.25 29.3516 0.151536
81.1279 52.75 29.3378 0.151532
81.1279 53.25 29.3237 0.15153
81.1279 53.75 29.3092 0.151528
81.1279 54.25 29.2944 0.151528
81.1279 54.75 29.2793 0.15153
81.1279 55.25 29.264 0.151535
81.1279 55.75 29.2484 0.151543
81.1279 56.25 29.2326 0.151554
81.1279 56.75 29.2166 0.151571
81.1279 57.25 29.2004 0.151592
81.1279 57.75 29.1842 0.151619
81.1279 58.25 29.1678 0.151652
81.1279 58.75 29.1513 0.151692
81.1279 59.25 29.1347 0.151737
81.1279 59.75 29.1181 0.151787

81.6166 0.25 284.68 0.005
81.6166 0.75 199.324 0.005
81.6166 1.25 114.85 0.005
81.6166 1.75 109.143 0.0890437
81.6166 2.25 106.638 0.114299
81.6166 2.75 104.513 0.128971
81.6166 3.25 102.779 0.142574
81.6166 3.75 101.337 0.154138
81.6166 4.25 100.04 0.163092
81.6166 4.75 98.6866 0.168848
81.6166 5.25 97.268 0.172634
81.6166 5.75 95.7807 0.175035
81.6166 6.25 94.2323 0.176475
81.6166 6.75 92.6281 0.177231
81.6166 7.25 90.972 0.177492
81.6166 7.75 89.2662 0.177392
81.6166 8.25 87.5126 0.177029
81.6166 8.75 85.7124 0.176471
81.6166 9.25 83.867 0.175769
81.6166 9.75 81.9776 0.174959
81.6166 10.25 80.0459 0.174068
81.6166 10.75 78.0742 0.173118
81.6166 11.25 76.0655 0.172128
81.6166 11.75 74.0232 0.171116
81.6166 12.25 71.952 0.170098
81.6166 12.75 69.8572 0.169088
81.6166 13.25 67.7453 0.168103
81.6166 13.75 65.6235 0.167156
81.6166 14.25 63.5003 0.16626
81.6166 14.75 61.3846 0.165427
81.6166 15.25 59.2865 0.164666
81.6166 15.75 57.2161 0.163986
81.6166 16.25 55.1841 0.163391
81.6166 16.75 53.2011 0.162886
81.6166 17.25 51.2775 0.162471
81.6166 17.75 49.4227 0.162146
81.6166 18.25 47.6455 0.161905
81.6166 18.75 45.9534 0.161744
81.6166 19.25 44.3525 0.161657
81.6166 19.75 42.8473 0.161636
81.6166 20.25 41.4409 0.161673
81.6166 20.75 40.1348 0.16176
81.6166 21.25 38.9289 0.161889
81.6166 21.75 37.8221 0.162054
81.6166 22.25 36.8118 0.162247
81.6166 22.75 35.8948 0.162463
81.6166 23.25 35.0667 0.162697
81.6166 23.75 34.3229 0.162944
81.6166 24.25 33.6582 0.163201
81.6166 24.75 33.0671 0.163464
81.6166 25.25 32.5441 0.16373
81.6166 25.75 32.0836 0.163998
81.6166 26.25 31.6802 0.164265
81.6166 26.75 31.3285 0.164531
81.6166 27.25 31.0234 0.164793
81.6166 27.75 30.7602 0.165051
81.6166 28.25 30.5343 0.165304
81.6166 28.75 30.3415 0.165552
81.6166 29.25 30.178 0.165793
81.6166 29.75 30.0402 0.166029
81.6166 30.25 29.9249 0.166257
81.6166 30.75 29.8291 0.166478
81.6166 31.25 29.7503 0.166693
81.6166 31.75 29.686 0.1669
81.6166 32.25 29.6342 0.1671
81.6166 32.75 29.5929 0.167293
81.6166 33.25 29.5606 0.167479
81.6166 33.75 29.5358 0.167658
81.6166 34.25 29.5172 0.167829
81.6166 34.75 29.5037 0.167994
81.6166 35.25 29.4944 0.168152
81.6166 35.75 29.4884 0.168303
81.6166 36.25 29.485 0.168448
81.6166 36.75 29.4837 0.168586
81.6166 37.25 29.4838 0.168718
81.6166 37.75 29.485 0.168843
81.6166 38.25 29.4868 0.168963
81.6166 38.75 29.4891 0.169077
81.6166 39.25 29.4914 0.169186
81.6166 39.75 29.4936 0.169288
81.6166 40.25 29.4956 0.169386
81.6166 40.75 29.4972 0.169478
81.6166 41.25 29.4982 0.169566
81.6166 41.75 29.4986 0.169649
81.6166 42.25 29.4984 0.169727
81.6166 42.75 29.4975 0.1698
81.6166 43.25 29.4958 0.16987
81.6166 43.75 29.4933 0.169935
81.6166 44.25 29.49 0.169997
81.6166 44.75 29.486 0.170054
81.6166 45.25 29.4812 0.170108
81.6166 45.75 29.4757 0.170158
81.6166 46.25 29.4694 0.170206
81.6166 46.75 29.4623 0.17025
81.6166 47.25 29.4546 0.170291
81.6166 47.75 29.4462 0.170329
81.6166 48.25 29.4371 0.170364
81.6166 48.75 29.4274 0.170397
81.6166 49.25 29.4171 0.170427
81.6166 49.75 29.4063 0.170456
81.6166 50.25 29.3949 0.170482
81.6166 50.75 29.383 0.170506
81.6166 51.25 29.3706 0.170529
81.6166 51.75 29.3578 0.17055
81.6166 52.25 29.3445 0.17057
81.6166 52.75 29.3309 0.170589
81.6166 53.25 29.3169 0.170607
81.6166 53.75 29.3025 0.170624
81.6166 54.25 29.2879 0.170641
81.6166 54.75 29.2729 0.170658
81.6166 55.25 29.2578 0.170675
81.6166 55.75 29.2423 0.170693
81.6166 56.25 29.2267 0.170711
81.6166 56.75 29.2109 0.17073
81.6166 57.25 29.1949 0.17075
81.6166 57.75 29.1788 0.170771
81.6166 58.25 29.1626 0.170793
81.6166 58.75 29.1463 0.170817
81.6166 59.25 29.13 0.170841
81.6166 59.75 29.1136 0.170867

82.1054 0.25 284.764 0.005
82.1054 0.75 199.428 0.005
82.1054 1.25 114.713 0.005
82.1054 1.75 109.034 0.087541
82.1054 2.25 106.437 0.12449
82.1054 2.75 104.203 0.135655
82.1054 3.25 102.402 0.145543
82.1054 3.75 100.881 0.15332
82.1054 4.25 99.4515 0.158401
82.1054 4.75 97.9714 0.16109
82.1054 5.25 96.4319 0.162447
82.1054 5.75 94.8335 0.16305
82.1054 6.25 93.1799 0.163218
82.1054 6.75 91.4732 0.163107
82.1054 7.25 89.7146 0.162801
82.1054 7.75 87.9052 0.162344
82.1054 8.25 86.0461 0.161764
82.1054 8.75 84.1386 0.161081
82.1054 9.25 82.1845 0.16031
82.1054 9.75 80.1858 0.159467
82.1054 10.25 78.1454 0.158566
82.1054 10.75 76.0666 0.15762
82.1054 11.25 73.9537 0.156644
82.1054 11.75 71.8115 0.155652
82.1054 12.25 69.6461 0.154658
82.1054 12.75 67.4646 0.153677
82.1054 13.25 65.2748 0.152722
82.1054 13.75 63.0858 0.151807
82.1054 14.25 60.9075 0.150943
82.1054 14.75 58.7508 0.150142
82.1054 15.25 56.6269 0.149412
82.1054 15.75 54.5472 0.148761
82.1054 16.25 52.5235 0.148191
82.1054 16.75 50.5665 0.147705
82.1054 17.25 48.6867 0.147301
82.1054 17.75 46.893 0.146978
82.1054 18.25 45.193 0.146729
82.1054 18.75 43.5925 0.146548
82.1054 19.25 42.0958 0.146428
82.1054 19.75 40.7052 0.146361
82.1054 20.25 39.4214 0.14634
82.1054 20.75 38.2433 0.146358
82.1054 21.25 37.1687 0.146406
82.1054 21.75 36.194 0.14648
82.1054 22.25 35.3149 0.146573
82.1054 22.75 34.5261 0.146681
82.1054 23.25 33.8221 0.1468
82.1054 23.75 33.1969 0.146926
82.1054 24.25 32.6444 0.147057
82.1054 24.75 32.1586 0.14719
82.1054 25.25 31.7335 0.147323
82.1054 25.75 31.3633 0.147454
82.1054 26.25 31.0425 0.147584
82.1054 26.75 30.766 0.14771
82.1054 27.25 30.5289 0.147831
82.1054 27.75 30.3267 0.147949
82.1054 28.25 30.1552 0.148061
82.1054 28.75 30.0109 0.148167
82.1054 29.25 29.8901 0.148269
82.1054 29.75 29.7899 0.148365
82.1054 30.25 29.7074 0.148455
82.1054 30.75 29.6403 0.14854
82.1054 31.25 29.5863 0.14862
82.1054 31.75 29.5434 0.148694
82.1054 32.25 29.51 0.148763
82.1054 32.75 29.4846 0.148827
82.1054 33.25 29.4658 0.148887
82.1054 33.75 29.4524 0.148942
82.1054 34.25 29.4436 0.148992
82.1054 34.75 29.4383 0.149039
82.1054 35.25 29.4359 0.149082
82.1054 35.75 29.4358 0.14912
82.1054 36.25 29.4373 0.149156
82.1054 36.75 29.44 0.149188
82.1054 37.25 29.4436 0.149217
82.1054 37.75 29.4477 0.149243
82.1054 38.25 29.452 0.149267
82.1054 38.75 29.4562 0.149288
82.1054 39.25 29.4603 0.149307
82.1054 39.75 29.464 0.149324
82.1054 40.25 29.4672 0.149338
82.1054 40.75 29.4698 0.149351
82.1054 41.25 29.4717 0.149362
82.1054 41.75 29.473 0.149372
82.1054 42.25 29.4734 0.14938
82.1054 42.75 29.4731 0.149387
82.1054 43.25 29.4719 0.149393
82.1054 43.75 29.47 0.149397
82.1054 44.25 29.4672 0.149401
82.1054 44.75 29.4636 0.149403
82.1054 45.25 29.4592 0.149405
82.1054 45.75 29.454 0.149406
82.1054 46.25 29.448 0.149406
82.1054 46.75 29.4413 0.149405
82.1054 47.25 29.4339 0.149404
82.1054 47.75 29.4258 0.149402
82.1054 48.25 29.417 0.149399
82.1054 48.75 29.4076 0.149396
82.1054 49.25 29.3975 0.149392
82.1054 49.75 29.3869 0.149388
82.1054 50.25 29.3758 0.149383
82.1054 50.75 29.3641 0.149378
82.1054 51.25 29.3519 0.149373
82.1054 51.75 29.3393 0.149367
82.1054 52.25 29.3262 0.149362
82.1054 52.75 29.3128 0.149358
82.1054 53.25 29.299 0.149354
82.1054 53.75 29.2848 0.149351
82.1054 54.25 29.2703 0.149349
82.1054 54.75 29.2555 0.14935
82.1054 55.25 29.2404 0.149353
82.1054 55.75 29.2252 0.14936
82.1054 56.25 29.2097 0.149371
82.1054 56.75 29.194 0.149387
82.1054 57.25 29.1781 0.149409
82.1054 57.75 29.1621 0.149436
82.1054 58.25 29.146 0.149471
82.1054 58.75 29.1298 0.149512
82.1054 59.25 29.1136 0.14956
82.1054 59.75 29.0973 0.149614

82.5941 0.25 274.673 0.005
82.5941 0.75 182.034 0.00652003
82.5941 1.25 113.041 0.005
82.5941 1.75 108.217 0.082803
82.5941 2.25 106.004 0.116059
82.5941 2.75 104.074 0.131424
82.5941 3.25 102.489 0.145501
82.5941 3.75 101.157 0.157545
82.5941 4.25 99.9358 0.167069
82.5941 4.75 98.6325 0.173453
82.5941 5.25 97.2456 0.177696
82.5941 5.75 95.7706 0.18044
82.5941 6.25 94.2146 0.182156
82.5941 6.75 92.5829 0.183136
82.5941 7.25 90.8807 0.183572
82.5941 7.75 89.1127 0.183602
82.5941 8.25 87.2834 0.183328
82.5941 8.75 85.3974 0.182827
82.5941 9.25 83.4589 0.182157
82.5941 9.75 81.4724 0.181362
82.5941 10.25 79.4423 0.180478
82.5941 10.75 77.3732 0.179533
82.5941 11.25 75.2702 0.178552
82.5941 11.75 73.1385 0.177554
82.5941 12.25 70.9843 0.17656
82.5941 12.75 68.8143 0.175586
82.5941 13.25 66.636 0.174651
82.5941 13.75 64.4576 0.173767
82.5941 14.25 62.2882 0.17295
82.5941 14.75 60.1374 0.172208
82.5941 15.25 58.0155 0.171553
82.5941 15.75 55.9331 0.17099
82.5941 16.25 53.9006 0.170522
82.5941 16.75 51.9283 0.170152
82.5941 17.25 50.026 0.169877
82.5941 17.75 48.2024 0.169695
82.5941 18.25 46.4651 0.169598
82.5941 18.75 44.8205 0.169581
82.5941 19.25 43.2732 0.169636
82.5941 19.75 41.8264 0.169754
82.5941 20.25 40.4819 0.169925
82.5941 20.75 39.2396 0.170144
82.5941 21.25 38.0986 0.1704
82.5941 21.75 37.0563 0.170688
82.5941 22.25 36.1095 0.171001
82.5941 22.75 35.2538 0.171334
82.5941 23.25 34.4847 0.171681
82.5941 23.75 33.7968 0.17204
82.5941 24.25 33.1846 0.172405
82.5941 24.75 32.6425 0.172776
82.5941 25.25 32.1649 0.173148
82.5941 25.75 31.7461 0.17352
82.5941 26.25 31.3807 0.173892
82.5941 26.75 31.0636 0.17426
82.5941 27.25 30.7897 0.174625
82.5941 27.75 30.5546 0.174985
82.5941 28.25 30.3538 0.17534
82.5941 28.75 30.1833 0.175689
82.5941 29.25 30.0397 0.176031
82.5941 29.75 29.9194 0.176367
82.5941 30.25 29.8194 0.176696
82.5941 30.75 29.7371 0.177018
82.5941 31.25 29.67 0.177333
82.5941 31.75 29.616 0.177641
82.5941 32.25 29.5729 0.177941
82.5941 32.75 29.5393 0.178233
82.5941 33.25 29.5135 0.178518
82.5941 33.75 29.4943 0.178796
82.5941 34.25 29.4804 0.179066
82.5941 34.75 29.4709 0.179329
82.5941 35.25 29.4649 0.179585
82.5941 35.75 29.4617 0.179833
82.5941 36.25 29.4607 0.180075
82.5941 36.75 29.4612 0.180309
82.5941 37.25 29.4628 0.180536
82.5941 37.75 29.4652 0.180757
82.5941 38.25 29.468 0.180971
82.5941 38.75 29.4709 0.181178
82.5941 39.25 29.4738 0.181378
82.5941 39.75 29.4764 0.181572
82.5941 40.25 29.4786 0.18176
82.5941 40.75 29.4802 0.181942
82.5941 41.25 29.4813 0.182117
82.5941 41.75 29.4816 0.182287
82.5941 42.25 29.4813 0.18245
82.5941 42.75 29.4801 0.182608
82.5941 43.25 29.4782 0.182761
82.5941 43.75 29.4754 0.182908
82.5941 44.25 29.4719 0.183049
82.5941 44.75 29.4676 0.183185
82.5941 45.25 29.4625 0.183316
82.5941 45.75 29.4566 0.183442
82.5941 46.25 29.4499 0.183563
82.5941 46.75 29.4426 0.183679
82.5941 47.25 29.4345 0.18379
82.5941 47.75 29.4257 0.183897
82.5941 48.25 29.4164 0.183999
82.5941 48.75 29.4063 0.184097
82.5941 49.25 29.3958 0.18419
82.5941 49.75 29.3846 0.18428
82.5941 50.25 29.3729 0.184365
82.5941 50.75 29.3608 0.184446
82.5941 51.25 29.3481 0.184523
82.5941 51.75 29.335 0.184597
82.5941 52.25 29.3216 0.184666
82.5941 52.75 29.3077 0.184732
82.5941 53.25 29.2935 0.184795
82.5941 53.75 29.2789 0.184854
82.5941 54.25 29.2641 0.18491
82.5941 54.75 29.249 0.184963
82.5941 55.25 29.2336 0.185012
82.5941 55.75 29.218 0.185059
82.5941 56.25 29.2022 0.185102
82.5941 56.75 29.1862 0.185142
82.5941 57.25 29.1701 0.185179
82.5941 57.75 29.1539 0.185214
82.5941 58.25 29.1375 0.185244
82.5941 58.75 29.1211 0.185272
82.5941 59.25 29.1046 0.185296
82.5941 59.75 29.0881 0.185316

83.0828 0.25 279.965 0.005
83.0828 0.75 190.206 0.005
83.0828 1.25 113.371 0.005
83.0828 1.75 108.09 0.0934294
83.0828 2.25 105.821 0.115295
83.0828 2.75 103.915 0.130664
83.0828 3.25 102.352 0.144652
83.0828 3.75 101.031 0.156599
83.0828 4.25 99.8078 0.165957
83.0828 4.75 98.5092 0.172186
83.0828 5.25 97.1327 0.176331
83.0828 5.75 95.675 0.179004
83.0828 6.25 94.142 0.180662
83.0828 6.75 92.5379 0.181594
83.0828 7.25 90.8664 0.181993
83.0828 7.75 89.1308 0.181996
83.0828 8.25 87.3343 0.181704
83.0828 8.75 85.4803 0.181191
83.0828 9.25 83.5725 0.180514
83.0828 9.75 81.6146 0.179716
83.0828 10.25 79.6108 0.178829
83.0828 10.75 77.5657 0.177882
83.0828 11.25 75.4841 0.176896
83.0828 11.75 73.3716 0.175892
83.0828 12.25 71.2343 0.174889
83.0828 12.75 69.0788 0.173904
83.0828 13.25 66.9127 0.172953
83.0828 13.75 64.7442 0.172051
83.0828 14.25 62.5823 0.171212
83.0828 14.75 60.4366 0.170445
83.0828 15.25 58.3173 0.169762
83.0828 15.75 56.2348 0.169167
83.0828 16.25 54.1997 0.168667
83.0828 16.75 52.2223 0.168262
83.0828 17.25 50.3125 0.167952
83.0828 17.75 48.4793 0.167733
83.0828 18.25 46.7304 0.1676
83.0828 18.75 45.0726 0.167548
83.0828 19.25 43.5107 0.167567
83.0828 19.75 42.0485 0.16765
83.0828 20.25 40.6877 0.167788
83.0828 20.75 39.429 0.167973
83.0828 21.25 38.2713 0.168198
83.0828 21.75 37.2127 0.168455
83.0828 22.25 36.2498 0.168738
83.0828 22.75 35.3788 0.169042
83.0828 23.25 34.595 0.169361
83.0828 23.75 33.8933 0.169691
83.0828 24.25 33.2682 0.170029
83.0828 24.75 32.7141 0.170372
83.0828 25.25 32.2254 0.170717
83.0828 25.75 31.7964 0.171063
83.0828 26.25 31.4218 0.171408
83.0828 26.75 31.0963 0.171749
83.0828 27.25 30.815 0.172088
83.0828 27.75 30.5731 0.172421
83.0828 28.25 30.3663 0.17275
83.0828 28.75 30.1906 0.173072
83.0828 29.25 30.0422 0.173388
83.0828 29.75 29.9178 0.173698
83.0828 30.25 29.8142 0.174
83.0828 30.75 29.7288 0.174296
83.0828 31.25 29.659 0.174584
83.0828 31.75 29.6025 0.174865
83.0828 32.25 29.5575 0.175138
83.0828 32.75 29.5222 0.175404
83.0828 33.25 29.4949 0.175663
83.0828 33.75 29.4744 0.175914
83.0828 34.25 29.4596 0.176157
83.0828 34.75 29.4492 0.176393
83.0828 35.25 29.4426 0.176622
83.0828 35.75 29.4388 0.176844
83.0828 36.25 29.4373 0.177059
83.0828 36.75 29.4375 0.177267
83.0828 37.25 29.4389 0.177467
83.0828 37.75 29.4411 0.177661
83.0828 38.25 29.4438 0.177849
83.0828 38.75 29.4467 0.17803
83.0828 39.25 29.4495 0.178204
83.0828 39.75 29.4522 0.178372
83.0828 40.25 29.4544 0.178534
83.0828 40.75 29.4562 0.17869
83.0828 41.25 29.4573 0.17884
83.0828 41.75 29.4579 0.178984
83.0828 42.25 29.4576 0.179123
83.0828 42.75 29.4567 0.179256
83.0828 43.25 29.4549 0.179384
83.0828 43.75 29.4524 0.179507
83.0828 44.25 29.4491 0.179624
83.0828 44.75 29.4449 0.179737
83.0828 45.25 29.44 0.179844
83.0828 45.75 29.4343 0.179947
83.0828 46.25 29.4279 0.180045
83.0828 46.75 29.4208 0.180139
83.0828 47.25 29.4129 0.180229
83.0828 47.75 29.4044 0.180314
83.0828 48.25 29.3952 0.180395
83.0828 48.75 29.3854 0.180473
83.0828 49.25 29.375 0.180546
83.0828 49.75 29.3641 0.180616
83.0828 50.25 29.3526 0.180682
83.0828 50.75 29.3406 0.180745
83.0828 51.25 29.3282 0.180805
83.0828 51.75 29.3153 0.180861
83.0828 52.25 29.302 0.180915
83.0828 52.75 29.2883 0.180965
83.0828 53.25 29.2743 0.181013
83.0828 53.75 29.26 0.181059
83.0828 54.25 29.2453 0.181102
83.0828 54.75 29.2304 0.181142
83.0828 55.25 29.2152 0.181181
83.0828 55.75 29.1998 0.181217
83.0828 56.25 29.1841 0.181251
83.0828 56.75 29.1684 0.181284
83.0828 57.25 29.1524 0.181314
83.0828 57.75 29.1364 0.181343
83.0828 58.25 29.1202 0.18137
83.0828 58.75 29.1039 0.181395
83.0828 59.25 29.0876 0.181418
83.0828 59.75 29.0713 0.181439

83.5715 0.25 281.234 0.005
83.5715 0.75 192.877 0.005
83.5715 1.25 113.684 0.005
83.5715 1.75 108.26 0.0932331
83.5715 2.25 105.938 0.114466
83.5715 2.75 103.995 0.129604
83.5715 3.25 102.405 0.143415
83.5715 3.75 101.067 0.15522
83.5715 4.25 99.8359 0.164454
83.5715 4.75 98.5355 0.170549
83.5715 5.25 97.1626 0.174575
83.5715 5.75 95.7136 0.177141
83.5715 6.25 94.1938 0.178704
83.5715 6.75 92.607 0.179556
83.5715 7.25 90.9563 0.179891
83.5715 7.75 89.2443 0.179845
83.5715 8.25 87.4736 0.179516
83.5715 8.75 85.6467 0.178978
83.5715 9.25 83.7667 0.178284
83.5715 9.75 81.8367 0.177473
83.5715 10.25 79.8604 0.176576
83.5715 10.75 77.8419 0.17562
83.5715 11.25 75.7858 0.174625
83.5715 11.75 73.6972 0.173609
83.5715 12.25 71.582 0.172592
83.5715 12.75 69.4466 0.17159
83.5715 13.25 67.2983 0.170618
83.5715 13.75 65.145 0.16969
83.5715 14.25 62.9954 0.16882
83.5715 14.75 60.8589 0.168019
83.5715 15.25 58.7454 0.167297
83.5715 15.75 56.6654 0.16666
83.5715 16.25 54.6293 0.166114
83.5715 16.75 52.6474 0.165661
83.5715 17.25 50.7296 0.165302
83.5715 17.75 48.8852 0.165032
83.5715 18.25 47.1223 0.164849
83.5715 18.75 45.4479 0.164745
83.5715 19.25 43.8674 0.164715
83.5715 19.75 42.3848 0.164749
83.5715 20.25 41.0025 0.164839
83.5715 20.75 39.7215 0.164979
83.5715 21.25 38.5413 0.165159
83.5715 21.75 37.4601 0.165372
83.5715 22.25 36.4751 0.165613
83.5715 22.75 35.5825 0.165875
83.5715 23.25 34.7781 0.166154
83.5715 23.75 34.0567 0.166445
83.5715 24.25 33.4131 0.166744
83.5715 24.75 32.8418 0.167049
83.5715 25.25 32.337 0.167357
83.5715 25.75 31.8934 0.167665
83.5715 26.25 31.5053 0.167973
83.5715 26.75 31.1676 0.168278
83.5715 27.25 30.8752 0.168579
83.5715 27.75 30.6234 0.168877
83.5715 28.25 30.4077 0.169169
83.5715 28.75 30.2241 0.169455
83.5715 29.25 30.0687 0.169735
83.5715 29.75 29.938 0.170008
83.5715 30.25 29.829 0.170275
83.5715 30.75 29.7388 0.170534
83.5715 31.25 29.6648 0.170786
83.5715 31.75 29.6047 0.171031
83.5715 32.25 29.5565 0.171269
83.5715 32.75 29.5185 0.171499
83.5715 33.25 29.4889 0.171721
83.5715 33.75 29.4664 0.171937
83.5715 34.25 29.4498 0.172145
83.5715 34.75 29.438 0.172345
83.5715 35.25 29.4301 0.172539
83.5715 35.75 29.4253 0.172726
83.5715 36.25 29.423 0.172905
83.5715 36.75 29.4224 0.173078
83.5715 37.25 29.4233 0.173244
83.5715 37.75 29.425 0.173404
83.5715 38.25 29.4273 0.173557
83.5715 38.75 29.4299 0.173704
83.5715 39.25 29.4325 0.173845
83.5715 39.75 29.435 0.17398
83.5715 40.25 29.4371 0.174109
83.5715 40.75 29.4388 0.174232
83.5715 41.25 29.4399 0.17435
83.5715 41.75 29.4403 0.174462
83.5715 42.25 29.4401 0.17457
83.5715 42.75 29.4392 0.174672
83.5715 43.25 29.4374 0.174769
83.5715 43.75 29.4349 0.174862
83.5715 44.25 29.4316 0.17495
83.5715 44.75 29.4275 0.175033
83.5715 45.25 29.4226 0.175113
83.5715 45.75 29.417 0.175188
83.5715 46.25 29.4106 0.175259
83.5715 46.75 29.4035 0.175326
83.5715 47.25 29.3957 0.175389
83.5715 47.75 29.3872 0.175449
83.5715 48.25 29.3781 0.175506
83.5715 48.75 29.3683 0.175559
83.5715 49.25 29.3579 0.175609
83.5715 49.75 29.347 0.175656
83.5715 50.25 29.3355 0.175701
83.5715 50.75 29.3236 0.175742
83.5715 51.25 29.3111 0.175782
83.5715 51.75 29.2983 0.175819
83.5715 52.25 29.285 0.175854
83.5715 52.75 29.2713 0.175887
83.5715 53.25 29.2572 0.175918
83.5715 53.75 29.2428 0.175948
83.5715 54.25 29.2282 0.175976
83.5715 54.75 29.2132 0.176003
83.5715 55.25 29.198 0.17603
83.5715 55.75 29.1825 0.176055
83.5715 56.25 29.1669 0.17608
83.5715 56.75 29.151 0.176105
83.5715 57.25 29.1351 0.176129
83.5715 57.75 29.1189 0.176153
83.5715 58.25 29.1027 0.176176
83.5715 58.75 29.0864 0.1762
83.5715 59.25 29.0701 0.176223
83.5715 59.75 29.0537 0.176245

84.0602 0.25 278.767 0.005
84.0602 0.75 187.547 0.005
84.0602 1.25 113.077 0.005
84.0602 1.75 108.068 0.0877757
84.0602 2.25 105.849 0.115021
84.0602 2.75 103.952 0.130231
84.0602 3.25 102.394 0.14415
84.0602 3.75 101.079 0.156053
84.0602 4.25 99.8652 0.165416
84.0602 4.75 98.5749 0.171656
84.0602 5.25 97.2054 0.175778
84.0602 5.75 95.7529 0.178412
84.0602 6.25 94.2232 0.180031
84.0602 6.75 92.621 0.180928
84.0602 7.25 90.9503 0.181298
84.0602 7.75 89.2149 0.181276
84.0602 8.25 87.4185 0.180964
84.0602 8.75 85.565 0.180436
84.0602 9.25 83.658 0.179746
84.0602 9.75 81.7017 0.178938
84.0602 10.25 79.7003 0.178043
84.0602 10.75 77.6582 0.177088
84.0602 11.25 75.5803 0.176095
84.0602 11.75 73.4718 0.175085
84.0602 12.25 71.3386 0.174075
84.0602 12.75 69.1874 0.173082
84.0602 13.25 67.0252 0.172123
84.0602 13.75 64.8602 0.171211
84.0602 14.25 62.7012 0.17036
84.0602 14.75 60.5575 0.169581
84.0602 15.25 58.4393 0.168884
84.0602 15.75 56.3569 0.168275
84.0602 16.25 54.3208 0.167759
84.0602 16.75 52.3413 0.167338
84.0602 17.25 50.4283 0.16701
84.0602 17.75 48.5908 0.166774
84.0602 18.25 46.8368 0.166625
84.0602 18.75 45.1729 0.166555
84.0602 19.25 43.6044 0.166557
84.0602 19.75 42.1349 0.166623
84.0602 20.25 40.7665 0.166745
84.0602 20.75 39.4999 0.166915
84.0602 21.25 38.3344 0.167125
84.0602 21.75 37.2678 0.167367
84.0602 22.25 36.2973 0.167636
84.0602 22.75 35.4188 0.167925
84.0602 23.25 34.6278 0.16823
84.0602 23.75 33.9192 0.168547
84.0602 24.25 33.2877 0.168872
84.0602 24.75 32.7276 0.169202
84.0602 25.25 32.2333 0.169534
84.0602 25.75 31.7992 0.169867
84.0602 26.25 31.4199 0.170199
84.0602 26.75 31.0902 0.170528
84.0602 27.25 30.805 0.170853
84.0602 27.75 30.5597 0.171174
84.0602 28.25 30.3498 0.17149
84.0602 28.75 30.1713 0.1718
84.0602 29.25 30.0205 0.172103
84.0602 29.75 29.894 0.1724
84.0602 30.25 29.7885 0.17269
84.0602 30.75 29.7015 0.172973
84.0602 31.25 29.6302 0.173248
84.0602 31.75 29.5725 0.173516
84.0602 32.25 29.5264 0.173777
84.0602 32.75 29.4901 0.17403
84.0602 33.25 29.4621 0.174276
84.0602 33.75 29.441 0.174515
84.0602 34.25 29.4255 0.174745
84.0602 34.75 29.4147 0.174969
84.0602 35.25 29.4076 0.175185
84.0602 35.75 29.4035 0.175395
84.0602 36.25 29.4018 0.175597
84.0602 36.75 29.4017 0.175792
84.0602 37.25 29.403 0.17598
84.0602 37.75 29.405 0.176162
84.0602 38.25 29.4076 0.176337
84.0602 38.75 29.4104 0.176506
84.0602 39.25 29.4132 0.176668
84.0602 39.75 29.4159 0.176824
84.0602 40.25 29.4181 0.176974
84.0602 40.75 29.4199 0.177118
84.0602 41.25 29.4211 0.177257
84.0602 41.75 29.4216 0.177389
84.0602 42.25 29.4214 0.177517
84.0602 42.75 29.4205 0.177639
84.0602 43.25 29.4188 0.177755
84.0602 43.75 29.4163 0.177867
84.0602 44.25 29.4131 0.177973
84.0602 44.75 29.409 0.178075
84.0602 45.25 29.4042 0.178172
84.0602 45.75 29.3986 0.178265
84.0602 46.25 29.3922 0.178353
84.0602 46.75 29.3851 0.178437
84.0602 47.25 29.3773 0.178517
84.0602 47.75 29.3689 0.178593
84.0602 48.25 29.3598 0.178665
84.0602 48.75 29.3501 0.178733
84.0602 49.25 29.3397 0.178798
84.0602 49.75 29.3289 0.178859
84.0602 50.25 29.3175 0.178917
84.0602 50.75 29.3056 0.178972
84.0602 51.25 29.2932 0.179024
84.0602 51.75 29.2804 0.179073
84.0602 52.25 29.2672 0.179119
84.0602 52.75 29.2535 0.179163
84.0602 53.25 29.2396 0.179205
84.0602 53.75 29.2253 0.179244
84.0602 54.25 29.2107 0.179281
84.0602 54.75 29.1958 0.179317
84.0602 55.25 29.1807 0.179351
84.0602 55.75 29.1653 0.179383
84.0602 56.25 29.1498 0.179413
84.0602 56.75 29.1341 0.179443
84.0602 57.25 29.1182 0.179471
84.0602 57.75 29.1022 0.179497
84.0602 58.25 29.0861 0.179523
84.0602 58.75 29.0699 0.179547
84.0602 59.25 29.0536 0.17957
84.0602 59.75 29.0373 0.179591

84.549 0.25 273.831 0.005
84.549 0.75 172.988 0.005
84.549 1.25 113.481 0.012722
84.549 1.75 108.158 0.0971618
84.549 2.25 105.848 0.116395
84.549 2.75 103.933 0.132011
84.549 3.25 102.372 0.146152
84.549 3.75 101.064 0.15824
84.549 4.25 99.8574 0.167781
84.549 4.75 98.5689 0.174215
84.549 5.25 97.1928 0.178505
84.549 5.75 95.7237 0.181295
84.549 6.25 94.1678 0.183055
84.549 6.75 92.531 0.184074
84.549 7.25 90.8194 0.184543
84.549 7.75 89.0389 0.1846
84.549 8.25 87.1953 0.184348
84.549 8.75 85.2938 0.183863
84.549 9.25 83.3397 0.183205
84.549 9.75 81.3377 0.18242
84.549 10.25 79.2925 0.181544
84.549 10.75 77.2091 0.180606
84.549 11.25 75.0924 0.179631
84.549 11.75 72.948 0.178641
84.549 12.25 70.7821 0.177655
84.549 12.75 68.6015 0.176692
84.549 13.25 66.4136 0.175769
84.549 13.75 64.227 0.1749
84.549 14.25 62.0508 0.174098
84.549 14.75 59.8948 0.173375
84.549 15.25 57.7693 0.17274
84.549 15.75 55.6848 0.172198
84.549 16.25 53.652 0.171754
84.549 16.75 51.6811 0.171409
84.549 17.25 49.7817 0.171159
84.549 17.75 47.9625 0.171002
84.549 18.25 46.2309 0.170931
84.549 18.75 44.5931 0.17094
84.549 19.25 43.0535 0.171019
84.549 19.75 41.6152 0.171161
84.549 20.25 40.2795 0.171357
84.549 20.75 39.0464 0.171598
84.549 21.25 37.9146 0.171877
84.549 21.75 36.8815 0.172187
84.549 22.25 35.9436 0.172521
84.549 22.75 35.0967 0.172874
84.549 23.25 34.3359 0.173242
84.549 23.75 33.6558 0.17362
84.549 24.25 33.051 0.174005
84.549 24.75 32.5157 0.174395
84.549 25.25 32.0443 0.174786
84.549 25.75 31.6313 0.175177
84.549 26.25 31.2712 0.175567
84.549 26.75 30.9588 0.175954
84.549 27.25 30.6893 0.176337
84.549 27.75 30.458 0.176716
84.549 28.25 30.2607 0.177089
84.549 28.75 30.0933 0.177457
84.549 29.25 29.9524 0.177818
84.549 29.75 29.8345 0.178172
84.549 30.25 29.7367 0.17852
84.549 30.75 29.6563 0.17886
84.549 31.25 29.5908 0.179194
84.549 31.75 29.5382 0.17952
84.549 32.25 29.4964 0.179838
84.549 32.75 29.4639 0.180149
84.549 33.25 29.439 0.180453
84.549 33.75 29.4206 0.18075
84.549 34.25 29.4074 0.181039
84.549 34.75 29.3986 0.18132
84.549 35.25 29.3931 0.181595
84.549 35.75 29.3904 0.181862
84.549 36.25 29.3897 0.182122
84.549 36.75 29.3906 0.182375
84.549 37.25 29.3925 0.182621
84.549 37.75 29.3952 0.18286
84.549 38.25 29.3982 0.183093
84.549 38.75 29.4013 0.183318
84.549 39.25 29.4044 0.183537
84.549 39.75 29.4071 0.18375
84.549 40.25 29.4094 0.183956
84.549 40.75 29.4112 0.184156
84.549 41.25 29.4124 0.18435
84.549 41.75 29.4129 0.184538
84.549 42.25 29.4126 0.18472
84.549 42.75 29.4116 0.184896
84.549 43.25 29.4098 0.185066
84.549 43.75 29.4071 0.18523
84.549 44.25 29.4037 0.185389
84.549 44.75 29.3995 0.185542
84.549 45.25 29.3945 0.18569
84.549 45.75 29.3887 0.185833
84.549 46.25 29.3822 0.185971
84.549 46.75 29.3749 0.186103
84.549 47.25 29.367 0.186231
84.549 47.75 29.3583 0.186353
84.549 48.25 29.3491 0.186471
84.549 48.75 29.3392 0.186584
84.549 49.25 29.3287 0.186692
84.549 49.75 29.3177 0.186796
84.549 50.25 29.3062 0.186895
84.549 50.75 29.2942 0.18699
84.549 51.25 29.2817 0.18708
84.549 51.75 29.2687 0.187167
84.549 52.25 29.2554 0.187249
84.549 52.75 29.2417 0.187326
84.549 53.25 29.2276 0.1874
84.549 53.75 29.2133 0.18747
84.549 54.25 29.1986 0.187536
84.549 54.75 29.1836 0.187597
84.549 55.25 29.1684 0.187655
84.549 55.75 29.153 0.187709
84.549 56.25 29.1374 0.187759
84.549 56.75 29.1216 0.187806
84.549 57.25 29.1057 0.187848
84.549 57.75 29.0896 0.187886
84.549 58.25 29.0734 0.187919
84.549 58.75 29.0572 0.187949
84.549 59.25 29.0409 0.187973
84.549 59.75 29.0246 0.187993

85.0377 0.25 284.791 0.005
85.0377 0.75 199.508 0.005
85.0377 1.25 114.839 0.005
85.0377 1.75 109.388 0.0795061
85.0377 2.25 106.895 0.112134
85.0377 2.75 104.738 0.124865
85.0377 3.25 102.979 0.137666
85.0377 3.75 101.517 0.148532
85.0377 4.25 100.217 0.156908
85.0377 4.75 98.8984 0.162132
85.0377 5.25 97.5225 0.165388
85.0377 5.75 96.0825 0.167324
85.0377 6.25 94.5854 0.168388
85.0377 6.75 93.0359 0.168852
85.0377 7.25 91.4375 0.168897
85.0377 7.75 89.7924 0.168647
85.0377 8.25 88.1023 0.168186
85.0377 8.75 86.3686 0.167572
85.0377 9.25 84.5924 0.16684
85.0377 9.75 82.7753 0.166019
85.0377 10.25 80.9186 0.165126
85.0377 10.75 79.0243 0.164177
85.0377 11.25 77.0945 0.163187
85.0377 11.75 75.1321 0.162168
85.0377 12.25 73.1404 0.161135
85.0377 12.75 71.1235 0.160098
85.0377 13.25 69.086 0.159072
85.0377 13.75 67.0337 0.158067
85.0377 14.25 64.9729 0.157095
85.0377 14.75 62.9109 0.156168
85.0377 15.25 60.8559 0.155295
85.0377 15.75 58.8167 0.154486
85.0377 16.25 56.8027 0.153746
85.0377 16.75 54.8237 0.153082
85.0377 17.25 52.8897 0.152497
85.0377 17.75 51.0104 0.151993
85.0377 18.25 49.1952 0.151569
85.0377 18.75 47.4527 0.151221
85.0377 19.25 45.7904 0.150947
85.0377 19.75 44.2147 0.15074
85.0377 20.25 42.7305 0.150594
85.0377 20.75 41.3411 0.150503
85.0377 21.25 40.0486 0.150459
85.0377 21.75 38.8534 0.150455
85.0377 22.25 37.7548 0.150485
85.0377 22.75 36.7507 0.150543
85.0377 23.25 35.8381 0.150623
85.0377 23.75 35.0131 0.15072
85.0377 24.25 34.2713 0.150831
85.0377 24.75 33.6077 0.150951
85.0377 25.25 33.0171 0.151077
85.0377 25.75 32.494 0.151208
85.0377 26.25 32.0331 0.151341
85.0377 26.75 31.6288 0.151474
85.0377 27.25 31.2761 0.151606
85.0377 27.75 30.9698 0.151736
85.0377 28.25 30.7052 0.151863
85.0377 28.75 30.4778 0.151986
85.0377 29.25 30.2834 0.152105
85.0377 29.75 30.1182 0.152219
85.0377 30.25 29.9787 0.152328
85.0377 30.75 29.8616 0.152433
85.0377 31.25 29.7639 0.152532
85.0377 31.75 29.6832 0.152626
85.0377 32.25 29.617 0.152715
85.0377 32.75 29.5633 0.152798
85.0377 33.25 29.5201 0.152877
85.0377 33.75 29.4859 0.15295
85.0377 34.25 29.4592 0.153019
85.0377 34.75 29.4387 0.153083
85.0377 35.25 29.4233 0.153143
85.0377 35.75 29.4122 0.153198
85.0377 36.25 29.4044 0.153249
85.0377 36.75 29.3993 0.153297
85.0377 37.25 29.3962 0.15334
85.0377 37.75 29.3946 0.15338
85.0377 38.25 29.3942 0.153417
85.0377 38.75 29.3944 0.15345
85.0377 39.25 29.3951 0.153481
85.0377 39.75 29.396 0.153508
85.0377 40.25 29.3968 0.153533
85.0377 40.75 29.3973 0.153555
85.0377 41.25 29.3976 0.153576
85.0377 41.75 29.3973 0.153594
85.0377 42.25 29.3965 0.153609
85.0377 42.75 29.395 0.153623
85.0377 43.25 29.3929 0.153636
85.0377 43.75 29.3901 0.153646
85.0377 44.25 29.3866 0.153656
85.0377 44.75 29.3823 0.153663
85.0377 45.25 29.3773 0.15367
85.0377 45.75 29.3715 0.153675
85.0377 46.25 29.365 0.153679
85.0377 46.75 29.3578 0.153682
85.0377 47.25 29.3499 0.153684
85.0377 47.75 29.3414 0.153685
85.0377 48.25 29.3321 0.153685
85.0377 48.75 29.3223 0.153685
85.0377 49.25 29.3119 0.153683
85.0377 49.75 29.3008 0.153681
85.0377 50.25 29.2893 0.153679
85.0377 50.75 29.2772 0.153676
85.0377 51.25 29.2647 0.153673
85.0377 51.75 29.2516 0.15367
85.0377 52.25 29.2382 0.153667
85.0377 52.75 29.2244 0.153665
85.0377 53.25 29.2101 0.153663
85.0377 53.75 29.1956 0.153662
85.0377 54.25 29.1807 0.153663
85.0377 54.75 29.1655 0.153666
85.0377 55.25 29.1501 0.153671
85.0377 55.75 29.1344 0.153679
85.0377 56.25 29.1185 0.15369
85.0377 56.75 29.1025 0.153706
85.0377 57.25 29.0862 0.153726
85.0377 57.75 29.0699 0.153752
85.0377 58.25 29.0534 0.153782
85.0377 58.75 29.0368 0.153819
85.0377 59.25 29.0202 0.15386
85.0377 59.75 29.0035 0.153907

85.5264 0.25 283.449 0.005
85.5264 0.75 197.454 0.00526713
85.5264 1.25 114.561 0.005
85.5264 1.75 109.425 0.0696585
85.5264 2.25 106.973 0.111564
85.5264 2.75 104.798 0.124852
85.5264 3.25 103.025 0.137965
85.5264 3.75 101.555 0.149279
85.5264 4.25 100.253 0.158185
85.5264 4.75 98.9373 0.163929
85.5264 5.25 97.5625 0.167542
85.5264 5.75 96.1218 0.169701
85.5264 6.25 94.6226 0.170903
85.5264 6.75 93.0695 0.171454
85.5264 7.25 91.4654 0.171551
85.5264 7.75 89.8123 0.171331
85.5264 8.25 88.1113 0.170883
85.5264 8.75 86.3634 0.170268
85.5264 9.25 84.5695 0.169528
85.5264 9.75 82.7309 0.168692
85.5264 10.25 80.849 0.167781
85.5264 10.75 78.9259 0.166813
85.5264 11.25 76.9641 0.165804
85.5264 11.75 74.9669 0.164767
85.5264 12.25 72.9383 0.163718
85.5264 12.75 70.8831 0.16267
85.5264 13.25 68.8069 0.161635
85.5264 13.75 66.7163 0.160628
85.5264 14.25 64.6188 0.159661
85.5264 14.75 62.5225 0.158744
85.5264 15.25 60.4366 0.157889
85.5264 15.75 58.3706 0.157103
85.5264 16.25 56.3347 0.156393
85.5264 16.75 54.3392 0.155765
85.5264 17.25 52.3943 0.155221
85.5264 17.75 50.51 0.154762
85.5264 18.25 48.6954 0.154386
85.5264 18.75 46.9588 0.154089
85.5264 19.25 45.3073 0.153866
85.5264 19.75 43.7466 0.153711
85.5264 20.25 42.2809 0.153617
85.5264 20.75 40.913 0.153576
85.5264 21.25 39.644 0.153582
85.5264 21.75 38.4738 0.153626
85.5264 22.25 37.4009 0.153703
85.5264 22.75 36.4227 0.153806
85.5264 23.25 35.5357 0.15393
85.5264 23.75 34.7357 0.154069
85.5264 24.25 34.0179 0.154221
85.5264 24.75 33.3771 0.154381
85.5264 25.25 32.808 0.154546
85.5264 25.75 32.3049 0.154715
85.5264 26.25 31.8624 0.154884
85.5264 26.75 31.4752 0.155053
85.5264 27.25 31.1379 0.15522
85.5264 27.75 30.8457 0.155384
85.5264 28.25 30.5938 0.155544
85.5264 28.75 30.3779 0.1557
85.5264 29.25 30.1937 0.155851
85.5264 29.75 30.0377 0.155996
85.5264 30.25 29.9063 0.156136
85.5264 30.75 29.7963 0.15627
85.5264 31.25 29.7051 0.156398
85.5264 31.75 29.63 0.15652
85.5264 32.25 29.5687 0.156636
85.5264 32.75 29.5193 0.156747
85.5264 33.25 29.4799 0.156851
85.5264 33.75 29.449 0.15695
85.5264 34.25 29.4251 0.157042
85.5264 34.75 29.4072 0.15713
85.5264 35.25 29.394 0.157212
85.5264 35.75 29.3847 0.157289
85.5264 36.25 29.3786 0.157361
85.5264 36.75 29.3749 0.157428
85.5264 37.25 29.373 0.157491
85.5264 37.75 29.3725 0.157549
85.5264 38.25 29.373 0.157604
85.5264 38.75 29.374 0.157654
85.5264 39.25 29.3754 0.1577
85.5264 39.75 29.3768 0.157743
85.5264 40.25 29.3781 0.157782
85.5264 40.75 29.3792 0.157818
85.5264 41.25 29.3798 0.157851
85.5264 41.75 29.3798 0.157881
85.5264 42.25 29.3793 0.157908
85.5264 42.75 29.3781 0.157933
85.5264 43.25 29.3762 0.157955
85.5264 43.75 29.3736 0.157975
85.5264 44.25 29.3702 0.157993
85.5264 44.75 29.3661 0.158009
85.5264 45.25 29.3612 0.158023
85.5264 45.75 29.3555 0.158036
85.5264 46.25 29.3491 0.158047
85.5264 46.75 29.342 0.158056
85.5264 47.25 29.3342 0.158064
85.5264 47.75 29.3257 0.15807
85.5264 48.25 29.3166 0.158075
85.5264 48.75 29.3068 0.15808
85.5264 49.25 29.2964 0.158083
85.5264 49.75 29.2855 0.158085
85.5264 50.25 29.274 0.158087
85.5264 50.75 29.2619 0.158088
85.5264 51.25 29.2494 0.158088
85.5264 51.75 29.2365 0.158089
85.5264 52.25 29.2231 0.158089
85.5264 52.75 29.2093 0.15809
85.5264 53.25 29.1951 0.158091
85.5264 53.75 29.1806 0.158092
85.5264 54.25 29.1658 0.158096
85.5264 54.75 29.1507 0.1581
85.5264 55.25 29.1353 0.158107
85.5264 55.75 29.1197 0.158116
85.5264 56.25 29.1038 0.158128
85.5264 56.75 29.0878 0.158143
85.5264 57.25 29.0717 0.158161
85.5264 57.75 29.0553 0.158184
85.5264 58.25 29.0389 0.158211
85.5264 58.75 29.0224 0.158243
85.5264 59.25 29.0058 0.158278
85.5264 59.75 28.9892 0.158317

86.0151 0.25 284.371 0.005
86.0151 0.75 198.761 0.005
86.0151 1.25 114.688 0.005
86.0151 1.75 109.144 0.0845858
86.0151 2.25 106.674 0.112073
86.0151 2.75 104.562 0.126123
86.0151 3.25 102.836 0.139413
86.0151 3.75 101.399 0.150815
86.0151 4.25 100.113 0.159731
86.0151 4.75 98.7871 0.165433
86.0151 5.25 97.4015 0.169095
86.0151 5.75 95.9508 0.171331
86.0151 6.25 94.4421 0.172609
86.0151 6.75 92.8798 0.173223
86.0151 7.25 91.2668 0.17337
86.0151 7.75 89.6045 0.173185
86.0151 8.25 87.894 0.172761
86.0151 8.75 86.1361 0.172162
86.0151 9.25 84.3314 0.171431
86.0151 9.75 82.4812 0.170599
86.0151 10.25 80.5868 0.16969
86.0151 10.75 78.6504 0.168724
86.0151 11.25 76.6748 0.167716
86.0151 11.75 74.6634 0.166683
86.0151 12.25 72.6206 0.165638
86.0151 12.75 70.5515 0.164597
86.0151 13.25 68.4622 0.163573
86.0151 13.75 66.3596 0.16258
86.0151 14.25 64.2514 0.16163
86.0151 14.75 62.1465 0.160734
86.0151 15.25 60.054 0.159904
86.0151 15.75 57.9839 0.159147
86.0151 16.25 55.9465 0.15847
86.0151 16.75 53.9523 0.157877
86.0151 17.25 52.0115 0.15737
86.0151 17.75 50.134 0.15695
86.0151 18.25 48.3288 0.156614
86.0151 18.75 46.604 0.156357
86.0151 19.25 44.9663 0.156175
86.0151 19.75 43.4211 0.156061
86.0151 20.25 41.9722 0.156006
86.0151 20.75 40.622 0.156004
86.0151 21.25 39.3714 0.156047
86.0151 21.75 38.2197 0.156128
86.0151 22.25 37.1652 0.15624
86.0151 22.75 36.2051 0.156377
86.0151 23.25 35.3357 0.156534
86.0151 23.75 34.5525 0.156706
86.0151 24.25 33.8506 0.156889
86.0151 24.75 33.2247 0.15708
86.0151 25.25 32.6695 0.157275
86.0151 25.75 32.1793 0.157473
86.0151 26.25 31.7486 0.157672
86.0151 26.75 31.3722 0.157869
86.0151 27.25 31.0447 0.158064
86.0151 27.75 30.7613 0.158255
86.0151 28.25 30.5174 0.158443
86.0151 28.75 30.3085 0.158625
86.0151 29.25 30.1307 0.158802
86.0151 29.75 29.9802 0.158973
86.0151 30.25 29.8537 0.159138
86.0151 30.75 29.7482 0.159296
86.0151 31.25 29.6607 0.159449
86.0151 31.75 29.589 0.159595
86.0151 32.25 29.5306 0.159734
86.0151 32.75 29.4837 0.159867
86.0151 33.25 29.4465 0.159994
86.0151 33.75 29.4175 0.160114
86.0151 34.25 29.3953 0.160228
86.0151 34.75 29.3787 0.160337
86.0151 35.25 29.3668 0.160439
86.0151 35.75 29.3586 0.160535
86.0151 36.25 29.3533 0.160627
86.0151 36.75 29.3503 0.160712
86.0151 37.25 29.3491 0.160793
86.0151 37.75 29.3491 0.160868
86.0151 38.25 29.3501 0.160939
86.0151 38.75 29.3515 0.161005
86.0151 39.25 29.3532 0.161067
86.0151 39.75 29.3549 0.161124
86.0151 40.25 29.3564 0.161177
86.0151 40.75 29.3576 0.161227
86.0151 41.25 29.3584 0.161273
86.0151 41.75 29.3586 0.161315
86.0151 42.25 29.3582 0.161355
86.0151 42.75 29.3571 0.161391
86.0151 43.25 29.3553 0.161424
86.0151 43.75 29.3527 0.161454
86.0151 44.25 29.3494 0.161481
86.0151 44.75 29.3453 0.161506
86.0151 45.25 29.3404 0.161529
86.0151 45.75 29.3348 0.161549
86.0151 46.25 29.3285 0.161568
86.0151 46.75 29.3214 0.161584
86.0151 47.25 29.3137 0.161599
86.0151 47.75 29.3052 0.161612
86.0151 48.25 29.2961 0.161623
86.0151 48.75 29.2864 0.161633
86.0151 49.25 29.276 0.161641
86.0151 49.75 29.2651 0.161649
86.0151 50.25 29.2537 0.161655
86.0151 50.75 29.2417 0.161661
86.0151 51.25 29.2292 0.161665
86.0151 51.75 29.2163 0.16167
86.0151 52.25 29.203 0.161674
86.0151 52.75 29.1893 0.161678
86.0151 53.25 29.1752 0.161682
86.0151 53.75 29.1607 0.161687
86.0151 54.25 29.146 0.161693
86.0151 54.75 29.1309 0.161699
86.0151 55.25 29.1156 0.161708
86.0151 55.75 29.1 0.161718
86.0151 56.25 29.0843 0.16173
86.0151 56.75 29.0684 0.161745
86.0151 57.25 29.0522 0.161763
86.0151 57.75 29.036 0.161785
86.0151 58.25 29.0197 0.161809
86.0151 58.75 29.0032 0.161837
86.0151 59.25 28.9867 0.161868
86.0151 59.75 28.9702 0.161903

86.5039 0.25 266.379 0.005
86.5039 0.75 154.557 0.005
86.5039 1.25 112.243 0.0417161
86.5039 1.75 107.807 0.0984698
86.5039 2.25 105.787 0.115108
86.5039 2.75 104.066 0.127358
86.5039 3.25 102.607 0.138285
86.5039 3.75 101.333 0.147538
86.5039 4.25 100.135 0.15462
86.5039 4.75 98.863 0.158823
86.5039 5.25 97.5024 0.161065
86.5039 5.75 96.053 0.162146
86.5039 6.25 94.5276 0.162587
86.5039 6.75 92.9351 0.162649
86.5039 7.25 91.2819 0.162461
86.5039 7.75 89.5725 0.162092
86.5039 8.25 87.8103 0.161582
86.5039 8.75 85.9982 0.160954
86.5039 9.25 84.1386 0.160226
86.5039 9.75 82.2338 0.159415
86.5039 10.25 80.2862 0.158534
86.5039 10.75 78.2987 0.157597
86.5039 11.25 76.2744 0.156617
86.5039 11.75 74.2172 0.155608
86.5039 12.25 72.1316 0.154583
86.5039 12.75 70.0229 0.153555
86.5039 13.25 67.8973 0.152537
86.5039 13.75 65.7618 0.151543
86.5039 14.25 63.6245 0.150585
86.5039 14.75 61.4942 0.149674
86.5039 15.25 59.3807 0.148821
86.5039 15.75 57.2942 0.148033
86.5039 16.25 55.2452 0.147318
86.5039 16.75 53.2446 0.14668
86.5039 17.25 51.3028 0.146122
86.5039 17.75 49.4297 0.145644
86.5039 18.25 47.6345 0.145243
86.5039 18.75 45.9248 0.144916
86.5039 19.25 44.3072 0.144658
86.5039 19.75 42.7866 0.144461
86.5039 20.25 41.3662 0.14432
86.5039 20.75 40.0477 0.144227
86.5039 21.25 38.8311 0.144175
86.5039 21.75 37.7152 0.144157
86.5039 22.25 36.6976 0.144168
86.5039 22.75 35.7745 0.144201
86.5039 23.25 34.9419 0.144251
86.5039 23.75 34.1946 0.144315
86.5039 24.25 33.5273 0.144389
86.5039 24.75 32.9344 0.14447
86.5039 25.25 32.4102 0.144555
86.5039 25.75 31.9488 0.144643
86.5039 26.25 31.5448 0.144731
86.5039 26.75 31.1926 0.144819
86.5039 27.25 30.8872 0.144905
86.5039 27.75 30.6236 0.144989
86.5039 28.25 30.3972 0.14507
86.5039 28.75 30.2039 0.145147
86.5039 29.25 30.0396 0.145221
86.5039 29.75 29.901 0.145291
86.5039 30.25 29.7847 0.145356
86.5039 30.75 29.6878 0.145418
86.5039 31.25 29.6078 0.145475
86.5039 31.75 29.5422 0.145529
86.5039 32.25 29.4889 0.145578
86.5039 32.75 29.4463 0.145624
86.5039 33.25 29.4125 0.145666
86.5039 33.75 29.3862 0.145705
86.5039 34.25 29.3661 0.14574
86.5039 34.75 29.3512 0.145772
86.5039 35.25 29.3404 0.145801
86.5039 35.75 29.3331 0.145827
86.5039 36.25 29.3284 0.145851
86.5039 36.75 29.3258 0.145872
86.5039 37.25 29.3247 0.145891
86.5039 37.75 29.3248 0.145908
86.5039 38.25 29.3257 0.145923
86.5039 38.75 29.327 0.145936
86.5039 39.25 29.3285 0.145947
86.5039 39.75 29.3299 0.145957
86.5039 40.25 29.3312 0.145965
86.5039 40.75 29.3322 0.145972
86.5039 41.25 29.3327 0.145978
86.5039 41.75 29.3327 0.145983
86.5039 42.25 29.332 0.145986
86.5039 42.75 29.3307 0.145989
86.5039 43.25 29.3288 0.145991
86.5039 43.75 29.3261 0.145992
86.5039 44.25 29.3227 0.145993
86.5039 44.75 29.3185 0.145993
86.5039 45.25 29.3136 0.145992
86.5039 45.75 29.308 0.14599
86.5039 46.25 29.3017 0.145988
86.5039 46.75 29.2947 0.145986
86.5039 47.25 29.287 0.145983
86.5039 47.75 29.2787 0.145979
86.5039 48.25 29.2697 0.145975
86.5039 48.75 29.2602 0.14597
86.5039 49.25 29.25 0.145965
86.5039 49.75 29.2393 0.14596
86.5039 50.25 29.2281 0.145954
86.5039 50.75 29.2164 0.145947
86.5039 51.25 29.2042 0.145941
86.5039 51.75 29.1916 0.145934
86.5039 52.25 29.1786 0.145927
86.5039 52.75 29.1651 0.145921
86.5039 53.25 29.1514 0.145915
86.5039 53.75 29.1372 0.14591
86.5039 54.25 29.1228 0.145907
86.5039 54.75 29.1081 0.145906
86.5039 55.25 29.0932 0.145907
86.5039 55.75 29.078 0.145912
86.5039 56.25 29.0626 0.145922
86.5039 56.75 29.0471 0.145938
86.5039 57.25 29.0313 0.145959
86.5039 57.75 29.0155 0.145988
86.5039 58.25 28.9995 0.146025
86.5039 58.75 28.9835 0.146071
86.5039 59.25 28.9674 0.146124
86.5039 59.75 28.9513 0.146185

86.9926 0.25 284.328 0.005
86.9926 0.75 198.693 0.005
86.9926 1.25 114.707 0.005
86.9926 1.75 109.024 0.0896253
86.9926 2.25 106.549 0.11273
86.9926 2.75 104.459 0.127232
86.9926 3.25 102.75 0.140666
86.9926 3.75 101.325 0.152153
86.9926 4.25 100.044 0.161098
86.9926 4.75 98.7089 0.166834
86.9926 5.25 97.3128 0.17056
86.9926 5.75 95.8512 0.17287
86.9926 6.25 94.3309 0.174216
86.9926 6.75 92.7563 0.174888
86.9926 7.25 91.1301 0.17508
86.9926 7.75 89.4539 0.174928
86.9926 8.25 87.7285 0.174524
86.9926 8.75 85.9549 0.173937
86.9926 9.25 84.134 0.173211
86.9926 9.75 82.2669 0.172382
86.9926 10.25 80.3553 0.171473
86.9926 10.75 78.4015 0.170506
86.9926 11.25 76.4086 0.169498
86.9926 11.75 74.3802 0.168465
86.9926 12.25 72.321 0.167424
86.9926 12.75 70.2364 0.166388
86.9926 13.25 68.1327 0.165373
86.9926 13.75 66.0171 0.164392
86.9926 14.25 63.8978 0.163458
86.9926 14.75 61.7837 0.162583
86.9926 15.25 59.6843 0.161776
86.9926 15.75 57.6098 0.161046
86.9926 16.25 55.5707 0.160399
86.9926 16.75 53.5774 0.159839
86.9926 17.25 51.6402 0.159367
86.9926 17.75 49.7688 0.158983
86.9926 18.25 47.9722 0.158684
86.9926 18.75 46.2581 0.158465
86.9926 19.25 44.6331 0.158321
86.9926 19.75 43.1022 0.158243
86.9926 20.25 41.6689 0.158225
86.9926 20.75 40.335 0.158259
86.9926 21.25 39.1013 0.158337
86.9926 21.75 37.9667 0.158451
86.9926 22.25 36.9292 0.158596
86.9926 22.75 35.9858 0.158765
86.9926 23.25 35.1325 0.158952
86.9926 23.75 34.3647 0.159154
86.9926 24.25 33.6774 0.159366
86.9926 24.75 33.0653 0.159586
86.9926 25.25 32.5229 0.159809
86.9926 25.75 32.0445 0.160035
86.9926 26.25 31.6247 0.16026
86.9926 26.75 31.2581 0.160484
86.9926 27.25 30.9396 0.160705
86.9926 27.75 30.6643 0.160923
86.9926 28.25 30.4276 0.161135
86.9926 28.75 30.2252 0.161343
86.9926 29.25 30.0532 0.161545
86.9926 29.75 29.9079 0.16174
86.9926 30.25 29.7859 0.16193
86.9926 30.75 29.6843 0.162113
86.9926 31.25 29.6004 0.162289
86.9926 31.75 29.5316 0.162458
86.9926 32.25 29.4759 0.16262
86.9926 32.75 29.4313 0.162776
86.9926 33.25 29.3961 0.162925
86.9926 33.75 29.3688 0.163067
86.9926 34.25 29.3481 0.163202
86.9926 34.75 29.3328 0.163332
86.9926 35.25 29.3219 0.163454
86.9926 35.75 29.3146 0.163571
86.9926 36.25 29.3101 0.163682
86.9926 36.75 29.3078 0.163787
86.9926 37.25 29.3071 0.163886
86.9926 37.75 29.3076 0.163979
86.9926 38.25 29.3089 0.164068
86.9926 38.75 29.3107 0.164151
86.9926 39.25 29.3126 0.164229
86.9926 39.75 29.3145 0.164303
86.9926 40.25 29.3163 0.164372
86.9926 40.75 29.3176 0.164436
86.9926 41.25 29.3185 0.164497
86.9926 41.75 29.3188 0.164553
86.9926 42.25 29.3185 0.164606
86.9926 42.75 29.3174 0.164654
86.9926 43.25 29.3157 0.1647
86.9926 43.75 29.3131 0.164742
86.9926 44.25 29.3099 0.164781
86.9926 44.75 29.3058 0.164817
86.9926 45.25 29.301 0.16485
86.9926 45.75 29.2954 0.16488
86.9926 46.25 29.2891 0.164908
86.9926 46.75 29.2821 0.164933
86.9926 47.25 29.2743 0.164956
86.9926 47.75 29.2659 0.164977
86.9926 48.25 29.2568 0.164996
86.9926 48.75 29.2471 0.165013
86.9926 49.25 29.2368 0.165028
86.9926 49.75 29.2259 0.165042
86.9926 50.25 29.2145 0.165055
86.9926 50.75 29.2026 0.165066
86.9926 51.25 29.1902 0.165076
86.9926 51.75 29.1773 0.165086
86.9926 52.25 29.1641 0.165095
86.9926 52.75 29.1504 0.165103
86.9926 53.25 29.1363 0.165112
86.9926 53.75 29.1219 0.16512
86.9926 54.25 29.1073 0.165129
86.9926 54.75 29.0923 0.165139
86.9926 55.25 29.077 0.16515
86.9926 55.75 29.0616 0.165162
86.9926 56.25 29.0459 0.165176
86.9926 56.75 29.03 0.165191
86.9926 57.25 29.014 0.165209
86.9926 57.75 28.9978 0.16523
86.9926 58.25 28.9816 0.165253
86.9926 58.75 28.9652 0.165278
86.9926 59.25 28.9488 0.165306
86.9926 59.75 28.9324 0.165336

87.4813 0.25 284.202 0.005
87.4813 0.75 198.46 0.005
87.4813 1.25 114.627 0.005
87.4813 1.75 109.079 0.0853289
87.4813 2.25 106.613 0.112711
87.4813 2.75 104.507 0.126992
87.4813 3.25 102.788 0.140419
87.4813 3.75 101.356 0.151923
87.4813 4.25 100.072 0.160906
87.4813 4.75 98.7392 0.166696
87.4813 5.25 97.345 0.170438
87.4813 5.75 95.8849 0.172746
87.4813 6.25 94.3659 0.174086
87.4813 6.75 92.7922 0.174749
87.4813 7.25 91.1664 0.174933
87.4813 7.75 89.49 0.174772
87.4813 8.25 87.7639 0.174363
87.4813 8.75 85.9891 0.173769
87.4813 9.25 84.1664 0.173038
87.4813 9.75 82.2972 0.172204
87.4813 10.25 80.3832 0.171291
87.4813 10.75 78.4268 0.170319
87.4813 11.25 76.4312 0.169307
87.4813 11.75 74.4001 0.16827
87.4813 12.25 72.3383 0.167225
87.4813 12.75 70.2511 0.166186
87.4813 13.25 68.1451 0.165168
87.4813 13.75 66.0274 0.164183
87.4813 14.25 63.9061 0.163246
87.4813 14.75 61.7901 0.162368
87.4813 15.25 59.6889 0.161558
87.4813 15.75 57.6126 0.160825
87.4813 16.25 55.5717 0.160174
87.4813 16.75 53.5765 0.159611
87.4813 17.25 51.6374 0.159137
87.4813 17.75 49.764 0.15875
87.4813 18.25 47.9653 0.158448
87.4813 18.75 46.249 0.158226
87.4813 19.25 44.6216 0.158078
87.4813 19.75 43.0881 0.157998
87.4813 20.25 41.6522 0.157977
87.4813 20.75 40.3157 0.158007
87.4813 21.25 39.0792 0.158082
87.4813 21.75 37.9419 0.158194
87.4813 22.25 36.9018 0.158335
87.4813 22.75 35.9557 0.158501
87.4813 23.25 35.0998 0.158686
87.4813 23.75 34.3295 0.158885
87.4813 24.25 33.6398 0.159094
87.4813 24.75 33.0254 0.159311
87.4813 25.25 32.4807 0.159531
87.4813 25.75 32.0003 0.159754
87.4813 26.25 31.5786 0.159977
87.4813 26.75 31.2102 0.160198
87.4813 27.25 30.89 0.160416
87.4813 27.75 30.6132 0.160631
87.4813 28.25 30.3751 0.160841
87.4813 28.75 30.1714 0.161046
87.4813 29.25 29.9982 0.161245
87.4813 29.75 29.8518 0.161438
87.4813 30.25 29.7289 0.161624
87.4813 30.75 29.6265 0.161804
87.4813 31.25 29.5418 0.161978
87.4813 31.75 29.4724 0.162144
87.4813 32.25 29.4161 0.162304
87.4813 32.75 29.371 0.162457
87.4813 33.25 29.3353 0.162604
87.4813 33.75 29.3076 0.162743
87.4813 34.25 29.2865 0.162877
87.4813 34.75 29.271 0.163003
87.4813 35.25 29.2598 0.163124
87.4813 35.75 29.2523 0.163238
87.4813 36.25 29.2476 0.163347
87.4813 36.75 29.2452 0.163449
87.4813 37.25 29.2444 0.163546
87.4813 37.75 29.2448 0.163638
87.4813 38.25 29.2461 0.163724
87.4813 38.75 29.2478 0.163805
87.4813 39.25 29.2497 0.163882
87.4813 39.75 29.2516 0.163953
87.4813 40.25 29.2533 0.164021
87.4813 40.75 29.2547 0.164083
87.4813 41.25 29.2555 0.164142
87.4813 41.75 29.2558 0.164197
87.4813 42.25 29.2555 0.164248
87.4813 42.75 29.2545 0.164295
87.4813 43.25 29.2528 0.164339
87.4813 43.75 29.2503 0.16438
87.4813 44.25 29.247 0.164417
87.4813 44.75 29.243 0.164452
87.4813 45.25 29.2382 0.164484
87.4813 45.75 29.2327 0.164513
87.4813 46.25 29.2264 0.164539
87.4813 46.75 29.2194 0.164564
87.4813 47.25 29.2117 0.164586
87.4813 47.75 29.2033 0.164606
87.4813 48.25 29.1942 0.164624
87.4813 48.75 29.1845 0.16464
87.4813 49.25 29.1743 0.164655
87.4813 49.75 29.1634 0.164668
87.4813 50.25 29.152 0.16468
87.4813 50.75 29.1401 0.16469
87.4813 51.25 29.1277 0.1647
87.4813 51.75 29.1149 0.164709
87.4813 52.25 29.1016 0.164717
87.4813 52.75 29.088 0.164725
87.4813 53.25 29.074 0.164733
87.4813 53.75 29.0596 0.164741
87.4813 54.25 29.0449 0.16475
87.4813 54.75 29.0299 0.164759
87.4813 55.25 29.0147 0.16477
87.4813 55.75 28.9992 0.164782
87.4813 56.25 28.9836 0.164795
87.4813 56.75 28.9677 0.164811
87.4813 57.25 28.9517 0.164829
87.4813 57.75 28.9355 0.164849
87.4813 58.25 28.9193 0.164872
87.4813 58.75 28.9029 0.164898
87.4813 59.25 28.8865 0.164926
87.4813 59.75 28.8701 0.164957

87.97 0.25 284.72 0.005
87.97 0.75 199.398 0.005
87.97 1.25 114.876 0.005
87.97 1.75 109.164 0.0889174
87.97 2.25 106.648 0.115183
87.97 2.75 104.51 0.13001
87.97 3.25 102.766 0.143748
87.97 3.75 101.316 0.155392
87.97 4.25 100.012 0.164385
87.97 4.75 98.6413 0.170184
87.97 5.25 97.2049 0.174024
87.97 5.75 95.6984 0.176481
87.97 6.25 94.1295 0.177975
87.97 6.75 92.5036 0.178774
87.97 7.25 90.8245 0.179068
87.97 7.75 89.095 0.17899
87.97 8.25 87.317 0.178638
87.97 8.75 85.492 0.178084
87.97 9.25 83.6216 0.17738
87.97 9.75 81.7072 0.176565
87.97 10.25 79.7507 0.175667
87.97 10.75 77.7546 0.17471
87.97 11.25 75.7219 0.173715
87.97 11.75 73.6564 0.172699
87.97 12.25 71.5628 0.171679
87.97 12.75 69.4468 0.170672
87.97 13.25 67.3148 0.169693
87.97 13.75 65.1746 0.168755
87.97 14.25 63.0347 0.167873
87.97 14.75 60.9045 0.167058
87.97 15.25 58.7939 0.16632
87.97 15.75 56.7136 0.165665
87.97 16.25 54.6744 0.1651
87.97 16.75 52.6868 0.164628
87.97 17.25 50.7613 0.164248
87.97 17.75 48.9073 0.163958
87.97 18.25 47.1333 0.163754
87.97 18.75 45.4466 0.163631
87.97 19.25 43.853 0.163581
87.97 19.75 42.3568 0.163596
87.97 20.25 40.9607 0.163669
87.97 20.75 39.6657 0.16379
87.97 21.25 38.4716 0.163953
87.97 21.75 37.3769 0.16415
87.97 22.25 36.3787 0.164375
87.97 22.75 35.4736 0.164622
87.97 23.25 34.6571 0.164885
87.97 23.75 33.9244 0.165161
87.97 24.25 33.2701 0.165446
87.97 24.75 32.6888 0.165736
87.97 25.25 32.1748 0.166029
87.97 25.75 31.7227 0.166323
87.97 26.25 31.3268 0.166616
87.97 26.75 30.9819 0.166907
87.97 27.25 30.683 0.167195
87.97 27.75 30.4253 0.167478
87.97 28.25 30.2043 0.167756
87.97 28.75 30.0158 0.168028
87.97 29.25 29.8562 0.168294
87.97 29.75 29.7217 0.168553
87.97 30.25 29.6094 0.168806
87.97 30.75 29.5162 0.169051
87.97 31.25 29.4396 0.16929
87.97 31.75 29.3772 0.169521
87.97 32.25 29.327 0.169744
87.97 32.75 29.2872 0.169961
87.97 33.25 29.2562 0.17017
87.97 33.75 29.2324 0.170371
87.97 34.25 29.2148 0.170566
87.97 34.75 29.2021 0.170753
87.97 35.25 29.1934 0.170933
87.97 35.75 29.188 0.171107
87.97 36.25 29.1851 0.171273
87.97 36.75 29.1842 0.171433
87.97 37.25 29.1847 0.171586
87.97 37.75 29.1862 0.171733
87.97 38.25 29.1883 0.171874
87.97 38.75 29.1908 0.172008
87.97 39.25 29.1934 0.172137
87.97 39.75 29.1958 0.172259
87.97 40.25 29.1979 0.172376
87.97 40.75 29.1997 0.172488
87.97 41.25 29.2008 0.172594
87.97 41.75 29.2014 0.172695
87.97 42.25 29.2013 0.172791
87.97 42.75 29.2005 0.172883
87.97 43.25 29.1989 0.172969
87.97 43.75 29.1965 0.173051
87.97 44.25 29.1934 0.173129
87.97 44.75 29.1894 0.173202
87.97 45.25 29.1847 0.173272
87.97 45.75 29.1793 0.173337
87.97 46.25 29.173 0.173399
87.97 46.75 29.1661 0.173457
87.97 47.25 29.1585 0.173512
87.97 47.75 29.1502 0.173563
87.97 48.25 29.1412 0.173611
87.97 48.75 29.1316 0.173657
87.97 49.25 29.1214 0.173699
87.97 49.75 29.1107 0.173739
87.97 50.25 29.0994 0.173776
87.97 50.75 29.0876 0.173811
87.97 51.25 29.0753 0.173843
87.97 51.75 29.0626 0.173874
87.97 52.25 29.0494 0.173903
87.97 52.75 29.0359 0.17393
87.97 53.25 29.022 0.173956
87.97 53.75 29.0078 0.173981
87.97 54.25 28.9932 0.174005
87.97 54.75 28.9784 0.174028
87.97 55.25 28.9634 0.17405
87.97 55.75 28.9481 0.174072
87.97 56.25 28.9325 0.174094
87.97 56.75 28.9169 0.174116
87.97 57.25 28.901 0.174138
87.97 57.75 28.885 0.17416
87.97 58.25 28.869 0.174183
87.97 58.75 28.8528 0.174206
87.97 59.25 28.8366 0.174229
87.97 59.75 28.8203 0.174252

88.4587 0.25 288.873 0.005
88.4587 0.75 215.655 0.00528201
88.4587 1.25 157.663 0.00870577
88.4587 1.75 109.113 0.005
88.4587 2.25 105.193 0.100941
88.4587 2.75 103.49 0.124687
88.4587 3.25 102.025 0.138255
88.4587 3.75 100.75 0.149522
88.4587 4.25 99.528 0.157821
88.4587 4.75 98.247 0.163249
88.4587 5.25 96.9039 0.166742
88.4587 5.75 95.5005 0.168883
88.4587 6.25 94.0426 0.170095
88.4587 6.75 92.5336 0.170664
88.4587 7.25 90.9754 0.170785
88.4587 7.75 89.3689 0.170589
88.4587 8.25 87.7144 0.170167
88.4587 8.75 86.0122 0.169578
88.4587 9.25 84.2625 0.168864
88.4587 9.75 82.4658 0.168051
88.4587 10.25 80.6232 0.167162
88.4587 10.75 78.7362 0.166213
88.4587 11.25 76.8071 0.16522
88.4587 11.75 74.8389 0.164196
88.4587 12.25 72.8355 0.163157
88.4587 12.75 70.8017 0.162116
88.4587 13.25 68.7432 0.161086
88.4587 13.75 66.6667 0.160081
88.4587 14.25 64.5797 0.159113
88.4587 14.75 62.4907 0.158193
88.4587 15.25 60.409 0.157333
88.4587 15.75 58.3446 0.156541
88.4587 16.25 56.3078 0.155824
88.4587 16.75 54.3093 0.155188
88.4587 17.25 52.3596 0.154636
88.4587 17.75 50.4688 0.154167
88.4587 18.25 48.6464 0.153782
88.4587 18.75 46.9009 0.153475
88.4587 19.25 45.2396 0.153243
88.4587 19.75 43.6685 0.153079
88.4587 20.25 42.1919 0.152976
88.4587 20.75 40.8127 0.152926
88.4587 21.25 39.5323 0.152923
88.4587 21.75 38.3506 0.15296
88.4587 22.25 37.2663 0.153028
88.4587 22.75 36.2768 0.153123
88.4587 23.25 35.3789 0.153239
88.4587 23.75 34.5683 0.153371
88.4587 24.25 33.8403 0.153515
88.4587 24.75 33.1898 0.153668
88.4587 25.25 32.6114 0.153826
88.4587 25.75 32.0996 0.153987
88.4587 26.25 31.649 0.15415
88.4587 26.75 31.2542 0.154312
88.4587 27.25 30.9099 0.154472
88.4587 27.75 30.6111 0.154629
88.4587 28.25 30.3533 0.154783
88.4587 28.75 30.1318 0.154932
88.4587 29.25 29.9427 0.155076
88.4587 29.75 29.7821 0.155215
88.4587 30.25 29.6466 0.155349
88.4587 30.75 29.533 0.155476
88.4587 31.25 29.4384 0.155598
88.4587 31.75 29.3604 0.155714
88.4587 32.25 29.2965 0.155825
88.4587 32.75 29.2448 0.155929
88.4587 33.25 29.2033 0.156028
88.4587 33.75 29.1706 0.156121
88.4587 34.25 29.1452 0.156209
88.4587 34.75 29.1259 0.156291
88.4587 35.25 29.1115 0.156369
88.4587 35.75 29.1012 0.156441
88.4587 36.25 29.0942 0.156508
88.4587 36.75 29.0898 0.156571
88.4587 37.25 29.0873 0.15663
88.4587 37.75 29.0863 0.156684
88.4587 38.25 29.0863 0.156734
88.4587 38.75 29.087 0.15678
88.4587 39.25 29.0881 0.156823
88.4587 39.75 29.0894 0.156862
88.4587 40.25 29.0905 0.156898
88.4587 40.75 29.0914 0.156931
88.4587 41.25 29.092 0.156961
88.4587 41.75 29.092 0.156989
88.4587 42.25 29.0915 0.157013
88.4587 42.75 29.0904 0.157036
88.4587 43.25 29.0885 0.157056
88.4587 43.75 29.086 0.157074
88.4587 44.25 29.0827 0.15709
88.4587 44.75 29.0787 0.157104
88.4587 45.25 29.0739 0.157116
88.4587 45.75 29.0684 0.157127
88.4587 46.25 29.0622 0.157136
88.4587 46.75 29.0553 0.157144
88.4587 47.25 29.0476 0.15715
88.4587 47.75 29.0393 0.157155
88.4587 48.25 29.0303 0.157159
88.4587 48.75 29.0208 0.157162
88.4587 49.25 29.0106 0.157165
88.4587 49.75 28.9998 0.157166
88.4587 50.25 28.9885 0.157167
88.4587 50.75 28.9767 0.157167
88.4587 51.25 28.9644 0.157167
88.4587 51.75 28.9516 0.157166
88.4587 52.25 28.9384 0.157166
88.4587 52.75 28.9248 0.157166
88.4587 53.25 28.9109 0.157166
88.4587 53.75 28.8966 0.157167
88.4587 54.25 28.882 0.15717
88.4587 54.75 28.867 0.157174
88.4587 55.25 28.8519 0.15718
88.4587 55.75 28.8364 0.157188
88.4587 56.25 28.8208 0.1572
88.4587 56.75 28.805 0.157215
88.4587 57.25 28.789 0.157233
88.4587 57.75 28.7729 0.157256
88.4587 58.25 28.7567 0.157283
88.4587 58.75 28.7404 0.157314
88.4587 59.25 28.724 0.15735
88.4587 59.75 28.7076 0.15739

88.9475 0.25 296.082 0.005
88.9475 0.75 233.451 0.005
88.9475 1.25 171.653 0.005
88.9475 1.75 110.319 0.005
88.9475 2.25 105.932 0.0973982
88.9475 2.75 103.947 0.130172
88.9475 3.25 102.198 0.141271
88.9475 3.75 100.675 0.148962
88.9475 4.25 99.2049 0.153432
88.9475 4.75 97.6825 0.155687
88.9475 5.25 96.0965 0.156739
88.9475 5.75 94.45 0.157171
88.9475 6.25 92.7458 0.157247
88.9475 6.75 90.9853 0.157086
88.9475 7.25 89.1696 0.156749
88.9475 7.75 87.2995 0.156268
88.9475 8.25 85.3763 0.155666
88.9475 8.75 83.4014 0.154962
88.9475 9.25 81.3768 0.154172
88.9475 9.75 79.3051 0.153311
88.9475 10.25 77.1895 0.152392
88.9475 10.75 75.0339 0.15143
88.9475 11.25 72.8435 0.15044
88.9475 11.75 70.6241 0.149436
88.9475 12.25 68.383 0.148432
88.9475 12.75 66.1283 0.147445
88.9475 13.25 63.8695 0.146487
88.9475 13.75 61.6172 0.145573
88.9475 14.25 59.3829 0.144714
88.9475 14.75 57.1787 0.143922
88.9475 15.25 55.0173 0.143204
88.9475 15.75 52.9113 0.142567
88.9475 16.25 50.873 0.142013
88.9475 16.75 48.9136 0.141542
88.9475 17.25 47.0433 0.141152
88.9475 17.75 45.2705 0.14084
88.9475 18.25 43.6018 0.140597
88.9475 18.75 42.042 0.140419
88.9475 19.25 40.5935 0.140296
88.9475 19.75 39.2572 0.14022
88.9475 20.25 38.032 0.140185
88.9475 20.75 36.9153 0.140182
88.9475 21.25 35.9032 0.140206
88.9475 21.75 34.991 0.14025
88.9475 22.25 34.173 0.14031
88.9475 22.75 33.4432 0.140381
88.9475 23.25 32.7952 0.140461
88.9475 23.75 32.2226 0.140545
88.9475 24.25 31.7188 0.140632
88.9475 24.75 31.2776 0.140719
88.9475 25.25 30.8931 0.140806
88.9475 25.75 30.5594 0.140892
88.9475 26.25 30.2712 0.140974
88.9475 26.75 30.0236 0.141054
88.9475 27.25 29.8118 0.141129
88.9475 27.75 29.6317 0.141201
88.9475 28.25 29.4795 0.141268
88.9475 28.75 29.3517 0.141331
88.9475 29.25 29.245 0.14139
88.9475 29.75 29.1568 0.141444
88.9475 30.25 29.0845 0.141495
88.9475 30.75 29.0259 0.141541
88.9475 31.25 28.9789 0.141583
88.9475 31.75 28.942 0.141622
88.9475 32.25 28.9134 0.141657
88.9475 32.75 28.8919 0.141689
88.9475 33.25 28.8763 0.141717
88.9475 33.75 28.8655 0.141743
88.9475 34.25 28.8587 0.141766
88.9475 34.75 28.8551 0.141787
88.9475 35.25 28.854 0.141805
88.9475 35.75 28.8548 0.141821
88.9475 36.25 28.8571 0.141835
88.9475 36.75 28.8604 0.141848
88.9475 37.25 28.8644 0.141858
88.9475 37.75 28.8688 0.141867
88.9475 38.25 28.8733 0.141875
88.9475 38.75 28.8777 0.141882
88.9475 39.25 28.8819 0.141888
88.9475 39.75 28.8857 0.141892
88.9475 40.25 28.8889 0.141896
88.9475 40.75 28.8916 0.141898
88.9475 41.25 28.8936 0.1419
88.9475 41.75 28.8948 0.141902
88.9475 42.25 28.8953 0.141902
88.9475 42.75 28.895 0.141902
88.9475 43.25 28.8939 0.141902
88.9475 43.75 28.892 0.141901
88.9475 44.25 28.8893 0.141899
88.9475 44.75 28.8857 0.141897
88.9475 45.25 28.8814 0.141895
88.9475 45.75 28.8763 0.141892
88.9475 46.25 28.8704 0.141889
88.9475 46.75 28.8638 0.141886
88.9475 47.25 28.8564 0.141882
88.9475 47.75 28.8484 0.141877
88.9475 48.25 28.8397 0.141873
88.9475 48.75 28.8304 0.141867
88.9475 49.25 28.8205 0.141862
88.9475 49.75 28.81 0.141855
88.9475 50.25 28.799 0.141849
88.9475 50.75 28.7874 0.141842
88.9475 51.25 28.7754 0.141834
88.9475 51.75 28.7629 0.141827
88.9475 52.25 28.75 0.141819
88.9475 52.75 28.7367 0.141811
88.9475 53.25 28.723 0.141804
88.9475 53.75 28.7089 0.141797
88.9475 54.25 28.6946 0.141793
88.9475 54.75 28.6799 0.14179
88.9475 55.25 28.665 0.14179
88.9475 55.75 28.6499 0.141794
88.9475 56.25 28.6345 0.141803
88.9475 56.75 28.6189 0.141819
88.9475 57.25 28.6032 0.141842
88.9475 57.75 28.5874 0.141874
88.9475 58.25 28.5714 0.141916
88.9475 58.75 28.5554 0.141968
88.9475 59.25 28.5393 0.14203
88.9475 59.75 28.5231 0.1421

89.4362 0.25 308.292 0.005
89.4362 0.75 270.337 0.005
89.4362 1.25 233.989 0.005
89.4362 1.75 199.377 0.005
89.4362 2.25 166.613 0.00500062
89.4362 2.75 136.161 0.00543106
89.4362 3.25 114.583 0.0178199
89.4362 3.75 104.06 0.0530527
89.4362 4.25 97.8056 0.0646775
89.4362 4.75 91.975 0.0644372
89.4362 5.25 86.2936 0.0643553
89.4362 5.75 80.7221 0.062392
89.4362 6.25 75.1259 0.0564244
89.4362 6.75 66.8634 0.005
89.4362 7.25 64.1173 0.075127
89.4362 7.75 62.5654 0.109393
89.4362 8.25 60.9385 0.108635
89.4362 8.75 59.3097 0.108939
89.4362 9.25 57.6823 0.109162
89.4362 9.75 56.062 0.10925
89.4362 10.25 54.4551 0.109247
89.4362 10.75 52.8676 0.109185
89.4362 11.25 51.3057 0.109083
89.4362 11.75 49.7756 0.108955
89.4362 12.25 48.283 0.10881
89.4362 12.75 46.8335 0.108654
89.4362 13.25 45.4322 0.108492
89.4362 13.75 44.0838 0.108328
89.4362 14.25 42.7922 0.108164
89.4362 14.75 41.5608 0.108002
89.4362 15.25 40.3923 0.107845
89.4362 15.75 39.2884 0.107691
89.4362 16.25 38.2504 0.107543
89.4362 16.75 37.2787 0.107401
89.4362 17.25 36.373 0.107265
89.4362 17.75 35.5327 0.107136
89.4362 18.25 34.7563 0.107013
89.4362 18.75 34.042 0.106897
89.4362 19.25 33.3877 0.106788
89.4362 19.75 32.7908 0.106686
89.4362 20.25 32.2485 0.106591
89.4362 20.75 31.758 0.106503
89.4362 21.25 31.3161 0.106423
89.4362 21.75 30.9197 0.106349
89.4362 22.25 30.5657 0.106282
89.4362 22.75 30.251 0.106221
89.4362 23.25 29.9724 0.106166
89.4362 23.75 29.7272 0.106117
89.4362 24.25 29.5123 0.106073
89.4362 24.75 29.3251 0.106034
89.4362 25.25 29.1629 0.105999
89.4362 25.75 29.0234 0.105969
89.4362 26.25 28.9042 0.105942
89.4362 26.75 28.8032 0.105919
89.4362 27.25 28.7184 0.105898
89.4362 27.75 28.648 0.10588
89.4362 28.25 28.5904 0.105865
89.4362 28.75 28.5439 0.105852
89.4362 29.25 28.5072 0.10584
89.4362 29.75 28.4789 0.105831
89.4362 30.25 28.4581 0.105822
89.4362 30.75 28.4435 0.105815
89.4362 31.25 28.4344 0.105809
89.4362 31.75 28.4298 0.105804
89.4362 32.25 28.4289 0.1058
89.4362 32.75 28.4313 0.105797
89.4362 33.25 28.4361 0.105794
89.4362 33.75 28.443 0.105791
89.4362 34.25 28.4515 0.10579
89.4362 34.75 28.4612 0.105788
89.4362 35.25 28.4717 0.105787
89.4362 35.75 28.4827 0.105786
89.4362 36.25 28.4941 0.105785
89.4362 36.75 28.5054 0.105785
89.4362 37.25 28.5166 0.105785
89.4362 37.75 28.5276 0.105784
89.4362 38.25 28.5381 0.105784
89.4362 38.75 28.548 0.105784
89.4362 39.25 28.5574 0.105784
89.4362 39.75 28.566 0.105784
89.4362 40.25 28.5738 0.105783
89.4362 40.75 28.5809 0.105783
89.4362 41.25 28.5871 0.105783
89.4362 41.75 28.5924 0.105783
89.4362 42.25 28.5968 0.105783
89.4362 42.75 28.6004 0.105782
89.4362 43.25 28.6031 0.105782
89.4362 43.75 28.6049 0.105781
89.4362 44.25 28.6059 0.105781
89.4362 44.75 28.606 0.10578
89.4362 45.25 28.6052 0.105779
89.4362 45.75 28.6037 0.105779
89.4362 46.25 28.6014 0.105778
89.4362 46.75 28.5983 0.105777
89.4362 47.25 28.5944 0.105775
89.4362 47.75 28.5899 0.105774
89.4362 48.25 28.5847 0.105772
89.4362 48.75 28.5788 0.105769
89.4362 49.25 28.5723 0.105766
89.4362 49.75 28.5652 0.105762
89.4362 50.25 28.5576 0.105757
89.4362 50.75 28.5494 0.105751
89.4362 51.25 28.5407 0.105743
89.4362 51.75 28.5315 0.105733
89.4362 52.25 28.5219 0.10572
89.4362 52.75 28.5119 0.105705
89.4362 53.25 28.5015 0.105686
89.4362 53.75 28.4907 0.105662
89.4362 54.25 28.4796 0.105634
89.4362 54.75 28.4682 0.105599
89.4362 55.25 28.4565 0.105556
89.4362 55.75 28.4446 0.105505
89.4362 56.25 28.4324 0.105444
89.4362 56.75 28.4201 0.105376
89.4362 57.25 28.4076 0.105309
89.4362 57.75 28.3949 0.105261
89.4362 58.25 28.3821 0.105262
89.4362 58.75 28.3692 0.105351
89.4362 59.25 28.3563 0.105569
89.4362 59.75 28.3433 0.105925

89.9249 0.25 308.448 0.005
89.9249 0.75 270.809 0.005
89.9249 1.25 234.792 0.005
89.9249 1.75 200.54 0.005
89.9249 2.25 168.18 0.00500045
89.9249 2.75 138.111 0.00533203
89.9249 3.25 116.161 0.0158072
89.9249 3.75 105.212 0.0469408
89.9249 4.25 99.1269 0.0630896
89.9249 4.75 93.6628 0.0644535
89.9249 5.25 88.4338 0.0649245
89.9249 5.75 83.4102 0.0649411
89.9249 6.25 78.5018 0.0606626
89.9249 6.75 73.7029 0.0604247
89.9249 7.25 69.0797 0.0597295
89.9249 7.75 64.1114 0.0373587
89.9249 8.25 58.9275 0.0431592
89.9249 8.75 56.6842 0.0853212
89.9249 9.25 55.2345 0.100077
89.9249 9.75 53.7771 0.100256
89.9249 10.25 52.3342 0.100425
89.9249 10.75 50.9105 0.100509
89.9249 11.25 49.5106 0.100522
89.9249 11.75 48.1392 0.100477
89.9249 12.25 46.8006 0.100382
89.9249 12.75 45.4989 0.100246
89.9249 13.25 44.2381 0.100078
89.9249 13.75 43.0217 0.0998855
89.9249 14.25 41.853 0.0996748
89.9249 14.75 40.7347 0.0994525
89.9249 15.25 39.6692 0.0992242
89.9249 15.75 38.6583 0.0989952
89.9249 16.25 37.7034 0.0987696
89.9249 16.75 36.8054 0.0985514
89.9249 17.25 35.9647 0.0983433
89.9249 17.75 35.181 0.0981475
89.9249 18.25 34.4537 0.0979655
89.9249 18.75 33.7818 0.097798
89.9249 19.25 33.1637 0.0976453
89.9249 19.75 32.5977 0.0975071
89.9249 20.25 32.0815 0.0973828
89.9249 20.75 31.613 0.0972717
89.9249 21.25 31.1895 0.0971727
89.9249 21.75 30.8083 0.0970849
89.9249 22.25 30.4669 0.0970071
89.9249 22.75 30.1624 0.0969385
89.9249 23.25 29.8921 0.096878
89.9249 23.75 29.6532 0.0968247
89.9249 24.25 29.4433 0.0967779
89.9249 24.75 29.2598 0.0967369
89.9249 25.25 29.1003 0.096701
89.9249 25.75 28.9624 0.0966696
89.9249 26.25 28.8441 0.0966422
89.9249 26.75 28.7434 0.0966183
89.9249 27.25 28.6583 0.0965976
89.9249 27.75 28.5872 0.0965796
89.9249 28.25 28.5283 0.0965641
89.9249 28.75 28.4804 0.0965507
89.9249 29.25 28.4419 0.0965392
89.9249 29.75 28.4118 0.0965294
89.9249 30.25 28.3888 0.096521
89.9249 30.75 28.372 0.096514
89.9249 31.25 28.3605 0.096508
89.9249 31.75 28.3535 0.096503
89.9249 32.25 28.3502 0.0964988
89.9249 32.75 28.35 0.0964953
89.9249 33.25 28.3524 0.0964925
89.9249 33.75 28.3568 0.0964902
89.9249 34.25 28.3627 0.0964883
89.9249 34.75 28.3699 0.0964868
89.9249 35.25 28.3779 0.0964855
89.9249 35.75 28.3865 0.0964846
89.9249 36.25 28.3953 0.0964838
89.9249 36.75 28.4043 0.0964832
89.9249 37.25 28.4132 0.0964828
89.9249 37.75 28.4218 0.0964824
89.9249 38.25 28.43 0.0964821
89.9249 38.75 28.4376 0.0964818
89.9249 39.25 28.4447 0.0964815
89.9249 39.75 28.4512 0.0964812
89.9249 40.25 28.4569 0.0964809
89.9249 40.75 28.4618 0.0964806
89.9249 41.25 28.466 0.0964803
89.9249 41.75 28.4693 0.0964798
89.9249 42.25 28.4717 0.0964794
89.9249 42.75 28.4734 0.0964788
89.9249 43.25 28.4742 0.0964782
89.9249 43.75 28.4741 0.0964776
89.9249 44.25 28.4732 0.0964768
89.9249 44.75 28.4715 0.096476
89.9249 45.25 28.469 0.0964751
89.9249 45.75 28.4657 0.0964742
89.9249 46.25 28.4617 0.0964731
89.9249 46.75 28.457 0.096472
89.9249 47.25 28.4515 0.0964708
89.9249 47.75 28.4454 0.0964695
89.9249 48.25 28.4386 0.0964682
89.9249 48.75 28.4312 0.0964667
89.9249 49.25 28.4232 0.0964652
89.9249 49.75 28.4146 0.0964635
89.9249 50.25 28.4055 0.0964616
89.9249 50.75 28.3959 0.0964593
89.9249 51.25 28.3858 0.0964565
89.9249 51.75 28.3753 0.0964528
89.9249 52.25 28.3643 0.0964478
89.9249 52.75 28.3529 0.0964407
89.9249 53.25 28.3412 0.0964305
89.9249 53.75 28.3291 0.096416
89.9249 54.25 28.3168 0.0963958
89.9249 54.75 28.3041 0.0963681
89.9249 55.25 28.2912 0.0963308
89.9249 55.75 28.278 0.0962815
89.9249 56.25 28.2646 0.0962165
89.9249 56.75 28.251 0.0961314
89.9249 57.25 28.2373 0.0960229
89.9249 57.75 28.2234 0.0958968
89.9249 58.25 28.2095 0.095786
89.9249 58.75 28.1954 0.0957808
89.9249 59.25 28.1812 0.096043
89.9249 59.75 28.1671 0.0967133

90.4136 0.25 308.774 0.005
90.4136 0.75 271.782 0.005
90.4136 1.25 236.401 0.005
90.4136 1.75 202.771 0.005
90.4136 2.25 171.016 0.00500019
90.4136 2.75 141.394 0.0051772
90.4136 3.25 118.405 0.0125388
90.4136 3.75 106.596 0.0428277
90.4136 4.25 100.598 0.064626
90.4136 4.75 95.5454 0.0650006
90.4136 5.25 90.6654 0.0650008
90.4136 5.75 85.9675 0.0650009
90.4136 6.25 81.4604 0.0650009
90.4136 6.75 77.1487 0.0650007
90.4136 7.25 73.0342 0.0649921
90.4136 7.75 69.117 0.0649944
90.4136 8.25 65.3961 0.0649923
90.4136 8.75 61.8682 0.0649305
90.4136 9.25 58.5299 0.0649534
90.4136 9.75 55.3756 0.0648199
90.4136 10.25 52.3997 0.0648729
90.4136 10.75 49.5967 0.0649137
90.4136 11.25 46.9508 0.0641869
90.4136 11.75 44.3826 0.0569557
90.4136 12.25 42.7427 0.0654621
90.4136 12.75 41.5897 0.0803904
90.4136 13.25 40.4959 0.0837758
90.4136 13.75 39.453 0.0834311
90.4136 14.25 38.4619 0.0830999
90.4136 14.75 37.5237 0.0827789
90.4136 15.25 36.6394 0.0824804
90.4136 15.75 35.8091 0.0822085
90.4136 16.25 35.0327 0.0819631
90.4136 16.75 34.3097 0.081743
90.4136 17.25 33.639 0.081546
90.4136 17.75 33.0195 0.0813702
90.4136 18.25 32.4494 0.0812135
90.4136 18.75 31.9271 0.081074
90.4136 19.25 31.4505 0.08095
90.4136 19.75 31.0173 0.08084
90.4136 20.25 30.6253 0.0807425
90.4136 20.75 30.2721 0.0806561
90.4136 21.25 29.9553 0.0805798
90.4136 21.75 29.6723 0.0805123
90.4136 22.25 29.4208 0.0804528
90.4136 22.75 29.1983 0.0804003
90.4136 23.25 29.0025 0.0803542
90.4136 23.75 28.8312 0.0803137
90.4136 24.25 28.682 0.0802782
90.4136 24.75 28.553 0.0802471
90.4136 25.25 28.4423 0.08022
90.4136 25.75 28.3479 0.0801964
90.4136 26.25 28.2681 0.0801759
90.4136 26.75 28.2014 0.0801582
90.4136 27.25 28.1463 0.0801429
90.4136 27.75 28.1014 0.0801297
90.4136 28.25 28.0654 0.0801185
90.4136 28.75 28.0373 0.0801089
90.4136 29.25 28.016 0.0801007
90.4136 29.75 28.0006 0.0800939
90.4136 30.25 27.9902 0.0800881
90.4136 30.75 27.984 0.0800834
90.4136 31.25 27.9815 0.0800794
90.4136 31.75 27.9819 0.0800762
90.4136 32.25 27.9848 0.0800736
90.4136 32.75 27.9897 0.0800716
90.4136 33.25 27.9961 0.08007
90.4136 33.75 28.0038 0.0800687
90.4136 34.25 28.0122 0.0800678
90.4136 34.75 28.0213 0.0800671
90.4136 35.25 28.0307 0.0800666
90.4136 35.75 28.0402 0.0800663
90.4136 36.25 28.0497 0.0800661
90.4136 36.75 28.0589 0.080066
90.4136 37.25 28.0679 0.080066
90.4136 37.75 28.0763 0.080066
90.4136 38.25 28.0843 0.080066
90.4136 38.75 28.0916 0.080066
90.4136 39.25 28.0982 0.0800659
90.4136 39.75 28.1042 0.0800659
90.4136 40.25 28.1094 0.0800658
90.4136 40.75 28.1138 0.0800656
90.4136 41.25 28.1174 0.0800654
90.4136 41.75 28.1202 0.0800651
90.4136 42.25 28.1222 0.0800647
90.4136 42.75 28.1234 0.0800643
90.4136 43.25 28.1239 0.0800637
90.4136 43.75 28.1235 0.0800631
90.4136 44.25 28.1224 0.0800624
90.4136 44.75 28.1205 0.0800617
90.4136 45.25 28.1179 0.0800608
90.4136 45.75 28.1146 0.0800599
90.4136 46.25 28.1106 0.0800589
90.4136 46.75 28.1059 0.0800578
90.4136 47.25 28.1006 0.0800566
90.4136 47.75 28.0947 0.0800553
90.4136 48.25 28.0882 0.080054
90.4136 48.75 28.0811 0.0800526
90.4136 49.25 28.0735 0.0800512
90.4136 49.75 28.0654 0.0800497
90.4136 50.25 28.0568 0.0800481
90.4136 50.75 28.0478 0.0800464
90.4136 51.25 28.0383 0.0800447
90.4136 51.75 28.0284 0.080043
90.4136 52.25 28.0182 0.0800412
90.4136 52.75 28.0075 0.0800393
90.4136 53.25 27.9966 0.0800374
90.4136 53.75 27.9853 0.0800355
90.4136 54.25 27.9738 0.0800335
90.4136 54.75 27.962 0.0800315
90.4136 55.25 27.95 0.0800293
90.4136 55.75 27.9378 0.0800267
90.4136 56.25 27.9253 0.0800223
90.4136 56.75 27.9128 0.0800115
90.4136 57.25 27.9 0.0799812
90.4136 57.75 27.8872 0.0798989
90.4136 58.25 27.8742 0.0796971
90.4136 58.75 27.8612 0.0792543
90.4136 59.25 27.848 0.0784674
90.4136 59.75 27.8349 0.0788139

90.9024 0.25 308.789 0.005
90.9024 0.75 271.827 0.005
90.9024 1.25 236.475 0.005
90.9024 1.75 202.877 0.005
90.9024 2.25 171.156 0.00500019
90.9024 2.75 141.572 0.00517362
90.9024 3.25 118.568 0.0123888
90.9024 3.75 106.67 0.0417141
90.9024 4.25 100.613 0.0644047
90.9024 4.75 95.5476 0.0650005
90.9024 5.25 90.6589 0.0650008
90.9024 5.75 85.9528 0.0650008
90.9024 6.25 81.4379 0.0650002
90.9024 6.75 77.1188 0.0650002
90.9024 7.25 72.9974 0.0649916
90.9024 7.75 69.0739 0.0649922
90.9024 8.25 65.3473 0.0649945
90.9024 8.75 61.815 0.064968
90.9024 9.25 58.4719 0.0648701
90.9024 9.75 55.3147 0.0649325
90.9024 10.25 52.3378 0.0648951
90.9024 10.75 49.5339 0.0649399
90.9024 11.25 46.8755 0.0629842
90.9024 11.75 44.2976 0.0572004
90.9024 12.25 42.6553 0.0655439
90.9024 12.75 41.4987 0.0825344
90.9024 13.25 40.4012 0.0837622
90.9024 13.75 39.354 0.0834417
90.9024 14.25 38.3583 0.0831091
90.9024 14.75 37.4154 0.0827873
90.9024 15.25 36.5261 0.082488
90.9024 15.75 35.6907 0.0822153
90.9024 16.25 34.909 0.0819693
90.9024 16.75 34.1806 0.0817486
90.9024 17.25 33.5045 0.0815511
90.9024 17.75 32.8795 0.0813748
90.9024 18.25 32.3042 0.0812177
90.9024 18.75 31.7768 0.0810779
90.9024 19.25 31.2952 0.0809537
90.9024 19.75 30.8575 0.0808434
90.9024 20.25 30.4612 0.0807457
90.9024 20.75 30.1041 0.0806592
90.9024 21.25 29.7837 0.0805827
90.9024 21.75 29.4975 0.0805152
90.9024 22.25 29.2431 0.0804556
90.9024 22.75 29.018 0.0804032
90.9024 23.25 28.8199 0.080357
90.9024 23.75 28.6464 0.0803165
90.9024 24.25 28.4955 0.080281
90.9024 24.75 28.3649 0.08025
90.9024 25.25 28.2527 0.0802228
90.9024 25.75 28.157 0.0801992
90.9024 26.25 28.0761 0.0801787
90.9024 26.75 28.0084 0.080161
90.9024 27.25 27.9524 0.0801457
90.9024 27.75 27.9066 0.0801325
90.9024 28.25 27.8699 0.0801212
90.9024 28.75 27.8412 0.0801116
90.9024 29.25 27.8192 0.0801034
90.9024 29.75 27.8032 0.0800965
90.9024 30.25 27.7923 0.0800907
90.9024 30.75 27.7856 0.0800859
90.9024 31.25 27.7826 0.0800819
90.9024 31.75 27.7826 0.0800787
90.9024 32.25 27.7851 0.080076
90.9024 32.75 27.7896 0.0800739
90.9024 33.25 27.7956 0.0800722
90.9024 33.75 27.8028 0.0800709
90.9024 34.25 27.811 0.0800699
90.9024 34.75 27.8196 0.0800692
90.9024 35.25 27.8287 0.0800687
90.9024 35.75 27.8378 0.0800683
90.9024 36.25 27.847 0.080068
90.9024 36.75 27.8559 0.0800678
90.9024 37.25 27.8644 0.0800677
90.9024 37.75 27.8726 0.0800676
90.9024 38.25 27.8801 0.0800676
90.9024 38.75 27.8871 0.0800675
90.9024 39.25 27.8934 0.0800674
90.9024 39.75 27.899 0.0800673
90.9024 40.25 27.9039 0.0800671
90.9024 40.75 27.9079 0.0800669
90.9024 41.25 27.9112 0.0800666
90.9024 41.75 27.9137 0.0800662
90.9024 42.25 27.9154 0.0800658
90.9024 42.75 27.9162 0.0800653
90.9024 43.25 27.9163 0.0800647
90.9024 43.75 27.9156 0.0800641
90.9024 44.25 27.9142 0.0800633
90.9024 44.75 27.912 0.0800625
90.9024 45.25 27.909 0.0800616
90.9024 45.75 27.9054 0.0800606
90.9024 46.25 27.901 0.0800596
90.9024 46.75 27.8961 0.0800584
90.9024 47.25 27.8904 0.0800572
90.9024 47.75 27.8842 0.0800559
90.9024 48.25 27.8774 0.0800546
90.9024 48.75 27.87 0.0800532
90.9024 49.25 27.8621 0.0800517
90.9024 49.75 27.8537 0.0800501
90.9024 50.25 27.8448 0.0800485
90.9024 50.75 27.8354 0.0800468
90.9024 51.25 27.8257 0.0800451
90.9024 51.75 27.8155 0.0800433
90.9024 52.25 27.8049 0.0800415
90.9024 52.75 27.794 0.0800396
90.9024 53.25 27.7828 0.0800377
90.9024 53.75 27.7713 0.0800357
90.9024 54.25 27.7595 0.0800337
90.9024 54.75 27.7474 0.0800316
90.9024 55.25 27.7351 0.0800294
90.9024 55.75 27.7226 0.0800268
90.9024 56.25 27.7099 0.0800224
90.9024 56.75 27.697 0.0800117
90.9024 57.25 27.684 0.0799818
90.9024 57.75 27.6709 0.0799007
90.9024 58.25 27.6577 0.0797026
90.9024 58.75 27.6444 0.0792701
90.9024 59.25 27.631 0.0785125
90.9024 59.75 27.6175 0.0789186

91.3911 0.25 308.75 0.005
91.3911 0.75 271.707 0.005
91.3911 1.25 236.267 0.005
91.3911 1.75 202.572 0.005
91.3911 2.25 170.743 0.0050002
91.3911 2.75 141.053 0.00518438
91.3911 3.25 118.215 0.0129258
91.3911 3.75 106.541 0.0429818
91.3911 4.25 100.576 0.0646522
91.3911 4.75 95.5388 0.0650006
91.3911 5.25 90.6726 0.0650008
91.3911 5.75 85.9874 0.0650008
91.3911 6.25 81.4916 0.0649999
91.3911 6.75 77.1897 0.0649987
91.3911 7.25 73.0837 0.0649993
91.3911 7.75 69.1738 0.0649965
91.3911 8.25 65.4588 0.0649861
91.3911 8.75 61.936 0.0649578
91.3911 9.25 58.5989 0.0647103
91.3911 9.75 55.4432 0.0646944
91.3911 10.25 52.4538 0.0636142
91.3911 10.75 49.6348 0.0645873
91.3911 11.25 46.9755 0.0631867
91.3911 11.75 44.3897 0.0563939
91.3911 12.25 42.7419 0.0654996
91.3911 12.75 41.5839 0.0819254
91.3911 13.25 40.4851 0.0837857
91.3911 13.75 39.4365 0.0834676
91.3911 14.25 38.4394 0.0831338
91.3911 14.75 37.495 0.0828106
91.3911 15.25 36.604 0.08251
91.3911 15.75 35.7669 0.082236
91.3911 16.25 34.9834 0.0819889
91.3911 16.75 34.253 0.081767
91.3911 17.25 33.5749 0.0815683
91.3911 17.75 32.9476 0.081391
91.3911 18.25 32.3698 0.0812328
91.3911 18.75 31.8396 0.081092
91.3911 19.25 31.3551 0.0809667
91.3911 19.75 30.9141 0.0808555
91.3911 20.25 30.5144 0.0807568
91.3911 20.75 30.1536 0.0806693
91.3911 21.25 29.8293 0.0805919
91.3911 21.75 29.5391 0.0805235
91.3911 22.25 29.2807 0.0804631
91.3911 22.75 29.0516 0.0804098
91.3911 23.25 28.8495 0.0803629
91.3911 23.75 28.6722 0.0803217
91.3911 24.25 28.5175 0.0802855
91.3911 24.75 28.3833 0.0802538
91.3911 25.25 28.2677 0.0802261
91.3911 25.75 28.1689 0.0802019
91.3911 26.25 28.0851 0.0801809
91.3911 26.75 28.0146 0.0801627
91.3911 27.25 27.9562 0.080147
91.3911 27.75 27.9082 0.0801335
91.3911 28.25 27.8695 0.0801218
91.3911 28.75 27.839 0.0801119
91.3911 29.25 27.8155 0.0801035
91.3911 29.75 27.7981 0.0800964
91.3911 30.25 27.786 0.0800904
91.3911 30.75 27.7784 0.0800854
91.3911 31.25 27.7745 0.0800813
91.3911 31.75 27.7738 0.0800779
91.3911 32.25 27.7757 0.0800751
91.3911 32.75 27.7796 0.0800729
91.3911 33.25 27.7853 0.0800712
91.3911 33.75 27.7922 0.0800698
91.3911 34.25 27.8001 0.0800688
91.3911 34.75 27.8087 0.080068
91.3911 35.25 27.8176 0.0800674
91.3911 35.75 27.8268 0.080067
91.3911 36.25 27.8359 0.0800668
91.3911 36.75 27.8448 0.0800666
91.3911 37.25 27.8535 0.0800665
91.3911 37.75 27.8617 0.0800664
91.3911 38.25 27.8694 0.0800664
91.3911 38.75 27.8765 0.0800663
91.3911 39.25 27.883 0.0800662
91.3911 39.75 27.8888 0.0800661
91.3911 40.25 27.8938 0.080066
91.3911 40.75 27.8981 0.0800658
91.3911 41.25 27.9016 0.0800655
91.3911 41.75 27.9042 0.0800652
91.3911 42.25 27.9061 0.0800648
91.3911 42.75 27.9072 0.0800644
91.3911 43.25 27.9075 0.0800638
91.3911 43.75 27.907 0.0800632
91.3911 44.25 27.9058 0.0800625
91.3911 44.75 27.9038 0.0800617
91.3911 45.25 27.9011 0.0800608
91.3911 45.75 27.8976 0.0800599
91.3911 46.25 27.8935 0.0800589
91.3911 46.75 27.8887 0.0800578
91.3911 47.25 27.8833 0.0800566
91.3911 47.75 27.8772 0.0800553
91.3911 48.25 27.8706 0.080054
91.3911 48.75 27.8634 0.0800526
91.3911 49.25 27.8556 0.0800511
91.3911 49.75 27.8474 0.0800496
91.3911 50.25 27.8387 0.080048
91.3911 50.75 27.8295 0.0800464
91.3911 51.25 27.8198 0.0800447
91.3911 51.75 27.8098 0.0800429
91.3911 52.25 27.7994 0.0800411
91.3911 52.75 27.7886 0.0800393
91.3911 53.25 27.7776 0.0800374
91.3911 53.75 27.7662 0.0800355
91.3911 54.25 27.7545 0.0800335
91.3911 54.75 27.7425 0.0800314
91.3911 55.25 27.7303 0.0800293
91.3911 55.75 27.718 0.0800267
91.3911 56.25 27.7054 0.0800223
91.3911 56.75 27.6926 0.0800116
91.3911 57.25 27.6797 0.0799815
91.3911 57.75 27.6667 0.0798999
91.3911 58.25 27.6536 0.0797004
91.3911 58.75 27.6404 0.079264
91.3911 59.25 27.6271 0.0784978
91.3911 59.75 27.6138 0.078895

91.8798 0.25 308.703 0.005
91.8798 0.75 271.567 0.005
91.8798 1.25 236.046 0.005
91.8798 1.75 202.286 0.005
91.8798 2.25 170.416 0.00500026
91.8798 2.75 140.733 0.00521126
91.8798 3.25 118.043 0.0131698
91.8798 3.75 106.48 0.0432546
91.8798 4.25 100.556 0.0646697
91.8798 4.75 95.5401 0.0650006
91.8798 5.25 90.6947 0.0650008
91.8798 5.75 86.0295 0.0650008
91.8798 6.25 81.5518 0.0650009
91.8798 6.75 77.2654 0.0650007
91.8798 7.25 73.1716 0.0649975
91.8798 7.75 69.2699 0.0649971
91.8798 8.25 65.5588 0.0649982
91.8798 8.75 62.0351 0.0649661
91.8798 9.25 58.6937 0.0648466
91.8798 9.75 55.5306 0.0648948
91.8798 10.25 52.5417 0.0649225
91.8798 10.75 49.7196 0.0649377
91.8798 11.25 47.0464 0.0639483
91.8798 11.75 44.4697 0.0621587
91.8798 12.25 42.7643 0.0649857
91.8798 12.75 41.5646 0.0678872
91.8798 13.25 40.4527 0.0838809
91.8798 13.75 39.3939 0.0834506
91.8798 14.25 38.3859 0.0831205
91.8798 14.75 37.431 0.0827963
91.8798 15.25 36.5307 0.0824946
91.8798 15.75 35.6855 0.0822198
91.8798 16.25 34.8956 0.0819723
91.8798 16.75 34.1605 0.0817504
91.8798 17.25 33.4793 0.0815522
91.8798 17.75 32.8505 0.0813755
91.8798 18.25 32.2726 0.0812182
91.8798 18.75 31.7436 0.0810784
91.8798 19.25 31.2613 0.0809543
91.8798 19.75 30.8235 0.0808443
91.8798 20.25 30.4275 0.0807468
91.8798 20.75 30.0709 0.0806605
91.8798 21.25 29.7512 0.0805842
91.8798 21.75 29.4657 0.0805169
91.8798 22.25 29.2119 0.0804575
91.8798 22.75 28.9874 0.0804051
91.8798 23.25 28.7897 0.080359
91.8798 23.75 28.6166 0.0803186
91.8798 24.25 28.4658 0.0802831
91.8798 24.75 28.3353 0.080252
91.8798 25.25 28.223 0.0802248
91.8798 25.75 28.1272 0.0802011
91.8798 26.25 28.0461 0.0801805
91.8798 26.75 27.9781 0.0801627
91.8798 27.25 27.9218 0.0801472
91.8798 27.75 27.8757 0.0801339
91.8798 28.25 27.8387 0.0801225
91.8798 28.75 27.8096 0.0801128
91.8798 29.25 27.7874 0.0801045
91.8798 29.75 27.7711 0.0800975
91.8798 30.25 27.76 0.0800916
91.8798 30.75 27.7531 0.0800867
91.8798 31.25 27.7499 0.0800826
91.8798 31.75 27.7497 0.0800792
91.8798 32.25 27.7521 0.0800765
91.8798 32.75 27.7564 0.0800743
91.8798 33.25 27.7624 0.0800725
91.8798 33.75 27.7695 0.0800712
91.8798 34.25 27.7776 0.0800701
91.8798 34.75 27.7862 0.0800693
91.8798 35.25 27.7953 0.0800687
91.8798 35.75 27.8044 0.0800683
91.8798 36.25 27.8135 0.080068
91.8798 36.75 27.8225 0.0800678
91.8798 37.25 27.8311 0.0800676
91.8798 37.75 27.8392 0.0800675
91.8798 38.25 27.8469 0.0800674
91.8798 38.75 27.8539 0.0800673
91.8798 39.25 27.8603 0.0800672
91.8798 39.75 27.8659 0.0800671
91.8798 40.25 27.8708 0.0800669
91.8798 40.75 27.875 0.0800667
91.8798 41.25 27.8783 0.0800664
91.8798 41.75 27.8809 0.080066
91.8798 42.25 27.8826 0.0800656
91.8798 42.75 27.8836 0.0800651
91.8798 43.25 27.8838 0.0800645
91.8798 43.75 27.8831 0.0800638
91.8798 44.25 27.8818 0.0800631
91.8798 44.75 27.8796 0.0800623
91.8798 45.25 27.8768 0.0800614
91.8798 45.75 27.8732 0.0800604
91.8798 46.25 27.869 0.0800594
91.8798 46.75 27.864 0.0800582
91.8798 47.25 27.8585 0.080057
91.8798 47.75 27.8523 0.0800558
91.8798 48.25 27.8456 0.0800544
91.8798 48.75 27.8383 0.080053
91.8798 49.25 27.8304 0.0800515
91.8798 49.75 27.8221 0.08005
91.8798 50.25 27.8132 0.0800484
91.8798 50.75 27.804 0.0800467
91.8798 51.25 27.7943 0.080045
91.8798 51.75 27.7841 0.0800432
91.8798 52.25 27.7736 0.0800414
91.8798 52.75 27.7628 0.0800396
91.8798 53.25 27.7516 0.0800377
91.8798 53.75 27.7401 0.0800357
91.8798 54.25 27.7284 0.0800337
91.8798 54.75 27.7164 0.0800317
91.8798 55.25 27.7041 0.0800295
91.8798 55.75 27.6917 0.0800269
91.8798 56.25 27.679 0.0800225
91.8798 56.75 27.6662 0.0800118
91.8798 57.25 27.6533 0.0799817
91.8798 57.75 27.6402 0.0798998
91.8798 58.25 27.627 0.0796982
91.8798 58.75 27.6137 0.0792517
91.8798 59.25 27.6004 0.0784399
91.8798 59.75 27.587 0.0786981

92.3685 0.25 308.761 0.005
92.3685 0.75 271.74 0.005
92.3685 1.25 236.326 0.005
92.3685 1.75 202.659 0.005
92.3685 2.25 170.863 0.00500015
92.3685 2.75 141.208 0.00518566
92.3685 3.25 118.307 0.0127409
92.3685 3.75 106.567 0.0428529
92.3685 4.25 100.584 0.0646419
92.3685 4.75 95.5388 0.0650006
92.3685 5.25 90.6645 0.0650008
92.3685 5.75 85.9712 0.0650008
92.3685 6.25 81.4672 0.0650003
92.3685 6.75 77.1568 0.0650002
92.3685 7.25 73.0414 0.064988
92.3685 7.75 69.121 0.0649879
92.3685 8.25 65.3943 0.06499
92.3685 8.75 61.859 0.0649869
92.3685 9.25 58.5098 0.0648713
92.3685 9.75 55.3422 0.0648502
92.3685 10.25 52.3521 0.0648661
92.3685 10.75 49.5335 0.0648847
92.3685 11.25 46.8792 0.0649382
92.3685 11.75 44.1984 0.0478986
92.3685 12.25 42.5127 0.0750695
92.3685 12.75 41.3556 0.0842305
92.3685 13.25 40.249 0.0837295
92.3685 13.75 39.1927 0.0834173
92.3685 14.25 38.189 0.0830851
92.3685 14.75 37.2393 0.0827637
92.3685 15.25 36.3448 0.0824652
92.3685 15.75 35.5058 0.0821935
92.3685 16.25 34.7222 0.081949
92.3685 16.75 33.9935 0.0817298
92.3685 17.25 33.3187 0.0815341
92.3685 17.75 32.6963 0.0813597
92.3685 18.25 32.1247 0.0812045
92.3685 18.75 31.6017 0.0810666
92.3685 19.25 31.1252 0.0809442
92.3685 19.75 30.6927 0.0808357
92.3685 20.25 30.3019 0.0807396
92.3685 20.75 29.95 0.0806545
92.3685 21.25 29.6347 0.0805793
92.3685 21.75 29.3531 0.0805129
92.3685 22.25 29.1029 0.0804543
92.3685 22.75 28.8816 0.0804026
92.3685 23.25 28.6867 0.0803572
92.3685 23.75 28.516 0.0803172
92.3685 24.25 28.3673 0.0802822
92.3685 24.75 28.2386 0.0802515
92.3685 25.25 28.1279 0.0802246
92.3685 25.75 28.0333 0.0802012
92.3685 26.25 27.9533 0.0801809
92.3685 26.75 27.8862 0.0801632
92.3685 27.25 27.8305 0.080148
92.3685 27.75 27.785 0.0801348
92.3685 28.25 27.7485 0.0801235
92.3685 28.75 27.7197 0.0801139
92.3685 29.25 27.6977 0.0801056
92.3685 29.75 27.6816 0.0800987
92.3685 30.25 27.6705 0.0800929
92.3685 30.75 27.6637 0.080088
92.3685 31.25 27.6605 0.0800839
92.3685 31.75 27.6603 0.0800806
92.3685 32.25 27.6626 0.0800779
92.3685 32.75 27.6669 0.0800757
92.3685 33.25 27.6727 0.080074
92.3685 33.75 27.6797 0.0800726
92.3685 34.25 27.6876 0.0800716
92.3685 34.75 27.6962 0.0800708
92.3685 35.25 27.705 0.0800702
92.3685 35.75 27.714 0.0800697
92.3685 36.25 27.7229 0.0800694
92.3685 36.75 27.7317 0.0800692
92.3685 37.25 27.7401 0.080069
92.3685 37.75 27.748 0.0800689
92.3685 38.25 27.7555 0.0800688
92.3685 38.75 27.7623 0.0800687
92.3685 39.25 27.7684 0.0800685
92.3685 39.75 27.7739 0.0800684
92.3685 40.25 27.7786 0.0800681
92.3685 40.75 27.7825 0.0800679
92.3685 41.25 27.7856 0.0800675
92.3685 41.75 27.7879 0.0800672
92.3685 42.25 27.7894 0.0800667
92.3685 42.75 27.7901 0.0800662
92.3685 43.25 27.7901 0.0800655
92.3685 43.75 27.7892 0.0800648
92.3685 44.25 27.7876 0.0800641
92.3685 44.75 27.7852 0.0800632
92.3685 45.25 27.7821 0.0800623
92.3685 45.75 27.7783 0.0800613
92.3685 46.25 27.7738 0.0800602
92.3685 46.75 27.7686 0.080059
92.3685 47.25 27.7629 0.0800578
92.3685 47.75 27.7564 0.0800565
92.3685 48.25 27.7495 0.0800551
92.3685 48.75 27.7419 0.0800537
92.3685 49.25 27.7338 0.0800521
92.3685 49.75 27.7253 0.0800506
92.3685 50.25 27.7162 0.0800489
92.3685 50.75 27.7067 0.0800472
92.3685 51.25 27.6967 0.0800455
92.3685 51.75 27.6864 0.0800437
92.3685 52.25 27.6757 0.0800418
92.3685 52.75 27.6646 0.0800399
92.3685 53.25 27.6532 0.080038
92.3685 53.75 27.6415 0.080036
92.3685 54.25 27.6295 0.080034
92.3685 54.75 27.6173 0.0800319
92.3685 55.25 27.6048 0.0800297
92.3685 55.75 27.5921 0.080027
92.3685 56.25 27.5793 0.0800226
92.3685 56.75 27.5662 0.080012
92.3685 57.25 27.5531 0.0799821
92.3685 57.75 27.5398 0.0799008
92.3685 58.25 27.5264 0.0797013
92.3685 58.75 27.5129 0.0792624
92.3685 59.25 27.4993 0.0784825
92.3685 59.75 27.4857 0.0788451

92.8572 0.25 308.658 0.005
92.8572 0.75 271.435 0.005
92.8572 1.25 235.833 0.005
92.8572 1.75 201.997 0.005
92.8572 2.25 170.06 0.0050003
92.8572 2.75 140.334 0.00523026
92.8572 3.25 117.777 0.0135544
92.8572 3.75 106.344 0.0440081
92.8572 4.25 100.457 0.0647725
92.8572 4.75 95.4157 0.0650006
92.8572 5.25 90.5492 0.0650008
92.8572 5.75 85.868 0.0650009
92.8572 6.25 81.3788 0.0650008
92.8572 6.75 77.0844 0.0649999
92.8572 7.25 72.9855 0.0649956
92.8572 7.75 69.0814 0.0649953
92.8572 8.25 65.3702 0.0649873
92.8572 8.75 61.8494 0.0649888
92.8572 9.25 58.5137 0.0648826
92.8572 9.75 55.3584 0.0649029
92.8572 10.25 52.3594 0.0631721
92.8572 10.75 49.5098 0.0631314
92.8572 11.25 46.8348 0.0645326
92.8572 11.75 44.2524 0.058153
92.8572 12.25 42.5762 0.0651197
92.8572 12.75 41.3962 0.0726999
92.8572 13.25 40.285 0.0838391
92.8572 13.75 39.2281 0.0834307
92.8572 14.25 38.2235 0.0831022
92.8572 14.75 37.2727 0.0827795
92.8572 15.25 36.3767 0.0824793
92.8572 15.75 35.5359 0.0822059
92.8572 16.25 34.7501 0.0819596
92.8572 16.75 34.0188 0.0817388
92.8572 17.25 33.3411 0.0815415
92.8572 17.75 32.7154 0.0813656
92.8572 18.25 32.1401 0.0812089
92.8572 18.75 31.6133 0.0810696
92.8572 19.25 31.1328 0.0809459
92.8572 19.75 30.6963 0.0808362
92.8572 20.25 30.3013 0.0807389
92.8572 20.75 29.9454 0.0806528
92.8572 21.25 29.626 0.0805766
92.8572 21.75 29.3407 0.0805093
92.8572 22.25 29.0869 0.0804499
92.8572 22.75 28.8622 0.0803976
92.8572 23.25 28.6642 0.0803515
92.8572 23.75 28.4907 0.080311
92.8572 24.25 28.3396 0.0802755
92.8572 24.75 28.2087 0.0802444
92.8572 25.25 28.0961 0.0802172
92.8572 25.75 28 0.0801935
92.8572 26.25 27.9186 0.0801729
92.8572 26.75 27.8505 0.0801551
92.8572 27.25 27.7941 0.0801396
92.8572 27.75 27.7481 0.0801264
92.8572 28.25 27.7112 0.080115
92.8572 28.75 27.6823 0.0801053
92.8572 29.25 27.6603 0.0800971
92.8572 29.75 27.6443 0.0800902
92.8572 30.25 27.6335 0.0800843
92.8572 30.75 27.6271 0.0800795
92.8572 31.25 27.6244 0.0800755
92.8572 31.75 27.6248 0.0800723
92.8572 32.25 27.6278 0.0800697
92.8572 32.75 27.6327 0.0800676
92.8572 33.25 27.6394 0.080066
92.8572 33.75 27.6472 0.0800647
92.8572 34.25 27.656 0.0800638
92.8572 34.75 27.6654 0.0800631
92.8572 35.25 27.6751 0.0800626
92.8572 35.75 27.6851 0.0800624
92.8572 36.25 27.695 0.0800622
92.8572 36.75 27.7047 0.0800621
92.8572 37.25 27.714 0.0800621
92.8572 37.75 27.723 0.0800621
92.8572 38.25 27.7314 0.0800622
92.8572 38.75 27.7392 0.0800622
92.8572 39.25 27.7464 0.0800622
92.8572 39.75 27.7528 0.0800622
92.8572 40.25 27.7585 0.0800622
92.8572 40.75 27.7634 0.0800621
92.8572 41.25 27.7675 0.0800619
92.8572 41.75 27.7708 0.0800617
92.8572 42.25 27.7733 0.0800614
92.8572 42.75 27.775 0.080061
92.8572 43.25 27.7759 0.0800606
92.8572 43.75 27.776 0.08006
92.8572 44.25 27.7754 0.0800594
92.8572 44.75 27.774 0.0800587
92.8572 45.25 27.7718 0.080058
92.8572 45.75 27.769 0.0800571
92.8572 46.25 27.7654 0.0800562
92.8572 46.75 27.7612 0.0800552
92.8572 47.25 27.7564 0.0800541
92.8572 47.75 27.7509 0.080053
92.8572 48.25 27.7448 0.0800517
92.8572 48.75 27.7382 0.0800504
92.8572 49.25 27.731 0.0800491
92.8572 49.75 27.7233 0.0800476
92.8572 50.25 27.7151 0.0800462
92.8572 50.75 27.7065 0.0800446
92.8572 51.25 27.6974 0.080043
92.8572 51.75 27.688 0.0800413
92.8572 52.25 27.6781 0.0800396
92.8572 52.75 27.6679 0.0800379
92.8572 53.25 27.6573 0.0800361
92.8572 53.75 27.6465 0.0800342
92.8572 54.25 27.6354 0.0800324
92.8572 54.75 27.624 0.0800304
92.8572 55.25 27.6123 0.0800283
92.8572 55.75 27.6005 0.0800258
92.8572 56.25 27.5884 0.0800216
92.8572 56.75 27.5762 0.0800111
92.8572 57.25 27.5639 0.0799814
92.8572 57.75 27.5514 0.0799005
92.8572 58.25 27.5388 0.0797014
92.8572 58.75 27.5261 0.079261
92.8572 59.25 27.5134 0.0784581
92.8572 59.75 27.5006 0.0786752

93.346 0.25 308.775 0.005
93.346 0.75 271.775 0.005
93.346 1.25 236.376 0.005
93.346 1.75 202.718 0.005
93.346 2.25 170.928 0.0050002
93.346 2.75 141.272 0.0051802
93.346 3.25 118.389 0.0126664
93.346 3.75 106.652 0.0422712
93.346 4.25 100.664 0.0642783
93.346 4.75 95.6567 0.0649309
93.346 5.25 90.8199 0.0649992
93.346 5.75 86.1591 0.0650005
93.346 6.25 81.682 0.0650004
93.346 6.75 77.3936 0.0650006
93.346 7.25 73.2961 0.0649951
93.346 7.75 69.3898 0.0649962
93.346 8.25 65.6734 0.0649977
93.346 8.75 62.1447 0.0649928
93.346 9.25 58.8 0.0649845
93.346 9.75 55.6328 0.064823
93.346 10.25 52.6392 0.0649515
93.346 10.75 49.8145 0.0649655
93.346 11.25 47.1436 0.0643647
93.346 11.75 44.5327 0.0559884
93.346 12.25 42.8524 0.0653249
93.346 12.75 41.6709 0.0779909
93.346 13.25 40.5507 0.08389
93.346 13.75 39.4822 0.0834985
93.346 14.25 38.4655 0.0831594
93.346 14.75 37.5021 0.082831
93.346 15.25 36.593 0.0825259
93.346 15.75 35.7387 0.0822481
93.346 16.25 34.9393 0.0819977
93.346 16.75 34.1943 0.0817732
93.346 17.25 33.5028 0.0815724
93.346 17.75 32.8636 0.0813933
93.346 18.25 32.2751 0.0812338
93.346 18.75 31.7354 0.0810919
93.346 19.25 31.2426 0.0809659
93.346 19.75 30.7943 0.0808541
93.346 20.25 30.3883 0.080755
93.346 20.75 30.022 0.0806673
93.346 21.25 29.6931 0.0805897
93.346 21.75 29.3988 0.0805211
93.346 22.25 29.1369 0.0804606
93.346 22.75 28.9048 0.0804073
93.346 23.25 28.7002 0.0803604
93.346 23.75 28.5207 0.0803191
93.346 24.25 28.3641 0.0802829
93.346 24.75 28.2284 0.0802512
93.346 25.25 28.1115 0.0802236
93.346 25.75 28.0115 0.0801994
93.346 26.25 27.9268 0.0801784
93.346 26.75 27.8557 0.0801602
93.346 27.25 27.7966 0.0801445
93.346 27.75 27.7482 0.0801309
93.346 28.25 27.7092 0.0801193
93.346 28.75 27.6785 0.0801094
93.346 29.25 27.6549 0.0801009
93.346 29.75 27.6375 0.0800938
93.346 30.25 27.6254 0.0800878
93.346 30.75 27.6178 0.0800828
93.346 31.25 27.6141 0.0800787
93.346 31.75 27.6136 0.0800753
93.346 32.25 27.6158 0.0800725
93.346 32.75 27.6201 0.0800703
93.346 33.25 27.626 0.0800686
93.346 33.75 27.6334 0.0800672
93.346 34.25 27.6416 0.0800662
93.346 34.75 27.6506 0.0800655
93.346 35.25 27.66 0.0800649
93.346 35.75 27.6696 0.0800645
93.346 36.25 27.6792 0.0800643
93.346 36.75 27.6886 0.0800642
93.346 37.25 27.6977 0.0800641
93.346 37.75 27.7065 0.0800641
93.346 38.25 27.7147 0.0800641
93.346 38.75 27.7223 0.080064
93.346 39.25 27.7293 0.080064
93.346 39.75 27.7355 0.080064
93.346 40.25 27.7411 0.0800639
93.346 40.75 27.7458 0.0800637
93.346 41.25 27.7498 0.0800635
93.346 41.75 27.753 0.0800633
93.346 42.25 27.7553 0.080063
93.346 42.75 27.7568 0.0800626
93.346 43.25 27.7576 0.0800621
93.346 43.75 27.7575 0.0800615
93.346 44.25 27.7567 0.0800609
93.346 44.75 27.7551 0.0800602
93.346 45.25 27.7528 0.0800594
93.346 45.75 27.7497 0.0800585
93.346 46.25 27.7459 0.0800575
93.346 46.75 27.7415 0.0800565
93.346 47.25 27.7364 0.0800554
93.346 47.75 27.7306 0.0800542
93.346 48.25 27.7243 0.0800529
93.346 48.75 27.7174 0.0800516
93.346 49.25 27.7099 0.0800502
93.346 49.75 27.7019 0.0800487
93.346 50.25 27.6934 0.0800472
93.346 50.75 27.6845 0.0800456
93.346 51.25 27.6751 0.080044
93.346 51.75 27.6653 0.0800423
93.346 52.25 27.655 0.0800405
93.346 52.75 27.6445 0.0800388
93.346 53.25 27.6335 0.0800369
93.346 53.75 27.6223 0.080035
93.346 54.25 27.6108 0.0800331
93.346 54.75 27.599 0.0800311
93.346 55.25 27.5869 0.080029
93.346 55.75 27.5747 0.0800264
93.346 56.25 27.5622 0.0800221
93.346 56.75 27.5496 0.0800114
93.346 57.25 27.5368 0.0799814
93.346 57.75 27.5239 0.0798997
93.346 58.25 27.5109 0.0797
93.346 58.75 27.4977 0.0792642
93.346 59.25 27.4846 0.078506
93.346 59.75 27.4713 0.0789464

93.8347 0.25 308.61 0.005
93.8347 0.75 271.275 0.005
93.8347 1.25 235.539 0.005
93.8347 1.75 201.545 0.005
93.8347 2.25 169.42 0.00500034
93.8347 2.75 139.51 0.00525852
93.8347 3.25 117.163 0.0141453
93.8347 3.75 105.996 0.0454107
93.8347 4.25 100.146 0.0649657
93.8347 4.75 94.9474 0.0649951
93.8347 5.25 89.9383 0.064967
93.8347 5.75 85.1146 0.0649822
93.8347 6.25 80.4727 0.0648997
93.8347 6.75 76.0116 0.0649612
93.8347 7.25 71.7311 0.0649695
93.8347 7.75 67.6261 0.0648048
93.8347 8.25 63.5267 0.0545168
93.8347 8.75 59.274 0.047001
93.8347 9.25 54.6541 0.03204
93.8347 9.75 52.4289 0.070201
93.8347 10.25 51.0135 0.0930522
93.8347 10.75 49.6061 0.0915453
93.8347 11.25 48.2234 0.0917596
93.8347 11.75 46.8697 0.0917639
93.8347 12.25 45.55 0.0916612
93.8347 12.75 44.2688 0.0914751
93.8347 13.25 43.0303 0.0912266
93.8347 13.75 41.8381 0.0909354
93.8347 14.25 40.6955 0.0906196
93.8347 14.75 39.6048 0.0902949
93.8347 15.25 38.5683 0.0899741
93.8347 15.75 37.5872 0.0896669
93.8347 16.25 36.6626 0.0893793
93.8347 16.75 35.7948 0.0891148
93.8347 17.25 34.9836 0.0888745
93.8347 17.75 34.2285 0.0886581
93.8347 18.25 33.5284 0.0884644
93.8347 18.75 32.8819 0.0882916
93.8347 19.25 32.2873 0.088138
93.8347 19.75 31.7426 0.0880016
93.8347 20.25 31.2456 0.0878807
93.8347 20.75 30.7939 0.0877736
93.8347 21.25 30.3851 0.0876789
93.8347 21.75 30.0165 0.0875951
93.8347 22.25 29.6855 0.0875211
93.8347 22.75 29.3897 0.0874558
93.8347 23.25 29.1263 0.0873982
93.8347 23.75 28.8929 0.0873475
93.8347 24.25 28.687 0.0873028
93.8347 24.75 28.5062 0.0872636
93.8347 25.25 28.3484 0.0872291
93.8347 25.75 28.2114 0.0871989
93.8347 26.25 28.0931 0.0871725
93.8347 26.75 27.9917 0.0871495
93.8347 27.25 27.9054 0.0871294
93.8347 27.75 27.8325 0.0871119
93.8347 28.25 27.7716 0.0870968
93.8347 28.75 27.7213 0.0870836
93.8347 29.25 27.6802 0.0870723
93.8347 29.75 27.6473 0.0870626
93.8347 30.25 27.6214 0.0870543
93.8347 30.75 27.6015 0.0870472
93.8347 31.25 27.5869 0.0870412
93.8347 31.75 27.5768 0.087036
93.8347 32.25 27.5704 0.0870317
93.8347 32.75 27.5671 0.0870281
93.8347 33.25 27.5664 0.0870251
93.8347 33.75 27.5678 0.0870226
93.8347 34.25 27.5709 0.0870205
93.8347 34.75 27.5752 0.0870188
93.8347 35.25 27.5805 0.0870173
93.8347 35.75 27.5864 0.0870162
93.8347 36.25 27.5927 0.0870152
93.8347 36.75 27.5992 0.0870144
93.8347 37.25 27.6057 0.0870137
93.8347 37.75 27.6121 0.0870131
93.8347 38.25 27.6182 0.0870126
93.8347 38.75 27.6239 0.0870121
93.8347 39.25 27.6291 0.0870117
93.8347 39.75 27.6337 0.0870112
93.8347 40.25 27.6378 0.0870108
93.8347 40.75 27.6411 0.0870103
93.8347 41.25 27.6438 0.0870098
93.8347 41.75 27.6457 0.0870092
93.8347 42.25 27.6469 0.0870086
93.8347 42.75 27.6474 0.087008
93.8347 43.25 27.647 0.0870073
93.8347 43.75 27.646 0.0870065
93.8347 44.25 27.6442 0.0870057
93.8347 44.75 27.6416 0.0870048
93.8347 45.25 27.6383 0.0870038
93.8347 45.75 27.6343 0.0870028
93.8347 46.25 27.6297 0.0870017
93.8347 46.75 27.6244 0.0870006
93.8347 47.25 27.6184 0.0869993
93.8347 47.75 27.6118 0.086998
93.8347 48.25 27.6046 0.0869967
93.8347 48.75 27.5968 0.0869953
93.8347 49.25 27.5885 0.0869938
93.8347 49.75 27.5797 0.0869923
93.8347 50.25 27.5704 0.0869907
93.8347 50.75 27.5606 0.0869891
93.8347 51.25 27.5504 0.0869874
93.8347 51.75 27.5397 0.0869856
93.8347 52.25 27.5287 0.0869838
93.8347 52.75 27.5173 0.0869819
93.8347 53.25 27.5055 0.0869798
93.8347 53.75 27.4934 0.0869773
93.8347 54.25 27.4811 0.0869737
93.8347 54.75 27.4685 0.0869679
93.8347 55.25 27.4556 0.0869572
93.8347 55.75 27.4425 0.0869372
93.8347 56.25 27.4292 0.0869007
93.8347 56.75 27.4158 0.0868373
93.8347 57.25 27.4021 0.0867328
93.8347 57.75 27.3884 0.0865677
93.8347 58.25 27.3745 0.0863191
93.8347 58.75 27.3606 0.0860057
93.8347 59.25 27.3466 0.0859131
93.8347 59.75 27.3325 0.0869569

94.3234 0.25 308.771 0.005
94.3234 0.75 271.747 0.005
94.3234 1.25 236.315 0.005
94.3234 1.75 202.62 0.005
94.3234 2.25 170.794 0.00500025
94.3234 2.75 141.129 0.00519863
94.3234 3.25 118.384 0.0126598
94.3234 3.75 106.768 0.0417567
94.3234 4.25 100.847 0.0642707
94.3234 4.75 95.9788 0.0650006
94.3234 5.25 91.2691 0.0650008
94.3234 5.75 86.7212 0.0650009
94.3234 6.25 82.3444 0.0650009
94.3234 6.75 78.1448 0.0650009
94.3234 7.25 74.1259 0.0650008
94.3234 7.75 70.289 0.0649996
94.3234 8.25 66.6338 0.0649986
94.3234 8.75 63.1587 0.0649965
94.3234 9.25 59.8611 0.0649929
94.3234 9.75 56.7369 0.0649656
94.3234 10.25 53.776 0.0644916
94.3234 10.75 50.9734 0.0644962
94.3234 11.25 48.3256 0.0642909
94.3234 11.75 45.8291 0.064711
94.3234 12.25 43.4052 0.0576729
94.3234 12.75 41.7889 0.0651602
94.3234 13.25 40.6366 0.0736091
94.3234 13.75 39.5538 0.0839222
94.3234 14.25 38.5265 0.0834974
94.3234 14.75 37.5508 0.083175
94.3234 15.25 36.6281 0.0828684
94.3234 15.75 35.7589 0.0825878
94.3234 16.25 34.9434 0.0823342
94.3234 16.75 34.1812 0.0821063
94.3234 17.25 33.4718 0.0819022
94.3234 17.75 32.814 0.0817197
94.3234 18.25 32.2064 0.0815569
94.3234 18.75 31.6473 0.0814118
94.3234 19.25 31.1348 0.0812827
94.3234 19.75 30.6668 0.0811678
94.3234 20.25 30.241 0.0810657
94.3234 20.75 29.8552 0.0809751
94.3234 21.25 29.507 0.0808947
94.3234 21.75 29.1939 0.0808234
94.3234 22.25 28.9137 0.0807603
94.3234 22.75 28.6639 0.0807045
94.3234 23.25 28.4422 0.0806552
94.3234 23.75 28.2465 0.0806116
94.3234 24.25 28.0745 0.0805733
94.3234 24.75 27.9242 0.0805395
94.3234 25.25 27.7937 0.0805098
94.3234 25.75 27.6811 0.0804838
94.3234 26.25 27.5847 0.0804611
94.3234 26.75 27.5028 0.0804412
94.3234 27.25 27.4339 0.0804239
94.3234 27.75 27.3767 0.080409
94.3234 28.25 27.3297 0.080396
94.3234 28.75 27.2918 0.0803849
94.3234 29.25 27.262 0.0803753
94.3234 29.75 27.2391 0.0803672
94.3234 30.25 27.2222 0.0803603
94.3234 30.75 27.2107 0.0803544
94.3234 31.25 27.2035 0.0803496
94.3234 31.75 27.2002 0.0803455
94.3234 32.25 27.2001 0.0803422
94.3234 32.75 27.2026 0.0803394
94.3234 33.25 27.2073 0.0803373
94.3234 33.75 27.2137 0.0803355
94.3234 34.25 27.2215 0.0803342
94.3234 34.75 27.2303 0.0803332
94.3234 35.25 27.2398 0.0803324
94.3234 35.75 27.2497 0.0803319
94.3234 36.25 27.2599 0.0803315
94.3234 36.75 27.2702 0.0803313
94.3234 37.25 27.2803 0.0803312
94.3234 37.75 27.2901 0.0803312
94.3234 38.25 27.2996 0.0803312
94.3234 38.75 27.3086 0.0803313
94.3234 39.25 27.317 0.0803313
94.3234 39.75 27.3248 0.0803314
94.3234 40.25 27.3319 0.0803315
94.3234 40.75 27.3383 0.0803315
94.3234 41.25 27.344 0.0803314
94.3234 41.75 27.3489 0.0803314
94.3234 42.25 27.3529 0.0803312
94.3234 42.75 27.3562 0.080331
94.3234 43.25 27.3587 0.0803308
94.3234 43.75 27.3604 0.0803305
94.3234 44.25 27.3613 0.0803301
94.3234 44.75 27.3614 0.0803296
94.3234 45.25 27.3607 0.0803291
94.3234 45.75 27.3593 0.0803284
94.3234 46.25 27.3572 0.0803277
94.3234 46.75 27.3544 0.080327
94.3234 47.25 27.3509 0.0803261
94.3234 47.75 27.3467 0.0803252
94.3234 48.25 27.3419 0.0803242
94.3234 48.75 27.3365 0.0803232
94.3234 49.25 27.3305 0.0803221
94.3234 49.75 27.324 0.0803209
94.3234 50.25 27.3169 0.0803197
94.3234 50.75 27.3094 0.0803184
94.3234 51.25 27.3013 0.080317
94.3234 51.75 27.2929 0.0803156
94.3234 52.25 27.284 0.0803141
94.3234 52.75 27.2747 0.0803126
94.3234 53.25 27.265 0.0803111
94.3234 53.75 27.255 0.0803095
94.3234 54.25 27.2447 0.0803078
94.3234 54.75 27.2341 0.0803061
94.3234 55.25 27.2232 0.0803042
94.3234 55.75 27.2121 0.0803018
94.3234 56.25 27.2008 0.0802972
94.3234 56.75 27.1893 0.0802855
94.3234 57.25 27.1776 0.0802525
94.3234 57.75 27.1658 0.0801649
94.3234 58.25 27.1539 0.0799541
94.3234 58.75 27.1419 0.0794935
94.3234 59.25 27.1298 0.0786609
94.3234 59.75 27.1176 0.0788609

94.8121 0.25 307.94 0.005
94.8121 0.75 269.238 0.005
94.8121 1.25 232.08 0.005
94.8121 1.75 196.581 0.005
94.8121 2.25 162.83 0.00500124
94.8121 2.75 131.618 0.00576831
94.8121 3.25 111.5 0.0234445
94.8121 3.75 101.701 0.0579169
94.8121 4.25 93.259 0.0300124
94.8121 4.75 79.6149 0.005
94.8121 5.25 76.7822 0.0936767
94.8121 5.75 75.1982 0.11942
94.8121 6.25 73.5034 0.121134
94.8121 6.75 71.7771 0.12158
94.8121 7.25 70.0267 0.121726
94.8121 7.75 68.2569 0.121715
94.8121 8.25 66.4722 0.121594
94.8121 8.75 64.6773 0.121397
94.8121 9.25 62.8774 0.121144
94.8121 9.75 61.0778 0.120855
94.8121 10.25 59.2844 0.120542
94.8121 10.75 57.5032 0.120217
94.8121 11.25 55.7404 0.119888
94.8121 11.75 54.0025 0.119564
94.8121 12.25 52.296 0.119252
94.8121 12.75 50.6272 0.118955
94.8121 13.25 49.0023 0.118677
94.8121 13.75 47.427 0.118421
94.8121 14.25 45.9067 0.118188
94.8121 14.75 44.4461 0.117979
94.8121 15.25 43.0493 0.117792
94.8121 15.75 41.7194 0.117626
94.8121 16.25 40.459 0.11748
94.8121 16.75 39.2698 0.117352
94.8121 17.25 38.1527 0.11724
94.8121 17.75 37.1077 0.117141
94.8121 18.25 36.1344 0.117054
94.8121 18.75 35.2316 0.116977
94.8121 19.25 34.3975 0.116908
94.8121 19.75 33.63 0.116845
94.8121 20.25 32.9265 0.116788
94.8121 20.75 32.2841 0.116736
94.8121 21.25 31.6998 0.116688
94.8121 21.75 31.1704 0.116643
94.8121 22.25 30.6924 0.116601
94.8121 22.75 30.2625 0.116562
94.8121 23.25 29.8774 0.116525
94.8121 23.75 29.5338 0.116491
94.8121 24.25 29.2284 0.116459
94.8121 24.75 28.9582 0.116429
94.8121 25.25 28.72 0.116401
94.8121 25.75 28.5112 0.116375
94.8121 26.25 28.3289 0.116351
94.8121 26.75 28.1706 0.116329
94.8121 27.25 28.034 0.11631
94.8121 27.75 27.9168 0.116291
94.8121 28.25 27.817 0.116275
94.8121 28.75 27.7326 0.11626
94.8121 29.25 27.662 0.116247
94.8121 29.75 27.6034 0.116235
94.8121 30.25 27.5556 0.116225
94.8121 30.75 27.517 0.116216
94.8121 31.25 27.4865 0.116208
94.8121 31.75 27.4631 0.1162
94.8121 32.25 27.4456 0.116194
94.8121 32.75 27.4333 0.116189
94.8121 33.25 27.4253 0.116184
94.8121 33.75 27.421 0.11618
94.8121 34.25 27.4197 0.116177
94.8121 34.75 27.4208 0.116174
94.8121 35.25 27.4239 0.116171
94.8121 35.75 27.4285 0.116169
94.8121 36.25 27.4342 0.116167
94.8121 36.75 27.4408 0.116166
94.8121 37.25 27.4479 0.116165
94.8121 37.75 27.4552 0.116163
94.8121 38.25 27.4626 0.116162
94.8121 38.75 27.47 0.116162
94.8121 39.25 27.477 0.116161
94.8121 39.75 27.4837 0.11616
94.8121 40.25 27.4898 0.116159
94.8121 40.75 27.4954 0.116159
94.8121 41.25 27.5002 0.116158
94.8121 41.75 27.5044 0.116157
94.8121 42.25 27.5078 0.116156
94.8121 42.75 27.5104 0.116156
94.8121 43.25 27.5122 0.116155
94.8121 43.75 27.5132 0.116154
94.8121 44.25 27.5134 0.116152
94.8121 44.75 27.5127 0.116151
94.8121 45.25 27.5111 0.116149
94.8121 45.75 27.5088 0.116148
94.8121 46.25 27.5057 0.116145
94.8121 46.75 27.5018 0.116143
94.8121 47.25 27.4971 0.11614
94.8121 47.75 27.4917 0.116136
94.8121 48.25 27.4855 0.116132
94.8121 48.75 27.4787 0.116127
94.8121 49.25 27.4712 0.116121
94.8121 49.75 27.4631 0.116115
94.8121 50.25 27.4544 0.116107
94.8121 50.75 27.4451 0.116098
94.8121 51.25 27.4352 0.116088
94.8121 51.75 27.4249 0.116077
94.8121 52.25 27.414 0.116064
94.8121 52.75 27.4027 0.116049
94.8121 53.25 27.391 0.116032
94.8121 53.75 27.3789 0.116012
94.8121 54.25 27.3664 0.11599
94.8121 54.75 27.3536 0.115966
94.8121 55.25 27.3404 0.11594
94.8121 55.75 27.327 0.115914
94.8121 56.25 27.3134 0.115893
94.8121 56.75 27.2995 0.11588
94.8121 57.25 27.2855 0.115885
94.8121 57.75 27.2712 0.115917
94.8121 58.25 27.2569 0.115987
94.8121 58.75 27.2424 0.116105
94.8121 59.25 27.2279 0.116276
94.8121 59.75 27.2134 0.11649

95.3009 0.25 308.02 0.005
95.3009 0.75 269.473 0.005
95.3009 1.25 232.471 0.005
95.3009 1.75 197.13 0.005
95.3009 2.25 163.541 0.00500111
95.3009 2.75 132.437 0.00569611
95.3009 3.25 112.08 0.0221571
95.3009 3.75 102.332 0.0594298
95.3009 4.25 95.5812 0.0611648
95.3009 4.75 88.2979 0.0405271
95.3009 5.25 76.8567 0.005
95.3009 5.75 74.0303 0.0902376
95.3009 6.25 72.4466 0.117312
95.3009 6.75 70.7607 0.118112
95.3009 7.25 69.0505 0.118298
95.3009 7.75 67.3211 0.118366
95.3009 8.25 65.5769 0.118328
95.3009 8.75 63.8224 0.118206
95.3009 9.25 62.0628 0.118021
95.3009 9.75 60.3034 0.11779
95.3009 10.25 58.5499 0.117529
95.3009 10.75 56.8083 0.117247
95.3009 11.25 55.0849 0.116956
95.3009 11.75 53.386 0.116663
95.3009 12.25 51.7178 0.116373
95.3009 12.75 50.0868 0.116094
95.3009 13.25 48.4987 0.115827
95.3009 13.75 46.9594 0.115577
95.3009 14.25 45.4738 0.115345
95.3009 14.75 44.0466 0.115131
95.3009 15.25 42.6816 0.114935
95.3009 15.75 41.382 0.114757
95.3009 16.25 40.1502 0.114596
95.3009 16.75 38.9877 0.11445
95.3009 17.25 37.8954 0.114317
95.3009 17.75 36.8734 0.114197
95.3009 18.25 35.9212 0.114088
95.3009 18.75 35.0377 0.113988
95.3009 19.25 34.2211 0.113896
95.3009 19.75 33.4694 0.113812
95.3009 20.25 32.78 0.113734
95.3009 20.75 32.1503 0.113662
95.3009 21.25 31.5772 0.113596
95.3009 21.75 31.0577 0.113534
95.3009 22.25 30.5884 0.113476
95.3009 22.75 30.1662 0.113423
95.3009 23.25 29.7877 0.113374
95.3009 23.75 29.4498 0.113329
95.3009 24.25 29.1494 0.113287
95.3009 24.75 28.8833 0.113249
95.3009 25.25 28.6487 0.113214
95.3009 25.75 28.4428 0.113183
95.3009 26.25 28.263 0.113154
95.3009 26.75 28.1068 0.113128
95.3009 27.25 27.9719 0.113105
95.3009 27.75 27.856 0.113085
95.3009 28.25 27.7572 0.113066
95.3009 28.75 27.6737 0.11305
95.3009 29.25 27.6036 0.113036
95.3009 29.75 27.5455 0.113023
95.3009 30.25 27.4978 0.113012
95.3009 30.75 27.4593 0.113002
95.3009 31.25 27.4289 0.112994
95.3009 31.75 27.4053 0.112986
95.3009 32.25 27.3877 0.11298
95.3009 32.75 27.3751 0.112974
95.3009 33.25 27.3669 0.11297
95.3009 33.75 27.3622 0.112966
95.3009 34.25 27.3605 0.112962
95.3009 34.75 27.3613 0.112959
95.3009 35.25 27.364 0.112957
95.3009 35.75 27.3682 0.112955
95.3009 36.25 27.3735 0.112953
95.3009 36.75 27.3797 0.112951
95.3009 37.25 27.3864 0.11295
95.3009 37.75 27.3933 0.112949
95.3009 38.25 27.4004 0.112948
95.3009 38.75 27.4073 0.112947
95.3009 39.25 27.414 0.112946
95.3009 39.75 27.4203 0.112946
95.3009 40.25 27.4261 0.112945
95.3009 40.75 27.4313 0.112944
95.3009 41.25 27.4359 0.112944
95.3009 41.75 27.4397 0.112943
95.3009 42.25 27.4428 0.112942
95.3009 42.75 27.4452 0.112942
95.3009 43.25 27.4467 0.112941
95.3009 43.75 27.4474 0.11294
95.3009 44.25 27.4473 0.112939
95.3009 44.75 27.4464 0.112938
95.3009 45.25 27.4446 0.112937
95.3009 45.75 27.4421 0.112935
95.3009 46.25 27.4388 0.112933
95.3009 46.75 27.4346 0.112931
95.3009 47.25 27.4298 0.112929
95.3009 47.75 27.4242 0.112926
95.3009 48.25 27.4179 0.112922
95.3009 48.75 27.4109 0.112918
95.3009 49.25 27.4033 0.112912
95.3009 49.75 27.395 0.112906
95.3009 50.25 27.3861 0.112899
95.3009 50.75 27.3767 0.112891
95.3009 51.25 27.3667 0.112881
95.3009 51.75 27.3562 0.112869
95.3009 52.25 27.3453 0.112856
95.3009 52.75 27.3339 0.11284
95.3009 53.25 27.322 0.112822
95.3009 53.75 27.3098 0.112801
95.3009 54.25 27.2972 0.112777
95.3009 54.75 27.2843 0.112749
95.3009 55.25 27.2711 0.112718
95.3009 55.75 27.2576 0.112686
95.3009 56.25 27.2439 0.112654
95.3009 56.75 27.2299 0.11263
95.3009 57.25 27.2158 0.112623
95.3009 57.75 27.2015 0.112644
95.3009 58.25 27.1871 0.112711
95.3009 58.75 27.1726 0.112838
95.3009 59.25 27.158 0.113034
95.3009 59.75 27.1433 0.11329

95.7896 0.25 307.891 0.005
95.7896 0.75 269.101 0.005
95.7896 1.25 231.871 0.005
95.7896 1.75 196.317 0.005
95.7896 2.25 162.531 0.00500136
95.7896 2.75 131.346 0.00582957
95.7896 3.25 111.408 0.02437
95.7896 3.75 101.843 0.0611482
95.7896 4.25 94.9691 0.0630328
95.7896 4.75 87.7389 0.0460814
95.7896 5.25 76.5649 0.005
95.7896 5.75 73.6867 0.0901488
95.7896 6.25 72.0695 0.118419
95.7896 6.75 70.3411 0.119571
95.7896 7.25 68.5865 0.119847
95.7896 7.75 66.812 0.119949
95.7896 8.25 65.0226 0.119919
95.7896 8.75 63.2235 0.11979
95.7896 9.25 61.4203 0.119592
95.7896 9.75 59.6188 0.119347
95.7896 10.25 57.8253 0.119074
95.7896 10.75 56.0462 0.118787
95.7896 11.25 54.2882 0.118494
95.7896 11.75 52.5582 0.118206
95.7896 12.25 50.8628 0.117927
95.7896 12.75 49.2086 0.117664
95.7896 13.25 47.6021 0.117419
95.7896 13.75 46.0489 0.117195
95.7896 14.25 44.5545 0.116993
95.7896 14.75 43.1233 0.116812
95.7896 15.25 41.7592 0.116652
95.7896 15.75 40.4652 0.11651
95.7896 16.25 39.2433 0.116387
95.7896 16.75 38.0949 0.116279
95.7896 17.25 37.0203 0.116184
95.7896 17.75 36.0193 0.116101
95.7896 18.25 35.0909 0.116027
95.7896 18.75 34.2333 0.115961
95.7896 19.25 33.4446 0.115902
95.7896 19.75 32.7221 0.115847
95.7896 20.25 32.0629 0.115798
95.7896 20.75 31.4638 0.115751
95.7896 21.25 30.9215 0.115708
95.7896 21.75 30.4326 0.115668
95.7896 22.25 29.9935 0.115629
95.7896 22.75 29.6007 0.115593
95.7896 23.25 29.2508 0.11556
95.7896 23.75 28.9404 0.115528
95.7896 24.25 28.6663 0.115498
95.7896 24.75 28.4253 0.11547
95.7896 25.25 28.2144 0.115444
95.7896 25.75 28.0308 0.115421
95.7896 26.25 27.8719 0.115399
95.7896 26.75 27.7352 0.115379
95.7896 27.25 27.6184 0.11536
95.7896 27.75 27.5193 0.115344
95.7896 28.25 27.4359 0.115329
95.7896 28.75 27.3666 0.115316
95.7896 29.25 27.3095 0.115304
95.7896 29.75 27.2632 0.115294
95.7896 30.25 27.2264 0.115284
95.7896 30.75 27.1977 0.115276
95.7896 31.25 27.176 0.115269
95.7896 31.75 27.1604 0.115263
95.7896 32.25 27.15 0.115258
95.7896 32.75 27.1438 0.115253
95.7896 33.25 27.1413 0.115249
95.7896 33.75 27.1418 0.115246
95.7896 34.25 27.1446 0.115243
95.7896 34.75 27.1494 0.115241
95.7896 35.25 27.1557 0.115239
95.7896 35.75 27.163 0.115237
95.7896 36.25 27.1711 0.115236
95.7896 36.75 27.1797 0.115235
95.7896 37.25 27.1886 0.115234
95.7896 37.75 27.1974 0.115233
95.7896 38.25 27.2061 0.115232
95.7896 38.75 27.2145 0.115231
95.7896 39.25 27.2224 0.115231
95.7896 39.75 27.2298 0.11523
95.7896 40.25 27.2366 0.11523
95.7896 40.75 27.2427 0.115229
95.7896 41.25 27.248 0.115228
95.7896 41.75 27.2526 0.115228
95.7896 42.25 27.2563 0.115227
95.7896 42.75 27.2592 0.115226
95.7896 43.25 27.2612 0.115226
95.7896 43.75 27.2624 0.115225
95.7896 44.25 27.2627 0.115224
95.7896 44.75 27.2622 0.115222
95.7896 45.25 27.2608 0.115221
95.7896 45.75 27.2587 0.115219
95.7896 46.25 27.2557 0.115217
95.7896 46.75 27.252 0.115215
95.7896 47.25 27.2475 0.115212
95.7896 47.75 27.2423 0.115209
95.7896 48.25 27.2364 0.115205
95.7896 48.75 27.2298 0.1152
95.7896 49.25 27.2225 0.115194
95.7896 49.75 27.2147 0.115188
95.7896 50.25 27.2062 0.11518
95.7896 50.75 27.1973 0.115172
95.7896 51.25 27.1877 0.115162
95.7896 51.75 27.1777 0.11515
95.7896 52.25 27.1673 0.115137
95.7896 52.75 27.1563 0.115121
95.7896 53.25 27.145 0.115103
95.7896 53.75 27.1333 0.115083
95.7896 54.25 27.1213 0.115059
95.7896 54.75 27.1089 0.115032
95.7896 55.25 27.0962 0.115003
95.7896 55.75 27.0833 0.114973
95.7896 56.25 27.0701 0.114945
95.7896 56.75 27.0568 0.114924
95.7896 57.25 27.0432 0.114918
95.7896 57.75 27.0295 0.114937
95.7896 58.25 27.0157 0.114994
95.7896 58.75 27.0018 0.115101
95.7896 59.25 26.9878 0.115263
95.7896 59.75 26.9737 0.115473

96.2783 0.25 308.557 0.005
96.2783 0.75 271.124 0.005
96.2783 1.25 235.299 0.005
96.2783 1.75 201.224 0.005
96.2783 2.25 169.027 0.00500039
96.2783 2.75 139.069 0.0052815
96.2783 3.25 116.827 0.0146117
96.2783 3.75 105.751 0.0464579
96.2783 4.25 99.8762 0.0649972
96.2783 4.75 94.6282 0.0649975
96.2783 5.25 89.5739 0.0649979
96.2783 5.75 84.7106 0.0649654
96.2783 6.25 80.0371 0.0649693
96.2783 6.75 75.5532 0.0649734
96.2783 7.25 71.2543 0.0647451
96.2783 7.75 67.1396 0.0648267
96.2783 8.25 63.1931 0.0636961
96.2783 8.75 59.3658 0.0607094
96.2783 9.25 55.6649 0.0603571
96.2783 9.75 52.0005 0.0514872
96.2783 10.25 49.9404 0.0666652
96.2783 10.75 48.5402 0.0936696
96.2783 11.25 47.1619 0.0933954
96.2783 11.75 45.816 0.0934153
96.2783 12.25 44.5067 0.0933415
96.2783 12.75 43.2377 0.0931958
96.2783 13.25 42.0127 0.0929951
96.2783 13.75 40.8347 0.0927544
96.2783 14.25 39.7065 0.0924878
96.2783 14.75 38.6303 0.0922081
96.2783 15.25 37.6079 0.0919263
96.2783 15.75 36.6408 0.0916512
96.2783 16.25 35.7297 0.0913893
96.2783 16.75 34.8752 0.091145
96.2783 17.25 34.0772 0.0909207
96.2783 17.75 33.3352 0.0907171
96.2783 18.25 32.6483 0.0905339
96.2783 18.75 32.0152 0.0903702
96.2783 19.25 31.4341 0.0902245
96.2783 19.75 30.9031 0.0900952
96.2783 20.25 30.42 0.0899807
96.2783 20.75 29.9824 0.0898795
96.2783 21.25 29.5876 0.0897901
96.2783 21.75 29.233 0.0897113
96.2783 22.25 28.916 0.0896418
96.2783 22.75 28.6337 0.0895806
96.2783 23.25 28.3837 0.0895268
96.2783 23.75 28.1632 0.0894795
96.2783 24.25 27.9698 0.089438
96.2783 24.75 27.8011 0.0894017
96.2783 25.25 27.6547 0.0893698
96.2783 25.75 27.5285 0.089342
96.2783 26.25 27.4204 0.0893177
96.2783 26.75 27.3287 0.0892966
96.2783 27.25 27.2514 0.0892783
96.2783 27.75 27.1871 0.0892624
96.2783 28.25 27.1341 0.0892487
96.2783 28.75 27.0911 0.0892369
96.2783 29.25 27.0569 0.0892268
96.2783 29.75 27.0304 0.0892182
96.2783 30.25 27.0104 0.0892108
96.2783 30.75 26.996 0.0892046
96.2783 31.25 26.9865 0.0891994
96.2783 31.75 26.9811 0.089195
96.2783 32.25 26.979 0.0891914
96.2783 32.75 26.9798 0.0891884
96.2783 33.25 26.9828 0.0891859
96.2783 33.75 26.9876 0.0891839
96.2783 34.25 26.9939 0.0891823
96.2783 34.75 27.0011 0.089181
96.2783 35.25 27.0091 0.0891799
96.2783 35.75 27.0176 0.0891791
96.2783 36.25 27.0262 0.0891785
96.2783 36.75 27.0349 0.089178
96.2783 37.25 27.0434 0.0891776
96.2783 37.75 27.0516 0.0891772
96.2783 38.25 27.0595 0.089177
96.2783 38.75 27.0667 0.0891767
96.2783 39.25 27.0734 0.0891765
96.2783 39.75 27.0794 0.0891762
96.2783 40.25 27.0847 0.0891759
96.2783 40.75 27.0893 0.0891756
96.2783 41.25 27.093 0.0891753
96.2783 41.75 27.096 0.0891749
96.2783 42.25 27.0981 0.0891744
96.2783 42.75 27.0994 0.0891739
96.2783 43.25 27.0999 0.0891733
96.2783 43.75 27.0995 0.0891727
96.2783 44.25 27.0984 0.089172
96.2783 44.75 27.0965 0.0891712
96.2783 45.25 27.0938 0.0891703
96.2783 45.75 27.0904 0.0891694
96.2783 46.25 27.0862 0.0891684
96.2783 46.75 27.0813 0.0891673
96.2783 47.25 27.0758 0.0891662
96.2783 47.75 27.0696 0.089165
96.2783 48.25 27.0627 0.0891637
96.2783 48.75 27.0553 0.0891624
96.2783 49.25 27.0473 0.089161
96.2783 49.75 27.0387 0.0891595
96.2783 50.25 27.0297 0.089158
96.2783 50.75 27.0201 0.0891564
96.2783 51.25 27.0101 0.0891548
96.2783 51.75 26.9997 0.0891531
96.2783 52.25 26.9888 0.0891512
96.2783 52.75 26.9775 0.0891491
96.2783 53.25 26.9659 0.0891465
96.2783 53.75 26.954 0.0891429
96.2783 54.25 26.9418 0.089137
96.2783 54.75 26.9293 0.0891271
96.2783 55.25 26.9165 0.0891101
96.2783 55.75 26.9035 0.0890812
96.2783 56.25 26.8903 0.0890342
96.2783 56.75 26.877 0.0889611
96.2783 57.25 26.8634 0.088851
96.2783 57.75 26.8498 0.0886896
96.2783 58.25 26.836 0.0884677
96.2783 58.75 26.8221 0.0882365
96.2783 59.25 26.8082 0.0882755
96.2783 59.75 26.7942 0.0891979

96.767 0.25 308.43 0.005
96.767 0.75 270.754 0.005
96.767 1.25 234.698 0.005
96.767 1.75 200.407 0.005
96.767 2.25 168.004 0.0050005
96.767 2.75 137.9 0.00534721
96.767 3.25 115.99 0.015948
96.767 3.75 105.193 0.0490281
96.767 4.25 99.2762 0.0649888
96.767 4.75 93.9099 0.0648254
96.767 5.25 88.7307 0.0648326
96.767 5.75 83.7422 0.0649341
96.767 6.25 78.9436 0.064952
96.767 6.75 74.3255 0.0645647
96.767 7.25 69.8585 0.0628799
96.767 7.75 65.486 0.0592413
96.767 8.25 60.832 0.0405325
96.767 8.75 55.8776 0.0390463
96.767 9.25 53.5963 0.0816659
96.767 9.75 52.1221 0.096601
96.767 10.25 50.6504 0.0965946
96.767 10.75 49.1997 0.0967495
96.767 11.25 47.7753 0.0968014
96.767 11.75 46.3826 0.096773
96.767 12.25 45.0265 0.0966799
96.767 12.75 43.7115 0.0965346
96.767 13.25 42.4419 0.0963483
96.767 13.75 41.2213 0.0961314
96.767 14.25 40.0529 0.0958934
96.767 14.75 38.9391 0.0956432
96.767 15.25 37.882 0.0953885
96.767 15.75 36.883 0.0951363
96.767 16.25 35.9429 0.0948921
96.767 16.75 35.062 0.0946601
96.767 17.25 34.24 0.0944432
96.767 17.75 33.4764 0.0942433
96.767 18.25 32.7699 0.0940611
96.767 18.75 32.1191 0.0938965
96.767 19.25 31.522 0.0937489
96.767 19.75 30.9766 0.0936172
96.767 20.25 30.4805 0.0935002
96.767 20.75 30.0311 0.0933966
96.767 21.25 29.6258 0.093305
96.767 21.75 29.2619 0.0932242
96.767 22.25 28.9365 0.093153
96.767 22.75 28.6469 0.0930904
96.767 23.25 28.3903 0.0930353
96.767 23.75 28.1641 0.092987
96.767 24.25 27.9657 0.0929445
96.767 24.75 27.7925 0.0929074
96.767 25.25 27.6424 0.0928749
96.767 25.75 27.5128 0.0928465
96.767 26.25 27.4019 0.0928217
96.767 26.75 27.3077 0.0928002
96.767 27.25 27.2282 0.0927815
96.767 27.75 27.1619 0.0927653
96.767 28.25 27.1071 0.0927513
96.767 28.75 27.0626 0.0927392
96.767 29.25 27.0269 0.0927288
96.767 29.75 26.9989 0.09272
96.767 30.25 26.9776 0.0927124
96.767 30.75 26.962 0.092706
96.767 31.25 26.9513 0.0927005
96.767 31.75 26.9446 0.0926959
96.767 32.25 26.9413 0.0926921
96.767 32.75 26.9408 0.0926889
96.767 33.25 26.9426 0.0926862
96.767 33.75 26.9462 0.092684
96.767 34.25 26.9512 0.0926821
96.767 34.75 26.9572 0.0926806
96.767 35.25 26.9639 0.0926794
96.767 35.75 26.9711 0.0926783
96.767 36.25 26.9784 0.0926775
96.767 36.75 26.9858 0.0926768
96.767 37.25 26.993 0.0926762
96.767 37.75 26.9999 0.0926756
96.767 38.25 27.0064 0.0926751
96.767 38.75 27.0124 0.0926746
96.767 39.25 27.0178 0.0926742
96.767 39.75 27.0225 0.0926737
96.767 40.25 27.0266 0.0926732
96.767 40.75 27.0299 0.0926727
96.767 41.25 27.0324 0.0926722
96.767 41.75 27.0342 0.0926716
96.767 42.25 27.0351 0.092671
96.767 42.75 27.0353 0.0926703
96.767 43.25 27.0347 0.0926695
96.767 43.75 27.0333 0.0926687
96.767 44.25 27.0311 0.0926678
96.767 44.75 27.0281 0.0926669
96.767 45.25 27.0245 0.0926659
96.767 45.75 27.0201 0.0926648
96.767 46.25 27.015 0.0926636
96.767 46.75 27.0093 0.0926624
96.767 47.25 27.0029 0.0926612
96.767 47.75 26.9959 0.0926599
96.767 48.25 26.9883 0.0926585
96.767 48.75 26.9801 0.092657
96.767 49.25 26.9714 0.0926555
96.767 49.75 26.9622 0.0926539
96.767 50.25 26.9525 0.0926523
96.767 50.75 26.9423 0.0926506
96.767 51.25 26.9317 0.0926487
96.767 51.75 26.9207 0.0926465
96.767 52.25 26.9094 0.0926439
96.767 52.75 26.8976 0.0926404
96.767 53.25 26.8856 0.0926353
96.767 53.75 26.8732 0.0926276
96.767 54.25 26.8605 0.0926157
96.767 54.75 26.8476 0.0925973
96.767 55.25 26.8345 0.0925697
96.767 55.75 26.8211 0.0925293
96.767 56.25 26.8075 0.092472
96.767 56.75 26.7938 0.0923918
96.767 57.25 26.78 0.092281
96.767 57.75 26.766 0.0921331
96.767 58.25 26.7519 0.0919601
96.767 58.75 26.7377 0.0918409
96.767 59.25 26.7235 0.091999
96.767 59.75 26.7092 0.0927504

97.2557 0.25 308.596 0.005
97.2557 0.75 271.254 0.005
97.2557 1.25 235.54 0.005
97.2557 1.75 201.6 0.005
97.2557 2.25 169.566 0.00500035
97.2557 2.75 139.776 0.00525765
97.2557 3.25 117.378 0.0140876
97.2557 3.75 106.11 0.0451699
97.2557 4.25 100.258 0.0649059
97.2557 4.75 95.1361 0.0650006
97.2557 5.25 90.2036 0.0650008
97.2557 5.75 85.4692 0.0650009
97.2557 6.25 80.9359 0.0650009
97.2557 6.75 76.6045 0.0650008
97.2557 7.25 72.4749 0.0649994
97.2557 7.75 68.5467 0.0649988
97.2557 8.25 64.8183 0.0649993
97.2557 8.75 61.2875 0.0649962
97.2557 9.25 57.951 0.0649878
97.2557 9.75 54.8038 0.0649633
97.2557 10.25 51.8408 0.064985
97.2557 10.75 49.0545 0.064887
97.2557 11.25 46.437 0.0649091
97.2557 11.75 43.9708 0.0638669
97.2557 12.25 41.6072 0.0597623
97.2557 12.75 40.0293 0.0651655
97.2557 13.25 38.8958 0.0716021
97.2557 13.75 37.8352 0.0834656
97.2557 14.25 36.8353 0.0829193
97.2557 14.75 35.8908 0.0826183
97.2557 15.25 35.0026 0.0823309
97.2557 15.75 34.1707 0.0820693
97.2557 16.25 33.395 0.0818342
97.2557 16.75 32.6744 0.0816239
97.2557 17.25 32.008 0.0814365
97.2557 17.75 31.394 0.0812697
97.2557 18.25 30.8307 0.0811216
97.2557 18.75 30.3161 0.0809901
97.2557 19.25 29.8477 0.0808736
97.2557 19.75 29.4233 0.0807705
97.2557 20.25 29.0403 0.0806792
97.2557 20.75 28.6962 0.0805986
97.2557 21.25 28.3884 0.0805274
97.2557 21.75 28.1144 0.0804647
97.2557 22.25 27.8716 0.0804094
97.2557 22.75 27.6576 0.0803608
97.2557 23.25 27.4699 0.0803181
97.2557 23.75 27.3063 0.0802807
97.2557 24.25 27.1646 0.080248
97.2557 24.75 27.0426 0.0802194
97.2557 25.25 26.9386 0.0801945
97.2557 25.75 26.8505 0.0801728
97.2557 26.25 26.7767 0.0801541
97.2557 26.75 26.7156 0.0801379
97.2557 27.25 26.6658 0.080124
97.2557 27.75 26.6258 0.080112
97.2557 28.25 26.5945 0.0801018
97.2557 28.75 26.5708 0.0800932
97.2557 29.25 26.5535 0.0800859
97.2557 29.75 26.5419 0.0800798
97.2557 30.25 26.535 0.0800747
97.2557 30.75 26.5322 0.0800705
97.2557 31.25 26.5327 0.0800671
97.2557 31.75 26.536 0.0800644
97.2557 32.25 26.5416 0.0800622
97.2557 32.75 26.5489 0.0800605
97.2557 33.25 26.5577 0.0800592
97.2557 33.75 26.5674 0.0800582
97.2557 34.25 26.5779 0.0800575
97.2557 34.75 26.5888 0.0800571
97.2557 35.25 26.5999 0.0800568
97.2557 35.75 26.611 0.0800567
97.2557 36.25 26.622 0.0800567
97.2557 36.75 26.6327 0.0800567
97.2557 37.25 26.6429 0.0800568
97.2557 37.75 26.6527 0.0800569
97.2557 38.25 26.6618 0.080057
97.2557 38.75 26.6702 0.0800572
97.2557 39.25 26.6779 0.0800572
97.2557 39.75 26.6849 0.0800573
97.2557 40.25 26.691 0.0800573
97.2557 40.75 26.6964 0.0800573
97.2557 41.25 26.7009 0.0800572
97.2557 41.75 26.7046 0.080057
97.2557 42.25 26.7075 0.0800567
97.2557 42.75 26.7096 0.0800564
97.2557 43.25 26.7108 0.080056
97.2557 43.75 26.7113 0.0800556
97.2557 44.25 26.7109 0.080055
97.2557 44.75 26.7099 0.0800544
97.2557 45.25 26.708 0.0800537
97.2557 45.75 26.7055 0.0800529
97.2557 46.25 26.7023 0.0800521
97.2557 46.75 26.6984 0.0800512
97.2557 47.25 26.6939 0.0800502
97.2557 47.75 26.6888 0.0800491
97.2557 48.25 26.6831 0.080048
97.2557 48.75 26.6768 0.0800468
97.2557 49.25 26.67 0.0800455
97.2557 49.75 26.6627 0.0800442
97.2557 50.25 26.6549 0.0800429
97.2557 50.75 26.6467 0.0800414
97.2557 51.25 26.638 0.0800399
97.2557 51.75 26.629 0.0800384
97.2557 52.25 26.6195 0.0800368
97.2557 52.75 26.6098 0.0800352
97.2557 53.25 26.5997 0.0800336
97.2557 53.75 26.5893 0.0800319
97.2557 54.25 26.5786 0.0800301
97.2557 54.75 26.5677 0.0800283
97.2557 55.25 26.5565 0.0800264
97.2557 55.75 26.5452 0.0800241
97.2557 56.25 26.5336 0.0800201
97.2557 56.75 26.5219 0.0800103
97.2557 57.25 26.5101 0.0799823
97.2557 57.75 26.4981 0.0799052
97.2557 58.25 26.4861 0.0797129
97.2557 58.75 26.4739 0.0792777
97.2557 59.25 26.4617 0.0784353
97.2557 59.75 26.4494 0.0783154

97.7445 0.25 308.417 0.005
97.7445 0.75 270.723 0.005
97.7445 1.25 234.657 0.005
97.7445 1.75 200.366 0.005
97.7445 2.25 167.974 0.00500052
97.7445 2.75 137.893 0.00535318
97.7445 3.25 115.98 0.016011
97.7445 3.75 105.168 0.0491128
97.7445 4.25 99.2397 0.0649994
97.7445 4.75 93.8652 0.0649995
97.7445 5.25 88.6829 0.064989
97.7445 5.75 83.6909 0.0649743
97.7445 6.25 78.8863 0.0648483
97.7445 6.75 74.2705 0.064943
97.7445 7.25 69.8449 0.0649589
97.7445 7.75 65.5956 0.0642962
97.7445 8.25 61.5133 0.0638462
97.7445 8.75 57.54 0.0595846
97.7445 9.25 53.2997 0.0395912
97.7445 9.75 51.054 0.0657275
97.7445 10.25 49.5891 0.0940997
97.7445 10.75 48.1374 0.0943814
97.7445 11.25 46.7144 0.0944781
97.7445 11.75 45.3255 0.0944726
97.7445 12.25 43.9758 0.09439
97.7445 12.75 42.6701 0.0942455
97.7445 13.25 41.4126 0.094053
97.7445 13.75 40.2068 0.0938252
97.7445 14.25 39.0558 0.0935741
97.7445 14.75 37.962 0.0933109
97.7445 15.25 36.9271 0.093045
97.7445 15.75 35.9522 0.0927844
97.7445 16.25 35.0379 0.0925353
97.7445 16.75 34.1841 0.0923018
97.7445 17.25 33.3903 0.0920866
97.7445 17.75 32.6554 0.0918908
97.7445 18.25 31.9779 0.0917144
97.7445 18.75 31.3561 0.0915566
97.7445 19.25 30.7878 0.0914163
97.7445 19.75 30.2705 0.0912919
97.7445 20.25 29.8018 0.091182
97.7445 20.75 29.3788 0.091085
97.7445 21.25 28.9989 0.0909996
97.7445 21.75 28.6591 0.0909244
97.7445 22.25 28.3565 0.0908584
97.7445 22.75 28.0885 0.0908004
97.7445 23.25 27.8521 0.0907495
97.7445 23.75 27.6448 0.0907049
97.7445 24.25 27.4639 0.0906659
97.7445 24.75 27.3069 0.0906319
97.7445 25.25 27.1717 0.0906022
97.7445 25.75 27.056 0.0905763
97.7445 26.25 26.9577 0.0905538
97.7445 26.75 26.8749 0.0905344
97.7445 27.25 26.8059 0.0905175
97.7445 27.75 26.7491 0.090503
97.7445 28.25 26.703 0.0904906
97.7445 28.75 26.6662 0.0904799
97.7445 29.25 26.6376 0.0904708
97.7445 29.75 26.6159 0.0904631
97.7445 30.25 26.6003 0.0904566
97.7445 30.75 26.5898 0.0904511
97.7445 31.25 26.5835 0.0904465
97.7445 31.75 26.5809 0.0904426
97.7445 32.25 26.5812 0.0904395
97.7445 32.75 26.5839 0.0904369
97.7445 33.25 26.5885 0.0904348
97.7445 33.75 26.5946 0.0904331
97.7445 34.25 26.6017 0.0904317
97.7445 34.75 26.6096 0.0904306
97.7445 35.25 26.618 0.0904297
97.7445 35.75 26.6266 0.090429
97.7445 36.25 26.6352 0.0904285
97.7445 36.75 26.6437 0.090428
97.7445 37.25 26.6519 0.0904276
97.7445 37.75 26.6596 0.0904273
97.7445 38.25 26.6668 0.090427
97.7445 38.75 26.6734 0.0904267
97.7445 39.25 26.6793 0.0904264
97.7445 39.75 26.6845 0.0904261
97.7445 40.25 26.6889 0.0904257
97.7445 40.75 26.6924 0.0904253
97.7445 41.25 26.6952 0.0904249
97.7445 41.75 26.6972 0.0904243
97.7445 42.25 26.6983 0.0904238
97.7445 42.75 26.6986 0.0904231
97.7445 43.25 26.6981 0.0904224
97.7445 43.75 26.6967 0.0904217
97.7445 44.25 26.6946 0.0904208
97.7445 44.75 26.6917 0.0904199
97.7445 45.25 26.6881 0.0904189
97.7445 45.75 26.6837 0.0904179
97.7445 46.25 26.6786 0.0904167
97.7445 46.75 26.6729 0.0904155
97.7445 47.25 26.6665 0.0904143
97.7445 47.75 26.6595 0.090413
97.7445 48.25 26.6518 0.0904116
97.7445 48.75 26.6437 0.0904101
97.7445 49.25 26.6349 0.0904086
97.7445 49.75 26.6257 0.0904071
97.7445 50.25 26.616 0.0904054
97.7445 50.75 26.6058 0.0904038
97.7445 51.25 26.5952 0.090402
97.7445 51.75 26.5842 0.0904001
97.7445 52.25 26.5728 0.0903981
97.7445 52.75 26.561 0.0903956
97.7445 53.25 26.5489 0.0903923
97.7445 53.75 26.5366 0.0903876
97.7445 54.25 26.5239 0.09038
97.7445 54.75 26.511 0.0903675
97.7445 55.25 26.4978 0.090347
97.7445 55.75 26.4845 0.0903143
97.7445 56.25 26.4709 0.0902641
97.7445 56.75 26.4572 0.0901896
97.7445 57.25 26.4433 0.0900817
97.7445 57.75 26.4294 0.0899295
97.7445 58.25 26.4153 0.0897312
97.7445 58.75 26.4011 0.0895464
97.7445 59.25 26.3869 0.089624
97.7445 59.75 26.3726 0.0904412

98.2332 0.25 308.334 0.005
98.2332 0.75 270.473 0.005
98.2332 1.25 234.241 0.005
98.2332 1.75 199.78 0.005
98.2332 2.25 167.214 0.00500062
98.2332 2.75 136.997 0.00540795
98.2332 3.25 115.327 0.0170061
98.2332 3.75 104.717 0.0509702
98.2332 4.25 98.7212 0.0649702
98.2332 4.75 93.2078 0.063558
98.2332 5.25 87.8605 0.0632446
98.2332 5.75 82.6956 0.0622306
98.2332 6.25 77.7054 0.0610609
98.2332 6.75 72.9679 0.0637267
98.2332 7.25 68.444 0.0601381
98.2332 7.75 64.0894 0.0603536
98.2332 8.25 59.6604 0.0451402
98.2332 8.75 55.4066 0.0581343
98.2332 9.25 53.2989 0.0826973
98.2332 9.75 51.8676 0.0977634
98.2332 10.25 50.437 0.097917
98.2332 10.75 49.0222 0.0980354
98.2332 11.25 47.626 0.0980687
98.2332 11.75 46.2518 0.0980306
98.2332 12.25 44.9038 0.0979328
98.2332 12.75 43.5871 0.0977862
98.2332 13.25 42.3069 0.0976012
98.2332 13.75 41.0687 0.0973874
98.2332 14.25 39.8774 0.097154
98.2332 14.75 38.7377 0.0969091
98.2332 15.25 37.6534 0.0966602
98.2332 15.75 36.6272 0.0964133
98.2332 16.25 35.6612 0.0961738
98.2332 16.75 34.7564 0.0959457
98.2332 17.25 33.9131 0.0957318
98.2332 17.75 33.1309 0.0955339
98.2332 18.25 32.4086 0.095353
98.2332 18.75 31.7447 0.0951892
98.2332 19.25 31.1371 0.0950421
98.2332 19.75 30.5835 0.0949107
98.2332 20.25 30.0812 0.0947939
98.2332 20.75 29.6275 0.0946905
98.2332 21.25 29.2194 0.0945993
98.2332 21.75 28.854 0.0945189
98.2332 22.25 28.5282 0.0944482
98.2332 22.75 28.2391 0.0943861
98.2332 23.25 27.9839 0.0943316
98.2332 23.75 27.7595 0.0942839
98.2332 24.25 27.5635 0.0942421
98.2332 24.75 27.3931 0.0942056
98.2332 25.25 27.2458 0.0941737
98.2332 25.75 27.1195 0.094146
98.2332 26.25 27.0119 0.0941218
98.2332 26.75 26.921 0.0941009
98.2332 27.25 26.845 0.0940828
98.2332 27.75 26.7821 0.0940671
98.2332 28.25 26.7307 0.0940536
98.2332 28.75 26.6894 0.0940421
98.2332 29.25 26.657 0.0940322
98.2332 29.75 26.6321 0.0940238
98.2332 30.25 26.6138 0.0940167
98.2332 30.75 26.6011 0.0940107
98.2332 31.25 26.5931 0.0940056
98.2332 31.75 26.5891 0.0940014
98.2332 32.25 26.5883 0.0939979
98.2332 32.75 26.5902 0.093995
98.2332 33.25 26.5942 0.0939926
98.2332 33.75 26.5999 0.0939907
98.2332 34.25 26.6068 0.0939891
98.2332 34.75 26.6146 0.0939878
98.2332 35.25 26.6231 0.0939868
98.2332 35.75 26.6318 0.093986
98.2332 36.25 26.6406 0.0939853
98.2332 36.75 26.6494 0.0939848
98.2332 37.25 26.6579 0.0939843
98.2332 37.75 26.666 0.093984
98.2332 38.25 26.6735 0.0939836
98.2332 38.75 26.6805 0.0939833
98.2332 39.25 26.6868 0.0939829
98.2332 39.75 26.6923 0.0939826
98.2332 40.25 26.6971 0.0939822
98.2332 40.75 26.7011 0.0939818
98.2332 41.25 26.7042 0.0939813
98.2332 41.75 26.7065 0.0939808
98.2332 42.25 26.7079 0.0939802
98.2332 42.75 26.7085 0.0939796
98.2332 43.25 26.7082 0.0939789
98.2332 43.75 26.7071 0.0939781
98.2332 44.25 26.7052 0.0939773
98.2332 44.75 26.7025 0.0939764
98.2332 45.25 26.699 0.0939754
98.2332 45.75 26.6947 0.0939743
98.2332 46.25 26.6897 0.0939732
98.2332 46.75 26.6841 0.093972
98.2332 47.25 26.6777 0.0939708
98.2332 47.75 26.6707 0.0939695
98.2332 48.25 26.6631 0.0939681
98.2332 48.75 26.6549 0.0939666
98.2332 49.25 26.6461 0.0939651
98.2332 49.75 26.6368 0.0939635
98.2332 50.25 26.6269 0.0939618
98.2332 50.75 26.6166 0.09396
98.2332 51.25 26.6059 0.0939579
98.2332 51.75 26.5947 0.0939554
98.2332 52.25 26.5832 0.0939523
98.2332 52.75 26.5712 0.0939479
98.2332 53.25 26.5589 0.0939416
98.2332 53.75 26.5463 0.0939321
98.2332 54.25 26.5335 0.0939179
98.2332 54.75 26.5203 0.0938971
98.2332 55.25 26.5069 0.0938671
98.2332 55.75 26.4933 0.0938251
98.2332 56.25 26.4795 0.0937674
98.2332 56.75 26.4655 0.0936889
98.2332 57.25 26.4513 0.0935837
98.2332 57.75 26.4371 0.0934496
98.2332 58.25 26.4227 0.093306
98.2332 58.75 26.4082 0.0932347
98.2332 59.25 26.3937 0.0934295
98.2332 59.75 26.3792 0.0941267

98.7219 0.25 305.476 0.005
98.7219 0.75 261.84 0.005
98.7219 1.25 219.636 0.005
98.7219 1.75 178.837 0.00500001
98.7219 2.25 139.502 0.00514369
98.7219 2.75 101.339 0.005
98.7219 3.25 98.3865 0.105102
98.7219 3.75 96.7423 0.13213
98.7219 4.25 94.9039 0.137031
98.7219 4.75 92.9901 0.138657
98.7219 5.25 91.0219 0.13921
98.7219 5.75 89.0068 0.139322
98.7219 6.25 86.9484 0.139187
98.7219 6.75 84.8494 0.138871
98.7219 7.25 82.7125 0.138413
98.7219 7.75 80.5406 0.137837
98.7219 8.25 78.3369 0.137167
98.7219 8.75 76.1051 0.13642
98.7219 9.25 73.8496 0.135615
98.7219 9.75 71.5754 0.134767
98.7219 10.25 69.2882 0.133891
98.7219 10.75 66.9948 0.133002
98.7219 11.25 64.7026 0.132115
98.7219 11.75 62.4199 0.131243
98.7219 12.25 60.1558 0.130399
98.7219 12.75 57.92 0.129594
98.7219 13.25 55.7227 0.128838
98.7219 13.75 53.5744 0.128139
98.7219 14.25 51.4854 0.127503
98.7219 14.75 49.4655 0.126933
98.7219 15.25 47.524 0.12643
98.7219 15.75 45.669 0.125994
98.7219 16.25 43.9075 0.125622
98.7219 16.75 42.2447 0.125308
98.7219 17.25 40.6846 0.125048
98.7219 17.75 39.2294 0.124836
98.7219 18.25 37.8797 0.124665
98.7219 18.75 36.6348 0.12453
98.7219 19.25 35.4926 0.124423
98.7219 19.75 34.4501 0.124341
98.7219 20.25 33.5032 0.124279
98.7219 20.75 32.6472 0.124231
98.7219 21.25 31.877 0.124196
98.7219 21.75 31.1871 0.12417
98.7219 22.25 30.5718 0.124151
98.7219 22.75 30.0254 0.124136
98.7219 23.25 29.5423 0.124126
98.7219 23.75 29.1169 0.124117
98.7219 24.25 28.7439 0.124111
98.7219 24.75 28.4184 0.124105
98.7219 25.25 28.1355 0.1241
98.7219 25.75 27.8908 0.124096
98.7219 26.25 27.6803 0.124091
98.7219 26.75 27.5 0.124087
98.7219 27.25 27.3466 0.124082
98.7219 27.75 27.2168 0.124078
98.7219 28.25 27.1077 0.124074
98.7219 28.75 27.0168 0.12407
98.7219 29.25 26.9416 0.124065
98.7219 29.75 26.8801 0.124061
98.7219 30.25 26.8304 0.124057
98.7219 30.75 26.7908 0.124054
98.7219 31.25 26.7598 0.12405
98.7219 31.75 26.736 0.124047
98.7219 32.25 26.7185 0.124044
98.7219 32.75 26.706 0.124041
98.7219 33.25 26.6978 0.124038
98.7219 33.75 26.693 0.124036
98.7219 34.25 26.691 0.124034
98.7219 34.75 26.6911 0.124032
98.7219 35.25 26.693 0.12403
98.7219 35.75 26.696 0.124028
98.7219 36.25 26.7 0.124027
98.7219 36.75 26.7045 0.124025
98.7219 37.25 26.7092 0.124024
98.7219 37.75 26.714 0.124022
98.7219 38.25 26.7187 0.124021
98.7219 38.75 26.7231 0.12402
98.7219 39.25 26.7271 0.124019
98.7219 39.75 26.7305 0.124018
98.7219 40.25 26.7334 0.124016
98.7219 40.75 26.7355 0.124015
98.7219 41.25 26.737 0.124014
98.7219 41.75 26.7377 0.124012
98.7219 42.25 26.7377 0.124011
98.7219 42.75 26.7368 0.124009
98.7219 43.25 26.7352 0.124008
98.7219 43.75 26.7327 0.124006
98.7219 44.25 26.7295 0.124003
98.7219 44.75 26.7255 0.124001
98.7219 45.25 26.7208 0.123998
98.7219 45.75 26.7153 0.123995
98.7219 46.25 26.7091 0.123992
98.7219 46.75 26.7022 0.123988
98.7219 47.25 26.6946 0.123984
98.7219 47.75 26.6864 0.12398
98.7219 48.25 26.6776 0.123975
98.7219 48.75 26.6682 0.123969
98.7219 49.25 26.6582 0.123963
98.7219 49.75 26.6477 0.123956
98.7219 50.25 26.6367 0.123949
98.7219 50.75 26.6252 0.12394
98.7219 51.25 26.6133 0.123931
98.7219 51.75 26.6009 0.12392
98.7219 52.25 26.5882 0.123909
98.7219 52.75 26.575 0.123895
98.7219 53.25 26.5616 0.123881
98.7219 53.75 26.5478 0.123865
98.7219 54.25 26.5337 0.123849
98.7219 54.75 26.5194 0.123832
98.7219 55.25 26.5048 0.123816
98.7219 55.75 26.49 0.123802
98.7219 56.25 26.475 0.123793
98.7219 56.75 26.4598 0.123792
98.7219 57.25 26.4445 0.123804
98.7219 57.75 26.429 0.123833
98.7219 58.25 26.4135 0.123885
98.7219 58.75 26.3978 0.123964
98.7219 59.25 26.3822 0.124072
98.7219 59.75 26.3664 0.124207

99.2106 0.25 302.338 0.005
99.2106 0.75 252.279 0.005
99.2106 1.25 203.222 0.005
99.2106 1.75 154.9 0.005
99.2106 2.25 107.029 0.005
99.2106 2.75 103.486 0.102576
99.2106 3.25 101.817 0.132135
99.2106 3.75 100.198 0.14024
99.2106 4.25 98.5422 0.143629
99.2106 4.75 96.8231 0.145183
99.2106 5.25 95.0293 0.145861
99.2106 5.75 93.1653 0.146101
99.2106 6.25 91.2332 0.146053
99.2106 6.75 89.2346 0.145786
99.2106 7.25 87.171 0.145341
99.2106 7.75 85.0444 0.144748
99.2106 8.25 82.8571 0.14403
99.2106 8.75 80.6119 0.14321
99.2106 9.25 78.3128 0.142304
99.2106 9.75 75.9645 0.141331
99.2106 10.25 73.5729 0.140308
99.2106 10.75 71.1455 0.139252
99.2106 11.25 68.6908 0.138181
99.2106 11.75 66.2193 0.137113
99.2106 12.25 63.7427 0.136065
99.2106 12.75 61.2743 0.135054
99.2106 13.25 58.8283 0.134096
99.2106 13.75 56.42 0.133203
99.2106 14.25 54.0648 0.132387
99.2106 14.75 51.7781 0.131656
99.2106 15.25 49.5741 0.131013
99.2106 15.75 47.4659 0.130459
99.2106 16.25 45.4645 0.129991
99.2106 16.75 43.5785 0.129604
99.2106 17.25 41.8141 0.129292
99.2106 17.75 40.175 0.129045
99.2106 18.25 38.6622 0.128856
99.2106 18.75 37.2747 0.128714
99.2106 19.25 36.0096 0.128612
99.2106 19.75 34.8624 0.128543
99.2106 20.25 33.8273 0.128499
99.2106 20.75 32.898 0.128475
99.2106 21.25 32.0674 0.128466
99.2106 21.75 31.3281 0.128468
99.2106 22.25 30.6729 0.128478
99.2106 22.75 30.0944 0.128492
99.2106 23.25 29.5857 0.128511
99.2106 23.75 29.1399 0.12853
99.2106 24.25 28.751 0.128551
99.2106 24.75 28.4128 0.128571
99.2106 25.25 28.12 0.12859
99.2106 25.75 27.8675 0.128608
99.2106 26.25 27.6507 0.128624
99.2106 26.75 27.4655 0.128639
99.2106 27.25 27.3081 0.128652
99.2106 27.75 27.175 0.128664
99.2106 28.25 27.0632 0.128673
99.2106 28.75 26.97 0.128682
99.2106 29.25 26.8929 0.128689
99.2106 29.75 26.8296 0.128695
99.2106 30.25 26.7784 0.1287
99.2106 30.75 26.7374 0.128704
99.2106 31.25 26.7051 0.128707
99.2106 31.75 26.6802 0.128709
99.2106 32.25 26.6616 0.128711
99.2106 32.75 26.6482 0.128712
99.2106 33.25 26.639 0.128713
99.2106 33.75 26.6334 0.128713
99.2106 34.25 26.6307 0.128714
99.2106 34.75 26.6302 0.128714
99.2106 35.25 26.6314 0.128713
99.2106 35.75 26.6339 0.128713
99.2106 36.25 26.6373 0.128712
99.2106 36.75 26.6414 0.128712
99.2106 37.25 26.6457 0.128711
99.2106 37.75 26.6502 0.12871
99.2106 38.25 26.6546 0.128709
99.2106 38.75 26.6587 0.128708
99.2106 39.25 26.6625 0.128707
99.2106 39.75 26.6658 0.128706
99.2106 40.25 26.6685 0.128705
99.2106 40.75 26.6705 0.128704
99.2106 41.25 26.6719 0.128702
99.2106 41.75 26.6726 0.128701
99.2106 42.25 26.6725 0.128699
99.2106 42.75 26.6717 0.128697
99.2106 43.25 26.6701 0.128695
99.2106 43.75 26.6677 0.128693
99.2106 44.25 26.6645 0.12869
99.2106 44.75 26.6606 0.128688
99.2106 45.25 26.6559 0.128685
99.2106 45.75 26.6506 0.128682
99.2106 46.25 26.6445 0.128678
99.2106 46.75 26.6377 0.128674
99.2106 47.25 26.6303 0.12867
99.2106 47.75 26.6223 0.128665
99.2106 48.25 26.6136 0.12866
99.2106 48.75 26.6044 0.128655
99.2106 49.25 26.5946 0.128648
99.2106 49.75 26.5843 0.128642
99.2106 50.25 26.5735 0.128634
99.2106 50.75 26.5623 0.128626
99.2106 51.25 26.5506 0.128617
99.2106 51.75 26.5385 0.128607
99.2106 52.25 26.526 0.128596
99.2106 52.75 26.5131 0.128584
99.2106 53.25 26.4999 0.128571
99.2106 53.75 26.4864 0.128557
99.2106 54.25 26.4726 0.128543
99.2106 54.75 26.4585 0.12853
99.2106 55.25 26.4442 0.128518
99.2106 55.75 26.4297 0.128509
99.2106 56.25 26.415 0.128505
99.2106 56.75 26.4001 0.128509
99.2106 57.25 26.3851 0.128523
99.2106 57.75 26.37 0.128551
99.2106 58.25 26.3547 0.128596
99.2106 58.75 26.3394 0.128661
99.2106 59.25 26.324 0.128747
99.2106 59.75 26.3086 0.128852

99.6994 0.25 306.648 0.005
99.6994 0.75 265.398 0.005
99.6994 1.25 225.717 0.005
99.6994 1.75 187.712 0.005
99.6994 2.25 151.486 0.00501231
99.6994 2.75 120.676 0.00940051
99.6994 3.25 103.849 0.0423296
99.6994 3.75 88.1408 0.005
99.6994 4.25 85.2967 0.0941852
99.6994 4.75 83.6957 0.122929
99.6994 5.25 81.9321 0.125157
99.6994 5.75 80.1153 0.125868
99.6994 6.25 78.2535 0.126232
99.6994 6.75 76.3504 0.126351
99.6994 7.25 74.4097 0.126269
99.6994 7.75 72.4357 0.126035
99.6994 8.25 70.4329 0.125686
99.6994 8.75 68.4062 0.125251
99.6994 9.25 66.3615 0.124754
99.6994 9.75 64.3051 0.124213
99.6994 10.25 62.2441 0.123644
99.6994 10.75 60.1862 0.123063
99.6994 11.25 58.1398 0.122482
99.6994 11.75 56.1138 0.121913
99.6994 12.25 54.1175 0.121365
99.6994 12.75 52.1601 0.120848
99.6994 13.25 50.251 0.120366
99.6994 13.75 48.3991 0.119926
99.6994 14.25 46.6127 0.119528
99.6994 14.75 44.8992 0.119174
99.6994 15.25 43.265 0.118863
99.6994 15.75 41.7153 0.118593
99.6994 16.25 40.254 0.118361
99.6994 16.75 38.8838 0.118163
99.6994 17.25 37.6058 0.117995
99.6994 17.75 36.4202 0.117852
99.6994 18.25 35.3259 0.117732
99.6994 18.75 34.3208 0.117631
99.6994 19.25 33.4021 0.117545
99.6994 19.75 32.5663 0.117471
99.6994 20.25 31.8093 0.117407
99.6994 20.75 31.1268 0.117352
99.6994 21.25 30.514 0.117303
99.6994 21.75 29.9661 0.11726
99.6994 22.25 29.4785 0.11722
99.6994 22.75 29.0463 0.117185
99.6994 23.25 28.6649 0.117152
99.6994 23.75 28.3298 0.117123
99.6994 24.25 28.0368 0.117095
99.6994 24.75 27.7817 0.11707
99.6994 25.25 27.5608 0.117047
99.6994 25.75 27.3704 0.117026
99.6994 26.25 27.2075 0.117006
99.6994 26.75 27.0688 0.116989
99.6994 27.25 26.9516 0.116973
99.6994 27.75 26.8533 0.116958
99.6994 28.25 26.7717 0.116945
99.6994 28.75 26.7045 0.116933
99.6994 29.25 26.6501 0.116923
99.6994 29.75 26.6065 0.116914
99.6994 30.25 26.5724 0.116906
99.6994 30.75 26.5463 0.116898
99.6994 31.25 26.527 0.116892
99.6994 31.75 26.5135 0.116887
99.6994 32.25 26.5049 0.116882
99.6994 32.75 26.5001 0.116878
99.6994 33.25 26.4987 0.116875
99.6994 33.75 26.4998 0.116872
99.6994 34.25 26.503 0.116869
99.6994 34.75 26.5077 0.116867
99.6994 35.25 26.5136 0.116865
99.6994 35.75 26.5202 0.116863
99.6994 36.25 26.5273 0.116862
99.6994 36.75 26.5346 0.116861
99.6994 37.25 26.5419 0.11686
99.6994 37.75 26.549 0.116859
99.6994 38.25 26.5558 0.116858
99.6994 38.75 26.5621 0.116857
99.6994 39.25 26.5677 0.116856
99.6994 39.75 26.5728 0.116855
99.6994 40.25 26.5771 0.116854
99.6994 40.75 26.5806 0.116854
99.6994 41.25 26.5833 0.116853
99.6994 41.75 26.5852 0.116852
99.6994 42.25 26.5862 0.116851
99.6994 42.75 26.5863 0.11685
99.6994 43.25 26.5857 0.116849
99.6994 43.75 26.5841 0.116847
99.6994 44.25 26.5818 0.116846
99.6994 44.75 26.5786 0.116844
99.6994 45.25 26.5746 0.116842
99.6994 45.75 26.5699 0.11684
99.6994 46.25 26.5644 0.116838
99.6994 46.75 26.5581 0.116835
99.6994 47.25 26.5512 0.116832
99.6994 47.75 26.5436 0.116828
99.6994 48.25 26.5354 0.116824
99.6994 48.75 26.5265 0.116819
99.6994 49.25 26.5171 0.116813
99.6994 49.75 26.5071 0.116807
99.6994 50.25 26.4966 0.116799
99.6994 50.75 26.4856 0.116791
99.6994 51.25 26.4741 0.116781
99.6994 51.75 26.4622 0.11677
99.6994 52.25 26.4499 0.116758
99.6994 52.75 26.4372 0.116743
99.6994 53.25 26.4242 0.116727
99.6994 53.75 26.4108 0.116708
99.6994 54.25 26.3971 0.116687
99.6994 54.75 26.3832 0.116664
99.6994 55.25 26.369 0.116638
99.6994 55.75 26.3546 0.116613
99.6994 56.25 26.3399 0.116589
99.6994 56.75 26.3251 0.116573
99.6994 57.25 26.3102 0.116569
99.6994 57.75 26.2951 0.116587
99.6994 58.25 26.2799 0.116637
99.6994 58.75 26.2646 0.116729
99.6994 59.25 26.2493 0.11687
99.6994 59.75 26.234 0.11706

100.188 0.25 306.256 0.005
100.188 0.75 264.213 0.005
100.188 1.25 223.716 0.005
100.188 1.75 184.858 0.005
100.188 2.25 147.745 0.00502299
100.188 2.75 117.766 0.0119659
100.188 3.25 102.918 0.0580723
100.188 3.75 88.7891 0.005
100.188 4.25 85.9745 0.094139
100.188 4.75 84.3922 0.121978
100.188 5.25 82.6522 0.123639
100.188 5.75 80.8611 0.124092
100.188 6.25 79.0247 0.124341
100.188 6.75 77.1458 0.124409
100.188 7.25 75.2273 0.124312
100.188 7.75 73.2729 0.124081
100.188 8.25 71.2866 0.123742
100.188 8.75 69.2729 0.123317
100.188 9.25 67.2374 0.122823
100.188 9.75 65.1859 0.122278
100.188 10.25 63.1253 0.121696
100.188 10.75 61.0632 0.121093
100.188 11.25 59.0076 0.12048
100.188 11.75 56.9675 0.119871
100.188 12.25 54.9521 0.119277
100.188 12.75 52.9709 0.118706
100.188 13.25 51.0335 0.118167
100.188 13.75 49.1491 0.117664
100.188 14.25 47.3267 0.117203
100.188 14.75 45.5742 0.116785
100.188 15.25 43.8989 0.116409
100.188 15.75 42.3066 0.116075
100.188 16.25 40.802 0.115781
100.188 16.75 39.3885 0.115524
100.188 17.25 38.0678 0.1153
100.188 17.75 36.8407 0.115104
100.188 18.25 35.7065 0.114935
100.188 18.75 34.6636 0.114787
100.188 19.25 33.7094 0.114658
100.188 19.75 32.8404 0.114545
100.188 20.25 32.0529 0.114446
100.188 20.75 31.3422 0.114358
100.188 21.25 30.7039 0.11428
100.188 21.75 30.1329 0.11421
100.188 22.25 29.6244 0.114147
100.188 22.75 29.1735 0.114091
100.188 23.25 28.7753 0.114041
100.188 23.75 28.4252 0.113995
100.188 24.25 28.1188 0.113954
100.188 24.75 27.8519 0.113917
100.188 25.25 27.6204 0.113884
100.188 25.75 27.4208 0.113855
100.188 26.25 27.2495 0.113828
100.188 26.75 27.1033 0.113805
100.188 27.25 26.9795 0.113784
100.188 27.75 26.8753 0.113765
100.188 28.25 26.7883 0.113749
100.188 28.75 26.7164 0.113734
100.188 29.25 26.6576 0.113722
100.188 29.75 26.6101 0.113711
100.188 30.25 26.5723 0.113702
100.188 30.75 26.5429 0.113693
100.188 31.25 26.5205 0.113686
100.188 31.75 26.5042 0.11368
100.188 32.25 26.4928 0.113675
100.188 32.75 26.4856 0.113671
100.188 33.25 26.4818 0.113667
100.188 33.75 26.4807 0.113664
100.188 34.25 26.4818 0.113661
100.188 34.75 26.4846 0.113658
100.188 35.25 26.4886 0.113656
100.188 35.75 26.4935 0.113655
100.188 36.25 26.4989 0.113653
100.188 36.75 26.5047 0.113652
100.188 37.25 26.5105 0.113651
100.188 37.75 26.5162 0.113649
100.188 38.25 26.5216 0.113648
100.188 38.75 26.5266 0.113648
100.188 39.25 26.531 0.113647
100.188 39.75 26.5349 0.113646
100.188 40.25 26.5381 0.113645
100.188 40.75 26.5406 0.113644
100.188 41.25 26.5424 0.113643
100.188 41.75 26.5434 0.113642
100.188 42.25 26.5435 0.113641
100.188 42.75 26.5429 0.11364
100.188 43.25 26.5415 0.113639
100.188 43.75 26.5392 0.113638
100.188 44.25 26.5362 0.113637
100.188 44.75 26.5324 0.113635
100.188 45.25 26.5279 0.113634
100.188 45.75 26.5226 0.113632
100.188 46.25 26.5166 0.11363
100.188 46.75 26.51 0.113627
100.188 47.25 26.5026 0.113625
100.188 47.75 26.4947 0.113621
100.188 48.25 26.4861 0.113618
100.188 48.75 26.4769 0.113613
100.188 49.25 26.4672 0.113608
100.188 49.75 26.457 0.113602
100.188 50.25 26.4463 0.113595
100.188 50.75 26.4351 0.113586
100.188 51.25 26.4234 0.113577
100.188 51.75 26.4114 0.113566
100.188 52.25 26.3989 0.113554
100.188 52.75 26.3861 0.113539
100.188 53.25 26.373 0.113522
100.188 53.75 26.3595 0.113503
100.188 54.25 26.3457 0.113481
100.188 54.75 26.3317 0.113455
100.188 55.25 26.3175 0.113427
100.188 55.75 26.303 0.113396
100.188 56.25 26.2883 0.113366
100.188 56.75 26.2735 0.11334
100.188 57.25 26.2585 0.113327
100.188 57.75 26.2434 0.113336
100.188 58.25 26.2283 0.113382
100.188 58.75 26.213 0.113479
100.188 59.25 26.1976 0.113639
100.188 59.75 26.1823 0.113862

100.677 0.25 307.014 0.005
100.677 0.75 266.488 0.005
100.677 1.25 227.512 0.005
100.677 1.75 190.176 0.005
100.677 2.25 154.556 0.00500592
100.677 2.75 123.025 0.00773835
100.677 3.25 105.942 0.0433156
100.677 3.75 96.5711 0.0595105
100.677 4.25 83.8586 0.005
100.677 4.75 81.0262 0.0875966
100.677 5.25 79.4205 0.120815
100.677 5.75 77.6505 0.1226
100.677 6.25 75.8355 0.123167
100.677 6.75 73.9827 0.123411
100.677 7.25 72.0962 0.123441
100.677 7.75 70.1799 0.12331
100.677 8.25 68.2385 0.12306
100.677 8.75 66.2769 0.122723
100.677 9.25 64.3008 0.122321
100.677 9.75 62.3163 0.121875
100.677 10.25 60.3304 0.1214
100.677 10.75 58.3507 0.120911
100.677 11.25 56.3854 0.120421
100.677 11.75 54.4428 0.119939
100.677 12.25 52.532 0.119476
100.677 12.75 50.6616 0.119038
100.677 13.25 48.8405 0.118632
100.677 13.75 47.0768 0.118259
100.677 14.25 45.3782 0.117924
100.677 14.75 43.7515 0.117625
100.677 15.25 42.2022 0.117362
100.677 15.75 40.7349 0.117133
100.677 16.25 39.353 0.116935
100.677 16.75 38.0584 0.116765
100.677 17.25 36.8521 0.116619
100.677 17.75 35.7338 0.116495
100.677 18.25 34.7022 0.116388
100.677 18.75 33.7551 0.116296
100.677 19.25 32.8898 0.116217
100.677 19.75 32.1026 0.116147
100.677 20.25 31.3898 0.116086
100.677 20.75 30.7471 0.116031
100.677 21.25 30.1701 0.115982
100.677 21.75 29.6543 0.115937
100.677 22.25 29.1951 0.115897
100.677 22.75 28.7881 0.115859
100.677 23.25 28.4289 0.115825
100.677 23.75 28.1133 0.115793
100.677 24.25 27.8372 0.115764
100.677 24.75 27.597 0.115737
100.677 25.25 27.389 0.115713
100.677 25.75 27.2099 0.11569
100.677 26.25 27.0566 0.11567
100.677 26.75 26.9262 0.115651
100.677 27.25 26.8162 0.115634
100.677 27.75 26.724 0.115619
100.677 28.25 26.6476 0.115606
100.677 28.75 26.585 0.115594
100.677 29.25 26.5343 0.115583
100.677 29.75 26.494 0.115574
100.677 30.25 26.4626 0.115565
100.677 30.75 26.4388 0.115558
100.677 31.25 26.4215 0.115552
100.677 31.75 26.4096 0.115547
100.677 32.25 26.4023 0.115542
100.677 32.75 26.3987 0.115538
100.677 33.25 26.3982 0.115535
100.677 33.75 26.4001 0.115532
100.677 34.25 26.404 0.115529
100.677 34.75 26.4093 0.115527
100.677 35.25 26.4156 0.115526
100.677 35.75 26.4226 0.115524
100.677 36.25 26.4301 0.115523
100.677 36.75 26.4377 0.115522
100.677 37.25 26.4452 0.115521
100.677 37.75 26.4525 0.11552
100.677 38.25 26.4595 0.115519
100.677 38.75 26.4659 0.115518
100.677 39.25 26.4717 0.115517
100.677 39.75 26.4769 0.115516
100.677 40.25 26.4813 0.115516
100.677 40.75 26.4849 0.115515
100.677 41.25 26.4877 0.115514
100.677 41.75 26.4897 0.115513
100.677 42.25 26.4908 0.115512
100.677 42.75 26.4911 0.115511
100.677 43.25 26.4905 0.11551
100.677 43.75 26.489 0.115509
100.677 44.25 26.4868 0.115508
100.677 44.75 26.4837 0.115506
100.677 45.25 26.4798 0.115505
100.677 45.75 26.4752 0.115503
100.677 46.25 26.4698 0.115501
100.677 46.75 26.4636 0.115498
100.677 47.25 26.4568 0.115495
100.677 47.75 26.4493 0.115491
100.677 48.25 26.4412 0.115487
100.677 48.75 26.4325 0.115483
100.677 49.25 26.4232 0.115477
100.677 49.75 26.4133 0.115471
100.677 50.25 26.403 0.115463
100.677 50.75 26.3921 0.115455
100.677 51.25 26.3808 0.115445
100.677 51.75 26.369 0.115434
100.677 52.25 26.3568 0.115421
100.677 52.75 26.3443 0.115407
100.677 53.25 26.3314 0.11539
100.677 53.75 26.3181 0.11537
100.677 54.25 26.3046 0.115348
100.677 54.75 26.2908 0.115323
100.677 55.25 26.2767 0.115296
100.677 55.75 26.2625 0.115267
100.677 56.25 26.248 0.11524
100.677 56.75 26.2333 0.115218
100.677 57.25 26.2185 0.115209
100.677 57.75 26.2036 0.115223
100.677 58.25 26.1886 0.115269
100.677 58.75 26.1734 0.115361
100.677 59.25 26.1583 0.115508
100.677 59.75 26.1431 0.115708

101.166 0.25 308.532 0.005
101.166 0.75 271.072 0.005
101.166 1.25 235.246 0.005
101.166 1.75 201.204 0.005
101.166 2.25 169.076 0.0050004
101.166 2.75 139.222 0.00528665
101.166 3.25 116.982 0.0147156
101.166 3.75 105.859 0.0463449
101.166 4.25 100.026 0.0649946
101.166 4.75 94.829 0.0650007
101.166 5.25 89.8395 0.0650008
101.166 5.75 85.0552 0.0650009
101.166 6.25 80.4749 0.0650009
101.166 6.75 76.098 0.0650006
101.166 7.25 71.924 0.0649999
101.166 7.75 67.9517 0.0649967
101.166 8.25 64.1794 0.0649974
101.166 8.75 60.6042 0.064994
101.166 9.25 57.2217 0.0649601
101.166 9.75 54.0269 0.0649683
101.166 10.25 51.0106 0.0647033
101.166 10.75 48.1643 0.0646265
101.166 11.25 45.483 0.0647482
101.166 11.75 42.8899 0.0604586
101.166 12.25 41.1612 0.065016
101.166 12.75 39.942 0.0697014
101.166 13.25 38.8099 0.0836108
101.166 13.75 37.7359 0.0832605
101.166 14.25 36.7173 0.0829368
101.166 14.75 35.7559 0.0826211
101.166 15.25 34.8527 0.0823288
101.166 15.75 34.0081 0.0820639
101.166 16.25 33.2217 0.0818264
101.166 16.75 32.4927 0.0816146
101.166 17.25 31.8199 0.0814263
101.166 17.75 31.2016 0.0812591
101.166 18.25 30.6357 0.0811109
101.166 18.75 30.12 0.0809798
101.166 19.25 29.652 0.0808639
101.166 19.75 29.229 0.0807615
101.166 20.25 28.8484 0.0806712
101.166 20.75 28.5074 0.0805916
101.166 21.25 28.2032 0.0805214
101.166 21.75 27.9331 0.0804597
101.166 22.25 27.6944 0.0804055
101.166 22.75 27.4845 0.0803579
101.166 23.25 27.3008 0.0803162
101.166 23.75 27.1411 0.0802797
101.166 24.25 27.0031 0.0802478
101.166 24.75 26.8846 0.08022
101.166 25.25 26.7837 0.0801958
101.166 25.75 26.6985 0.0801748
101.166 26.25 26.6272 0.0801566
101.166 26.75 26.5684 0.080141
101.166 27.25 26.5205 0.0801276
101.166 27.75 26.4822 0.0801161
101.166 28.25 26.4523 0.0801063
101.166 28.75 26.4297 0.080098
101.166 29.25 26.4134 0.080091
101.166 29.75 26.4024 0.0800851
101.166 30.25 26.396 0.0800803
101.166 30.75 26.3934 0.0800763
101.166 31.25 26.3941 0.080073
101.166 31.75 26.3973 0.0800704
101.166 32.25 26.4027 0.0800683
101.166 32.75 26.4097 0.0800667
101.166 33.25 26.418 0.0800654
101.166 33.75 26.4272 0.0800645
101.166 34.25 26.437 0.0800638
101.166 34.75 26.4472 0.0800633
101.166 35.25 26.4575 0.080063
101.166 35.75 26.4678 0.0800628
101.166 36.25 26.4778 0.0800627
101.166 36.75 26.4875 0.0800627
101.166 37.25 26.4968 0.0800627
101.166 37.75 26.5054 0.0800627
101.166 38.25 26.5135 0.0800627
101.166 38.75 26.5208 0.0800627
101.166 39.25 26.5274 0.0800627
101.166 39.75 26.5332 0.0800626
101.166 40.25 26.5383 0.0800625
101.166 40.75 26.5425 0.0800623
101.166 41.25 26.5458 0.080062
101.166 41.75 26.5484 0.0800617
101.166 42.25 26.5501 0.0800613
101.166 42.75 26.5511 0.0800609
101.166 43.25 26.5512 0.0800603
101.166 43.75 26.5505 0.0800597
101.166 44.25 26.5491 0.080059
101.166 44.75 26.547 0.0800582
101.166 45.25 26.5441 0.0800573
101.166 45.75 26.5405 0.0800564
101.166 46.25 26.5362 0.0800554
101.166 46.75 26.5313 0.0800543
101.166 47.25 26.5258 0.0800532
101.166 47.75 26.5197 0.080052
101.166 48.25 26.513 0.0800507
101.166 48.75 26.5058 0.0800493
101.166 49.25 26.498 0.0800479
101.166 49.75 26.4898 0.0800465
101.166 50.25 26.4811 0.0800449
101.166 50.75 26.472 0.0800434
101.166 51.25 26.4625 0.0800417
101.166 51.75 26.4526 0.0800401
101.166 52.25 26.4423 0.0800383
101.166 52.75 26.4317 0.0800366
101.166 53.25 26.4208 0.0800348
101.166 53.75 26.4096 0.0800329
101.166 54.25 26.3982 0.0800311
101.166 54.75 26.3865 0.0800291
101.166 55.25 26.3745 0.0800271
101.166 55.75 26.3624 0.0800246
101.166 56.25 26.3501 0.0800206
101.166 56.75 26.3377 0.0800108
101.166 57.25 26.3251 0.0799831
101.166 57.75 26.3124 0.0799073
101.166 58.25 26.2996 0.0797198
101.166 58.75 26.2867 0.0793028
101.166 59.25 26.2738 0.0785319
101.166 59.75 26.2608 0.0786276

101.654 0.25 308.589 0.005
101.654 0.75 271.234 0.005
101.654 1.25 235.504 0.005
101.654 1.75 201.545 0.005
101.654 2.25 169.49 0.00500035
101.654 2.75 139.677 0.00526077
101.654 3.25 117.303 0.0141847
101.654 3.75 106.063 0.0453656
101.654 4.25 100.212 0.0649372
101.654 4.75 95.0733 0.0650006
101.654 5.25 90.1249 0.0650008
101.654 5.75 85.3738 0.0650009
101.654 6.25 80.8219 0.0650009
101.654 6.75 76.4694 0.0650008
101.654 7.25 72.3157 0.0650004
101.654 7.75 68.3599 0.0649955
101.654 8.25 64.5999 0.0649966
101.654 8.75 61.0329 0.0649691
101.654 9.25 57.6551 0.0649787
101.654 9.75 54.4624 0.064989
101.654 10.25 51.4467 0.0647158
101.654 10.75 48.6062 0.0648979
101.654 11.25 45.9464 0.0649361
101.654 11.75 43.4454 0.0646758
101.654 12.25 41.5472 0.0649091
101.654 12.75 40.252 0.0651492
101.654 13.25 39.1601 0.0837056
101.654 13.75 38.1012 0.0833338
101.654 14.25 37.0844 0.0830058
101.654 14.75 36.1183 0.0826856
101.654 15.25 35.2069 0.0823885
101.654 15.75 34.3522 0.0821188
101.654 16.25 33.5548 0.0818767
101.654 16.75 32.8141 0.0816604
101.654 17.25 32.1292 0.0814678
101.654 17.75 31.4987 0.0812968
101.654 18.25 30.9206 0.081145
101.654 18.75 30.3929 0.0810106
101.654 19.25 29.913 0.0808916
101.654 19.75 29.4785 0.0807864
101.654 20.25 29.0868 0.0806935
101.654 20.75 28.7351 0.0806115
101.654 21.25 28.4207 0.0805392
101.654 21.75 28.1408 0.0804756
101.654 22.25 27.893 0.0804196
101.654 22.75 27.6744 0.0803703
101.654 23.25 27.4828 0.0803271
101.654 23.75 27.3156 0.0802893
101.654 24.25 27.1707 0.0802561
101.654 24.75 27.0459 0.0802272
101.654 25.25 26.9391 0.080202
101.654 25.75 26.8486 0.0801801
101.654 26.25 26.7725 0.0801611
101.654 26.75 26.7094 0.0801447
101.654 27.25 26.6576 0.0801306
101.654 27.75 26.6158 0.0801185
101.654 28.25 26.5828 0.0801082
101.654 28.75 26.5574 0.0800994
101.654 29.25 26.5387 0.080092
101.654 29.75 26.5257 0.0800857
101.654 30.25 26.5175 0.0800805
101.654 30.75 26.5134 0.0800762
101.654 31.25 26.5127 0.0800727
101.654 31.75 26.5149 0.0800698
101.654 32.25 26.5194 0.0800675
101.654 32.75 26.5257 0.0800657
101.654 33.25 26.5335 0.0800643
101.654 33.75 26.5423 0.0800633
101.654 34.25 26.5518 0.0800625
101.654 34.75 26.5619 0.0800619
101.654 35.25 26.5721 0.0800615
101.654 35.75 26.5824 0.0800613
101.654 36.25 26.5926 0.0800612
101.654 36.75 26.6024 0.0800611
101.654 37.25 26.6119 0.0800611
101.654 37.75 26.6209 0.0800611
101.654 38.25 26.6292 0.0800612
101.654 38.75 26.6369 0.0800612
101.654 39.25 26.6439 0.0800612
101.654 39.75 26.6501 0.0800611
101.654 40.25 26.6555 0.0800611
101.654 40.75 26.6602 0.0800609
101.654 41.25 26.664 0.0800607
101.654 41.75 26.667 0.0800604
101.654 42.25 26.6692 0.0800601
101.654 42.75 26.6705 0.0800597
101.654 43.25 26.6711 0.0800592
101.654 43.75 26.6708 0.0800586
101.654 44.25 26.6698 0.080058
101.654 44.75 26.6681 0.0800572
101.654 45.25 26.6656 0.0800564
101.654 45.75 26.6624 0.0800556
101.654 46.25 26.6585 0.0800546
101.654 46.75 26.6539 0.0800536
101.654 47.25 26.6488 0.0800525
101.654 47.75 26.643 0.0800514
101.654 48.25 26.6366 0.0800501
101.654 48.75 26.6297 0.0800488
101.654 49.25 26.6222 0.0800475
101.654 49.75 26.6143 0.0800461
101.654 50.25 26.6059 0.0800446
101.654 50.75 26.597 0.0800431
101.654 51.25 26.5877 0.0800415
101.654 51.75 26.578 0.0800399
101.654 52.25 26.5679 0.0800382
101.654 52.75 26.5575 0.0800365
101.654 53.25 26.5468 0.0800347
101.654 53.75 26.5357 0.0800329
101.654 54.25 26.5244 0.0800311
101.654 54.75 26.5129 0.0800292
101.654 55.25 26.5011 0.0800272
101.654 55.75 26.4891 0.0800247
101.654 56.25 26.4769 0.0800207
101.654 56.75 26.4646 0.0800108
101.654 57.25 26.4521 0.0799827
101.654 57.75 26.4395 0.0799059
101.654 58.25 26.4268 0.0797164
101.654 58.75 26.414 0.0792957
101.654 59.25 26.4012 0.0785243
101.654 59.75 26.3883 0.0786703

102.143 0.25 307.829 0.005
102.143 0.75 268.929 0.005
102.143 1.25 231.604 0.005
102.143 1.75 195.971 0.005
102.143 2.25 162.123 0.00500145
102.143 2.75 130.936 0.0058944
102.143 3.25 111.143 0.0254412
102.143 3.75 101.535 0.0597211
102.143 4.25 94.3306 0.0592087
102.143 4.75 87.0064 0.0517228
102.143 5.25 76.1028 0.005
102.143 5.75 73.2436 0.0828159
102.143 6.25 71.6318 0.113834
102.143 6.75 69.9069 0.11266
102.143 7.25 68.1613 0.112837
102.143 7.75 66.3943 0.11303
102.143 8.25 64.6102 0.113075
102.143 8.75 62.8141 0.113006
102.143 9.25 61.0115 0.112856
102.143 9.75 59.2084 0.112645
102.143 10.25 57.4111 0.112389
102.143 10.75 55.626 0.112102
102.143 11.25 53.8602 0.111794
102.143 11.75 52.1206 0.111474
102.143 12.25 50.4143 0.111151
102.143 12.75 48.7483 0.110831
102.143 13.25 47.1292 0.110519
102.143 13.75 45.5633 0.110219
102.143 14.25 44.0563 0.109934
102.143 14.75 42.6131 0.109665
102.143 15.25 41.2379 0.109414
102.143 15.75 39.9339 0.10918
102.143 16.25 38.7036 0.108963
102.143 16.75 37.5483 0.108763
102.143 17.25 36.4686 0.108578
102.143 17.75 35.4644 0.108408
102.143 18.25 34.5344 0.108251
102.143 18.75 33.6772 0.108107
102.143 19.25 32.8903 0.107975
102.143 19.75 32.1712 0.107855
102.143 20.25 31.5168 0.107744
102.143 20.75 30.9236 0.107644
102.143 21.25 30.3882 0.107552
102.143 21.75 29.9069 0.10747
102.143 22.25 29.4761 0.107395
102.143 22.75 29.092 0.107328
102.143 23.25 28.751 0.107267
102.143 23.75 28.4496 0.107213
102.143 24.25 28.1843 0.107165
102.143 24.75 27.9521 0.107123
102.143 25.25 27.7497 0.107085
102.143 25.75 27.5743 0.107051
102.143 26.25 27.4231 0.107022
102.143 26.75 27.2936 0.106996
102.143 27.25 27.1835 0.106974
102.143 27.75 27.0907 0.106954
102.143 28.25 27.013 0.106937
102.143 28.75 26.9488 0.106922
102.143 29.25 26.8963 0.10691
102.143 29.75 26.8541 0.106899
102.143 30.25 26.8207 0.106889
102.143 30.75 26.7951 0.106881
102.143 31.25 26.776 0.106874
102.143 31.75 26.7625 0.106868
102.143 32.25 26.7537 0.106863
102.143 32.75 26.7489 0.106859
102.143 33.25 26.7473 0.106855
102.143 33.75 26.7484 0.106852
102.143 34.25 26.7515 0.10685
102.143 34.75 26.7563 0.106847
102.143 35.25 26.7624 0.106846
102.143 35.75 26.7693 0.106844
102.143 36.25 26.7767 0.106843
102.143 36.75 26.7845 0.106842
102.143 37.25 26.7924 0.106841
102.143 37.75 26.8001 0.10684
102.143 38.25 26.8076 0.10684
102.143 38.75 26.8147 0.106839
102.143 39.25 26.8212 0.106838
102.143 39.75 26.8272 0.106838
102.143 40.25 26.8325 0.106837
102.143 40.75 26.837 0.106837
102.143 41.25 26.8407 0.106836
102.143 41.75 26.8437 0.106836
102.143 42.25 26.8458 0.106835
102.143 42.75 26.8471 0.106834
102.143 43.25 26.8475 0.106834
102.143 43.75 26.8471 0.106833
102.143 44.25 26.8458 0.106832
102.143 44.75 26.8437 0.106831
102.143 45.25 26.8408 0.10683
102.143 45.75 26.8371 0.106829
102.143 46.25 26.8327 0.106828
102.143 46.75 26.8275 0.106826
102.143 47.25 26.8216 0.106825
102.143 47.75 26.8149 0.106823
102.143 48.25 26.8077 0.10682
102.143 48.75 26.7997 0.106818
102.143 49.25 26.7912 0.106814
102.143 49.75 26.7821 0.10681
102.143 50.25 26.7724 0.106805
102.143 50.75 26.7623 0.106799
102.143 51.25 26.7516 0.106791
102.143 51.75 26.7404 0.106781
102.143 52.25 26.7289 0.106769
102.143 52.75 26.7169 0.106755
102.143 53.25 26.7045 0.106738
102.143 53.75 26.6918 0.106718
102.143 54.25 26.6788 0.106693
102.143 54.75 26.6654 0.106664
102.143 55.25 26.6518 0.106629
102.143 55.75 26.638 0.106588
102.143 56.25 26.6239 0.106541
102.143 56.75 26.6097 0.106492
102.143 57.25 26.5952 0.106449
102.143 57.75 26.5807 0.106429
102.143 58.25 26.566 0.106456
102.143 58.75 26.5512 0.106565
102.143 59.25 26.5364 0.106785
102.143 59.75 26.5215 0.107124

102.632 0.25 308.198 0.005
102.632 0.75 270.036 0.005
102.632 1.25 233.465 0.005
102.632 1.75 198.618 0.005
102.632 2.25 165.606 0.00500085
102.632 2.75 135.001 0.00553058
102.632 3.25 113.911 0.0190414
102.632 3.75 103.714 0.0542696
102.632 4.25 97.4513 0.0643872
102.632 4.75 91.5683 0.0642519
102.632 5.25 85.7357 0.0602538
102.632 5.75 79.2806 0.0380671
102.632 6.25 69.224 0.005
102.632 6.75 66.3743 0.0853986
102.632 7.25 64.7769 0.11149
102.632 7.75 63.1075 0.111479
102.632 8.25 61.428 0.111633
102.632 8.75 59.7427 0.111712
102.632 9.25 58.0568 0.111702
102.632 9.75 56.376 0.111628
102.632 10.25 54.7062 0.111508
102.632 10.75 53.0534 0.111356
102.632 11.25 51.4239 0.111182
102.632 11.75 49.8237 0.110994
102.632 12.25 48.259 0.1108
102.632 12.75 46.7355 0.110604
102.632 13.25 45.2586 0.11041
102.632 13.75 43.8334 0.110221
102.632 14.25 42.4642 0.110038
102.632 14.75 41.1547 0.109864
102.632 15.25 39.9081 0.109698
102.632 15.75 38.7266 0.109541
102.632 16.25 37.6119 0.109393
102.632 16.75 36.5647 0.109253
102.632 17.25 35.5853 0.109122
102.632 17.75 34.6732 0.108998
102.632 18.25 33.8274 0.108881
102.632 18.75 33.0463 0.108772
102.632 19.25 32.328 0.10867
102.632 19.75 31.67 0.108574
102.632 20.25 31.0697 0.108485
102.632 20.75 30.5244 0.108402
102.632 21.25 30.0309 0.108326
102.632 21.75 29.5861 0.108256
102.632 22.25 29.1869 0.108191
102.632 22.75 28.8301 0.108132
102.632 23.25 28.5125 0.108079
102.632 23.75 28.2312 0.108031
102.632 24.25 27.983 0.107987
102.632 24.75 27.7653 0.107948
102.632 25.25 27.5752 0.107914
102.632 25.75 27.4101 0.107883
102.632 26.25 27.2677 0.107855
102.632 26.75 27.1455 0.107831
102.632 27.25 27.0416 0.10781
102.632 27.75 26.954 0.107791
102.632 28.25 26.8807 0.107775
102.632 28.75 26.8202 0.107761
102.632 29.25 26.7709 0.107749
102.632 29.75 26.7314 0.107738
102.632 30.25 26.7005 0.107729
102.632 30.75 26.677 0.107721
102.632 31.25 26.6598 0.107714
102.632 31.75 26.648 0.107708
102.632 32.25 26.6408 0.107704
102.632 32.75 26.6374 0.107699
102.632 33.25 26.6373 0.107696
102.632 33.75 26.6397 0.107693
102.632 34.25 26.6442 0.107691
102.632 34.75 26.6503 0.107688
102.632 35.25 26.6576 0.107687
102.632 35.75 26.6658 0.107685
102.632 36.25 26.6746 0.107684
102.632 36.75 26.6837 0.107683
102.632 37.25 26.6928 0.107682
102.632 37.75 26.7019 0.107682
102.632 38.25 26.7107 0.107681
102.632 38.75 26.7191 0.107681
102.632 39.25 26.7269 0.10768
102.632 39.75 26.7342 0.10768
102.632 40.25 26.7408 0.107679
102.632 40.75 26.7466 0.107679
102.632 41.25 26.7517 0.107678
102.632 41.75 26.7559 0.107678
102.632 42.25 26.7593 0.107678
102.632 42.75 26.7618 0.107677
102.632 43.25 26.7635 0.107676
102.632 43.75 26.7643 0.107676
102.632 44.25 26.7643 0.107675
102.632 44.75 26.7634 0.107674
102.632 45.25 26.7617 0.107673
102.632 45.75 26.7592 0.107672
102.632 46.25 26.7559 0.107671
102.632 46.75 26.7519 0.10767
102.632 47.25 26.747 0.107668
102.632 47.75 26.7415 0.107666
102.632 48.25 26.7353 0.107664
102.632 48.75 26.7284 0.107661
102.632 49.25 26.7209 0.107658
102.632 49.75 26.7128 0.107654
102.632 50.25 26.7041 0.107648
102.632 50.75 26.6949 0.107642
102.632 51.25 26.6852 0.107633
102.632 51.75 26.6749 0.107623
102.632 52.25 26.6643 0.107611
102.632 52.75 26.6532 0.107597
102.632 53.25 26.6417 0.10758
102.632 53.75 26.6298 0.107559
102.632 54.25 26.6176 0.107534
102.632 54.75 26.6051 0.107504
102.632 55.25 26.5923 0.107468
102.632 55.75 26.5793 0.107425
102.632 56.25 26.566 0.107377
102.632 56.75 26.5525 0.107328
102.632 57.25 26.5388 0.107286
102.632 57.75 26.525 0.107266
102.632 58.25 26.5111 0.107294
102.632 58.75 26.4971 0.107399
102.632 59.25 26.483 0.107606
102.632 59.75 26.4689 0.107919

103.12 0.25 307.878 0.005
103.12 0.75 269.076 0.005
103.12 1.25 231.856 0.005
103.12 1.75 196.345 0.005
103.12 2.25 162.646 0.00500151
103.12 2.75 131.618 0.00586098
103.12 3.25 111.678 0.0240473
103.12 3.75 101.916 0.056364
103.12 4.25 94.8724 0.0610496
103.12 4.75 87.4559 0.0420191
103.12 5.25 75.9856 0.005
103.12 5.75 73.125 0.0883552
103.12 6.25 71.5186 0.116235
103.12 6.75 69.8061 0.116716
103.12 7.25 68.07 0.116821
103.12 7.75 66.315 0.116858
103.12 8.25 64.5452 0.116805
103.12 8.75 62.7655 0.116675
103.12 9.25 60.9813 0.116485
103.12 9.75 59.198 0.116252
103.12 10.25 57.4216 0.115987
103.12 10.75 55.6586 0.115702
103.12 11.25 53.9153 0.115406
103.12 11.75 52.1985 0.115108
103.12 12.25 50.5147 0.114813
103.12 12.75 48.8705 0.114528
103.12 13.25 47.2721 0.114255
103.12 13.75 45.7253 0.113999
103.12 14.25 44.2354 0.113761
103.12 14.75 42.8071 0.113541
103.12 15.25 41.4442 0.113339
103.12 15.75 40.1498 0.113155
103.12 16.25 38.9262 0.112987
103.12 16.75 37.7748 0.112835
103.12 17.25 36.6963 0.112696
103.12 17.75 35.6904 0.11257
103.12 18.25 34.7563 0.112454
103.12 18.75 33.8927 0.112349
103.12 19.25 33.0974 0.112251
103.12 19.75 32.3681 0.112162
103.12 20.25 31.702 0.112079
103.12 20.75 31.096 0.112003
103.12 21.25 30.5468 0.111933
103.12 21.75 30.0511 0.111868
103.12 22.25 29.6053 0.111808
103.12 22.75 29.2061 0.111753
103.12 23.25 28.85 0.111702
103.12 23.75 28.5336 0.111656
103.12 24.25 28.2538 0.111614
103.12 24.75 28.0072 0.111575
103.12 25.25 27.791 0.111541
103.12 25.75 27.6024 0.11151
103.12 26.25 27.4386 0.111482
103.12 26.75 27.2972 0.111457
103.12 27.25 27.1758 0.111435
103.12 27.75 27.0723 0.111415
103.12 28.25 26.9848 0.111398
103.12 28.75 26.9112 0.111382
103.12 29.25 26.8501 0.111369
103.12 29.75 26.7999 0.111357
103.12 30.25 26.7591 0.111347
103.12 30.75 26.7266 0.111338
103.12 31.25 26.7012 0.11133
103.12 31.75 26.6819 0.111324
103.12 32.25 26.6678 0.111318
103.12 32.75 26.658 0.111313
103.12 33.25 26.6519 0.111309
103.12 33.75 26.6488 0.111305
103.12 34.25 26.6482 0.111302
103.12 34.75 26.6495 0.111299
103.12 35.25 26.6523 0.111297
103.12 35.75 26.6563 0.111295
103.12 36.25 26.6611 0.111293
103.12 36.75 26.6664 0.111292
103.12 37.25 26.672 0.11129
103.12 37.75 26.6777 0.111289
103.12 38.25 26.6832 0.111288
103.12 38.75 26.6886 0.111287
103.12 39.25 26.6935 0.111286
103.12 39.75 26.698 0.111285
103.12 40.25 26.7019 0.111284
103.12 40.75 26.7052 0.111284
103.12 41.25 26.7078 0.111283
103.12 41.75 26.7097 0.111282
103.12 42.25 26.7108 0.111281
103.12 42.75 26.7112 0.11128
103.12 43.25 26.7108 0.111279
103.12 43.75 26.7096 0.111278
103.12 44.25 26.7076 0.111277
103.12 44.75 26.7049 0.111276
103.12 45.25 26.7014 0.111275
103.12 45.75 26.6972 0.111273
103.12 46.25 26.6923 0.111272
103.12 46.75 26.6866 0.11127
103.12 47.25 26.6803 0.111267
103.12 47.75 26.6733 0.111265
103.12 48.25 26.6657 0.111261
103.12 48.75 26.6575 0.111258
103.12 49.25 26.6487 0.111253
103.12 49.75 26.6393 0.111247
103.12 50.25 26.6294 0.111241
103.12 50.75 26.619 0.111233
103.12 51.25 26.6082 0.111224
103.12 51.75 26.5968 0.111213
103.12 52.25 26.5851 0.111201
103.12 52.75 26.573 0.111186
103.12 53.25 26.5605 0.111169
103.12 53.75 26.5477 0.111149
103.12 54.25 26.5346 0.111125
103.12 54.75 26.5212 0.111098
103.12 55.25 26.5075 0.111066
103.12 55.75 26.4936 0.11103
103.12 56.25 26.4795 0.110994
103.12 56.75 26.4652 0.11096
103.12 57.25 26.4507 0.110938
103.12 57.75 26.4361 0.11094
103.12 58.25 26.4214 0.110985
103.12 58.75 26.4066 0.111091
103.12 59.25 26.3918 0.111274
103.12 59.75 26.3769 0.111533

103.609 0.25 302.403 0.005
103.609 0.75 252.445 0.005
103.609 1.25 203.46 0.005
103.609 1.75 155.178 0.00500009
103.609 2.25 107.315 0.005
103.609 2.75 103.692 0.105098
103.609 3.25 102.004 0.134859
103.609 3.75 100.39 0.143913
103.609 4.25 98.7683 0.147862
103.609 4.75 97.0856 0.149603
103.609 5.25 95.3307 0.150263
103.609 5.75 93.5093 0.150414
103.609 6.25 91.624 0.150268
103.609 6.75 89.6763 0.149914
103.609 7.25 87.6679 0.149396
103.609 7.75 85.6004 0.148746
103.609 8.25 83.4758 0.147984
103.609 8.75 81.297 0.14713
103.609 9.25 79.0674 0.146201
103.609 9.75 76.791 0.145212
103.609 10.25 74.4733 0.144181
103.609 10.75 72.1205 0.143122
103.609 11.25 69.7402 0.142052
103.609 11.75 67.3413 0.140987
103.609 12.25 64.9338 0.139943
103.609 12.75 62.529 0.138935
103.609 13.25 60.1394 0.137978
103.609 13.75 57.7783 0.137084
103.609 14.25 55.4592 0.136263
103.609 14.75 53.1959 0.135523
103.609 15.25 51.0016 0.134869
103.609 15.75 48.8887 0.134302
103.609 16.25 46.8681 0.13382
103.609 16.75 44.9489 0.133421
103.609 17.25 43.1384 0.133096
103.609 17.75 41.4416 0.13284
103.609 18.25 39.8612 0.132645
103.609 18.75 38.3983 0.132501
103.609 19.25 37.0517 0.1324
103.609 19.75 35.819 0.132336
103.609 20.25 34.6963 0.1323
103.609 20.75 33.6787 0.132287
103.609 21.25 32.7606 0.132292
103.609 21.75 31.936 0.132309
103.609 22.25 31.1985 0.132336
103.609 22.75 30.5415 0.13237
103.609 23.25 29.9586 0.132407
103.609 23.75 29.4436 0.132447
103.609 24.25 28.9902 0.132487
103.609 24.75 28.5928 0.132526
103.609 25.25 28.2458 0.132565
103.609 25.75 27.944 0.132602
103.609 26.25 27.6829 0.132636
103.609 26.75 27.4578 0.132668
103.609 27.25 27.2649 0.132697
103.609 27.75 27.1003 0.132724
103.609 28.25 26.9608 0.132748
103.609 28.75 26.8433 0.13277
103.609 29.25 26.7451 0.132789
103.609 29.75 26.6636 0.132806
103.609 30.25 26.5967 0.132821
103.609 30.75 26.5424 0.132835
103.609 31.25 26.4989 0.132846
103.609 31.75 26.4647 0.132856
103.609 32.25 26.4383 0.132864
103.609 32.75 26.4186 0.132872
103.609 33.25 26.4045 0.132878
103.609 33.75 26.3949 0.132883
103.609 34.25 26.3892 0.132887
103.609 34.75 26.3865 0.13289
103.609 35.25 26.3863 0.132893
103.609 35.75 26.388 0.132895
103.609 36.25 26.3911 0.132897
103.609 36.75 26.3953 0.132898
103.609 37.25 26.4001 0.132899
103.609 37.75 26.4053 0.1329
103.609 38.25 26.4107 0.1329
103.609 38.75 26.4161 0.1329
103.609 39.25 26.4212 0.1329
103.609 39.75 26.4259 0.132899
103.609 40.25 26.4301 0.132899
103.609 40.75 26.4337 0.132898
103.609 41.25 26.4367 0.132897
103.609 41.75 26.439 0.132895
103.609 42.25 26.4405 0.132894
103.609 42.75 26.4412 0.132892
103.609 43.25 26.4412 0.13289
103.609 43.75 26.4403 0.132888
103.609 44.25 26.4385 0.132886
103.609 44.75 26.436 0.132883
103.609 45.25 26.4326 0.13288
103.609 45.75 26.4285 0.132877
103.609 46.25 26.4236 0.132873
103.609 46.75 26.4179 0.13287
103.609 47.25 26.4115 0.132866
103.609 47.75 26.4044 0.132861
103.609 48.25 26.3966 0.132856
103.609 48.75 26.3882 0.132851
103.609 49.25 26.3791 0.132845
103.609 49.75 26.3694 0.132839
103.609 50.25 26.3592 0.132832
103.609 50.75 26.3484 0.132824
103.609 51.25 26.3371 0.132816
103.609 51.75 26.3253 0.132806
103.609 52.25 26.3131 0.132797
103.609 52.75 26.3005 0.132787
103.609 53.25 26.2874 0.132776
103.609 53.75 26.274 0.132766
103.609 54.25 26.2603 0.132756
103.609 54.75 26.2463 0.132748
103.609 55.25 26.2319 0.132742
103.609 55.75 26.2174 0.13274
103.609 56.25 26.2026 0.132744
103.609 56.75 26.1876 0.132756
103.609 57.25 26.1724 0.132777
103.609 57.75 26.1571 0.132811
103.609 58.25 26.1417 0.132858
103.609 58.75 26.1262 0.132921
103.609 59.25 26.1106 0.132998
103.609 59.75 26.095 0.133088

104.098 0.25 296.086 0.005
104.098 0.75 233.454 0.005
104.098 1.25 171.651 0.005
104.098 1.75 110.309 0.005
104.098 2.25 105.904 0.0973298
104.098 2.75 103.907 0.130014
104.098 3.25 102.139 0.140845
104.098 3.75 100.586 0.148284
104.098 4.25 99.0726 0.152394
104.098 4.75 97.5055 0.154395
104.098 5.25 95.871 0.155254
104.098 5.75 94.174 0.155545
104.098 6.25 92.4169 0.155507
104.098 6.75 90.6006 0.155246
104.098 7.25 88.7259 0.154814
104.098 7.75 86.7936 0.154241
104.098 8.25 84.8046 0.153547
104.098 8.75 82.7602 0.15275
104.098 9.25 80.6623 0.151866
104.098 9.75 78.5132 0.150909
104.098 10.25 76.3162 0.149894
104.098 10.75 74.0753 0.148835
104.098 11.25 71.7957 0.147748
104.098 11.75 69.4837 0.146648
104.098 12.25 67.1467 0.145551
104.098 12.75 64.7935 0.144474
104.098 13.25 62.4344 0.14343
104.098 13.75 60.0808 0.142436
104.098 14.25 57.7451 0.141504
104.098 14.75 55.4408 0.140646
104.098 15.25 53.1815 0.13987
104.098 15.75 50.9812 0.139183
104.098 16.25 48.853 0.138587
104.098 16.75 46.8092 0.138081
104.098 17.25 44.8608 0.137662
104.098 17.75 43.0166 0.137324
104.098 18.25 41.2836 0.137061
104.098 18.75 39.6664 0.136864
104.098 19.25 38.1673 0.136724
104.098 19.75 36.7869 0.136631
104.098 20.25 35.5236 0.136579
104.098 20.75 34.3742 0.136559
104.098 21.25 33.3343 0.136564
104.098 21.75 32.3986 0.136589
104.098 22.25 31.5608 0.136629
104.098 22.75 30.8144 0.136679
104.098 23.25 30.1526 0.136736
104.098 23.75 29.5684 0.136798
104.098 24.25 29.055 0.136862
104.098 24.75 28.6059 0.136927
104.098 25.25 28.2147 0.13699
104.098 25.75 27.8756 0.137052
104.098 26.25 27.5829 0.137112
104.098 26.75 27.3314 0.137168
104.098 27.25 27.1166 0.137221
104.098 27.75 26.9339 0.137271
104.098 28.25 26.7795 0.137317
104.098 28.75 26.6498 0.13736
104.098 29.25 26.5416 0.137399
104.098 29.75 26.4521 0.137435
104.098 30.25 26.3787 0.137467
104.098 30.75 26.3192 0.137496
104.098 31.25 26.2714 0.137523
104.098 31.75 26.2338 0.137546
104.098 32.25 26.2047 0.137567
104.098 32.75 26.1827 0.137586
104.098 33.25 26.1666 0.137602
104.098 33.75 26.1555 0.137617
104.098 34.25 26.1484 0.137629
104.098 34.75 26.1445 0.13764
104.098 35.25 26.1431 0.13765
104.098 35.75 26.1437 0.137658
104.098 36.25 26.1458 0.137665
104.098 36.75 26.149 0.137671
104.098 37.25 26.1529 0.137676
104.098 37.75 26.1571 0.13768
104.098 38.25 26.1615 0.137683
104.098 38.75 26.1658 0.137685
104.098 39.25 26.1699 0.137687
104.098 39.75 26.1736 0.137689
104.098 40.25 26.1768 0.137689
104.098 40.75 26.1793 0.13769
104.098 41.25 26.1813 0.13769
104.098 41.75 26.1825 0.137689
104.098 42.25 26.1829 0.137688
104.098 42.75 26.1826 0.137687
104.098 43.25 26.1814 0.137686
104.098 43.75 26.1795 0.137684
104.098 44.25 26.1767 0.137682
104.098 44.75 26.1731 0.137679
104.098 45.25 26.1688 0.137677
104.098 45.75 26.1637 0.137674
104.098 46.25 26.1578 0.13767
104.098 46.75 26.1512 0.137667
104.098 47.25 26.1438 0.137663
104.098 47.75 26.1358 0.137658
104.098 48.25 26.1272 0.137654
104.098 48.75 26.1179 0.137649
104.098 49.25 26.108 0.137643
104.098 49.75 26.0975 0.137637
104.098 50.25 26.0865 0.13763
104.098 50.75 26.075 0.137623
104.098 51.25 26.063 0.137616
104.098 51.75 26.0505 0.137608
104.098 52.25 26.0376 0.1376
104.098 52.75 26.0243 0.137591
104.098 53.25 26.0107 0.137583
104.098 53.75 25.9967 0.137575
104.098 54.25 25.9824 0.137568
104.098 54.75 25.9678 0.137563
104.098 55.25 25.9529 0.137561
104.098 55.75 25.9378 0.137562
104.098 56.25 25.9225 0.137568
104.098 56.75 25.907 0.13758
104.098 57.25 25.8914 0.1376
104.098 57.75 25.8756 0.13763
104.098 58.25 25.8597 0.13767
104.098 58.75 25.8437 0.137722
104.098 59.25 25.8277 0.137784
104.098 59.75 25.8116 0.137857

104.587 0.25 308.02 0.005
104.587 0.75 269.528 0.005
104.587 1.25 232.665 0.005
104.587 1.75 197.579 0.005
104.587 2.25 164.393 0.00500127
104.587 2.75 133.826 0.00570675
104.587 3.25 113.319 0.0211168
104.587 3.75 103.473 0.0560462
104.587 4.25 97.2917 0.0638531
104.587 4.75 91.4052 0.0616013
104.587 5.25 85.7029 0.0643418
104.587 5.75 80.2263 0.0640918
104.587 6.25 74.4919 0.0465216
104.587 6.75 65.7706 0.005
104.587 7.25 62.9652 0.0793942
104.587 7.75 61.3858 0.108823
104.587 8.25 59.7416 0.108439
104.587 8.75 58.0939 0.108503
104.587 9.25 56.4461 0.108532
104.587 9.75 54.8028 0.1085
104.587 10.25 53.1693 0.108418
104.587 10.75 51.551 0.108295
104.587 11.25 49.9536 0.108142
104.587 11.75 48.383 0.107967
104.587 12.25 46.8452 0.107777
104.587 12.75 45.346 0.107579
104.587 13.25 43.8912 0.107375
104.587 13.75 42.486 0.107172
104.587 14.25 41.1352 0.10697
104.587 14.75 39.8428 0.106774
104.587 15.25 38.6125 0.106583
104.587 15.75 37.4467 0.1064
104.587 16.25 36.3475 0.106225
104.587 16.75 35.3158 0.106059
104.587 17.25 34.352 0.105902
104.587 17.75 33.4559 0.105753
104.587 18.25 32.6262 0.105614
104.587 18.75 31.8616 0.105484
104.587 19.25 31.1599 0.105364
104.587 19.75 30.5188 0.105252
104.587 20.25 29.9355 0.10515
104.587 20.75 29.407 0.105057
104.587 21.25 28.9303 0.104972
104.587 21.75 28.502 0.104895
104.587 22.25 28.119 0.104825
104.587 22.75 27.7778 0.104763
104.587 23.25 27.4754 0.104707
104.587 23.75 27.2085 0.104658
104.587 24.25 26.9742 0.104614
104.587 24.75 26.7695 0.104575
104.587 25.25 26.5916 0.104541
104.587 25.75 26.4379 0.104511
104.587 26.25 26.306 0.104485
104.587 26.75 26.1935 0.104462
104.587 27.25 26.0984 0.104442
104.587 27.75 26.0187 0.104425
104.587 28.25 25.9526 0.10441
104.587 28.75 25.8984 0.104397
104.587 29.25 25.8546 0.104385
104.587 29.75 25.8198 0.104376
104.587 30.25 25.7929 0.104368
104.587 30.75 25.7727 0.10436
104.587 31.25 25.7582 0.104354
104.587 31.75 25.7485 0.104349
104.587 32.25 25.7429 0.104345
104.587 32.75 25.7406 0.104341
104.587 33.25 25.741 0.104338
104.587 33.75 25.7436 0.104336
104.587 34.25 25.7478 0.104333
104.587 34.75 25.7533 0.104332
104.587 35.25 25.7598 0.10433
104.587 35.75 25.7668 0.104329
104.587 36.25 25.7741 0.104328
104.587 36.75 25.7816 0.104327
104.587 37.25 25.7889 0.104326
104.587 37.75 25.796 0.104325
104.587 38.25 25.8027 0.104324
104.587 38.75 25.8089 0.104324
104.587 39.25 25.8144 0.104323
104.587 39.75 25.8193 0.104322
104.587 40.25 25.8235 0.104322
104.587 40.75 25.8269 0.104321
104.587 41.25 25.8295 0.104321
104.587 41.75 25.8313 0.10432
104.587 42.25 25.8322 0.104319
104.587 42.75 25.8323 0.104318
104.587 43.25 25.8316 0.104318
104.587 43.75 25.83 0.104317
104.587 44.25 25.8276 0.104316
104.587 44.75 25.8244 0.104315
104.587 45.25 25.8205 0.104314
104.587 45.75 25.8158 0.104313
104.587 46.25 25.8103 0.104311
104.587 46.75 25.8042 0.10431
104.587 47.25 25.7973 0.104309
104.587 47.75 25.7898 0.104307
104.587 48.25 25.7817 0.104305
104.587 48.75 25.773 0.104303
104.587 49.25 25.7637 0.1043
104.587 49.75 25.7539 0.104297
104.587 50.25 25.7435 0.104293
104.587 50.75 25.7327 0.104288
104.587 51.25 25.7214 0.104282
104.587 51.75 25.7097 0.104274
104.587 52.25 25.6976 0.104264
104.587 52.75 25.6851 0.104251
104.587 53.25 25.6723 0.104236
104.587 53.75 25.6592 0.104217
104.587 54.25 25.6457 0.104194
104.587 54.75 25.632 0.104166
104.587 55.25 25.618 0.104132
104.587 55.75 25.6038 0.10409
104.587 56.25 25.5895 0.104041
104.587 56.75 25.5749 0.103986
104.587 57.25 25.5602 0.10393
104.587 57.75 25.5453 0.103889
104.587 58.25 25.5304 0.103891
104.587 58.75 25.5154 0.103976
104.587 59.25 25.5003 0.10419
104.587 59.75 25.4852 0.104555

105.075 0.25 308.353 0.005
105.075 0.75 270.532 0.005
105.075 1.25 234.343 0.005
105.075 1.75 199.93 0.005
105.075 2.25 167.412 0.0050007
105.075 2.75 137.226 0.00539928
105.075 3.25 115.21 0.0160378
105.075 3.75 103.729 0.0433333
105.075 4.25 95.78 0.0399252
105.075 4.75 86.4274 0.0195822
105.075 5.25 72.5389 0.005
105.075 5.75 69.8181 0.0686352
105.075 6.25 68.3007 0.0947998
105.075 6.75 66.7022 0.0942185
105.075 7.25 65.0739 0.0988256
105.075 7.75 63.4073 0.103419
105.075 8.25 61.7162 0.103629
105.075 8.75 60.0148 0.104007
105.075 9.25 58.3077 0.104138
105.075 9.75 56.6011 0.104129
105.075 10.25 54.9009 0.104025
105.075 10.75 53.2134 0.103851
105.075 11.25 51.5448 0.103623
105.075 11.75 49.9016 0.103354
105.075 12.25 48.29 0.103055
105.075 12.75 46.7165 0.102735
105.075 13.25 45.1868 0.102402
105.075 13.75 43.7064 0.102063
105.075 14.25 42.2804 0.101723
105.075 14.75 40.9133 0.101389
105.075 15.25 39.6086 0.101065
105.075 15.75 38.3693 0.100753
105.075 16.25 37.1977 0.100457
105.075 16.75 36.0952 0.100178
105.075 17.25 35.0624 0.0999191
105.075 17.75 34.0993 0.0996799
105.075 18.25 33.2053 0.099461
105.075 18.75 32.3789 0.0992621
105.075 19.25 31.6184 0.0990827
105.075 19.75 30.9215 0.0989219
105.075 20.25 30.2857 0.0987784
105.075 20.75 29.708 0.098651
105.075 21.25 29.1853 0.0985383
105.075 21.75 28.7143 0.0984389
105.075 22.25 28.2917 0.0983514
105.075 22.75 27.9142 0.0982745
105.075 23.25 27.5784 0.0982071
105.075 23.75 27.281 0.0981481
105.075 24.25 27.0188 0.0980965
105.075 24.75 26.7888 0.0980514
105.075 25.25 26.5881 0.098012
105.075 25.75 26.4137 0.0979777
105.075 26.25 26.2632 0.0979478
105.075 26.75 26.1341 0.0979218
105.075 27.25 26.024 0.0978992
105.075 27.75 25.9309 0.0978797
105.075 28.25 25.8528 0.0978628
105.075 28.75 25.788 0.0978482
105.075 29.25 25.7347 0.0978356
105.075 29.75 25.6916 0.0978249
105.075 30.25 25.6572 0.0978156
105.075 30.75 25.6304 0.0978077
105.075 31.25 25.6101 0.097801
105.075 31.75 25.5953 0.0977953
105.075 32.25 25.5851 0.0977905
105.075 32.75 25.5788 0.0977865
105.075 33.25 25.5757 0.097783
105.075 33.75 25.5752 0.0977802
105.075 34.25 25.5767 0.0977778
105.075 34.75 25.5798 0.0977758
105.075 35.25 25.5842 0.0977741
105.075 35.75 25.5893 0.0977727
105.075 36.25 25.5951 0.0977715
105.075 36.75 25.6011 0.0977705
105.075 37.25 25.6072 0.0977696
105.075 37.75 25.6132 0.0977688
105.075 38.25 25.619 0.0977682
105.075 38.75 25.6243 0.0977675
105.075 39.25 25.6292 0.0977669
105.075 39.75 25.6335 0.0977663
105.075 40.25 25.6372 0.0977657
105.075 40.75 25.6402 0.0977651
105.075 41.25 25.6425 0.0977645
105.075 41.75 25.644 0.0977639
105.075 42.25 25.6447 0.0977632
105.075 42.75 25.6447 0.0977624
105.075 43.25 25.6438 0.0977616
105.075 43.75 25.6422 0.0977608
105.075 44.25 25.6399 0.0977599
105.075 44.75 25.6367 0.097759
105.075 45.25 25.6329 0.097758
105.075 45.75 25.6283 0.0977569
105.075 46.25 25.623 0.0977558
105.075 46.75 25.6171 0.0977546
105.075 47.25 25.6105 0.0977534
105.075 47.75 25.6033 0.0977521
105.075 48.25 25.5955 0.0977507
105.075 48.75 25.5871 0.0977493
105.075 49.25 25.5782 0.0977477
105.075 49.75 25.5687 0.097746
105.075 50.25 25.5588 0.097744
105.075 50.75 25.5484 0.0977416
105.075 51.25 25.5376 0.0977387
105.075 51.75 25.5264 0.0977348
105.075 52.25 25.5148 0.0977295
105.075 52.75 25.5028 0.0977221
105.075 53.25 25.4906 0.097712
105.075 53.75 25.478 0.0976982
105.075 54.25 25.4651 0.0976794
105.075 54.75 25.452 0.0976546
105.075 55.25 25.4386 0.0976221
105.075 55.75 25.4251 0.0975798
105.075 56.25 25.4113 0.0975248
105.075 56.75 25.3974 0.0974538
105.075 57.25 25.3833 0.0973652
105.075 57.75 25.3691 0.0972652
105.075 58.25 25.3548 0.0971817
105.075 58.75 25.3405 0.0971829
105.075 59.25 25.326 0.0973841
105.075 59.75 25.3116 0.0978903

105.564 0.25 306.512 0.005
105.564 0.75 264.974 0.005
105.564 1.25 224.993 0.005
105.564 1.75 186.677 0.005
105.564 2.25 150.138 0.00501645
105.564 2.75 119.704 0.0102235
105.564 3.25 103.62 0.0456665
105.564 3.75 88.4556 0.005
105.564 4.25 85.5729 0.0973794
105.564 4.75 83.9514 0.125374
105.564 5.25 82.1658 0.128155
105.564 5.75 80.3239 0.128732
105.564 6.25 78.4371 0.128834
105.564 6.75 76.5096 0.128742
105.564 7.25 74.5447 0.128508
105.564 7.75 72.5463 0.128159
105.564 8.25 70.5185 0.12772
105.564 8.75 68.4663 0.127213
105.564 9.25 66.3953 0.126655
105.564 9.75 64.3118 0.126064
105.564 10.25 62.2228 0.125454
105.564 10.75 60.1362 0.124838
105.564 11.25 58.0602 0.124229
105.564 11.75 56.0039 0.123638
105.564 12.25 53.9764 0.123075
105.564 12.75 51.9874 0.122547
105.564 13.25 50.046 0.12206
105.564 13.75 48.1615 0.121618
105.564 14.25 46.3421 0.121223
105.564 14.75 44.5954 0.120876
105.564 15.25 42.9281 0.120575
105.564 15.75 41.3454 0.120318
105.564 16.25 39.8514 0.1201
105.564 16.75 38.4488 0.119919
105.564 17.25 37.139 0.119768
105.564 17.75 35.9223 0.119644
105.564 18.25 34.7975 0.119543
105.564 18.75 33.763 0.119461
105.564 19.25 32.8158 0.119393
105.564 19.75 31.9525 0.119338
105.564 20.25 31.1693 0.119292
105.564 20.75 30.4616 0.119253
105.564 21.25 29.825 0.11922
105.564 21.75 29.2548 0.119191
105.564 22.25 28.746 0.119165
105.564 22.75 28.294 0.119142
105.564 23.25 27.8941 0.119121
105.564 23.75 27.5419 0.119101
105.564 24.25 27.233 0.119083
105.564 24.75 26.9634 0.119065
105.564 25.25 26.7291 0.119049
105.564 25.75 26.5267 0.119034
105.564 26.25 26.3527 0.119019
105.564 26.75 26.2041 0.119006
105.564 27.25 26.078 0.118993
105.564 27.75 25.9718 0.118982
105.564 28.25 25.8831 0.118971
105.564 28.75 25.8098 0.118962
105.564 29.25 25.7498 0.118953
105.564 29.75 25.7016 0.118945
105.564 30.25 25.6634 0.118938
105.564 30.75 25.6338 0.118931
105.564 31.25 25.6116 0.118926
105.564 31.75 25.5956 0.118921
105.564 32.25 25.5849 0.118916
105.564 32.75 25.5786 0.118912
105.564 33.25 25.5759 0.118909
105.564 33.75 25.5761 0.118906
105.564 34.25 25.5786 0.118904
105.564 34.75 25.5828 0.118902
105.564 35.25 25.5885 0.1189
105.564 35.75 25.5951 0.118898
105.564 36.25 25.6023 0.118897
105.564 36.75 25.6099 0.118895
105.564 37.25 25.6175 0.118894
105.564 37.75 25.6251 0.118893
105.564 38.25 25.6324 0.118892
105.564 38.75 25.6392 0.118892
105.564 39.25 25.6455 0.118891
105.564 39.75 25.6512 0.11889
105.564 40.25 25.6562 0.118889
105.564 40.75 25.6604 0.118888
105.564 41.25 25.6638 0.118888
105.564 41.75 25.6664 0.118887
105.564 42.25 25.6681 0.118886
105.564 42.75 25.669 0.118885
105.564 43.25 25.6689 0.118883
105.564 43.75 25.6681 0.118882
105.564 44.25 25.6663 0.118881
105.564 44.75 25.6637 0.118879
105.564 45.25 25.6603 0.118877
105.564 45.75 25.6561 0.118875
105.564 46.25 25.651 0.118872
105.564 46.75 25.6453 0.11887
105.564 47.25 25.6388 0.118866
105.564 47.75 25.6315 0.118862
105.564 48.25 25.6237 0.118858
105.564 48.75 25.6151 0.118853
105.564 49.25 25.606 0.118848
105.564 49.75 25.5962 0.118841
105.564 50.25 25.5859 0.118834
105.564 50.75 25.5751 0.118826
105.564 51.25 25.5638 0.118817
105.564 51.75 25.552 0.118807
105.564 52.25 25.5398 0.118796
105.564 52.75 25.5272 0.118783
105.564 53.25 25.5142 0.118768
105.564 53.75 25.5008 0.118751
105.564 54.25 25.4871 0.118733
105.564 54.75 25.4731 0.118714
105.564 55.25 25.4589 0.118694
105.564 55.75 25.4444 0.118675
105.564 56.25 25.4296 0.118659
105.564 56.75 25.4147 0.118652
105.564 57.25 25.3997 0.118658
105.564 57.75 25.3844 0.118685
105.564 58.25 25.3691 0.11874
105.564 58.75 25.3537 0.118831
105.564 59.25 25.3382 0.118962
105.564 59.75 25.3227 0.119129

106.053 0.25 308.242 0.005
106.053 0.75 270.184 0.005
106.053 1.25 233.738 0.005
106.053 1.75 199.049 0.005
106.053 2.25 166.24 0.00500077
106.053 2.75 135.851 0.00548552
106.053 3.25 114.635 0.0183077
106.053 3.75 104.397 0.0528857
106.053 4.25 98.4496 0.0640039
106.053 4.75 92.9439 0.0634006
106.053 5.25 87.6459 0.0635218
106.053 5.75 82.5993 0.0647496
106.053 6.25 77.7711 0.0629464
106.053 6.75 73.0157 0.0565216
106.053 7.25 66.1392 0.00533382
106.053 7.75 59.4291 0.0535326
106.053 8.25 57.1782 0.0936583
106.053 8.75 55.6863 0.0999674
106.053 9.25 54.1873 0.100304
106.053 9.75 52.6912 0.10049
106.053 10.25 51.2012 0.100587
106.053 10.75 49.7208 0.100607
106.053 11.25 48.2541 0.10056
106.053 11.75 46.8057 0.100458
106.053 12.25 45.3806 0.100309
106.053 12.75 43.9844 0.100123
106.053 13.25 42.6229 0.0999092
106.053 13.75 41.3017 0.0996751
106.053 14.25 40.0263 0.099428
106.053 14.75 38.8019 0.0991746
106.053 15.25 37.6328 0.0989205
106.053 15.75 36.5225 0.0986706
106.053 16.25 35.4738 0.0984289
106.053 16.75 34.4885 0.0981988
106.053 17.25 33.5675 0.0979825
106.053 17.75 32.7109 0.0977818
106.053 18.25 31.9181 0.0975974
106.053 18.75 31.1878 0.0974296
106.053 19.25 30.5181 0.0972781
106.053 19.75 29.9067 0.0971424
106.053 20.25 29.351 0.0970213
106.053 20.75 28.8481 0.0969139
106.053 21.25 28.3949 0.0968189
106.053 21.75 27.9883 0.0967352
106.053 22.25 27.625 0.0966615
106.053 22.75 27.3019 0.0965967
106.053 23.25 27.0158 0.0965399
106.053 23.75 26.7637 0.0964901
106.053 24.25 26.5425 0.0964465
106.053 24.75 26.3495 0.0964084
106.053 25.25 26.1821 0.096375
106.053 25.75 26.0376 0.096346
106.053 26.25 25.9138 0.0963206
106.053 26.75 25.8084 0.0962986
106.053 27.25 25.7194 0.0962795
106.053 27.75 25.645 0.0962629
106.053 28.25 25.5834 0.0962485
106.053 28.75 25.5331 0.0962362
106.053 29.25 25.4926 0.0962255
106.053 29.75 25.4607 0.0962164
106.053 30.25 25.4361 0.0962086
106.053 30.75 25.4179 0.0962019
106.053 31.25 25.4051 0.0961962
106.053 31.75 25.3968 0.0961915
106.053 32.25 25.3923 0.0961874
106.053 32.75 25.3909 0.096184
106.053 33.25 25.3921 0.0961812
106.053 33.75 25.3953 0.0961788
106.053 34.25 25.4001 0.0961768
106.053 34.75 25.406 0.0961752
106.053 35.25 25.4128 0.0961738
106.053 35.75 25.4202 0.0961726
106.053 36.25 25.4278 0.0961717
106.053 36.75 25.4355 0.0961709
106.053 37.25 25.4431 0.0961702
106.053 37.75 25.4504 0.0961696
106.053 38.25 25.4573 0.096169
106.053 38.75 25.4637 0.0961685
106.053 39.25 25.4695 0.096168
106.053 39.75 25.4747 0.0961675
106.053 40.25 25.4791 0.096167
106.053 40.75 25.4828 0.0961665
106.053 41.25 25.4857 0.0961659
106.053 41.75 25.4877 0.0961653
106.053 42.25 25.489 0.0961647
106.053 42.75 25.4894 0.096164
106.053 43.25 25.489 0.0961633
106.053 43.75 25.4878 0.0961625
106.053 44.25 25.4858 0.0961617
106.053 44.75 25.483 0.0961608
106.053 45.25 25.4794 0.0961598
106.053 45.75 25.4751 0.0961588
106.053 46.25 25.4701 0.0961577
106.053 46.75 25.4643 0.0961566
106.053 47.25 25.4579 0.0961554
106.053 47.75 25.4508 0.0961541
106.053 48.25 25.4432 0.0961528
106.053 48.75 25.4349 0.0961514
106.053 49.25 25.4261 0.09615
106.053 49.75 25.4167 0.0961484
106.053 50.25 25.4068 0.0961467
106.053 50.75 25.3965 0.0961447
106.053 51.25 25.3856 0.0961423
106.053 51.75 25.3744 0.0961392
106.053 52.25 25.3628 0.096135
106.053 52.75 25.3508 0.0961292
106.053 53.25 25.3384 0.0961209
106.053 53.75 25.3257 0.0961092
106.053 54.25 25.3128 0.0960928
106.053 54.75 25.2995 0.0960704
106.053 55.25 25.286 0.0960403
106.053 55.75 25.2723 0.0960005
106.053 56.25 25.2584 0.0959481
106.053 56.75 25.2444 0.0958796
106.053 57.25 25.2301 0.0957918
106.053 57.75 25.2158 0.0956886
106.053 58.25 25.2013 0.0955965
106.053 58.75 25.1868 0.0955905
106.053 59.25 25.1721 0.09581
106.053 59.75 25.1575 0.0963902

106.541 0.25 308.394 0.005
106.541 0.75 270.641 0.005
106.541 1.25 234.505 0.005
106.541 1.75 200.133 0.005
106.541 2.25 167.649 0.00500058
106.541 2.75 137.496 0.00537802
106.541 3.25 115.746 0.0163209
106.541 3.75 105.07 0.0494641
106.541 4.25 99.1598 0.0649983
106.541 4.75 93.7881 0.0649991
106.541 5.25 88.6016 0.0649945
106.541 5.75 83.5983 0.0649636
106.541 6.25 78.7786 0.0649797
106.541 6.75 74.1394 0.0647388
106.541 7.25 69.683 0.0647438
106.541 7.75 65.4169 0.0645231
106.541 8.25 61.3526 0.0641227
106.541 8.75 57.5002 0.0618487
106.541 9.25 53.854 0.0558284
106.541 9.75 50.6624 0.0638778
106.541 10.25 48.8394 0.073834
106.541 10.75 47.5013 0.0940634
106.541 11.25 46.1299 0.0940896
106.541 11.75 44.7517 0.0940818
106.541 12.25 43.3868 0.0939862
106.541 12.75 42.0508 0.0938233
106.541 13.25 40.7551 0.0936104
106.541 13.75 39.5079 0.0933625
106.541 14.25 38.3145 0.0930929
106.541 14.75 37.1788 0.0928134
106.541 15.25 36.1034 0.0925339
106.541 15.75 35.0898 0.0922624
106.541 16.25 34.1387 0.0920049
106.541 16.75 33.2502 0.0917653
106.541 17.25 32.4238 0.0915459
106.541 17.75 31.6584 0.0913473
106.541 18.25 30.9525 0.0911692
106.541 18.75 30.3041 0.0910105
106.541 19.25 29.7111 0.0908698
106.541 19.75 29.171 0.0907453
106.541 20.25 28.6811 0.0906356
106.541 20.75 28.2386 0.0905389
106.541 21.25 27.8407 0.0904538
106.541 21.75 27.4843 0.0903789
106.541 22.25 27.1665 0.0903132
106.541 22.75 26.8845 0.0902554
106.541 23.25 26.6353 0.0902048
106.541 23.75 26.4163 0.0901603
106.541 24.25 26.2248 0.0901214
106.541 24.75 26.0582 0.0900874
106.541 25.25 25.9142 0.0900577
106.541 25.75 25.7906 0.0900318
106.541 26.25 25.6851 0.0900092
106.541 26.75 25.5959 0.0899896
106.541 27.25 25.5212 0.0899726
106.541 27.75 25.4593 0.0899579
106.541 28.25 25.4086 0.0899452
106.541 28.75 25.3677 0.0899343
106.541 29.25 25.3354 0.0899249
106.541 29.75 25.3106 0.0899169
106.541 30.25 25.2921 0.0899101
106.541 30.75 25.2791 0.0899043
106.541 31.25 25.2707 0.0898995
106.541 31.75 25.2662 0.0898954
106.541 32.25 25.2648 0.0898919
106.541 32.75 25.2661 0.0898891
106.541 33.25 25.2695 0.0898867
106.541 33.75 25.2745 0.0898848
106.541 34.25 25.2808 0.0898832
106.541 34.75 25.2879 0.0898819
106.541 35.25 25.2956 0.0898808
106.541 35.75 25.3037 0.0898799
106.541 36.25 25.3119 0.0898792
106.541 36.75 25.32 0.0898785
106.541 37.25 25.3278 0.089878
106.541 37.75 25.3353 0.0898775
106.541 38.25 25.3423 0.0898771
106.541 38.75 25.3487 0.0898767
106.541 39.25 25.3545 0.0898763
106.541 39.75 25.3596 0.0898759
106.541 40.25 25.3639 0.0898755
106.541 40.75 25.3675 0.089875
106.541 41.25 25.3702 0.0898745
106.541 41.75 25.3721 0.089874
106.541 42.25 25.3732 0.0898734
106.541 42.75 25.3735 0.0898727
106.541 43.25 25.373 0.089872
106.541 43.75 25.3717 0.0898713
106.541 44.25 25.3696 0.0898704
106.541 44.75 25.3667 0.0898695
106.541 45.25 25.363 0.0898686
106.541 45.75 25.3587 0.0898676
106.541 46.25 25.3536 0.0898665
106.541 46.75 25.3478 0.0898654
106.541 47.25 25.3414 0.0898642
106.541 47.75 25.3344 0.0898629
106.541 48.25 25.3268 0.0898616
106.541 48.75 25.3185 0.0898602
106.541 49.25 25.3098 0.0898588
106.541 49.75 25.3005 0.0898574
106.541 50.25 25.2908 0.0898558
106.541 50.75 25.2805 0.0898543
106.541 51.25 25.2699 0.0898526
106.541 51.75 25.2588 0.0898509
106.541 52.25 25.2474 0.089849
106.541 52.75 25.2355 0.0898469
106.541 53.25 25.2234 0.0898441
106.541 53.75 25.211 0.0898402
106.541 54.25 25.1982 0.0898339
106.541 54.75 25.1852 0.0898234
106.541 55.25 25.172 0.0898059
106.541 55.75 25.1585 0.0897772
106.541 56.25 25.1449 0.089732
106.541 56.75 25.1311 0.0896633
106.541 57.25 25.1172 0.0895612
106.541 57.75 25.1031 0.0894127
106.541 58.25 25.0889 0.0892115
106.541 58.75 25.0746 0.0890071
106.541 59.25 25.0603 0.0890419
106.541 59.75 25.046 0.0898216

107.03 0.25 307.656 0.005
107.03 0.75 268.412 0.005
107.03 1.25 230.742 0.005
107.03 1.75 194.766 0.005
107.03 2.25 160.58 0.00500205
107.03 2.75 129.295 0.00616118
107.03 3.25 110.18 0.0286144
107.03 3.75 100.967 0.0639687
107.03 4.25 93.8316 0.0649304
107.03 4.75 86.6575 0.0575617
107.03 5.25 75.8901 0.005
107.03 5.75 72.9656 0.0795134
107.03 6.25 71.3067 0.114831
107.03 6.75 69.5149 0.114421
107.03 7.25 67.6977 0.114769
107.03 7.75 65.8565 0.114985
107.03 8.25 63.9965 0.115007
107.03 8.75 62.1233 0.114895
107.03 9.25 60.2429 0.114692
107.03 9.75 58.3617 0.114427
107.03 10.25 56.4865 0.114122
107.03 10.75 54.6244 0.113792
107.03 11.25 52.7829 0.11345
107.03 11.75 50.9699 0.113106
107.03 12.25 49.193 0.112767
107.03 12.75 47.4598 0.112441
107.03 13.25 45.7777 0.112132
107.03 13.75 44.1534 0.111843
107.03 14.25 42.5931 0.111575
107.03 14.75 41.1021 0.111329
107.03 15.25 39.6846 0.111105
107.03 15.75 38.3439 0.110902
107.03 16.25 37.0824 0.110718
107.03 16.75 35.9013 0.110551
107.03 17.25 34.8008 0.1104
107.03 17.75 33.7803 0.110264
107.03 18.25 32.8384 0.110139
107.03 18.75 31.9729 0.110026
107.03 19.25 31.1812 0.109923
107.03 19.75 30.4601 0.109828
107.03 20.25 29.806 0.109741
107.03 20.75 29.2153 0.109662
107.03 21.25 28.6839 0.10959
107.03 21.75 28.208 0.109523
107.03 22.25 27.7834 0.109463
107.03 22.75 27.4063 0.109408
107.03 23.25 27.0728 0.109359
107.03 23.75 26.7792 0.109314
107.03 24.25 26.5218 0.109274
107.03 24.75 26.2974 0.109238
107.03 25.25 26.1027 0.109205
107.03 25.75 25.9347 0.109177
107.03 26.25 25.7907 0.109152
107.03 26.75 25.668 0.109129
107.03 27.25 25.5643 0.10911
107.03 27.75 25.4774 0.109093
107.03 28.25 25.4053 0.109078
107.03 28.75 25.3462 0.109065
107.03 29.25 25.2984 0.109053
107.03 29.75 25.2604 0.109043
107.03 30.25 25.2309 0.109035
107.03 30.75 25.2087 0.109028
107.03 31.25 25.1927 0.109022
107.03 31.75 25.1819 0.109016
107.03 32.25 25.1755 0.109012
107.03 32.75 25.1728 0.109008
107.03 33.25 25.173 0.109005
107.03 33.75 25.1757 0.109002
107.03 34.25 25.1801 0.109
107.03 34.75 25.1861 0.108998
107.03 35.25 25.193 0.108997
107.03 35.75 25.2007 0.108995
107.03 36.25 25.2087 0.108994
107.03 36.75 25.2169 0.108993
107.03 37.25 25.2251 0.108992
107.03 37.75 25.2331 0.108991
107.03 38.25 25.2407 0.108991
107.03 38.75 25.2478 0.10899
107.03 39.25 25.2544 0.10899
107.03 39.75 25.2603 0.108989
107.03 40.25 25.2654 0.108988
107.03 40.75 25.2698 0.108988
107.03 41.25 25.2733 0.108987
107.03 41.75 25.2761 0.108987
107.03 42.25 25.2779 0.108986
107.03 42.75 25.279 0.108985
107.03 43.25 25.2792 0.108985
107.03 43.75 25.2785 0.108984
107.03 44.25 25.277 0.108983
107.03 44.75 25.2747 0.108982
107.03 45.25 25.2715 0.108981
107.03 45.75 25.2676 0.10898
107.03 46.25 25.2629 0.108978
107.03 46.75 25.2575 0.108977
107.03 47.25 25.2514 0.108975
107.03 47.75 25.2447 0.108973
107.03 48.25 25.2372 0.10897
107.03 48.75 25.2292 0.108967
107.03 49.25 25.2205 0.108964
107.03 49.75 25.2113 0.108959
107.03 50.25 25.2016 0.108954
107.03 50.75 25.1914 0.108947
107.03 51.25 25.1806 0.108939
107.03 51.75 25.1695 0.108929
107.03 52.25 25.1579 0.108918
107.03 52.75 25.1459 0.108904
107.03 53.25 25.1336 0.108887
107.03 53.75 25.1209 0.108868
107.03 54.25 25.1079 0.108844
107.03 54.75 25.0947 0.108816
107.03 55.25 25.0812 0.108783
107.03 55.75 25.0674 0.108745
107.03 56.25 25.0534 0.108703
107.03 56.75 25.0393 0.10866
107.03 57.25 25.025 0.108625
107.03 57.75 25.0106 0.10861
107.03 58.25 24.996 0.108634
107.03 58.75 24.9814 0.108723
107.03 59.25 24.9667 0.108897
107.03 59.75 24.952 0.109162

107.519 0.25 307.467 0.005
107.519 0.75 267.862 0.005
107.519 1.25 229.886 0.005
107.519 1.75 193.689 0.005
107.519 2.25 159.397 0.00500378
107.519 2.75 128.551 0.00665119
107.519 3.25 106.801 0.0178769
107.519 3.75 86.454 0.005
107.519 4.25 83.4409 0.0995912
107.519 4.75 81.7562 0.125703
107.519 5.25 79.9199 0.128882
107.519 5.75 78.0318 0.129603
107.519 6.25 76.1058 0.129659
107.519 6.75 74.1476 0.129481
107.519 7.25 72.1611 0.12918
107.519 7.75 70.1506 0.128795
107.519 8.25 68.1205 0.128348
107.519 8.75 66.076 0.127855
107.519 9.25 64.023 0.127332
107.519 9.75 61.9679 0.126793
107.519 10.25 59.9178 0.126251
107.519 10.75 57.8801 0.125716
107.519 11.25 55.863 0.125199
107.519 11.75 53.8747 0.124709
107.519 12.25 51.9237 0.124253
107.519 12.75 50.0184 0.123836
107.519 13.25 48.1669 0.123461
107.519 13.75 46.3768 0.123131
107.519 14.25 44.6549 0.122845
107.519 14.75 43.0072 0.122603
107.519 15.25 41.4388 0.122401
107.519 15.75 39.9534 0.122236
107.519 16.25 38.5537 0.122105
107.519 16.75 37.2415 0.122002
107.519 17.25 36.017 0.121924
107.519 17.75 34.88 0.121867
107.519 18.25 33.8288 0.121826
107.519 18.75 32.8614 0.121797
107.519 19.25 31.9749 0.121779
107.519 19.75 31.166 0.121769
107.519 20.25 30.4309 0.121763
107.519 20.75 29.7656 0.121761
107.519 21.25 29.1659 0.121761
107.519 21.75 28.6274 0.121762
107.519 22.25 28.1459 0.121763
107.519 22.75 27.717 0.121764
107.519 23.25 27.3366 0.121764
107.519 23.75 27.0005 0.121764
107.519 24.25 26.705 0.121763
107.519 24.75 26.4463 0.121761
107.519 25.25 26.2209 0.121758
107.519 25.75 26.0254 0.121754
107.519 26.25 25.857 0.12175
107.519 26.75 25.7126 0.121745
107.519 27.25 25.5897 0.12174
107.519 27.75 25.4858 0.121735
107.519 28.25 25.3988 0.12173
107.519 28.75 25.3266 0.121725
107.519 29.25 25.2673 0.12172
107.519 29.75 25.2193 0.121715
107.519 30.25 25.1811 0.121711
107.519 30.75 25.1513 0.121707
107.519 31.25 25.1288 0.121703
107.519 31.75 25.1124 0.121699
107.519 32.25 25.1011 0.121696
107.519 32.75 25.0942 0.121693
107.519 33.25 25.0909 0.12169
107.519 33.75 25.0904 0.121688
107.519 34.25 25.0923 0.121685
107.519 34.75 25.096 0.121684
107.519 35.25 25.101 0.121682
107.519 35.75 25.107 0.12168
107.519 36.25 25.1137 0.121679
107.519 36.75 25.1207 0.121678
107.519 37.25 25.1278 0.121677
107.519 37.75 25.1349 0.121676
107.519 38.25 25.1417 0.121675
107.519 38.75 25.1481 0.121674
107.519 39.25 25.1539 0.121673
107.519 39.75 25.1592 0.121672
107.519 40.25 25.1638 0.121671
107.519 40.75 25.1676 0.12167
107.519 41.25 25.1706 0.121669
107.519 41.75 25.1728 0.121668
107.519 42.25 25.1741 0.121667
107.519 42.75 25.1746 0.121666
107.519 43.25 25.1742 0.121664
107.519 43.75 25.1729 0.121663
107.519 44.25 25.1708 0.121661
107.519 44.75 25.1679 0.121659
107.519 45.25 25.1641 0.121657
107.519 45.75 25.1595 0.121655
107.519 46.25 25.1542 0.121652
107.519 46.75 25.148 0.121649
107.519 47.25 25.1412 0.121645
107.519 47.75 25.1337 0.121641
107.519 48.25 25.1254 0.121637
107.519 48.75 25.1166 0.121632
107.519 49.25 25.1071 0.121626
107.519 49.75 25.097 0.12162
107.519 50.25 25.0864 0.121613
107.519 50.75 25.0752 0.121605
107.519 51.25 25.0636 0.121596
107.519 51.75 25.0515 0.121586
107.519 52.25 25.039 0.121575
107.519 52.75 25.026 0.121563
107.519 53.25 25.0127 0.121549
107.519 53.75 24.999 0.121534
107.519 54.25 24.985 0.121518
107.519 54.75 24.9707 0.121501
107.519 55.25 24.9561 0.121484
107.519 55.75 24.9413 0.12147
107.519 56.25 24.9263 0.121461
107.519 56.75 24.911 0.121459
107.519 57.25 24.8957 0.121471
107.519 57.75 24.8801 0.121501
107.519 58.25 24.8645 0.121555
107.519 58.75 24.8488 0.121638
107.519 59.25 24.833 0.121753
107.519 59.75 24.8172 0.121897

108.008 0.25 307.964 0.005
108.008 0.75 269.353 0.005
108.008 1.25 232.353 0.005
108.008 1.75 197.099 0.005
108.008 2.25 163.698 0.00500134
108.008 2.75 132.897 0.00575579
108.008 3.25 112.503 0.0222877
108.008 3.75 102.688 0.0583037
108.008 4.25 96.1416 0.0642082
108.008 4.75 89.8816 0.0643393
108.008 5.25 83.769 0.0641811
108.008 5.75 77.6518 0.0578983
108.008 6.25 68.5597 0.005
108.008 6.75 65.6341 0.072488
108.008 7.25 63.9745 0.108772
108.008 7.75 62.217 0.107452
108.008 8.25 60.4484 0.107544
108.008 8.75 58.6707 0.107597
108.008 9.25 56.8899 0.107563
108.008 9.75 55.1125 0.107461
108.008 10.25 53.3453 0.107307
108.008 10.75 51.5954 0.107115
108.008 11.25 49.8703 0.106894
108.008 11.75 48.177 0.106654
108.008 12.25 46.5229 0.106404
108.008 12.75 44.9147 0.106149
108.008 13.25 43.3588 0.105895
108.008 13.75 41.861 0.105645
108.008 14.25 40.4264 0.105402
108.008 14.75 39.0591 0.105168
108.008 15.25 37.7624 0.104945
108.008 15.75 36.5388 0.104733
108.008 16.25 35.3898 0.104533
108.008 16.75 34.3159 0.104345
108.008 17.25 33.3169 0.104169
108.008 17.75 32.3919 0.104006
108.008 18.25 31.5391 0.103854
108.008 18.75 30.7566 0.103715
108.008 19.25 30.0415 0.103587
108.008 19.75 29.3908 0.10347
108.008 20.25 28.8013 0.103364
108.008 20.75 28.2695 0.103268
108.008 21.25 27.7917 0.103181
108.008 21.75 27.3643 0.103104
108.008 22.25 26.9836 0.103035
108.008 22.75 26.646 0.102974
108.008 23.25 26.348 0.10292
108.008 23.75 26.0862 0.102872
108.008 24.25 25.8573 0.10283
108.008 24.75 25.6582 0.102794
108.008 25.25 25.4861 0.102761
108.008 25.75 25.3382 0.102733
108.008 26.25 25.212 0.102709
108.008 26.75 25.105 0.102687
108.008 27.25 25.0152 0.102669
108.008 27.75 24.9405 0.102653
108.008 28.25 24.8791 0.102639
108.008 28.75 24.8293 0.102627
108.008 29.25 24.7897 0.102617
108.008 29.75 24.7588 0.102608
108.008 30.25 24.7354 0.102601
108.008 30.75 24.7185 0.102595
108.008 31.25 24.707 0.102589
108.008 31.75 24.7001 0.102585
108.008 32.25 24.697 0.102581
108.008 32.75 24.697 0.102578
108.008 33.25 24.6995 0.102575
108.008 33.75 24.704 0.102573
108.008 34.25 24.71 0.102571
108.008 34.75 24.7171 0.10257
108.008 35.25 24.7249 0.102568
108.008 35.75 24.7333 0.102567
108.008 36.25 24.7418 0.102566
108.008 36.75 24.7503 0.102566
108.008 37.25 24.7587 0.102565
108.008 37.75 24.7666 0.102564
108.008 38.25 24.7741 0.102564
108.008 38.75 24.781 0.102563
108.008 39.25 24.7873 0.102563
108.008 39.75 24.7928 0.102562
108.008 40.25 24.7975 0.102562
108.008 40.75 24.8015 0.102561
108.008 41.25 24.8045 0.102561
108.008 41.75 24.8067 0.10256
108.008 42.25 24.8081 0.10256
108.008 42.75 24.8085 0.102559
108.008 43.25 24.8081 0.102558
108.008 43.75 24.8069 0.102558
108.008 44.25 24.8048 0.102557
108.008 44.75 24.8019 0.102556
108.008 45.25 24.7982 0.102555
108.008 45.75 24.7937 0.102554
108.008 46.25 24.7885 0.102553
108.008 46.75 24.7825 0.102552
108.008 47.25 24.7759 0.10255
108.008 47.75 24.7686 0.102549
108.008 48.25 24.7606 0.102547
108.008 48.75 24.7521 0.102546
108.008 49.25 24.743 0.102544
108.008 49.75 24.7333 0.102541
108.008 50.25 24.7231 0.102538
108.008 50.75 24.7124 0.102534
108.008 51.25 24.7012 0.102529
108.008 51.75 24.6897 0.102522
108.008 52.25 24.6777 0.102513
108.008 52.75 24.6653 0.102503
108.008 53.25 24.6526 0.102489
108.008 53.75 24.6395 0.102471
108.008 54.25 24.6262 0.10245
108.008 54.75 24.6126 0.102423
108.008 55.25 24.5987 0.10239
108.008 55.75 24.5846 0.10235
108.008 56.25 24.5703 0.102301
108.008 56.75 24.5558 0.102244
108.008 57.25 24.5412 0.102183
108.008 57.75 24.5265 0.102132
108.008 58.25 24.5116 0.102118
108.008 58.75 24.4967 0.102189
108.008 59.25 24.4817 0.102398
108.008 59.75 24.4666 0.10278

108.496 0.25 307.766 0.005
108.496 0.75 268.762 0.005
108.496 1.25 231.374 0.005
108.496 1.75 195.737 0.005
108.496 2.25 161.964 0.00500209
108.496 2.75 131.036 0.00602594
108.496 3.25 111.353 0.0252566
108.496 3.75 101.814 0.059551
108.496 4.25 94.8318 0.0601286
108.496 4.75 88.0973 0.0635835
108.496 5.25 81.6169 0.0642118
108.496 5.75 72.1167 0.005
108.496 6.25 69.0908 0.0891106
108.496 6.75 67.3969 0.112873
108.496 7.25 65.6147 0.112955
108.496 7.75 63.8127 0.112966
108.496 8.25 61.9955 0.112922
108.496 8.75 60.1683 0.112807
108.496 9.25 58.337 0.112634
108.496 9.75 56.5079 0.112415
108.496 10.25 54.6877 0.112162
108.496 10.75 52.8835 0.111888
108.496 11.25 51.1024 0.1116
108.496 11.75 49.3519 0.111308
108.496 12.25 47.6391 0.111019
108.496 12.75 45.9712 0.110737
108.496 13.25 44.3548 0.110468
108.496 13.75 42.7959 0.110213
108.496 14.25 41.3001 0.109974
108.496 14.75 39.8718 0.109752
108.496 15.25 38.5149 0.109546
108.496 15.75 37.232 0.109357
108.496 16.25 36.025 0.109183
108.496 16.75 34.8948 0.109024
108.496 17.25 33.8415 0.108876
108.496 17.75 32.8642 0.108741
108.496 18.25 31.9616 0.108617
108.496 18.75 31.1315 0.108502
108.496 19.25 30.3714 0.108396
108.496 19.75 29.6783 0.108299
108.496 20.25 29.0488 0.108209
108.496 20.75 28.4795 0.108127
108.496 21.25 27.9668 0.108052
108.496 21.75 27.5068 0.107984
108.496 22.25 27.0958 0.107921
108.496 22.75 26.7301 0.107865
108.496 23.25 26.4062 0.107814
108.496 23.75 26.1204 0.107768
108.496 24.25 25.8695 0.107727
108.496 24.75 25.6503 0.107691
108.496 25.25 25.4596 0.107659
108.496 25.75 25.2947 0.10763
108.496 26.25 25.153 0.107605
108.496 26.75 25.0319 0.107582
108.496 27.25 24.9291 0.107563
108.496 27.75 24.8427 0.107546
108.496 28.25 24.7705 0.107531
108.496 28.75 24.711 0.107518
108.496 29.25 24.6625 0.107507
108.496 29.75 24.6236 0.107497
108.496 30.25 24.5929 0.107489
108.496 30.75 24.5693 0.107482
108.496 31.25 24.5518 0.107476
108.496 31.75 24.5393 0.10747
108.496 32.25 24.5312 0.107466
108.496 32.75 24.5266 0.107462
108.496 33.25 24.5249 0.107459
108.496 33.75 24.5255 0.107456
108.496 34.25 24.528 0.107454
108.496 34.75 24.5318 0.107451
108.496 35.25 24.5367 0.10745
108.496 35.75 24.5423 0.107448
108.496 36.25 24.5482 0.107447
108.496 36.75 24.5544 0.107446
108.496 37.25 24.5605 0.107445
108.496 37.75 24.5664 0.107444
108.496 38.25 24.572 0.107443
108.496 38.75 24.5771 0.107442
108.496 39.25 24.5817 0.107441
108.496 39.75 24.5856 0.107441
108.496 40.25 24.5888 0.10744
108.496 40.75 24.5913 0.107439
108.496 41.25 24.593 0.107439
108.496 41.75 24.5939 0.107438
108.496 42.25 24.5941 0.107437
108.496 42.75 24.5934 0.107436
108.496 43.25 24.5919 0.107435
108.496 43.75 24.5896 0.107434
108.496 44.25 24.5865 0.107433
108.496 44.75 24.5826 0.107432
108.496 45.25 24.5779 0.107431
108.496 45.75 24.5726 0.10743
108.496 46.25 24.5665 0.107428
108.496 46.75 24.5597 0.107427
108.496 47.25 24.5522 0.107425
108.496 47.75 24.5442 0.107423
108.496 48.25 24.5355 0.107421
108.496 48.75 24.5262 0.107418
108.496 49.25 24.5163 0.107415
108.496 49.75 24.506 0.107411
108.496 50.25 24.4951 0.107406
108.496 50.75 24.4838 0.1074
108.496 51.25 24.472 0.107393
108.496 51.75 24.4598 0.107384
108.496 52.25 24.4472 0.107374
108.496 52.75 24.4342 0.107361
108.496 53.25 24.421 0.107346
108.496 53.75 24.4073 0.107329
108.496 54.25 24.3934 0.107308
108.496 54.75 24.3793 0.107283
108.496 55.25 24.3649 0.107253
108.496 55.75 24.3503 0.107219
108.496 56.25 24.3354 0.107181
108.496 56.75 24.3205 0.107141
108.496 57.25 24.3053 0.107107
108.496 57.75 24.2901 0.107092
108.496 58.25 24.2747 0.107117
108.496 58.75 24.2593 0.107209
108.496 59.25 24.2438 0.107395
108.496 59.75 24.2283 0.107684

108.985 0.25 307.95 0.005
108.985 0.75 269.314 0.005
108.985 1.25 232.292 0.005
108.985 1.75 197.02 0.005
108.985 2.25 163.608 0.00500143
108.985 2.75 132.815 0.00577241
108.985 3.25 112.465 0.0224612
108.985 3.75 102.698 0.0588738
108.985 4.25 96.0779 0.0599748
108.985 4.75 89.5012 0.0555181
108.985 5.25 83.0926 0.0605846
108.985 5.75 76.9947 0.0616339
108.985 6.25 68.1336 0.005
108.985 6.75 65.0939 0.085389
108.985 7.25 63.3886 0.109727
108.985 7.75 61.6092 0.109366
108.985 8.25 59.8171 0.109524
108.985 8.75 58.0167 0.10958
108.985 9.25 56.2144 0.10953
108.985 9.75 54.4171 0.109409
108.985 10.25 52.6318 0.109241
108.985 10.75 50.8658 0.109042
108.985 11.25 49.1265 0.108823
108.985 11.75 47.4214 0.108594
108.985 12.25 45.7577 0.108362
108.985 12.75 44.1421 0.108132
108.985 13.25 42.581 0.107908
108.985 13.75 41.0802 0.107693
108.985 14.25 39.6444 0.107488
108.985 14.75 38.2778 0.107294
108.985 15.25 36.9835 0.107111
108.985 15.75 35.7636 0.10694
108.985 16.25 34.6193 0.106779
108.985 16.75 33.5511 0.106629
108.985 17.25 32.5585 0.106489
108.985 17.75 31.6403 0.106358
108.985 18.25 30.7948 0.106237
108.985 18.75 30.0195 0.106123
108.985 19.25 29.3116 0.106019
108.985 19.75 28.6681 0.105922
108.985 20.25 28.0855 0.105833
108.985 20.75 27.5603 0.105751
108.985 21.25 27.0888 0.105677
108.985 21.75 26.6673 0.10561
108.985 22.25 26.2922 0.105549
108.985 22.75 25.9598 0.105494
108.985 23.25 25.6666 0.105445
108.985 23.75 25.4093 0.105402
108.985 24.25 25.1845 0.105363
108.985 24.75 24.9893 0.105329
108.985 25.25 24.8206 0.105299
108.985 25.75 24.676 0.105272
108.985 26.25 24.5527 0.105249
108.985 26.75 24.4485 0.105229
108.985 27.25 24.3612 0.105211
108.985 27.75 24.2889 0.105196
108.985 28.25 24.2297 0.105183
108.985 28.75 24.182 0.105171
108.985 29.25 24.1442 0.105161
108.985 29.75 24.1151 0.105153
108.985 30.25 24.0935 0.105146
108.985 30.75 24.0781 0.10514
108.985 31.25 24.0682 0.105134
108.985 31.75 24.0627 0.10513
108.985 32.25 24.061 0.105126
108.985 32.75 24.0623 0.105123
108.985 33.25 24.0661 0.105121
108.985 33.75 24.0718 0.105119
108.985 34.25 24.0789 0.105117
108.985 34.75 24.0871 0.105115
108.985 35.25 24.0961 0.105114
108.985 35.75 24.1055 0.105113
108.985 36.25 24.115 0.105112
108.985 36.75 24.1246 0.105112
108.985 37.25 24.1339 0.105111
108.985 37.75 24.1428 0.105111
108.985 38.25 24.1512 0.10511
108.985 38.75 24.159 0.10511
108.985 39.25 24.1661 0.105109
108.985 39.75 24.1725 0.105109
108.985 40.25 24.1781 0.105108
108.985 40.75 24.1828 0.105108
108.985 41.25 24.1867 0.105108
108.985 41.75 24.1897 0.105107
108.985 42.25 24.1918 0.105107
108.985 42.75 24.193 0.105106
108.985 43.25 24.1934 0.105105
108.985 43.75 24.1928 0.105105
108.985 44.25 24.1915 0.105104
108.985 44.75 24.1893 0.105103
108.985 45.25 24.1863 0.105102
108.985 45.75 24.1825 0.105101
108.985 46.25 24.1779 0.1051
108.985 46.75 24.1727 0.105099
108.985 47.25 24.1667 0.105098
108.985 47.75 24.16 0.105096
108.985 48.25 24.1527 0.105095
108.985 48.75 24.1448 0.105092
108.985 49.25 24.1363 0.10509
108.985 49.75 24.1272 0.105087
108.985 50.25 24.1176 0.105083
108.985 50.75 24.1076 0.105078
108.985 51.25 24.097 0.105072
108.985 51.75 24.086 0.105065
108.985 52.25 24.0746 0.105055
108.985 52.75 24.0629 0.105044
108.985 53.25 24.0507 0.105029
108.985 53.75 24.0383 0.105012
108.985 54.25 24.0255 0.104991
108.985 54.75 24.0125 0.104965
108.985 55.25 23.9992 0.104934
108.985 55.75 23.9857 0.104896
108.985 56.25 23.9719 0.104851
108.985 56.75 23.9581 0.1048
108.985 57.25 23.944 0.10475
108.985 57.75 23.9298 0.104712
108.985 58.25 23.9155 0.104711
108.985 58.75 23.9012 0.10478
108.985 59.25 23.8867 0.104958
108.985 59.75 23.8723 0.105261

109.474 0.25 308.357 0.005
109.474 0.75 270.537 0.005
109.474 1.25 234.347 0.005
109.474 1.75 199.937 0.005
109.474 2.25 167.438 0.00500066
109.474 2.75 137.316 0.00540609
109.474 3.25 115.687 0.0166139
109.474 3.75 105.082 0.0495464
109.474 4.25 99.2168 0.0650005
109.474 4.75 93.8906 0.0649996
109.474 5.25 88.7558 0.0649992
109.474 5.75 83.812 0.0649958
109.474 6.25 79.0594 0.0649895
109.474 6.75 74.4982 0.0649633
109.474 7.25 70.1278 0.0649092
109.474 7.75 65.9489 0.0649513
109.474 8.25 61.9497 0.0641894
109.474 8.75 58.1343 0.0646391
109.474 9.25 54.4936 0.063421
109.474 9.75 51.0243 0.0638991
109.474 10.25 47.2666 0.0354166
109.474 10.75 45.0275 0.0678145
109.474 11.25 43.5563 0.0918164
109.474 11.75 42.1277 0.0906823
109.474 12.25 40.7428 0.0907048
109.474 12.75 39.4067 0.0905713
109.474 13.25 38.1238 0.0903641
109.474 13.75 36.8979 0.0901131
109.474 14.25 35.7321 0.0898383
109.474 14.75 34.6284 0.0895556
109.474 15.25 33.5886 0.0892774
109.474 15.75 32.6133 0.0890125
109.474 16.25 31.7027 0.0887666
109.474 16.75 30.8562 0.0885426
109.474 17.25 30.0729 0.0883412
109.474 17.75 29.3511 0.0881618
109.474 18.25 28.6889 0.0880029
109.474 18.75 28.0839 0.0878626
109.474 19.25 27.5335 0.0877392
109.474 19.75 27.0348 0.0876306
109.474 20.25 26.5849 0.0875352
109.474 20.75 26.1809 0.0874515
109.474 21.25 25.8195 0.087378
109.474 21.75 25.4977 0.0873135
109.474 22.25 25.2125 0.087257
109.474 22.75 24.961 0.0872075
109.474 23.25 24.7403 0.0871642
109.474 23.75 24.5476 0.0871263
109.474 24.25 24.3805 0.0870932
109.474 24.75 24.2364 0.0870644
109.474 25.25 24.1131 0.0870393
109.474 25.75 24.0084 0.0870175
109.474 26.25 23.9203 0.0869986
109.474 26.75 23.8469 0.0869822
109.474 27.25 23.7867 0.0869681
109.474 27.75 23.7378 0.086956
109.474 28.25 23.6991 0.0869456
109.474 28.75 23.6691 0.0869368
109.474 29.25 23.6468 0.0869293
109.474 29.75 23.6309 0.0869229
109.474 30.25 23.6206 0.0869176
109.474 30.75 23.615 0.0869132
109.474 31.25 23.6134 0.0869095
109.474 31.75 23.6151 0.0869065
109.474 32.25 23.6194 0.0869041
109.474 32.75 23.6258 0.0869021
109.474 33.25 23.6339 0.0869006
109.474 33.75 23.6433 0.0868993
109.474 34.25 23.6535 0.0868984
109.474 34.75 23.6644 0.0868977
109.474 35.25 23.6755 0.0868972
109.474 35.75 23.6868 0.0868968
109.474 36.25 23.6979 0.0868966
109.474 36.75 23.7088 0.0868964
109.474 37.25 23.7193 0.0868963
109.474 37.75 23.7292 0.0868963
109.474 38.25 23.7386 0.0868962
109.474 38.75 23.7472 0.0868962
109.474 39.25 23.7551 0.0868961
109.474 39.75 23.7622 0.086896
109.474 40.25 23.7685 0.0868959
109.474 40.75 23.774 0.0868958
109.474 41.25 23.7785 0.0868956
109.474 41.75 23.7823 0.0868953
109.474 42.25 23.7851 0.086895
109.474 42.75 23.7871 0.0868947
109.474 43.25 23.7883 0.0868943
109.474 43.75 23.7886 0.0868938
109.474 44.25 23.7881 0.0868932
109.474 44.75 23.7868 0.0868926
109.474 45.25 23.7848 0.0868919
109.474 45.75 23.782 0.0868912
109.474 46.25 23.7785 0.0868904
109.474 46.75 23.7743 0.0868895
109.474 47.25 23.7694 0.0868886
109.474 47.75 23.7639 0.0868876
109.474 48.25 23.7578 0.0868866
109.474 48.75 23.7512 0.0868855
109.474 49.25 23.7439 0.0868844
109.474 49.75 23.7362 0.0868832
109.474 50.25 23.728 0.086882
109.474 50.75 23.7193 0.0868807
109.474 51.25 23.7101 0.0868793
109.474 51.75 23.7006 0.086878
109.474 52.25 23.6906 0.0868765
109.474 52.75 23.6803 0.086875
109.474 53.25 23.6697 0.0868734
109.474 53.75 23.6588 0.0868714
109.474 54.25 23.6475 0.0868687
109.474 54.75 23.6361 0.0868643
109.474 55.25 23.6243 0.0868561
109.474 55.75 23.6124 0.0868406
109.474 56.25 23.6003 0.0868118
109.474 56.75 23.588 0.0867609
109.474 57.25 23.5756 0.0866755
109.474 57.75 23.563 0.0865375
109.474 58.25 23.5504 0.0863226
109.474 58.75 23.5376 0.0860289
109.474 59.25 23.5248 0.0858401
109.474 59.75 23.512 0.0864747

109.963 0.25 308.656 0.005
109.963 0.75 271.411 0.005
109.963 1.25 235.752 0.005
109.963 1.75 201.81 0.005
109.963 2.25 169.705 0.00500021
109.963 2.75 139.743 0.00522245
109.963 3.25 117.2 0.0139737
109.963 3.75 105.917 0.045687
109.963 4.25 99.985 0.0647741
109.963 4.75 94.7062 0.06483
109.963 5.25 89.6305 0.0649923
109.963 5.75 84.7557 0.0650007
109.963 6.25 80.079 0.0650008
109.963 6.75 75.601 0.0650006
109.963 7.25 71.3219 0.0649958
109.963 7.75 67.242 0.064997
109.963 8.25 63.3599 0.0649763
109.963 8.75 59.6735 0.0649631
109.963 9.25 56.1765 0.0647296
109.963 9.75 52.8217 0.0613764
109.963 10.25 49.5981 0.0606416
109.963 10.75 46.5716 0.0630267
109.963 11.25 43.663 0.0561632
109.963 11.75 41.7664 0.0654614
109.963 12.25 40.4182 0.0822517
109.963 12.75 39.1357 0.0841255
109.963 13.25 37.9063 0.0838304
109.963 13.75 36.7321 0.0834776
109.963 14.25 35.6153 0.0831186
109.963 14.75 34.5577 0.0827766
109.963 15.25 33.5602 0.0824623
109.963 15.75 32.6236 0.0821786
109.963 16.25 31.7477 0.081925
109.963 16.75 30.9321 0.0816995
109.963 17.25 30.1757 0.0814995
109.963 17.75 29.4773 0.0813225
109.963 18.25 28.8351 0.081166
109.963 18.75 28.247 0.0810278
109.963 19.25 27.7107 0.080906
109.963 19.75 27.2238 0.0807987
109.963 20.25 26.7836 0.0807042
109.963 20.75 26.3873 0.080621
109.963 21.25 26.0321 0.0805479
109.963 21.75 25.7152 0.0804837
109.963 22.25 25.4338 0.0804273
109.963 22.75 25.1851 0.0803779
109.963 23.25 24.9664 0.0803345
109.963 23.75 24.7751 0.0802966
109.963 24.25 24.6087 0.0802635
109.963 24.75 24.4648 0.0802346
109.963 25.25 24.3413 0.0802094
109.963 25.75 24.2359 0.0801875
109.963 26.25 24.1468 0.0801685
109.963 26.75 24.0722 0.080152
109.963 27.25 24.0104 0.0801378
109.963 27.75 23.9598 0.0801256
109.963 28.25 23.9191 0.0801151
109.963 28.75 23.887 0.0801061
109.963 29.25 23.8623 0.0800985
109.963 29.75 23.8441 0.080092
109.963 30.25 23.8313 0.0800866
109.963 30.75 23.8232 0.080082
109.963 31.25 23.8189 0.0800782
109.963 31.75 23.8179 0.080075
109.963 32.25 23.8195 0.0800724
109.963 32.75 23.8232 0.0800703
109.963 33.25 23.8286 0.0800685
109.963 33.75 23.8352 0.0800671
109.963 34.25 23.8427 0.080066
109.963 34.75 23.8509 0.0800651
109.963 35.25 23.8594 0.0800644
109.963 35.75 23.868 0.0800638
109.963 36.25 23.8765 0.0800634
109.963 36.75 23.8848 0.080063
109.963 37.25 23.8928 0.0800627
109.963 37.75 23.9003 0.0800624
109.963 38.25 23.9072 0.0800621
109.963 38.75 23.9135 0.0800618
109.963 39.25 23.9191 0.0800616
109.963 39.75 23.9239 0.0800613
109.963 40.25 23.928 0.0800609
109.963 40.75 23.9313 0.0800605
109.963 41.25 23.9338 0.0800601
109.963 41.75 23.9354 0.0800596
109.963 42.25 23.9363 0.0800591
109.963 42.75 23.9363 0.0800585
109.963 43.25 23.9356 0.0800578
109.963 43.75 23.934 0.0800571
109.963 44.25 23.9317 0.0800564
109.963 44.75 23.9287 0.0800555
109.963 45.25 23.9249 0.0800546
109.963 45.75 23.9204 0.0800536
109.963 46.25 23.9153 0.0800526
109.963 46.75 23.9094 0.0800515
109.963 47.25 23.903 0.0800504
109.963 47.75 23.896 0.0800492
109.963 48.25 23.8884 0.0800479
109.963 48.75 23.8802 0.0800466
109.963 49.25 23.8715 0.0800452
109.963 49.75 23.8624 0.0800438
109.963 50.25 23.8527 0.0800424
109.963 50.75 23.8426 0.0800409
109.963 51.25 23.8322 0.0800393
109.963 51.75 23.8213 0.0800377
109.963 52.25 23.8101 0.0800361
109.963 52.75 23.7985 0.0800344
109.963 53.25 23.7866 0.0800327
109.963 53.75 23.7744 0.080031
109.963 54.25 23.762 0.0800292
109.963 54.75 23.7493 0.0800274
109.963 55.25 23.7364 0.0800255
109.963 55.75 23.7233 0.0800233
109.963 56.25 23.71 0.0800195
109.963 56.75 23.6965 0.0800107
109.963 57.25 23.6829 0.0799858
109.963 57.75 23.6692 0.079918
109.963 58.25 23.6554 0.0797523
109.963 58.75 23.6416 0.0793915
109.963 59.25 23.6276 0.0787687
109.963 59.75 23.6136 0.0790917

110.451 0.25 308.417 0.005
110.451 0.75 270.695 0.005
110.451 1.25 234.573 0.005
110.451 1.75 200.196 0.005
110.451 2.25 167.687 0.00500056
110.451 2.75 137.491 0.00537032
110.451 3.25 115.747 0.0161696
110.451 3.75 105.093 0.0491943
110.451 4.25 99.1832 0.0648634
110.451 4.75 93.8119 0.0647685
110.451 5.25 88.621 0.0648494
110.451 5.75 83.6084 0.064617
110.451 6.25 78.7763 0.0646912
110.451 6.75 74.1363 0.0648438
110.451 7.25 69.6927 0.0647176
110.451 7.75 65.4466 0.0642412
110.451 8.25 61.4194 0.0645459
110.451 8.75 57.6286 0.0643871
110.451 9.25 53.9686 0.0572779
110.451 9.75 50.4991 0.0620804
110.451 10.25 48.4889 0.0720028
110.451 10.75 47.0632 0.0956767
110.451 11.25 45.6472 0.095553
110.451 11.75 44.2464 0.0955346
110.451 12.25 42.8654 0.0954378
110.451 12.75 41.5113 0.0952813
110.451 13.25 40.1921 0.0950801
110.451 13.75 38.9155 0.0948471
110.451 14.25 37.6882 0.0945939
110.451 14.75 36.5156 0.0943306
110.451 15.25 35.4017 0.094066
110.451 15.75 34.3493 0.0938072
110.451 16.25 33.3599 0.0935599
110.451 16.75 32.4342 0.0933281
110.451 17.25 31.572 0.0931142
110.451 17.75 30.7725 0.0929194
110.451 18.25 30.0342 0.0927438
110.451 18.75 29.3555 0.0925868
110.451 19.25 28.7339 0.0924472
110.451 19.75 28.1672 0.0923235
110.451 20.25 27.6525 0.0922144
110.451 20.75 27.1871 0.0921183
110.451 21.25 26.7679 0.0920337
110.451 21.75 26.392 0.0919593
110.451 22.25 26.0565 0.091894
110.451 22.75 25.7582 0.0918367
110.451 23.25 25.4944 0.0917864
110.451 23.75 25.2622 0.0917423
110.451 24.25 25.0588 0.0917037
110.451 24.75 24.8817 0.09167
110.451 25.25 24.7285 0.0916405
110.451 25.75 24.5968 0.0916147
110.451 26.25 24.4844 0.0915923
110.451 26.75 24.3892 0.0915728
110.451 27.25 24.3095 0.0915559
110.451 27.75 24.2435 0.0915413
110.451 28.25 24.1896 0.0915287
110.451 28.75 24.1462 0.0915178
110.451 29.25 24.1122 0.0915086
110.451 29.75 24.0862 0.0915006
110.451 30.25 24.0671 0.0914939
110.451 30.75 24.0541 0.0914883
110.451 31.25 24.0461 0.0914835
110.451 31.75 24.0424 0.0914795
110.451 32.25 24.0423 0.0914762
110.451 32.75 24.0451 0.0914735
110.451 33.25 24.0504 0.0914713
110.451 33.75 24.0575 0.0914696
110.451 34.25 24.066 0.0914682
110.451 34.75 24.0757 0.0914671
110.451 35.25 24.0861 0.0914662
110.451 35.75 24.0969 0.0914656
110.451 36.25 24.108 0.0914651
110.451 36.75 24.119 0.0914648
110.451 37.25 24.1299 0.0914645
110.451 37.75 24.1404 0.0914644
110.451 38.25 24.1505 0.0914642
110.451 38.75 24.16 0.0914642
110.451 39.25 24.1689 0.0914641
110.451 39.75 24.177 0.091464
110.451 40.25 24.1844 0.0914639
110.451 40.75 24.191 0.0914638
110.451 41.25 24.1967 0.0914637
110.451 41.75 24.2015 0.0914635
110.451 42.25 24.2055 0.0914632
110.451 42.75 24.2085 0.0914629
110.451 43.25 24.2108 0.0914626
110.451 43.75 24.2121 0.0914622
110.451 44.25 24.2126 0.0914617
110.451 44.75 24.2122 0.0914612
110.451 45.25 24.211 0.0914606
110.451 45.75 24.209 0.0914599
110.451 46.25 24.2062 0.0914592
110.451 46.75 24.2027 0.0914585
110.451 47.25 24.1985 0.0914576
110.451 47.75 24.1935 0.0914567
110.451 48.25 24.1879 0.0914557
110.451 48.75 24.1816 0.0914547
110.451 49.25 24.1748 0.0914537
110.451 49.75 24.1673 0.0914525
110.451 50.25 24.1593 0.0914513
110.451 50.75 24.1508 0.0914501
110.451 51.25 24.1417 0.0914487
110.451 51.75 24.1322 0.0914472
110.451 52.25 24.1223 0.0914454
110.451 52.75 24.1119 0.0914431
110.451 53.25 24.1012 0.0914398
110.451 53.75 24.0902 0.0914347
110.451 54.25 24.0788 0.0914265
110.451 54.75 24.0671 0.0914132
110.451 55.25 24.0551 0.0913922
110.451 55.75 24.0429 0.0913602
110.451 56.25 24.0305 0.0913126
110.451 56.75 24.0178 0.0912436
110.451 57.25 24.005 0.0911451
110.451 57.75 23.9921 0.0910081
110.451 58.25 23.979 0.0908364
110.451 58.75 23.9659 0.0906934
110.451 59.25 23.9527 0.0907902
110.451 59.75 23.9394 0.0914618

110.94 0.25 308.524 0.005
110.94 0.75 270.996 0.005
110.94 1.25 235.046 0.005
110.94 1.75 200.82 0.005
110.94 2.25 168.443 0.00500047
110.94 2.75 138.327 0.00531839
110.94 3.25 116.372 0.0150948
110.94 3.75 105.571 0.0471158
110.94 4.25 99.7373 0.0649156
110.94 4.75 94.4883 0.0644642
110.94 5.25 89.411 0.0646375
110.94 5.75 84.4527 0.0615507
110.94 6.25 79.5858 0.0603205
110.94 6.75 74.8298 0.0582361
110.94 7.25 70.1512 0.0553696
110.94 7.75 65.5637 0.0539763
110.94 8.25 60.9036 0.0443756
110.94 8.75 55.8523 0.0329351
110.94 9.25 53.4464 0.0758666
110.94 9.75 51.905 0.0966359
110.94 10.25 50.362 0.0965237
110.94 10.75 48.8364 0.0968562
110.94 11.25 47.3339 0.0969292
110.94 11.75 45.8603 0.0968736
110.94 12.25 44.4211 0.0967405
110.94 12.75 43.0212 0.0965543
110.94 13.25 41.6654 0.0963299
110.94 13.75 40.3577 0.0960787
110.94 14.25 39.1018 0.0958105
110.94 14.75 37.9007 0.0955339
110.94 15.25 36.7568 0.0952567
110.94 15.75 35.6719 0.0949854
110.94 16.25 34.6472 0.094725
110.94 16.75 33.6832 0.0944796
110.94 17.25 32.7802 0.0942517
110.94 17.75 31.9377 0.0940427
110.94 18.25 31.1547 0.0938531
110.94 18.75 30.4299 0.0936824
110.94 19.25 29.7616 0.0935297
110.94 19.75 29.1479 0.0933938
110.94 20.25 28.5866 0.0932733
110.94 20.75 28.0751 0.0931667
110.94 21.25 27.6109 0.0930725
110.94 21.75 27.1913 0.0929893
110.94 22.25 26.8136 0.092916
110.94 22.75 26.475 0.0928515
110.94 23.25 26.1728 0.0927946
110.94 23.75 25.9042 0.0927446
110.94 24.25 25.6666 0.0927006
110.94 24.75 25.4574 0.0926619
110.94 25.25 25.2742 0.092628
110.94 25.75 25.1147 0.0925982
110.94 26.25 24.9766 0.0925721
110.94 26.75 24.8579 0.0925493
110.94 27.25 24.7566 0.0925294
110.94 27.75 24.6709 0.0925121
110.94 28.25 24.599 0.092497
110.94 28.75 24.5394 0.0924839
110.94 29.25 24.4908 0.0924726
110.94 29.75 24.4517 0.0924629
110.94 30.25 24.4209 0.0924545
110.94 30.75 24.3975 0.0924474
110.94 31.25 24.3803 0.0924413
110.94 31.75 24.3685 0.0924361
110.94 32.25 24.3613 0.0924318
110.94 32.75 24.3579 0.0924281
110.94 33.25 24.3578 0.0924251
110.94 33.75 24.3603 0.0924226
110.94 34.25 24.365 0.0924205
110.94 34.75 24.3714 0.0924188
110.94 35.25 24.379 0.0924175
110.94 35.75 24.3876 0.0924164
110.94 36.25 24.3969 0.0924156
110.94 36.75 24.4065 0.0924149
110.94 37.25 24.4163 0.0924144
110.94 37.75 24.4261 0.092414
110.94 38.25 24.4357 0.0924137
110.94 38.75 24.4449 0.0924135
110.94 39.25 24.4537 0.0924133
110.94 39.75 24.4619 0.0924131
110.94 40.25 24.4695 0.0924129
110.94 40.75 24.4764 0.0924128
110.94 41.25 24.4826 0.0924126
110.94 41.75 24.4879 0.0924124
110.94 42.25 24.4925 0.0924122
110.94 42.75 24.4962 0.0924119
110.94 43.25 24.4991 0.0924116
110.94 43.75 24.5012 0.0924113
110.94 44.25 24.5024 0.0924109
110.94 44.75 24.5028 0.0924104
110.94 45.25 24.5024 0.0924099
110.94 45.75 24.5012 0.0924093
110.94 46.25 24.4992 0.0924087
110.94 46.75 24.4965 0.092408
110.94 47.25 24.493 0.0924073
110.94 47.75 24.4887 0.0924065
110.94 48.25 24.4838 0.0924056
110.94 48.75 24.4783 0.0924047
110.94 49.25 24.4721 0.0924037
110.94 49.75 24.4653 0.0924027
110.94 50.25 24.4579 0.0924016
110.94 50.75 24.45 0.0924004
110.94 51.25 24.4415 0.092399
110.94 51.75 24.4326 0.0923975
110.94 52.25 24.4232 0.0923955
110.94 52.75 24.4134 0.0923928
110.94 53.25 24.4032 0.0923887
110.94 53.75 24.3926 0.0923823
110.94 54.25 24.3817 0.0923722
110.94 54.75 24.3704 0.0923564
110.94 55.25 24.3589 0.0923323
110.94 55.75 24.3471 0.0922966
110.94 56.25 24.335 0.0922451
110.94 56.75 24.3228 0.0921717
110.94 57.25 24.3104 0.0920682
110.94 57.75 24.2978 0.0919274
110.94 58.25 24.2851 0.0917602
110.94 58.75 24.2723 0.0916418
110.94 59.25 24.2594 0.0917815
110.94 59.75 24.2465 0.0924533

111.429 0.25 308.47 0.005
111.429 0.75 270.831 0.005
111.429 1.25 234.764 0.005
111.429 1.75 200.408 0.005
111.429 2.25 167.884 0.0050005
111.429 2.75 137.624 0.00534499
111.429 3.25 115.815 0.0157945
111.429 3.75 105.146 0.0486357
111.429 4.25 99.2219 0.0647411
111.429 4.75 93.852 0.064851
111.429 5.25 88.6535 0.0645825
111.429 5.75 83.631 0.0648756
111.429 6.25 78.7931 0.0649297
111.429 6.75 74.0971 0.0626856
111.429 7.25 69.5483 0.062692
111.429 7.75 65.0672 0.055843
111.429 8.25 58.8261 0.00805337
111.429 8.75 56.1522 0.0679599
111.429 9.25 54.6111 0.100935
111.429 9.75 53.044 0.0994035
111.429 10.25 51.4844 0.099543
111.429 10.75 49.937 0.0995776
111.429 11.25 48.4083 0.0995289
111.429 11.75 46.9045 0.0994177
111.429 12.25 45.4319 0.099258
111.429 12.75 43.9961 0.0990609
111.429 13.25 42.6027 0.0988357
111.429 13.75 41.2566 0.0985907
111.429 14.25 39.9621 0.0983332
111.429 14.75 38.7228 0.0980698
111.429 15.25 37.5417 0.0978065
111.429 15.75 36.4211 0.0975481
111.429 16.25 35.3626 0.097299
111.429 16.75 34.3671 0.0970624
111.429 17.25 33.4348 0.0968407
111.429 17.75 32.5653 0.0966355
111.429 18.25 31.7577 0.0964475
111.429 18.75 31.0107 0.0962769
111.429 19.25 30.3225 0.0961232
111.429 19.75 29.691 0.0959855
111.429 20.25 29.1136 0.0958628
111.429 20.75 28.5879 0.0957539
111.429 21.25 28.1111 0.0956575
111.429 21.75 27.6802 0.0955723
111.429 22.25 27.2925 0.0954971
111.429 22.75 26.9449 0.0954309
111.429 23.25 26.6345 0.0953725
111.429 23.75 26.3586 0.0953211
111.429 24.25 26.1144 0.0952759
111.429 24.75 25.8992 0.0952362
111.429 25.25 25.7104 0.0952013
111.429 25.75 25.5458 0.0951707
111.429 26.25 25.4029 0.0951438
111.429 26.75 25.2796 0.0951203
111.429 27.25 25.174 0.0950997
111.429 27.75 25.0842 0.0950818
111.429 28.25 25.0084 0.0950661
111.429 28.75 24.945 0.0950525
111.429 29.25 24.8927 0.0950407
111.429 29.75 24.8501 0.0950304
111.429 30.25 24.8159 0.0950216
111.429 30.75 24.789 0.095014
111.429 31.25 24.7685 0.0950074
111.429 31.75 24.7534 0.0950018
111.429 32.25 24.743 0.094997
111.429 32.75 24.7365 0.0949929
111.429 33.25 24.7332 0.0949895
111.429 33.75 24.7327 0.0949865
111.429 34.25 24.7343 0.0949841
111.429 34.75 24.7376 0.094982
111.429 35.25 24.7423 0.0949802
111.429 35.75 24.748 0.0949788
111.429 36.25 24.7544 0.0949775
111.429 36.75 24.7612 0.0949765
111.429 37.25 24.7682 0.0949756
111.429 37.75 24.7752 0.0949749
111.429 38.25 24.7821 0.0949742
111.429 38.75 24.7887 0.0949736
111.429 39.25 24.7948 0.0949731
111.429 39.75 24.8005 0.0949725
111.429 40.25 24.8056 0.0949721
111.429 40.75 24.81 0.0949716
111.429 41.25 24.8138 0.0949711
111.429 41.75 24.8168 0.0949706
111.429 42.25 24.819 0.09497
111.429 42.75 24.8205 0.0949695
111.429 43.25 24.8212 0.0949689
111.429 43.75 24.8211 0.0949682
111.429 44.25 24.8203 0.0949676
111.429 44.75 24.8186 0.0949668
111.429 45.25 24.8162 0.094966
111.429 45.75 24.813 0.0949652
111.429 46.25 24.8091 0.0949643
111.429 46.75 24.8045 0.0949634
111.429 47.25 24.7992 0.0949624
111.429 47.75 24.7932 0.0949614
111.429 48.25 24.7866 0.0949603
111.429 48.75 24.7793 0.0949591
111.429 49.25 24.7715 0.0949579
111.429 49.75 24.7631 0.0949566
111.429 50.25 24.7542 0.0949552
111.429 50.75 24.7447 0.0949536
111.429 51.25 24.7348 0.0949517
111.429 51.75 24.7244 0.0949492
111.429 52.25 24.7136 0.0949459
111.429 52.75 24.7024 0.0949412
111.429 53.25 24.6908 0.0949343
111.429 53.75 24.6788 0.0949242
111.429 54.25 24.6666 0.0949093
111.429 54.75 24.654 0.0948881
111.429 55.25 24.6412 0.0948584
111.429 55.75 24.6282 0.0948176
111.429 56.25 24.6149 0.094762
111.429 56.75 24.6014 0.0946866
111.429 57.25 24.5878 0.0945861
111.429 57.75 24.574 0.0944614
111.429 58.25 24.5601 0.0943369
111.429 58.75 24.5462 0.0942941
111.429 59.25 24.5321 0.0944974
111.429 59.75 24.5181 0.0951102

111.917 0.25 308.375 0.005
111.917 0.75 270.561 0.005
111.917 1.25 234.333 0.005
111.917 1.75 199.83 0.005
111.917 2.25 167.173 0.0050006
111.917 2.75 136.83 0.0053961
111.917 3.25 115.258 0.0168262
111.917 3.75 104.753 0.0503777
111.917 4.25 98.7764 0.0646466
111.917 4.75 93.3063 0.0644996
111.917 5.25 88.0124 0.0643162
111.917 5.75 82.8688 0.06263
111.917 6.25 77.882 0.0624377
111.917 6.75 73.0234 0.0589955
111.917 7.25 68.0425 0.0475718
111.917 7.75 60.6591 0.005
111.917 8.25 57.9139 0.0740409
111.917 8.75 56.3702 0.103106
111.917 9.25 54.7897 0.101982
111.917 9.75 53.2113 0.102161
111.917 10.25 51.639 0.10224
111.917 10.75 50.0787 0.102231
111.917 11.25 48.5368 0.102158
111.917 11.75 47.0199 0.102038
111.917 12.25 45.5343 0.101881
111.917 12.75 44.0862 0.101697
111.917 13.25 42.6811 0.101493
111.917 13.75 41.3243 0.101274
111.917 14.25 40.0203 0.101048
111.917 14.75 38.7731 0.100818
111.917 15.25 37.5856 0.100588
111.917 15.75 36.4602 0.100362
111.917 16.25 35.3985 0.100144
111.917 16.75 34.4015 0.099934
111.917 17.25 33.4692 0.0997358
111.917 17.75 32.6012 0.0995502
111.917 18.25 31.7965 0.0993782
111.917 18.75 31.0536 0.0992201
111.917 19.25 30.3705 0.099076
111.917 19.75 29.7451 0.0989457
111.917 20.25 29.1746 0.0988284
111.917 20.75 28.6565 0.0987235
111.917 21.25 28.1877 0.0986301
111.917 21.75 27.7653 0.0985471
111.917 22.25 27.3863 0.0984737
111.917 22.75 27.0476 0.0984088
111.917 23.25 26.7462 0.0983517
111.917 23.75 26.4793 0.0983014
111.917 24.25 26.2439 0.0982572
111.917 24.75 26.0374 0.0982183
111.917 25.25 25.8571 0.0981843
111.917 25.75 25.7007 0.0981544
111.917 26.25 25.5657 0.0981284
111.917 26.75 25.4501 0.0981056
111.917 27.25 25.3518 0.0980857
111.917 27.75 25.2689 0.0980684
111.917 28.25 25.1996 0.0980534
111.917 28.75 25.1425 0.0980404
111.917 29.25 25.0961 0.0980291
111.917 29.75 25.0589 0.0980194
111.917 30.25 25.0299 0.0980111
111.917 30.75 25.0078 0.098004
111.917 31.25 24.9918 0.0979979
111.917 31.75 24.981 0.0979927
111.917 32.25 24.9744 0.0979884
111.917 32.75 24.9715 0.0979847
111.917 33.25 24.9716 0.0979816
111.917 33.75 24.9742 0.097979
111.917 34.25 24.9787 0.0979769
111.917 34.75 24.9847 0.0979751
111.917 35.25 24.9918 0.0979736
111.917 35.75 24.9997 0.0979724
111.917 36.25 25.0082 0.0979714
111.917 36.75 25.0169 0.0979706
111.917 37.25 25.0256 0.09797
111.917 37.75 25.0343 0.0979694
111.917 38.25 25.0426 0.0979689
111.917 38.75 25.0506 0.0979685
111.917 39.25 25.058 0.0979681
111.917 39.75 25.0648 0.0979677
111.917 40.25 25.0709 0.0979674
111.917 40.75 25.0763 0.097967
111.917 41.25 25.081 0.0979666
111.917 41.75 25.0848 0.0979662
111.917 42.25 25.0878 0.0979658
111.917 42.75 25.09 0.0979653
111.917 43.25 25.0913 0.0979648
111.917 43.75 25.0918 0.0979642
111.917 44.25 25.0915 0.0979636
111.917 44.75 25.0903 0.0979629
111.917 45.25 25.0884 0.0979621
111.917 45.75 25.0856 0.0979613
111.917 46.25 25.0821 0.0979605
111.917 46.75 25.0778 0.0979596
111.917 47.25 25.0728 0.0979586
111.917 47.75 25.0671 0.0979576
111.917 48.25 25.0608 0.0979565
111.917 48.75 25.0538 0.0979552
111.917 49.25 25.0462 0.0979539
111.917 49.75 25.038 0.0979524
111.917 50.25 25.0293 0.0979506
111.917 50.75 25.02 0.0979484
111.917 51.25 25.0103 0.0979456
111.917 51.75 25 0.0979417
111.917 52.25 24.9894 0.0979364
111.917 52.75 24.9783 0.097929
111.917 53.25 24.9668 0.0979187
111.917 53.75 24.955 0.0979046
111.917 54.25 24.9429 0.0978854
111.917 54.75 24.9305 0.0978599
111.917 55.25 24.9177 0.0978264
111.917 55.75 24.9048 0.0977824
111.917 56.25 24.8916 0.0977247
111.917 56.75 24.8782 0.0976501
111.917 57.25 24.8647 0.0975574
111.917 57.75 24.851 0.0974549
111.917 58.25 24.8372 0.097374
111.917 58.75 24.8233 0.0973863
111.917 59.25 24.8093 0.0976038
111.917 59.75 24.7954 0.098111

112.406 0.25 306.899 0.005
112.406 0.75 266.127 0.005
112.406 1.25 226.895 0.005
112.406 1.75 189.304 0.005
112.406 2.25 153.441 0.00500806
112.406 2.75 122.202 0.00827045
112.406 3.25 105.734 0.0450538
112.406 3.75 96.6007 0.0588349
112.406 4.25 84.003 0.005
112.406 4.75 81.0764 0.0938628
112.406 5.25 79.4255 0.12378
112.406 5.75 77.6179 0.126054
112.406 6.25 75.7628 0.126487
112.406 6.75 73.8696 0.126569
112.406 7.25 71.9425 0.126481
112.406 7.75 69.9853 0.126256
112.406 8.25 68.0027 0.125924
112.406 8.75 65.9996 0.125514
112.406 9.25 63.9816 0.12505
112.406 9.75 61.9553 0.124551
112.406 10.25 59.9275 0.124033
112.406 10.75 57.906 0.123511
112.406 11.25 55.899 0.122997
112.406 11.75 53.9152 0.122502
112.406 12.25 51.9635 0.122033
112.406 12.75 50.0529 0.121598
112.406 13.25 48.1922 0.121201
112.406 13.75 46.3897 0.120846
112.406 14.25 44.653 0.120533
112.406 14.75 42.9889 0.120261
112.406 15.25 41.4032 0.120029
112.406 15.75 39.9004 0.119833
112.406 16.25 38.4837 0.119671
112.406 16.75 37.1552 0.119538
112.406 17.25 35.9158 0.11943
112.406 17.75 34.7652 0.119343
112.406 18.25 33.7021 0.119273
112.406 18.75 32.7246 0.119218
112.406 19.25 31.8296 0.119173
112.406 19.75 31.0139 0.119136
112.406 20.25 30.2735 0.119106
112.406 20.75 29.6044 0.119081
112.406 21.25 29.002 0.119059
112.406 21.75 28.462 0.119039
112.406 22.25 27.9799 0.119022
112.406 22.75 27.5511 0.119005
112.406 23.25 27.1714 0.118989
112.406 23.75 26.8366 0.118974
112.406 24.25 26.5426 0.118959
112.406 24.75 26.2857 0.118945
112.406 25.25 26.0622 0.118931
112.406 25.75 25.8688 0.118918
112.406 26.25 25.7023 0.118906
112.406 26.75 25.5599 0.118894
112.406 27.25 25.4389 0.118883
112.406 27.75 25.3368 0.118872
112.406 28.25 25.2514 0.118862
112.406 28.75 25.1807 0.118853
112.406 29.25 25.1227 0.118845
112.406 29.75 25.0759 0.118837
112.406 30.25 25.0387 0.118831
112.406 30.75 25.0099 0.118825
112.406 31.25 24.9881 0.118819
112.406 31.75 24.9723 0.118814
112.406 32.25 24.9616 0.11881
112.406 32.75 24.9551 0.118806
112.406 33.25 24.952 0.118803
112.406 33.75 24.9518 0.1188
112.406 34.25 24.9539 0.118797
112.406 34.75 24.9576 0.118795
112.406 35.25 24.9628 0.118793
112.406 35.75 24.9688 0.118792
112.406 36.25 24.9755 0.11879
112.406 36.75 24.9825 0.118789
112.406 37.25 24.9896 0.118788
112.406 37.75 24.9966 0.118787
112.406 38.25 25.0033 0.118786
112.406 38.75 25.0097 0.118785
112.406 39.25 25.0155 0.118784
112.406 39.75 25.0208 0.118783
112.406 40.25 25.0254 0.118782
112.406 40.75 25.0292 0.118782
112.406 41.25 25.0323 0.118781
112.406 41.75 25.0345 0.11878
112.406 42.25 25.036 0.118779
112.406 42.75 25.0366 0.118778
112.406 43.25 25.0363 0.118777
112.406 43.75 25.0353 0.118775
112.406 44.25 25.0334 0.118774
112.406 44.75 25.0306 0.118772
112.406 45.25 25.0271 0.11877
112.406 45.75 25.0229 0.118768
112.406 46.25 25.0178 0.118766
112.406 46.75 25.0121 0.118763
112.406 47.25 25.0056 0.11876
112.406 47.75 24.9984 0.118756
112.406 48.25 24.9907 0.118752
112.406 48.75 24.9822 0.118747
112.406 49.25 24.9732 0.118742
112.406 49.75 24.9637 0.118736
112.406 50.25 24.9536 0.118729
112.406 50.75 24.943 0.118721
112.406 51.25 24.9319 0.118712
112.406 51.75 24.9203 0.118702
112.406 52.25 24.9084 0.11869
112.406 52.75 24.8961 0.118677
112.406 53.25 24.8834 0.118663
112.406 53.75 24.8703 0.118646
112.406 54.25 24.857 0.118627
112.406 54.75 24.8433 0.118606
112.406 55.25 24.8295 0.118585
112.406 55.75 24.8153 0.118563
112.406 56.25 24.801 0.118545
112.406 56.75 24.7865 0.118534
112.406 57.25 24.7718 0.118535
112.406 57.75 24.757 0.118555
112.406 58.25 24.7421 0.118602
112.406 58.75 24.7271 0.118683
112.406 59.25 24.7121 0.118803
112.406 59.75 24.697 0.11896

112.895 0.25 308.388 0.005
112.895 0.75 270.625 0.005
112.895 1.25 234.481 0.005
112.895 1.75 200.102 0.005
112.895 2.25 167.615 0.00500058
112.895 2.75 137.463 0.00538143
112.895 3.25 115.728 0.0163712
112.895 3.75 105.064 0.0495436
112.895 4.25 99.1626 0.065
112.895 4.75 93.801 0.0649954
112.895 5.25 88.6302 0.0649952
112.895 5.75 83.6504 0.064996
112.895 6.25 78.8622 0.0649923
112.895 6.75 74.2648 0.0648998
112.895 7.25 69.8582 0.0649067
112.895 7.75 65.6435 0.0649326
112.895 8.25 61.614 0.0646558
112.895 8.75 57.7517 0.0636726
112.895 9.25 54.0032 0.0600144
112.895 9.75 50.214 0.0493715
112.895 10.25 48.0336 0.0665452
112.895 10.75 46.5487 0.0932034
112.895 11.25 45.0929 0.0926442
112.895 11.75 43.6732 0.0926431
112.895 12.25 42.2945 0.0925515
112.895 12.75 40.9614 0.0923914
112.895 13.25 39.6779 0.092179
112.895 13.75 38.4475 0.0919296
112.895 14.25 37.273 0.0916577
112.895 14.75 36.1568 0.0913761
112.895 15.25 35.1006 0.0910957
112.895 15.75 34.1055 0.0908253
112.895 16.25 33.1721 0.0905707
112.895 16.75 32.3004 0.0903358
112.895 17.25 31.49 0.0901222
112.895 17.75 30.7398 0.0899302
112.895 18.25 30.0485 0.089759
112.895 18.75 29.4143 0.089607
112.895 19.25 28.8349 0.0894728
112.895 19.75 28.308 0.0893544
112.895 20.25 27.831 0.0892502
112.895 20.75 27.4011 0.0891586
112.895 21.25 27.0153 0.0890781
112.895 21.75 26.6707 0.0890075
112.895 22.25 26.3643 0.0889455
112.895 22.75 26.0932 0.0888912
112.895 23.25 25.8546 0.0888437
112.895 23.75 25.6456 0.0888021
112.895 24.25 25.4635 0.0887658
112.895 24.75 25.306 0.0887341
112.895 25.25 25.1704 0.0887065
112.895 25.75 25.0547 0.0886824
112.895 26.25 24.9567 0.0886616
112.895 26.75 24.8744 0.0886435
112.895 27.25 24.8061 0.088628
112.895 27.75 24.7501 0.0886145
112.895 28.25 24.7049 0.088603
112.895 28.75 24.6691 0.0885932
112.895 29.25 24.6415 0.0885848
112.895 29.75 24.6209 0.0885776
112.895 30.25 24.6064 0.0885716
112.895 30.75 24.597 0.0885666
112.895 31.25 24.5919 0.0885623
112.895 31.75 24.5904 0.0885588
112.895 32.25 24.5918 0.0885559
112.895 32.75 24.5957 0.0885536
112.895 33.25 24.6014 0.0885517
112.895 33.75 24.6085 0.0885501
112.895 34.25 24.6168 0.0885489
112.895 34.75 24.6257 0.0885479
112.895 35.25 24.6351 0.0885472
112.895 35.75 24.6448 0.0885466
112.895 36.25 24.6544 0.0885461
112.895 36.75 24.6638 0.0885458
112.895 37.25 24.6729 0.0885455
112.895 37.75 24.6815 0.0885452
112.895 38.25 24.6896 0.088545
112.895 38.75 24.697 0.0885448
112.895 39.25 24.7037 0.0885446
112.895 39.75 24.7097 0.0885443
112.895 40.25 24.7148 0.088544
112.895 40.75 24.7192 0.0885437
112.895 41.25 24.7226 0.0885434
112.895 41.75 24.7253 0.088543
112.895 42.25 24.727 0.0885425
112.895 42.75 24.728 0.088542
112.895 43.25 24.728 0.0885414
112.895 43.75 24.7273 0.0885407
112.895 44.25 24.7257 0.08854
112.895 44.75 24.7233 0.0885392
112.895 45.25 24.7202 0.0885384
112.895 45.75 24.7163 0.0885375
112.895 46.25 24.7117 0.0885365
112.895 46.75 24.7064 0.0885355
112.895 47.25 24.7004 0.0885344
112.895 47.75 24.6938 0.0885332
112.895 48.25 24.6866 0.088532
112.895 48.75 24.6788 0.0885307
112.895 49.25 24.6704 0.0885294
112.895 49.75 24.6615 0.088528
112.895 50.25 24.6521 0.0885265
112.895 50.75 24.6422 0.0885251
112.895 51.25 24.6319 0.0885235
112.895 51.75 24.6211 0.0885219
112.895 52.25 24.61 0.0885202
112.895 52.75 24.5985 0.0885184
112.895 53.25 24.5867 0.0885162
112.895 53.75 24.5745 0.0885133
112.895 54.25 24.5621 0.0885089
112.895 54.75 24.5494 0.0885015
112.895 55.25 24.5364 0.0884884
112.895 55.75 24.5232 0.0884657
112.895 56.25 24.5099 0.0884277
112.895 56.75 24.4963 0.0883668
112.895 57.25 24.4827 0.0882735
112.895 57.75 24.4688 0.0881344
112.895 58.25 24.4549 0.0879385
112.895 58.75 24.4409 0.0877207
112.895 59.25 24.4268 0.0877151
112.895 59.75 24.4128 0.08851

113.384 0.25 308.342 0.005
113.384 0.75 270.498 0.005
113.384 1.25 234.286 0.005
113.384 1.75 199.856 0.005
113.384 2.25 167.338 0.00500066
113.384 2.75 137.195 0.00541068
113.384 3.25 115.565 0.0167876
113.384 3.75 104.963 0.0500273
113.384 4.25 99.0596 0.0649132
113.384 4.75 93.6828 0.0648718
113.384 5.25 88.4999 0.0649145
113.384 5.75 83.5073 0.0646828
113.384 6.25 78.7072 0.0647988
113.384 6.75 74.1056 0.0648751
113.384 7.25 69.6986 0.0647752
113.384 7.75 65.4844 0.0648042
113.384 8.25 61.3408 0.0572156
113.384 8.75 57.3427 0.0619592
113.384 9.25 53.5745 0.0598383
113.384 9.75 49.7385 0.046413
113.384 10.25 47.5384 0.0659158
113.384 10.75 46.0544 0.0908598
113.384 11.25 44.6027 0.0906888
113.384 11.75 43.1882 0.0907816
113.384 12.25 41.8162 0.0907137
113.384 12.75 40.4913 0.0905505
113.384 13.25 39.2178 0.0903228
113.384 13.75 37.9992 0.0900532
113.384 14.25 36.8384 0.0897607
113.384 14.75 35.7374 0.0894611
113.384 15.25 34.6979 0.0891672
113.384 15.75 33.7208 0.088888
113.384 16.25 32.8064 0.0886291
113.384 16.75 31.9543 0.0883933
113.384 17.25 31.1639 0.0881812
113.384 17.75 30.4339 0.0879921
113.384 18.25 29.7625 0.0878243
113.384 18.75 29.1478 0.0876761
113.384 19.25 28.5873 0.0875455
113.384 19.75 28.0786 0.0874304
113.384 20.25 27.6188 0.0873293
113.384 20.75 27.2051 0.0872404
113.384 21.25 26.8345 0.0871623
113.384 21.75 26.504 0.0870938
113.384 22.25 26.2106 0.0870338
113.384 22.75 25.9514 0.0869812
113.384 23.25 25.7236 0.0869351
113.384 23.75 25.5244 0.0868949
113.384 24.25 25.3512 0.0868597
113.384 24.75 25.2015 0.086829
113.384 25.25 25.0729 0.0868023
113.384 25.75 24.9632 0.0867791
113.384 26.25 24.8704 0.0867589
113.384 26.75 24.7926 0.0867415
113.384 27.25 24.7281 0.0867264
113.384 27.75 24.6752 0.0867134
113.384 28.25 24.6324 0.0867023
113.384 28.75 24.5985 0.0866927
113.384 29.25 24.5723 0.0866846
113.384 29.75 24.5527 0.0866776
113.384 30.25 24.5386 0.0866718
113.384 30.75 24.5293 0.0866668
113.384 31.25 24.524 0.0866626
113.384 31.75 24.5219 0.0866592
113.384 32.25 24.5225 0.0866562
113.384 32.75 24.5253 0.0866538
113.384 33.25 24.5298 0.0866518
113.384 33.75 24.5355 0.0866502
113.384 34.25 24.5422 0.0866488
113.384 34.75 24.5494 0.0866477
113.384 35.25 24.5571 0.0866468
113.384 35.75 24.5648 0.086646
113.384 36.25 24.5725 0.0866454
113.384 36.75 24.58 0.0866448
113.384 37.25 24.5872 0.0866443
113.384 37.75 24.5938 0.0866439
113.384 38.25 24.6 0.0866434
113.384 38.75 24.6055 0.086643
113.384 39.25 24.6103 0.0866426
113.384 39.75 24.6144 0.0866421
113.384 40.25 24.6177 0.0866416
113.384 40.75 24.6203 0.0866411
113.384 41.25 24.6221 0.0866405
113.384 41.75 24.6231 0.0866399
113.384 42.25 24.6233 0.0866393
113.384 42.75 24.6228 0.0866386
113.384 43.25 24.6214 0.0866378
113.384 43.75 24.6194 0.086637
113.384 44.25 24.6165 0.0866361
113.384 44.75 24.613 0.0866351
113.384 45.25 24.6088 0.0866341
113.384 45.75 24.6039 0.0866331
113.384 46.25 24.5983 0.086632
113.384 46.75 24.5922 0.0866308
113.384 47.25 24.5854 0.0866296
113.384 47.75 24.5781 0.0866283
113.384 48.25 24.5702 0.086627
113.384 48.75 24.5618 0.0866256
113.384 49.25 24.5529 0.0866242
113.384 49.75 24.5436 0.0866227
113.384 50.25 24.5338 0.0866212
113.384 50.75 24.5236 0.0866196
113.384 51.25 24.513 0.086618
113.384 51.75 24.502 0.0866164
113.384 52.25 24.4907 0.0866147
113.384 52.75 24.4791 0.086613
113.384 53.25 24.4672 0.0866111
113.384 53.75 24.455 0.086609
113.384 54.25 24.4426 0.0866061
113.384 54.75 24.43 0.0866016
113.384 55.25 24.4171 0.0865936
113.384 55.75 24.4041 0.0865783
113.384 56.25 24.3908 0.0865496
113.384 56.75 24.3775 0.0864982
113.384 57.25 24.364 0.0864107
113.384 57.75 24.3504 0.0862681
113.384 58.25 24.3367 0.0860444
113.384 58.75 24.3229 0.0857338
113.384 59.25 24.3091 0.0855242
113.384 59.75 24.2952 0.086212

113.872 0.25 308.404 0.005
113.872 0.75 270.674 0.005
113.872 1.25 234.566 0.005
113.872 1.75 200.226 0.005
113.872 2.25 167.783 0.00500058
113.872 2.75 137.673 0.00537181
113.872 3.25 115.886 0.0161535
113.872 3.75 105.174 0.0490534
113.872 4.25 99.2862 0.0650005
113.872 4.75 93.9521 0.0650007
113.872 5.25 88.81 0.0650005
113.872 5.75 83.8603 0.064996
113.872 6.25 79.1049 0.0649916
113.872 6.75 74.5461 0.0649914
113.872 7.25 70.1859 0.0649729
113.872 7.75 66.0239 0.0648405
113.872 8.25 62.0595 0.0647923
113.872 8.75 58.2925 0.0647917
113.872 9.25 54.7165 0.064632
113.872 9.75 51.2868 0.0617944
113.872 10.25 47.9505 0.0578068
113.872 10.75 45.9273 0.0664953
113.872 11.25 44.5074 0.0920994
113.872 11.75 43.1279 0.0918513
113.872 12.25 41.7886 0.0918019
113.872 12.75 40.4928 0.0916634
113.872 13.25 39.2437 0.091463
113.872 13.75 38.0443 0.0912204
113.872 14.25 36.8971 0.0909524
113.872 14.75 35.8048 0.0906732
113.872 15.25 34.7693 0.090395
113.872 15.75 33.7922 0.0901269
113.872 16.25 32.8748 0.0898751
113.872 16.75 32.0175 0.0896434
113.872 17.25 31.2204 0.0894332
113.872 17.75 30.4826 0.0892447
113.872 18.25 29.8031 0.0890768
113.872 18.75 29.1801 0.0889281
113.872 19.25 28.6116 0.0887967
113.872 19.75 28.0951 0.088681
113.872 20.25 27.6279 0.0885791
113.872 20.75 27.2072 0.0884896
113.872 21.25 26.83 0.0884109
113.872 21.75 26.4934 0.0883419
113.872 22.25 26.1943 0.0882813
113.872 22.75 25.9298 0.0882281
113.872 23.25 25.6971 0.0881816
113.872 23.75 25.4935 0.0881409
113.872 24.25 25.3161 0.0881053
113.872 24.75 25.1627 0.0880742
113.872 25.25 25.0307 0.0880471
113.872 25.75 24.9181 0.0880235
113.872 26.25 24.8227 0.088003
113.872 26.75 24.7427 0.0879852
113.872 27.25 24.6763 0.0879698
113.872 27.75 24.6219 0.0879566
113.872 28.25 24.578 0.0879452
113.872 28.75 24.5433 0.0879355
113.872 29.25 24.5165 0.0879272
113.872 29.75 24.4966 0.0879201
113.872 30.25 24.4826 0.0879141
113.872 30.75 24.4735 0.0879091
113.872 31.25 24.4687 0.0879048
113.872 31.75 24.4673 0.0879013
113.872 32.25 24.4688 0.0878984
113.872 32.75 24.4727 0.087896
113.872 33.25 24.4783 0.0878941
113.872 33.75 24.4853 0.0878925
113.872 34.25 24.4934 0.0878912
113.872 34.75 24.5021 0.0878902
113.872 35.25 24.5113 0.0878894
113.872 35.75 24.5207 0.0878888
113.872 36.25 24.53 0.0878882
113.872 36.75 24.5392 0.0878878
113.872 37.25 24.548 0.0878875
113.872 37.75 24.5564 0.0878872
113.872 38.25 24.5642 0.0878869
113.872 38.75 24.5714 0.0878866
113.872 39.25 24.5778 0.0878864
113.872 39.75 24.5836 0.0878861
113.872 40.25 24.5885 0.0878858
113.872 40.75 24.5926 0.0878854
113.872 41.25 24.5959 0.087885
113.872 41.75 24.5984 0.0878846
113.872 42.25 24.6 0.0878841
113.872 42.75 24.6008 0.0878836
113.872 43.25 24.6008 0.087883
113.872 43.75 24.5999 0.0878823
113.872 44.25 24.5983 0.0878816
113.872 44.75 24.5959 0.0878808
113.872 45.25 24.5927 0.0878799
113.872 45.75 24.5889 0.087879
113.872 46.25 24.5843 0.087878
113.872 46.75 24.579 0.087877
113.872 47.25 24.5731 0.0878759
113.872 47.75 24.5666 0.0878747
113.872 48.25 24.5594 0.0878735
113.872 48.75 24.5517 0.0878723
113.872 49.25 24.5435 0.087871
113.872 49.75 24.5348 0.0878696
113.872 50.25 24.5255 0.0878682
113.872 50.75 24.5159 0.0878667
113.872 51.25 24.5057 0.0878652
113.872 51.75 24.4952 0.0878637
113.872 52.25 24.4843 0.0878621
113.872 52.75 24.4731 0.0878603
113.872 53.25 24.4615 0.0878583
113.872 53.75 24.4497 0.0878558
113.872 54.25 24.4375 0.0878521
113.872 54.75 24.4251 0.0878459
113.872 55.25 24.4125 0.0878348
113.872 55.75 24.3997 0.0878147
113.872 56.25 24.3867 0.0877795
113.872 56.75 24.3735 0.0877207
113.872 57.25 24.3602 0.0876265
113.872 57.75 24.3467 0.0874799
113.872 58.25 24.3332 0.0872603
113.872 58.75 24.3195 0.086982
113.872 59.25 24.3058 0.08686
113.872 59.75 24.2921 0.0875714

114.361 0.25 308.484 0.005
114.361 0.75 270.909 0.005
114.361 1.25 234.95 0.005
114.361 1.75 200.756 0.005
114.361 2.25 168.455 0.00500047
114.361 2.75 138.447 0.00532205
114.361 3.25 116.469 0.0153698
114.361 3.75 105.596 0.0473623
114.361 4.25 99.7735 0.0650005
114.361 4.75 94.5506 0.0650008
114.361 5.25 89.5239 0.0650008
114.361 5.75 84.692 0.0650009
114.361 6.25 80.0547 0.0650009
114.361 6.75 75.6123 0.0650006
114.361 7.25 71.3649 0.0649986
114.361 7.75 67.3129 0.0649992
114.361 8.25 63.4564 0.0649882
114.361 8.75 59.7958 0.0649797
114.361 9.25 56.3319 0.0649249
114.361 9.75 53.0545 0.0638629
114.361 10.25 49.9742 0.0643236
114.361 10.75 47.1066 0.0643942
114.361 11.25 44.4351 0.0637067
114.361 11.75 41.9411 0.0633075
114.361 12.25 40.2834 0.0658712
114.361 12.75 39.0726 0.0857439
114.361 13.25 37.9178 0.0855562
114.361 13.75 36.8042 0.0852715
114.361 14.25 35.7345 0.0849545
114.361 14.75 34.7127 0.0846384
114.361 15.25 33.7426 0.0843393
114.361 15.75 32.8276 0.0840645
114.361 16.25 31.9696 0.0838164
114.361 16.75 31.1699 0.0835947
114.361 17.25 30.4285 0.0833977
114.361 17.75 29.7446 0.0832231
114.361 18.25 29.1167 0.0830688
114.361 18.75 28.5429 0.0829326
114.361 19.25 28.0207 0.0828126
114.361 19.75 27.5476 0.0827068
114.361 20.25 27.1208 0.0826137
114.361 20.75 26.7374 0.0825318
114.361 21.25 26.3944 0.0824598
114.361 21.75 26.0891 0.0823966
114.361 22.25 25.8185 0.082341
114.361 22.75 25.5797 0.0822923
114.361 23.25 25.3703 0.0822496
114.361 23.75 25.1874 0.0822123
114.361 24.25 25.0287 0.0821796
114.361 24.75 24.8919 0.0821511
114.361 25.25 24.7748 0.0821263
114.361 25.75 24.6753 0.0821047
114.361 26.25 24.5916 0.082086
114.361 26.75 24.5219 0.0820699
114.361 27.25 24.4646 0.0820559
114.361 27.75 24.4181 0.0820439
114.361 28.25 24.3813 0.0820337
114.361 28.75 24.3528 0.082025
114.361 29.25 24.3315 0.0820176
114.361 29.75 24.3164 0.0820113
114.361 30.25 24.3066 0.0820061
114.361 30.75 24.3013 0.0820017
114.361 31.25 24.2997 0.0819981
114.361 31.75 24.3013 0.0819952
114.361 32.25 24.3054 0.0819928
114.361 32.75 24.3115 0.0819909
114.361 33.25 24.3192 0.0819894
114.361 33.75 24.3281 0.0819882
114.361 34.25 24.3379 0.0819873
114.361 34.75 24.3482 0.0819867
114.361 35.25 24.3588 0.0819862
114.361 35.75 24.3694 0.0819859
114.361 36.25 24.38 0.0819856
114.361 36.75 24.3903 0.0819855
114.361 37.25 24.4002 0.0819854
114.361 37.75 24.4097 0.0819854
114.361 38.25 24.4185 0.0819853
114.361 38.75 24.4266 0.0819853
114.361 39.25 24.434 0.0819852
114.361 39.75 24.4407 0.0819852
114.361 40.25 24.4465 0.0819851
114.361 40.75 24.4516 0.0819849
114.361 41.25 24.4558 0.0819847
114.361 41.75 24.4591 0.0819844
114.361 42.25 24.4616 0.0819841
114.361 42.75 24.4633 0.0819837
114.361 43.25 24.4642 0.0819833
114.361 43.75 24.4642 0.0819828
114.361 44.25 24.4635 0.0819822
114.361 44.75 24.4619 0.0819815
114.361 45.25 24.4597 0.0819808
114.361 45.75 24.4567 0.0819801
114.361 46.25 24.453 0.0819792
114.361 46.75 24.4486 0.0819783
114.361 47.25 24.4436 0.0819773
114.361 47.75 24.4379 0.0819763
114.361 48.25 24.4317 0.0819752
114.361 48.75 24.4249 0.0819741
114.361 49.25 24.4175 0.0819728
114.361 49.75 24.4097 0.0819716
114.361 50.25 24.4013 0.0819703
114.361 50.75 24.3925 0.0819689
114.361 51.25 24.3833 0.0819675
114.361 51.75 24.3737 0.0819661
114.361 52.25 24.3636 0.0819646
114.361 52.75 24.3533 0.0819631
114.361 53.25 24.3426 0.0819615
114.361 53.75 24.3316 0.0819599
114.361 54.25 24.3203 0.0819582
114.361 54.75 24.3088 0.0819564
114.361 55.25 24.297 0.0819543
114.361 55.75 24.285 0.0819507
114.361 56.25 24.2729 0.0819432
114.361 56.75 24.2605 0.0819246
114.361 57.25 24.2481 0.0818795
114.361 57.75 24.2355 0.0817788
114.361 58.25 24.2228 0.0815725
114.361 58.75 24.21 0.0811842
114.361 59.25 24.1971 0.0806218
114.361 59.75 24.1842 0.0810361

114.85 0.25 308.542 0.005
114.85 0.75 271.082 0.005
114.85 1.25 235.235 0.005
114.85 1.75 201.144 0.005
114.85 2.25 168.938 0.00500036
114.85 2.75 138.984 0.005289
114.85 3.25 116.794 0.014774
114.85 3.75 105.744 0.0464865
114.85 4.25 99.8763 0.0646772
114.85 4.75 94.6383 0.0650006
114.85 5.25 89.6066 0.0650008
114.85 5.75 84.7738 0.0650008
114.85 6.25 80.1399 0.0650008
114.85 6.75 75.7054 0.0650005
114.85 7.25 71.4706 0.0650001
114.85 7.75 67.4355 0.0649975
114.85 8.25 63.5992 0.0649912
114.85 8.75 59.9597 0.0649883
114.85 9.25 56.5141 0.0649874
114.85 9.75 53.2566 0.0648689
114.85 10.25 50.1805 0.0647558
114.85 10.75 47.2819 0.0648819
114.85 11.25 44.5389 0.0633994
114.85 11.75 41.8729 0.0566366
114.85 12.25 40.1007 0.065444
114.85 12.75 38.8331 0.0810592
114.85 13.25 37.6364 0.0836508
114.85 13.75 36.4968 0.0833236
114.85 14.25 35.4149 0.0829848
114.85 14.75 34.3925 0.0826586
114.85 15.25 33.4303 0.0823581
114.85 15.75 32.5288 0.0820867
114.85 16.25 31.6878 0.0818442
114.85 16.75 30.9065 0.0816285
114.85 17.25 30.1837 0.0814372
114.85 17.75 29.5179 0.0812678
114.85 18.25 28.9071 0.0811181
114.85 18.75 28.3491 0.0809859
114.85 19.25 27.8415 0.0808693
114.85 19.75 27.3817 0.0807665
114.85 20.25 26.967 0.080676
114.85 20.75 26.5945 0.0805963
114.85 21.25 26.2615 0.0805262
114.85 21.75 25.9651 0.0804646
114.85 22.25 25.7025 0.0804105
114.85 22.75 25.4711 0.080363
114.85 23.25 25.2682 0.0803215
114.85 23.75 25.0913 0.0802851
114.85 24.25 24.9379 0.0802533
114.85 24.75 24.8057 0.0802256
114.85 25.25 24.6927 0.0802014
114.85 25.75 24.5969 0.0801804
114.85 26.25 24.5163 0.0801622
114.85 26.75 24.4492 0.0801465
114.85 27.25 24.3941 0.0801329
114.85 27.75 24.3494 0.0801213
114.85 28.25 24.314 0.0801113
114.85 28.75 24.2865 0.0801028
114.85 29.25 24.266 0.0800956
114.85 29.75 24.2513 0.0800894
114.85 30.25 24.2416 0.0800843
114.85 30.75 24.2362 0.08008
114.85 31.25 24.2343 0.0800764
114.85 31.75 24.2353 0.0800735
114.85 32.25 24.2387 0.0800711
114.85 32.75 24.244 0.0800691
114.85 33.25 24.2507 0.0800675
114.85 33.75 24.2585 0.0800663
114.85 34.25 24.267 0.0800653
114.85 34.75 24.276 0.0800645
114.85 35.25 24.2852 0.0800639
114.85 35.75 24.2945 0.0800634
114.85 36.25 24.3036 0.080063
114.85 36.75 24.3124 0.0800627
114.85 37.25 24.3208 0.0800624
114.85 37.75 24.3287 0.0800622
114.85 38.25 24.3359 0.080062
114.85 38.75 24.3425 0.0800618
114.85 39.25 24.3484 0.0800615
114.85 39.75 24.3535 0.0800613
114.85 40.25 24.3578 0.080061
114.85 40.75 24.3613 0.0800606
114.85 41.25 24.364 0.0800602
114.85 41.75 24.3658 0.0800598
114.85 42.25 24.3669 0.0800592
114.85 42.75 24.3671 0.0800587
114.85 43.25 24.3666 0.080058
114.85 43.75 24.3652 0.0800573
114.85 44.25 24.3631 0.0800565
114.85 44.75 24.3602 0.0800557
114.85 45.25 24.3567 0.0800548
114.85 45.75 24.3524 0.0800538
114.85 46.25 24.3474 0.0800528
114.85 46.75 24.3418 0.0800517
114.85 47.25 24.3356 0.0800506
114.85 47.75 24.3288 0.0800494
114.85 48.25 24.3214 0.0800481
114.85 48.75 24.3135 0.0800468
114.85 49.25 24.3051 0.0800454
114.85 49.75 24.2962 0.080044
114.85 50.25 24.2868 0.0800426
114.85 50.75 24.277 0.0800411
114.85 51.25 24.2668 0.0800395
114.85 51.75 24.2562 0.0800379
114.85 52.25 24.2453 0.0800363
114.85 52.75 24.234 0.0800346
114.85 53.25 24.2224 0.0800329
114.85 53.75 24.2105 0.0800312
114.85 54.25 24.1984 0.0800294
114.85 54.75 24.186 0.0800276
114.85 55.25 24.1734 0.0800257
114.85 55.75 24.1606 0.0800234
114.85 56.25 24.1477 0.0800197
114.85 56.75 24.1346 0.0800107
114.85 57.25 24.1213 0.0799855
114.85 57.75 24.1079 0.0799166
114.85 58.25 24.0945 0.0797466
114.85 58.75 24.0809 0.0793697
114.85 59.25 24.0673 0.0786842
114.85 59.75 24.0537 0.0788325

115.338 0.25 308.491 0.005
115.338 0.75 270.929 0.005
115.338 1.25 234.98 0.005
115.338 1.75 200.793 0.005
115.338 2.25 168.498 0.00500046
115.338 2.75 138.493 0.00532171
115.338 3.25 116.497 0.0152637
115.338 3.75 105.614 0.0472678
115.338 4.25 99.7916 0.0650005
115.338 4.75 94.571 0.0650008
115.338 5.25 89.5461 0.0650008
115.338 5.75 84.716 0.0650009
115.338 6.25 80.081 0.0650009
115.338 6.75 75.6422 0.0650009
115.338 7.25 71.4012 0.0650006
115.338 7.75 67.3593 0.0649957
115.338 8.25 63.5178 0.0649926
115.338 8.75 59.877 0.0649746
115.338 9.25 56.4365 0.0649807
115.338 9.75 53.1895 0.0645605
115.338 10.25 50.1357 0.0648846
115.338 10.75 47.2733 0.0649251
115.338 11.25 44.4866 0.0555681
115.338 11.75 41.824 0.0605163
115.338 12.25 40.1162 0.0690247
115.338 12.75 38.8719 0.0742521
115.338 13.25 37.6858 0.0841676
115.338 13.75 36.5574 0.0833758
115.338 14.25 35.4814 0.083043
115.338 14.75 34.4592 0.082713
115.338 15.25 33.492 0.0824077
115.338 15.75 32.5806 0.0821311
115.338 16.25 31.7258 0.081883
115.338 16.75 30.9279 0.0816619
115.338 17.25 30.1869 0.0814654
115.338 17.75 29.502 0.0812912
115.338 18.25 28.8722 0.0811371
115.338 18.75 28.2959 0.0810011
115.338 19.25 27.771 0.0808811
115.338 19.75 27.2953 0.0807754
115.338 20.25 26.8662 0.0806824
115.338 20.75 26.4808 0.0806007
115.338 21.25 26.1364 0.0805289
115.338 21.75 25.83 0.0804659
115.338 22.25 25.5587 0.0804106
115.338 22.75 25.3197 0.0803621
115.338 23.25 25.1102 0.0803197
115.338 23.75 24.9275 0.0802827
115.338 24.25 24.7692 0.0802503
115.338 24.75 24.6329 0.0802221
115.338 25.25 24.5163 0.0801975
115.338 25.75 24.4174 0.0801762
115.338 26.25 24.3343 0.0801577
115.338 26.75 24.265 0.0801417
115.338 27.25 24.2082 0.080128
115.338 27.75 24.1621 0.0801161
115.338 28.25 24.1255 0.080106
115.338 28.75 24.0972 0.0800974
115.338 29.25 24.076 0.0800901
115.338 29.75 24.0609 0.0800839
115.338 30.25 24.051 0.0800787
115.338 30.75 24.0455 0.0800744
115.338 31.25 24.0437 0.0800708
115.338 31.75 24.0449 0.0800678
115.338 32.25 24.0486 0.0800654
115.338 32.75 24.0543 0.0800635
115.338 33.25 24.0615 0.0800619
115.338 33.75 24.0698 0.0800607
115.338 34.25 24.079 0.0800598
115.338 34.75 24.0887 0.080059
115.338 35.25 24.0987 0.0800585
115.338 35.75 24.1088 0.0800581
115.338 36.25 24.1187 0.0800578
115.338 36.75 24.1283 0.0800576
115.338 37.25 24.1376 0.0800574
115.338 37.75 24.1463 0.0800573
115.338 38.25 24.1545 0.0800572
115.338 38.75 24.162 0.0800571
115.338 39.25 24.1688 0.0800569
115.338 39.75 24.1748 0.0800568
115.338 40.25 24.18 0.0800566
115.338 40.75 24.1844 0.0800564
115.338 41.25 24.188 0.0800561
115.338 41.75 24.1908 0.0800557
115.338 42.25 24.1927 0.0800553
115.338 42.75 24.1938 0.0800549
115.338 43.25 24.1942 0.0800544
115.338 43.75 24.1937 0.0800538
115.338 44.25 24.1924 0.0800531
115.338 44.75 24.1904 0.0800524
115.338 45.25 24.1876 0.0800516
115.338 45.75 24.1842 0.0800508
115.338 46.25 24.18 0.0800499
115.338 46.75 24.1752 0.0800489
115.338 47.25 24.1698 0.0800479
115.338 47.75 24.1637 0.0800468
115.338 48.25 24.1571 0.0800457
115.338 48.75 24.1499 0.0800445
115.338 49.25 24.1422 0.0800432
115.338 49.75 24.134 0.0800419
115.338 50.25 24.1253 0.0800406
115.338 50.75 24.1162 0.0800392
115.338 51.25 24.1066 0.0800377
115.338 51.75 24.0967 0.0800363
115.338 52.25 24.0864 0.0800347
115.338 52.75 24.0757 0.0800332
115.338 53.25 24.0648 0.0800316
115.338 53.75 24.0535 0.08003
115.338 54.25 24.042 0.0800283
115.338 54.75 24.0302 0.0800266
115.338 55.25 24.0182 0.0800248
115.338 55.75 24.006 0.0800226
115.338 56.25 23.9936 0.080019
115.338 56.75 23.981 0.0800102
115.338 57.25 23.9683 0.0799852
115.338 57.75 23.9555 0.0799168
115.338 58.25 23.9426 0.0797479
115.338 58.75 23.9296 0.0793725
115.338 59.25 23.9165 0.0786843
115.338 59.75 23.9034 0.0787895

115.827 0.25 308.498 0.005
115.827 0.75 270.953 0.005
115.827 1.25 235.023 0.005
115.827 1.75 200.856 0.005
115.827 2.25 168.58 0.00500045
115.827 2.75 138.584 0.00531225
115.827 3.25 116.539 0.0152014
115.827 3.75 105.615 0.0472052
115.827 4.25 99.7759 0.0649962
115.827 4.75 94.5432 0.0650007
115.827 5.25 89.509 0.0650008
115.827 5.75 84.6726 0.0650009
115.827 6.25 80.034 0.0650009
115.827 6.75 75.5941 0.0650008
115.827 7.25 71.3537 0.0650004
115.827 7.75 67.3135 0.064999
115.827 8.25 63.474 0.0649981
115.827 8.75 59.8349 0.0649886
115.827 9.25 56.3955 0.0649636
115.827 9.75 53.1552 0.0649823
115.827 10.25 50.1108 0.064857
115.827 10.75 47.2595 0.0649492
115.827 11.25 44.5963 0.0649698
115.827 11.75 42.0932 0.0631106
115.827 12.25 39.7341 0.0624434
115.827 12.75 38.13 0.0660956
115.827 13.25 36.9539 0.0835667
115.827 13.75 35.8471 0.0832149
115.827 14.25 34.7937 0.0828947
115.827 14.75 33.7945 0.08258
115.827 15.25 32.8502 0.0822885
115.827 15.75 31.9616 0.0820244
115.827 16.25 31.1294 0.0817879
115.827 16.75 30.3539 0.0815771
115.827 17.25 29.635 0.08139
115.827 17.75 28.9719 0.0812243
115.827 18.25 28.3634 0.0810779
115.827 18.75 27.8078 0.0809487
115.827 19.25 27.3029 0.0808348
115.827 19.75 26.8462 0.0807346
115.827 20.25 26.435 0.0806465
115.827 20.75 26.0665 0.080569
115.827 21.25 25.7377 0.0805009
115.827 21.75 25.4458 0.0804412
115.827 22.25 25.1878 0.0803889
115.827 22.75 24.961 0.080343
115.827 23.25 24.7625 0.0803029
115.827 23.75 24.5899 0.0802678
115.827 24.25 24.4406 0.0802372
115.827 24.75 24.3125 0.0802105
115.827 25.25 24.2032 0.0801873
115.827 25.75 24.1108 0.0801671
115.827 26.25 24.0335 0.0801497
115.827 26.75 23.9694 0.0801346
115.827 27.25 23.9171 0.0801216
115.827 27.75 23.8752 0.0801105
115.827 28.25 23.8422 0.080101
115.827 28.75 23.817 0.0800929
115.827 29.25 23.7986 0.0800861
115.827 29.75 23.7859 0.0800803
115.827 30.25 23.7781 0.0800755
115.827 30.75 23.7745 0.0800714
115.827 31.25 23.7743 0.0800681
115.827 31.75 23.7769 0.0800654
115.827 32.25 23.7819 0.0800632
115.827 32.75 23.7886 0.0800615
115.827 33.25 23.7967 0.0800601
115.827 33.75 23.8058 0.080059
115.827 34.25 23.8157 0.0800582
115.827 34.75 23.8259 0.0800576
115.827 35.25 23.8364 0.0800571
115.827 35.75 23.8468 0.0800568
115.827 36.25 23.8571 0.0800566
115.827 36.75 23.8671 0.0800564
115.827 37.25 23.8765 0.0800563
115.827 37.75 23.8855 0.0800562
115.827 38.25 23.8938 0.0800562
115.827 38.75 23.9014 0.0800561
115.827 39.25 23.9083 0.080056
115.827 39.75 23.9144 0.0800558
115.827 40.25 23.9197 0.0800557
115.827 40.75 23.9241 0.0800555
115.827 41.25 23.9278 0.0800552
115.827 41.75 23.9306 0.0800549
115.827 42.25 23.9325 0.0800545
115.827 42.75 23.9336 0.080054
115.827 43.25 23.934 0.0800535
115.827 43.75 23.9335 0.080053
115.827 44.25 23.9322 0.0800523
115.827 44.75 23.9302 0.0800516
115.827 45.25 23.9275 0.0800509
115.827 45.75 23.924 0.08005
115.827 46.25 23.9199 0.0800491
115.827 46.75 23.9151 0.0800482
115.827 47.25 23.9097 0.0800472
115.827 47.75 23.9036 0.0800461
115.827 48.25 23.897 0.080045
115.827 48.75 23.8899 0.0800438
115.827 49.25 23.8822 0.0800425
115.827 49.75 23.874 0.0800413
115.827 50.25 23.8654 0.0800399
115.827 50.75 23.8563 0.0800385
115.827 51.25 23.8468 0.0800371
115.827 51.75 23.8369 0.0800356
115.827 52.25 23.8267 0.0800341
115.827 52.75 23.8161 0.0800326
115.827 53.25 23.8052 0.080031
115.827 53.75 23.794 0.0800294
115.827 54.25 23.7825 0.0800278
115.827 54.75 23.7708 0.0800261
115.827 55.25 23.7589 0.0800243
115.827 55.75 23.7468 0.0800222
115.827 56.25 23.7345 0.0800186
115.827 56.75 23.722 0.08001
115.827 57.25 23.7094 0.0799854
115.827 57.75 23.6967 0.0799181
115.827 58.25 23.6839 0.0797513
115.827 58.75 23.671 0.0793801
115.827 59.25 23.658 0.0786971
115.827 59.75 23.645 0.0787757

116.316 0.25 308.445 0.005
116.316 0.75 270.8 0.005
116.316 1.25 234.779 0.005
116.316 1.75 200.53 0.005
116.316 2.25 168.181 0.00500049
116.316 2.75 138.139 0.0053395
116.316 3.25 116.223 0.0157636
116.316 3.75 105.404 0.0482277
116.316 4.25 99.5529 0.0650005
116.316 4.75 94.2813 0.0650008
116.316 5.25 89.2096 0.0650008
116.316 5.75 84.3378 0.0650009
116.316 6.25 79.6665 0.0650009
116.316 6.75 75.1971 0.0650008
116.316 7.25 70.9304 0.0649995
116.316 7.75 66.8673 0.0649982
116.316 8.25 63.0081 0.0649989
116.316 8.75 59.3525 0.0649876
116.316 9.25 55.8999 0.0649601
116.316 9.75 52.6504 0.0649791
116.316 10.25 49.6034 0.0649619
116.316 10.75 46.7564 0.0649187
116.316 11.25 44.104 0.0648054
116.316 11.75 41.6184 0.0627957
116.316 12.25 39.291 0.0630707
116.316 12.75 37.7116 0.0666006
116.316 13.25 36.5506 0.0836365
116.316 13.75 35.456 0.0831498
116.316 14.25 34.4126 0.0828362
116.316 14.75 33.4214 0.0825262
116.316 15.25 32.4839 0.0822388
116.316 15.75 31.6016 0.0819786
116.316 16.25 30.7759 0.0817456
116.316 16.75 30.0076 0.0815382
116.316 17.25 29.2965 0.0813544
116.316 17.75 28.6421 0.081192
116.316 18.25 28.0429 0.0810486
116.316 18.75 27.4969 0.0809223
116.316 19.25 27.0018 0.0808111
116.316 19.75 26.5549 0.0807133
116.316 20.25 26.1534 0.0806275
116.316 20.75 25.7943 0.0805521
116.316 21.25 25.4745 0.080486
116.316 21.75 25.1912 0.080428
116.316 22.25 24.9413 0.0803772
116.316 22.75 24.722 0.0803328
116.316 23.25 24.5306 0.080294
116.316 23.75 24.3646 0.0802601
116.316 24.25 24.2214 0.0802305
116.316 24.75 24.0987 0.0802048
116.316 25.25 23.9945 0.0801824
116.316 25.75 23.9067 0.0801631
116.316 26.25 23.8335 0.0801463
116.316 26.75 23.7733 0.0801319
116.316 27.25 23.7243 0.0801195
116.316 27.75 23.6853 0.0801089
116.316 28.25 23.6549 0.0800999
116.316 28.75 23.632 0.0800922
116.316 29.25 23.6156 0.0800857
116.316 29.75 23.6046 0.0800803
116.316 30.25 23.5983 0.0800757
116.316 30.75 23.5959 0.080072
116.316 31.25 23.5967 0.0800689
116.316 31.75 23.6001 0.0800663
116.316 32.25 23.6057 0.0800643
116.316 32.75 23.6128 0.0800627
116.316 33.25 23.6212 0.0800614
116.316 33.75 23.6305 0.0800604
116.316 34.25 23.6404 0.0800597
116.316 34.75 23.6506 0.0800591
116.316 35.25 23.6609 0.0800587
116.316 35.75 23.6711 0.0800584
116.316 36.25 23.6811 0.0800582
116.316 36.75 23.6907 0.080058
116.316 37.25 23.6997 0.0800579
116.316 37.75 23.7082 0.0800578
116.316 38.25 23.716 0.0800576
116.316 38.75 23.7231 0.0800575
116.316 39.25 23.7294 0.0800574
116.316 39.75 23.735 0.0800572
116.316 40.25 23.7397 0.080057
116.316 40.75 23.7436 0.0800567
116.316 41.25 23.7466 0.0800564
116.316 41.75 23.7488 0.080056
116.316 42.25 23.7502 0.0800555
116.316 42.75 23.7508 0.080055
116.316 43.25 23.7506 0.0800545
116.316 43.75 23.7496 0.0800538
116.316 44.25 23.7478 0.0800531
116.316 44.75 23.7453 0.0800524
116.316 45.25 23.742 0.0800515
116.316 45.75 23.7381 0.0800506
116.316 46.25 23.7335 0.0800497
116.316 46.75 23.7283 0.0800487
116.316 47.25 23.7224 0.0800476
116.316 47.75 23.716 0.0800465
116.316 48.25 23.709 0.0800453
116.316 48.75 23.7015 0.0800441
116.316 49.25 23.6935 0.0800428
116.316 49.75 23.6851 0.0800415
116.316 50.25 23.6761 0.0800401
116.316 50.75 23.6668 0.0800387
116.316 51.25 23.657 0.0800372
116.316 51.75 23.6469 0.0800357
116.316 52.25 23.6364 0.0800341
116.316 52.75 23.6257 0.0800326
116.316 53.25 23.6146 0.080031
116.316 53.75 23.6032 0.0800293
116.316 54.25 23.5916 0.0800277
116.316 54.75 23.5797 0.0800259
116.316 55.25 23.5677 0.0800241
116.316 55.75 23.5554 0.080022
116.316 56.25 23.543 0.0800184
116.316 56.75 23.5305 0.0800099
116.316 57.25 23.5178 0.0799857
116.316 57.75 23.505 0.0799192
116.316 58.25 23.4921 0.079754
116.316 58.75 23.4791 0.079385
116.316 59.25 23.466 0.078698
116.316 59.75 23.4529 0.0787093

116.805 0.25 308.204 0.005
116.805 0.75 270.067 0.005
116.805 1.25 233.545 0.005
116.805 1.75 198.782 0.005
116.805 2.25 165.901 0.00500088
116.805 2.75 135.473 0.0055264
116.805 3.25 114.384 0.018716
116.805 3.75 104.185 0.0530238
116.805 4.25 98.1481 0.0646777
116.805 4.75 92.5501 0.0646985
116.805 5.25 87.1297 0.0646702
116.805 5.75 81.8844 0.06444
116.805 6.25 76.8173 0.0644258
116.805 6.75 71.9143 0.0632914
116.805 7.25 67.1761 0.0631489
116.805 7.75 62.4816 0.0555227
116.805 8.25 57.0522 0.0275684
116.805 8.75 54.4731 0.0693695
116.805 9.25 52.8521 0.101494
116.805 9.75 51.2088 0.100418
116.805 10.25 49.5796 0.100471
116.805 10.75 47.9701 0.100465
116.805 11.25 46.3871 0.1004
116.805 11.75 44.837 0.100289
116.805 12.25 43.3262 0.100141
116.805 12.75 41.8606 0.0999655
116.805 13.25 40.4454 0.0997694
116.805 13.75 39.0853 0.0995588
116.805 14.25 37.7843 0.0993394
116.805 14.75 36.5457 0.0991161
116.805 15.25 35.3719 0.0988931
116.805 15.75 34.2647 0.0986743
116.805 16.25 33.2251 0.0984627
116.805 16.75 32.2533 0.0982611
116.805 17.25 31.3489 0.0980713
116.805 17.75 30.511 0.0978948
116.805 18.25 29.738 0.0977324
116.805 18.75 29.028 0.0975844
116.805 19.25 28.3787 0.0974506
116.805 19.75 27.7873 0.0973306
116.805 20.25 27.2511 0.0972234
116.805 20.75 26.767 0.0971283
116.805 21.25 26.3317 0.0970442
116.805 21.75 25.9422 0.0969701
116.805 22.25 25.5951 0.0969048
116.805 22.75 25.2873 0.0968475
116.805 23.25 25.0156 0.0967973
116.805 23.75 24.777 0.0967534
116.805 24.25 24.5686 0.096715
116.805 24.75 24.3876 0.0966814
116.805 25.25 24.2314 0.0966521
116.805 25.75 24.0975 0.0966266
116.805 26.25 23.9836 0.0966045
116.805 26.75 23.8875 0.0965852
116.805 27.25 23.8072 0.0965686
116.805 27.75 23.7409 0.0965542
116.805 28.25 23.687 0.0965418
116.805 28.75 23.6438 0.0965312
116.805 29.25 23.61 0.096522
116.805 29.75 23.5843 0.0965143
116.805 30.25 23.5656 0.0965077
116.805 30.75 23.5529 0.0965021
116.805 31.25 23.5452 0.0964974
116.805 31.75 23.5418 0.0964934
116.805 32.25 23.5418 0.0964901
116.805 32.75 23.5447 0.0964874
116.805 33.25 23.5499 0.0964852
116.805 33.75 23.5569 0.0964834
116.805 34.25 23.5652 0.0964819
116.805 34.75 23.5745 0.0964807
116.805 35.25 23.5845 0.0964798
116.805 35.75 23.5948 0.096479
116.805 36.25 23.6052 0.0964784
116.805 36.75 23.6156 0.0964779
116.805 37.25 23.6257 0.0964775
116.805 37.75 23.6354 0.0964772
116.805 38.25 23.6445 0.0964769
116.805 38.75 23.6531 0.0964767
116.805 39.25 23.6609 0.0964764
116.805 39.75 23.668 0.0964762
116.805 40.25 23.6743 0.0964759
116.805 40.75 23.6797 0.0964756
116.805 41.25 23.6842 0.0964753
116.805 41.75 23.6879 0.0964749
116.805 42.25 23.6907 0.0964745
116.805 42.75 23.6925 0.0964741
116.805 43.25 23.6935 0.0964735
116.805 43.75 23.6936 0.096473
116.805 44.25 23.6928 0.0964723
116.805 44.75 23.6912 0.0964717
116.805 45.25 23.6888 0.0964709
116.805 45.75 23.6856 0.0964701
116.805 46.25 23.6816 0.0964692
116.805 46.75 23.6769 0.0964683
116.805 47.25 23.6714 0.0964673
116.805 47.75 23.6653 0.0964663
116.805 48.25 23.6585 0.0964652
116.805 48.75 23.6511 0.096464
116.805 49.25 23.6431 0.0964628
116.805 49.75 23.6345 0.0964614
116.805 50.25 23.6254 0.0964599
116.805 50.75 23.6157 0.0964581
116.805 51.25 23.6056 0.0964559
116.805 51.75 23.5951 0.096453
116.805 52.25 23.5841 0.0964491
116.805 52.75 23.5727 0.0964435
116.805 53.25 23.561 0.0964357
116.805 53.75 23.5489 0.0964245
116.805 54.25 23.5365 0.0964088
116.805 54.75 23.5238 0.0963872
116.805 55.25 23.5109 0.0963582
116.805 55.75 23.4977 0.0963195
116.805 56.25 23.4844 0.0962682
116.805 56.75 23.4708 0.0962007
116.805 57.25 23.4571 0.096114
116.805 57.75 23.4432 0.0960119
116.805 58.25 23.4292 0.0959188
116.805 58.75 23.4152 0.095902
116.805 59.25 23.4011 0.0960841
116.805 59.75 23.3869 0.0965832

117.293 0.25 308.216 0.005
117.293 0.75 270.105 0.005
117.293 1.25 233.609 0.005
117.293 1.75 198.872 0.005
117.293 2.25 166.017 0.00500086
117.293 2.75 135.607 0.0055155
117.293 3.25 114.474 0.0185481
117.293 3.75 104.262 0.053003
117.293 4.25 98.2713 0.0649921
117.293 4.75 92.7339 0.0649924
117.293 5.25 87.3886 0.0649624
117.293 5.75 82.243 0.0649705
117.293 6.25 77.2961 0.0644908
117.293 6.75 72.5569 0.0646691
117.293 7.25 67.9509 0.0598415
117.293 7.75 63.4696 0.0595952
117.293 8.25 58.8449 0.0430997
117.293 8.75 54.377 0.0567473
117.293 9.25 52.1185 0.0839428
117.293 9.75 50.5732 0.097594
117.293 10.25 49.0322 0.0976609
117.293 10.75 47.5093 0.0977203
117.293 11.25 46.008 0.0977029
117.293 11.75 44.5325 0.097621
117.293 12.25 43.0874 0.0974858
117.293 12.75 41.6777 0.0973078
117.293 13.25 40.3087 0.0970967
117.293 13.75 38.9855 0.0968619
117.293 14.25 37.7132 0.096612
117.293 14.75 36.4963 0.0963547
117.293 15.25 35.3387 0.0960971
117.293 15.75 34.2433 0.0958449
117.293 16.25 33.2122 0.095603
117.293 16.75 32.2467 0.0953749
117.293 17.25 31.347 0.0951631
117.293 17.75 30.5127 0.094969
117.293 18.25 29.7427 0.0947929
117.293 18.75 29.0352 0.0946347
117.293 19.25 28.388 0.0944936
117.293 19.75 27.7985 0.0943685
117.293 20.25 27.2639 0.0942579
117.293 20.75 26.7812 0.0941605
117.293 21.25 26.347 0.0940749
117.293 21.75 25.9583 0.0939998
117.293 22.25 25.6117 0.093934
117.293 22.75 25.3041 0.0938763
117.293 23.25 25.0323 0.0938258
117.293 23.75 24.7933 0.0937817
117.293 24.25 24.5841 0.0937431
117.293 24.75 24.4021 0.0937094
117.293 25.25 24.2445 0.09368
117.293 25.75 24.109 0.0936543
117.293 26.25 23.9932 0.093632
117.293 26.75 23.8949 0.0936126
117.293 27.25 23.8123 0.0935958
117.293 27.75 23.7435 0.0935812
117.293 28.25 23.6868 0.0935687
117.293 28.75 23.6408 0.0935578
117.293 29.25 23.604 0.0935485
117.293 29.75 23.5753 0.0935405
117.293 30.25 23.5534 0.0935337
117.293 30.75 23.5374 0.0935279
117.293 31.25 23.5264 0.0935229
117.293 31.75 23.5196 0.0935187
117.293 32.25 23.5162 0.0935152
117.293 32.75 23.5157 0.0935122
117.293 33.25 23.5175 0.0935097
117.293 33.75 23.5211 0.0935076
117.293 34.25 23.5261 0.0935059
117.293 34.75 23.5321 0.0935044
117.293 35.25 23.5388 0.0935032
117.293 35.75 23.5459 0.0935022
117.293 36.25 23.5532 0.0935013
117.293 36.75 23.5604 0.0935005
117.293 37.25 23.5675 0.0934998
117.293 37.75 23.5743 0.0934992
117.293 38.25 23.5806 0.0934987
117.293 38.75 23.5863 0.0934982
117.293 39.25 23.5915 0.0934976
117.293 39.75 23.596 0.0934971
117.293 40.25 23.5997 0.0934966
117.293 40.75 23.6027 0.0934961
117.293 41.25 23.6049 0.0934955
117.293 41.75 23.6063 0.0934949
117.293 42.25 23.607 0.0934942
117.293 42.75 23.6068 0.0934936
117.293 43.25 23.6058 0.0934928
117.293 43.75 23.604 0.093492
117.293 44.25 23.6015 0.0934912
117.293 44.75 23.5982 0.0934903
117.293 45.25 23.5941 0.0934894
117.293 45.75 23.5894 0.0934884
117.293 46.25 23.584 0.0934874
117.293 46.75 23.5779 0.0934863
117.293 47.25 23.5711 0.0934851
117.293 47.75 23.5638 0.0934839
117.293 48.25 23.5558 0.0934827
117.293 48.75 23.5474 0.0934814
117.293 49.25 23.5383 0.0934801
117.293 49.75 23.5288 0.0934787
117.293 50.25 23.5188 0.0934772
117.293 50.75 23.5083 0.0934757
117.293 51.25 23.4974 0.093474
117.293 51.75 23.4862 0.0934719
117.293 52.25 23.4745 0.0934694
117.293 52.75 23.4625 0.093466
117.293 53.25 23.4502 0.0934611
117.293 53.75 23.4376 0.0934537
117.293 54.25 23.4247 0.0934425
117.293 54.75 23.4115 0.0934258
117.293 55.25 23.3981 0.0934015
117.293 55.75 23.3845 0.093367
117.293 56.25 23.3708 0.0933191
117.293 56.75 23.3568 0.0932532
117.293 57.25 23.3428 0.0931634
117.293 57.75 23.3286 0.0930462
117.293 58.25 23.3143 0.0929146
117.293 58.75 23.2999 0.0928344
117.293 59.25 23.2855 0.0929724
117.293 59.75 23.271 0.093554

117.782 0.25 308.346 0.005
117.782 0.75 270.494 0.005
117.782 1.25 234.257 0.005
117.782 1.75 199.78 0.005
117.782 2.25 167.19 0.00500067
117.782 2.75 136.968 0.00541605
117.782 3.25 115.412 0.0168701
117.782 3.75 104.889 0.0502569
117.782 4.25 98.9849 0.0650005
117.782 4.75 93.5998 0.0649966
117.782 5.25 88.4025 0.064998
117.782 5.75 83.3946 0.0649957
117.782 6.25 78.5781 0.0649846
117.782 6.75 73.9535 0.0649127
117.782 7.25 69.523 0.0649483
117.782 7.75 65.2878 0.0649623
117.782 8.25 61.2393 0.0645693
117.782 8.75 57.3202 0.0609968
117.782 9.25 53.4897 0.0582633
117.782 9.75 49.7363 0.0539203
117.782 10.25 47.5529 0.0690354
117.782 10.75 46.0402 0.0938327
117.782 11.25 44.5563 0.0934049
117.782 11.75 43.1083 0.0934029
117.782 12.25 41.7009 0.0933099
117.782 12.75 40.3383 0.0931501
117.782 13.25 39.0246 0.0929408
117.782 13.75 37.7633 0.0926969
117.782 14.25 36.5574 0.0924317
117.782 14.75 35.4095 0.092157
117.782 15.25 34.3217 0.091883
117.782 15.75 33.2954 0.0916178
117.782 16.25 32.3318 0.0913673
117.782 16.75 31.4311 0.0911355
117.782 17.25 30.5932 0.0909241
117.782 17.75 29.8172 0.0907338
117.782 18.25 29.102 0.0905639
117.782 18.75 28.4458 0.0904132
117.782 19.25 27.8464 0.0902801
117.782 19.75 27.3013 0.0901629
117.782 20.25 26.8078 0.0900599
117.782 20.75 26.363 0.0899694
117.782 21.25 25.9638 0.08989
117.782 21.75 25.6072 0.0898204
117.782 22.25 25.2901 0.0897594
117.782 22.75 25.0094 0.089706
117.782 23.25 24.7621 0.0896592
117.782 23.75 24.5454 0.0896183
117.782 24.25 24.3564 0.0895826
117.782 24.75 24.1926 0.0895514
117.782 25.25 24.0515 0.0895241
117.782 25.75 23.9308 0.0895004
117.782 26.25 23.8284 0.0894798
117.782 26.75 23.7421 0.089462
117.782 27.25 23.6703 0.0894465
117.782 27.75 23.6111 0.0894331
117.782 28.25 23.5631 0.0894216
117.782 28.75 23.5248 0.0894118
117.782 29.25 23.4949 0.0894033
117.782 29.75 23.4724 0.0893961
117.782 30.25 23.4561 0.08939
117.782 30.75 23.4451 0.0893848
117.782 31.25 23.4386 0.0893805
117.782 31.75 23.4359 0.0893768
117.782 32.25 23.4362 0.0893738
117.782 32.75 23.439 0.0893712
117.782 33.25 23.4438 0.0893692
117.782 33.75 23.4501 0.0893675
117.782 34.25 23.4576 0.0893661
117.782 34.75 23.4659 0.0893649
117.782 35.25 23.4747 0.089364
117.782 35.75 23.4838 0.0893632
117.782 36.25 23.4928 0.0893626
117.782 36.75 23.5018 0.0893621
117.782 37.25 23.5104 0.0893617
117.782 37.75 23.5186 0.0893613
117.782 38.25 23.5263 0.0893609
117.782 38.75 23.5333 0.0893606
117.782 39.25 23.5397 0.0893603
117.782 39.75 23.5453 0.0893599
117.782 40.25 23.5501 0.0893596
117.782 40.75 23.5541 0.0893592
117.782 41.25 23.5573 0.0893588
117.782 41.75 23.5596 0.0893583
117.782 42.25 23.5611 0.0893578
117.782 42.75 23.5618 0.0893572
117.782 43.25 23.5616 0.0893566
117.782 43.75 23.5606 0.0893559
117.782 44.25 23.5588 0.0893552
117.782 44.75 23.5562 0.0893544
117.782 45.25 23.5529 0.0893535
117.782 45.75 23.5488 0.0893526
117.782 46.25 23.544 0.0893517
117.782 46.75 23.5385 0.0893507
117.782 47.25 23.5324 0.0893496
117.782 47.75 23.5256 0.0893485
117.782 48.25 23.5182 0.0893473
117.782 48.75 23.5102 0.0893461
117.782 49.25 23.5017 0.0893448
117.782 49.75 23.4927 0.0893435
117.782 50.25 23.4831 0.0893421
117.782 50.75 23.4731 0.0893407
117.782 51.25 23.4627 0.0893392
117.782 51.75 23.4519 0.0893377
117.782 52.25 23.4406 0.089336
117.782 52.75 23.4291 0.0893342
117.782 53.25 23.4171 0.0893319
117.782 53.75 23.4049 0.0893286
117.782 54.25 23.3924 0.0893236
117.782 54.75 23.3796 0.0893151
117.782 55.25 23.3666 0.0893005
117.782 55.75 23.3534 0.0892761
117.782 56.25 23.34 0.0892366
117.782 56.75 23.3264 0.0891752
117.782 57.25 23.3127 0.0890823
117.782 57.75 23.2988 0.0889446
117.782 58.25 23.2849 0.0887524
117.782 58.75 23.2709 0.0885425
117.782 59.25 23.2568 0.0885307
117.782 59.75 23.2426 0.0892178

118.271 0.25 308.495 0.005
118.271 0.75 270.923 0.005
118.271 1.25 234.951 0.005
118.271 1.75 200.73 0.005
118.271 2.25 168.391 0.00500053
118.271 2.75 138.359 0.00533444
118.271 3.25 116.472 0.015228
118.271 3.75 105.678 0.0468845
118.271 4.25 99.8988 0.0650005
118.271 4.75 94.7247 0.0650008
118.271 5.25 89.7375 0.0650008
118.271 5.75 84.9357 0.0650009
118.271 6.25 80.319 0.0650008
118.271 6.75 75.8881 0.0649997
118.271 7.25 71.644 0.0649918
118.271 7.75 67.5884 0.0649907
118.271 8.25 63.723 0.0649925
118.271 8.75 60.0476 0.0648623
118.271 9.25 56.5597 0.0646208
118.271 9.75 53.2258 0.0619475
118.271 10.25 50.0411 0.0615049
118.271 10.75 47.0618 0.0639846
118.271 11.25 44.2549 0.061426
118.271 11.75 42.4091 0.0657013
118.271 12.25 41.0751 0.086947
118.271 12.75 39.801 0.0876643
118.271 13.25 38.5723 0.0874299
118.271 13.75 37.3907 0.0871338
118.271 14.25 36.2581 0.0868131
118.271 14.75 35.177 0.0864907
118.271 15.25 34.1495 0.0861813
118.271 15.75 33.1777 0.0858936
118.271 16.25 32.2631 0.0856316
118.271 16.75 31.4066 0.0853958
118.271 17.25 30.6086 0.0851855
118.271 17.75 29.8686 0.0849988
118.271 18.25 29.1857 0.0848334
118.271 18.75 28.5582 0.0846874
118.271 19.25 27.9844 0.0845585
118.271 19.75 27.4617 0.0844448
118.271 20.25 26.9877 0.0843447
118.271 20.75 26.5596 0.0842566
118.271 21.25 26.1747 0.0841791
118.271 21.75 25.83 0.0841108
118.271 22.25 25.5226 0.0840509
118.271 22.75 25.2498 0.0839982
118.271 23.25 25.0087 0.0839519
118.271 23.75 24.7967 0.0839113
118.271 24.25 24.6114 0.0838757
118.271 24.75 24.4501 0.0838445
118.271 25.25 24.3107 0.0838173
118.271 25.75 24.191 0.0837935
118.271 26.25 24.0889 0.0837728
118.271 26.75 24.0027 0.0837548
118.271 27.25 23.9305 0.0837391
118.271 27.75 23.8708 0.0837256
118.271 28.25 23.8221 0.0837139
118.271 28.75 23.783 0.0837039
118.271 29.25 23.7524 0.0836953
118.271 29.75 23.7291 0.083688
118.271 30.25 23.7121 0.0836818
118.271 30.75 23.7006 0.0836765
118.271 31.25 23.6936 0.0836721
118.271 31.75 23.6905 0.0836684
118.271 32.25 23.6907 0.0836654
118.271 32.75 23.6934 0.0836629
118.271 33.25 23.6983 0.0836608
118.271 33.75 23.7049 0.0836592
118.271 34.25 23.7128 0.0836579
118.271 34.75 23.7216 0.0836568
118.271 35.25 23.731 0.083656
118.271 35.75 23.7408 0.0836554
118.271 36.25 23.7507 0.0836549
118.271 36.75 23.7606 0.0836546
118.271 37.25 23.7703 0.0836543
118.271 37.75 23.7797 0.0836541
118.271 38.25 23.7886 0.0836539
118.271 38.75 23.7969 0.0836538
118.271 39.25 23.8046 0.0836537
118.271 39.75 23.8116 0.0836535
118.271 40.25 23.8179 0.0836534
118.271 40.75 23.8234 0.0836532
118.271 41.25 23.828 0.083653
118.271 41.75 23.8319 0.0836527
118.271 42.25 23.835 0.0836524
118.271 42.75 23.8372 0.0836521
118.271 43.25 23.8385 0.0836516
118.271 43.75 23.8391 0.0836512
118.271 44.25 23.8389 0.0836507
118.271 44.75 23.8378 0.0836501
118.271 45.25 23.836 0.0836494
118.271 45.75 23.8335 0.0836487
118.271 46.25 23.8302 0.0836479
118.271 46.75 23.8262 0.0836471
118.271 47.25 23.8215 0.0836462
118.271 47.75 23.8162 0.0836453
118.271 48.25 23.8102 0.0836443
118.271 48.75 23.8037 0.0836432
118.271 49.25 23.7966 0.0836421
118.271 49.75 23.7889 0.083641
118.271 50.25 23.7807 0.0836398
118.271 50.75 23.7721 0.0836385
118.271 51.25 23.763 0.0836372
118.271 51.75 23.7534 0.0836359
118.271 52.25 23.7434 0.0836345
118.271 52.75 23.7331 0.083633
118.271 53.25 23.7224 0.0836316
118.271 53.75 23.7114 0.08363
118.271 54.25 23.7 0.0836284
118.271 54.75 23.6884 0.0836263
118.271 55.25 23.6766 0.0836232
118.271 55.75 23.6645 0.083617
118.271 56.25 23.6522 0.0836035
118.271 56.75 23.6397 0.0835737
118.271 57.25 23.6271 0.0835117
118.271 57.75 23.6143 0.0833921
118.271 58.25 23.6015 0.0831757
118.271 58.75 23.5885 0.0828172
118.271 59.25 23.5755 0.0824287
118.271 59.75 23.5624 0.0830883

118.76 0.25 308.659 0.005
118.76 0.75 271.401 0.005
118.76 1.25 235.721 0.005
118.76 1.75 201.769 0.005
118.76 2.25 169.672 0.00500034
118.76 2.75 139.783 0.00525004
118.76 3.25 117.447 0.0137646
118.76 3.75 106.276 0.0441092
118.76 4.25 100.451 0.0647769
118.76 4.75 95.4447 0.0650006
118.76 5.25 90.5989 0.0650008
118.76 5.75 85.9232 0.0650009
118.76 6.25 81.4245 0.0650009
118.76 6.75 77.1064 0.0650009
118.76 7.25 72.9711 0.0650009
118.76 7.75 69.0196 0.0649997
118.76 8.25 65.2525 0.0649933
118.76 8.75 61.6703 0.0649941
118.76 9.25 58.2721 0.0649164
118.76 9.75 55.058 0.0649595
118.76 10.25 52.0251 0.0647398
118.76 10.75 49.1652 0.0642899
118.76 11.25 46.481 0.0648163
118.76 11.75 43.9549 0.0634371
118.76 12.25 41.5616 0.0621782
118.76 12.75 39.9327 0.065815
118.76 13.25 38.7382 0.0838847
118.76 13.75 37.6094 0.0835676
118.76 14.25 36.5292 0.0832259
118.76 14.75 35.4986 0.0828883
118.76 15.25 34.5186 0.0825745
118.76 15.75 33.5904 0.082289
118.76 16.25 32.7151 0.0820317
118.76 16.75 31.8933 0.0818013
118.76 17.25 31.1256 0.0815956
118.76 17.75 30.4117 0.0814124
118.76 18.25 29.7511 0.0812496
118.76 18.75 29.1426 0.0811053
118.76 19.25 28.5845 0.0809774
118.76 19.75 28.0749 0.0808642
118.76 20.25 27.6117 0.0807642
118.76 20.75 27.1922 0.0806758
118.76 21.25 26.814 0.0805978
118.76 21.75 26.4744 0.0805289
118.76 22.25 26.1708 0.0804682
118.76 22.75 25.9005 0.0804147
118.76 23.25 25.6609 0.0803676
118.76 23.75 25.4495 0.0803262
118.76 24.25 25.264 0.0802897
118.76 24.75 25.1019 0.0802577
118.76 25.25 24.9612 0.0802297
118.76 25.75 24.8398 0.0802051
118.76 26.25 24.7358 0.0801837
118.76 26.75 24.6473 0.0801649
118.76 27.25 24.5727 0.0801486
118.76 27.75 24.5104 0.0801345
118.76 28.25 24.4591 0.0801222
118.76 28.75 24.4174 0.0801116
118.76 29.25 24.3842 0.0801025
118.76 29.75 24.3584 0.0800947
118.76 30.25 24.3389 0.0800881
118.76 30.75 24.3249 0.0800824
118.76 31.25 24.3156 0.0800777
118.76 31.75 24.3103 0.0800736
118.76 32.25 24.3083 0.0800703
118.76 32.75 24.309 0.0800675
118.76 33.25 24.312 0.0800652
118.76 33.75 24.3168 0.0800633
118.76 34.25 24.323 0.0800617
118.76 34.75 24.3302 0.0800605
118.76 35.25 24.3382 0.0800595
118.76 35.75 24.3466 0.0800587
118.76 36.25 24.3553 0.0800581
118.76 36.75 24.3641 0.0800576
118.76 37.25 24.3727 0.0800572
118.76 37.75 24.3811 0.0800569
118.76 38.25 24.3891 0.0800566
118.76 38.75 24.3966 0.0800564
118.76 39.25 24.4035 0.0800562
118.76 39.75 24.4098 0.0800559
118.76 40.25 24.4154 0.0800557
118.76 40.75 24.4203 0.0800554
118.76 41.25 24.4244 0.0800552
118.76 41.75 24.4277 0.0800548
118.76 42.25 24.4303 0.0800545
118.76 42.75 24.4321 0.080054
118.76 43.25 24.433 0.0800536
118.76 43.75 24.4332 0.080053
118.76 44.25 24.4326 0.0800525
118.76 44.75 24.4312 0.0800518
118.76 45.25 24.4291 0.0800511
118.76 45.75 24.4262 0.0800504
118.76 46.25 24.4227 0.0800495
118.76 46.75 24.4184 0.0800486
118.76 47.25 24.4135 0.0800477
118.76 47.75 24.4079 0.0800467
118.76 48.25 24.4017 0.0800456
118.76 48.75 24.3949 0.0800445
118.76 49.25 24.3875 0.0800434
118.76 49.75 24.3796 0.0800421
118.76 50.25 24.3712 0.0800409
118.76 50.75 24.3624 0.0800395
118.76 51.25 24.353 0.0800382
118.76 51.75 24.3432 0.0800368
118.76 52.25 24.3331 0.0800353
118.76 52.75 24.3225 0.0800338
118.76 53.25 24.3116 0.0800323
118.76 53.75 24.3004 0.0800307
118.76 54.25 24.2888 0.0800291
118.76 54.75 24.277 0.0800275
118.76 55.25 24.2649 0.0800257
118.76 55.75 24.2526 0.0800235
118.76 56.25 24.2401 0.0800198
118.76 56.75 24.2275 0.0800106
118.76 57.25 24.2146 0.0799844
118.76 57.75 24.2017 0.0799129
118.76 58.25 24.1886 0.079737
118.76 58.75 24.1754 0.0793475
118.76 59.25 24.1622 0.07865
118.76 59.75 24.1489 0.0789092

119.248 0.25 308.768 0.005
119.248 0.75 271.726 0.005
119.248 1.25 236.254 0.005
119.248 1.75 202.491 0.005
119.248 2.25 170.56 0.00500023
119.248 2.75 140.752 0.00519548
119.248 3.25 117.983 0.0128163
119.248 3.75 106.476 0.0431563
119.248 4.25 100.55 0.0646112
119.248 4.75 95.5153 0.0650006
119.248 5.25 90.6417 0.0650008
119.248 5.75 85.9383 0.0650008
119.248 6.25 81.4137 0.0650007
119.248 6.75 77.073 0.0649989
119.248 7.25 72.9186 0.0649988
119.248 7.75 68.9512 0.0649994
119.248 8.25 65.1703 0.064986
119.248 8.75 61.5743 0.0649815
119.248 9.25 58.1608 0.064982
119.248 9.75 54.9242 0.0648483
119.248 10.25 51.8526 0.0642281
119.248 10.75 48.9249 0.0627276
119.248 11.25 46.1532 0.0637401
119.248 11.75 43.4766 0.0570736
119.248 12.25 41.6967 0.0654743
119.248 12.75 40.421 0.081713
119.248 13.25 39.2113 0.0839997
119.248 13.75 38.0537 0.0836544
119.248 14.25 36.9489 0.0832932
119.248 14.75 35.8987 0.0829457
119.248 15.25 34.9042 0.0826244
119.248 15.75 33.9664 0.0823329
119.248 16.25 33.0852 0.082071
119.248 16.75 32.2607 0.0818368
119.248 17.25 31.492 0.081628
119.248 17.75 30.7784 0.0814421
119.248 18.25 30.1182 0.0812769
119.248 18.75 29.5101 0.0811304
119.248 19.25 28.9521 0.0810004
119.248 19.75 28.442 0.0808853
119.248 20.25 27.9777 0.0807835
119.248 20.75 27.5568 0.0806934
119.248 21.25 27.1767 0.0806139
119.248 21.75 26.835 0.0805436
119.248 22.25 26.5291 0.0804816
119.248 22.75 26.2565 0.0804269
119.248 23.25 26.0147 0.0803787
119.248 23.75 25.8011 0.0803363
119.248 24.25 25.6135 0.0802991
119.248 24.75 25.4496 0.0802663
119.248 25.25 25.3072 0.0802377
119.248 25.75 25.1842 0.0802126
119.248 26.25 25.0788 0.0801906
119.248 26.75 24.989 0.0801715
119.248 27.25 24.9133 0.0801548
119.248 27.75 24.8501 0.0801404
119.248 28.25 24.7979 0.0801279
119.248 28.75 24.7554 0.0801171
119.248 29.25 24.7214 0.0801078
119.248 29.75 24.6948 0.0800999
119.248 30.25 24.6746 0.0800931
119.248 30.75 24.66 0.0800873
119.248 31.25 24.6501 0.0800824
119.248 31.75 24.6441 0.0800783
119.248 32.25 24.6415 0.0800748
119.248 32.75 24.6416 0.0800719
119.248 33.25 24.644 0.0800696
119.248 33.75 24.6481 0.0800676
119.248 34.25 24.6537 0.080066
119.248 34.75 24.6602 0.0800647
119.248 35.25 24.6676 0.0800636
119.248 35.75 24.6754 0.0800628
119.248 36.25 24.6834 0.0800621
119.248 36.75 24.6915 0.0800615
119.248 37.25 24.6994 0.080061
119.248 37.75 24.7071 0.0800606
119.248 38.25 24.7144 0.0800603
119.248 38.75 24.7212 0.08006
119.248 39.25 24.7275 0.0800597
119.248 39.75 24.7331 0.0800594
119.248 40.25 24.7381 0.0800591
119.248 40.75 24.7423 0.0800588
119.248 41.25 24.7458 0.0800584
119.248 41.75 24.7485 0.080058
119.248 42.25 24.7504 0.0800575
119.248 42.75 24.7515 0.080057
119.248 43.25 24.7518 0.0800565
119.248 43.75 24.7514 0.0800559
119.248 44.25 24.7502 0.0800552
119.248 44.75 24.7482 0.0800545
119.248 45.25 24.7455 0.0800537
119.248 45.75 24.7421 0.0800528
119.248 46.25 24.7379 0.0800519
119.248 46.75 24.7331 0.0800509
119.248 47.25 24.7276 0.0800499
119.248 47.75 24.7215 0.0800488
119.248 48.25 24.7148 0.0800477
119.248 48.75 24.7075 0.0800464
119.248 49.25 24.6996 0.0800452
119.248 49.75 24.6913 0.0800439
119.248 50.25 24.6824 0.0800425
119.248 50.75 24.673 0.0800411
119.248 51.25 24.6632 0.0800397
119.248 51.75 24.653 0.0800382
119.248 52.25 24.6424 0.0800366
119.248 52.75 24.6314 0.080035
119.248 53.25 24.62 0.0800334
119.248 53.75 24.6084 0.0800318
119.248 54.25 24.5964 0.0800301
119.248 54.75 24.5842 0.0800283
119.248 55.25 24.5717 0.0800265
119.248 55.75 24.559 0.0800242
119.248 56.25 24.5462 0.0800204
119.248 56.75 24.5331 0.0800111
119.248 57.25 24.5199 0.0799845
119.248 57.75 24.5065 0.0799126
119.248 58.25 24.4931 0.0797364
119.248 58.75 24.4796 0.0793496
119.248 59.25 24.4659 0.078671
119.248 59.75 24.4523 0.0790161

119.737 0.25 308.826 0.005
119.737 0.75 271.891 0.005
119.737 1.25 236.514 0.005
119.737 1.75 202.836 0.005
119.737 2.25 170.979 0.0050002
119.737 2.75 141.218 0.00517814
119.737 3.25 118.327 0.0123888
119.737 3.75 106.683 0.0418562
119.737 4.25 100.72 0.0644275
119.737 4.75 95.7508 0.0650006
119.737 5.25 90.9371 0.0650008
119.737 5.75 86.2838 0.0650008
119.737 6.25 81.8002 0.0650009
119.737 6.75 77.492 0.0650008
119.737 7.25 73.3624 0.0649988
119.737 7.75 69.4128 0.0649967
119.737 8.25 65.6431 0.0649973
119.737 8.75 62.052 0.0649952
119.737 9.25 58.6368 0.0649725
119.737 9.75 55.3938 0.0649515
119.737 10.25 52.3191 0.0649643
119.737 10.75 49.4026 0.0645484
119.737 11.25 46.6257 0.0633918
119.737 11.75 43.9054 0.0558818
119.737 12.25 42.0989 0.0654088
119.737 12.75 40.8076 0.0808007
119.737 13.25 39.5825 0.0841005
119.737 13.75 38.4092 0.0837147
119.737 14.25 37.2883 0.0833447
119.737 14.75 36.2217 0.0829907
119.737 15.25 35.211 0.0826639
119.737 15.75 34.2571 0.0823674
119.737 16.25 33.3605 0.082101
119.737 16.75 32.521 0.0818628
119.737 17.25 31.7382 0.0816504
119.737 17.75 31.0111 0.0814614
119.737 18.25 30.3384 0.0812935
119.737 18.75 29.7184 0.0811445
119.737 19.25 29.1493 0.0810124
119.737 19.75 28.6289 0.0808955
119.737 20.25 28.155 0.080792
119.737 20.75 27.725 0.0807005
119.737 21.25 27.3365 0.0806196
119.737 21.75 26.9869 0.0805482
119.737 22.25 26.6736 0.0804852
119.737 22.75 26.3941 0.0804296
119.737 23.25 26.1458 0.0803805
119.737 23.75 25.9263 0.0803374
119.737 24.25 25.7331 0.0802994
119.737 24.75 25.5641 0.0802661
119.737 25.25 25.4169 0.0802368
119.737 25.75 25.2896 0.0802112
119.737 26.25 25.1801 0.0801888
119.737 26.75 25.0868 0.0801692
119.737 27.25 25.0078 0.0801522
119.737 27.75 24.9416 0.0801374
119.737 28.25 24.8868 0.0801245
119.737 28.75 24.842 0.0801135
119.737 29.25 24.8061 0.0801039
119.737 29.75 24.7778 0.0800957
119.737 30.25 24.7562 0.0800888
119.737 30.75 24.7404 0.0800828
119.737 31.25 24.7295 0.0800778
119.737 31.75 24.7228 0.0800736
119.737 32.25 24.7197 0.08007
119.737 32.75 24.7195 0.0800671
119.737 33.25 24.7217 0.0800647
119.737 33.75 24.7259 0.0800627
119.737 34.25 24.7316 0.0800611
119.737 34.75 24.7385 0.0800598
119.737 35.25 24.7462 0.0800588
119.737 35.75 24.7545 0.0800579
119.737 36.25 24.7632 0.0800573
119.737 36.75 24.772 0.0800568
119.737 37.25 24.7807 0.0800564
119.737 37.75 24.7892 0.0800561
119.737 38.25 24.7974 0.0800559
119.737 38.75 24.8052 0.0800557
119.737 39.25 24.8124 0.0800555
119.737 39.75 24.819 0.0800553
119.737 40.25 24.825 0.0800552
119.737 40.75 24.8303 0.0800549
119.737 41.25 24.8348 0.0800547
119.737 41.75 24.8385 0.0800544
119.737 42.25 24.8415 0.0800541
119.737 42.75 24.8437 0.0800538
119.737 43.25 24.845 0.0800533
119.737 43.75 24.8456 0.0800529
119.737 44.25 24.8454 0.0800523
119.737 44.75 24.8444 0.0800517
119.737 45.25 24.8427 0.0800511
119.737 45.75 24.8402 0.0800504
119.737 46.25 24.8369 0.0800496
119.737 46.75 24.833 0.0800487
119.737 47.25 24.8284 0.0800478
119.737 47.75 24.8231 0.0800469
119.737 48.25 24.8172 0.0800458
119.737 48.75 24.8107 0.0800448
119.737 49.25 24.8036 0.0800436
119.737 49.75 24.796 0.0800424
119.737 50.25 24.7878 0.0800412
119.737 50.75 24.7791 0.0800399
119.737 51.25 24.77 0.0800385
119.737 51.75 24.7604 0.0800371
119.737 52.25 24.7503 0.0800357
119.737 52.75 24.7399 0.0800342
119.737 53.25 24.7291 0.0800327
119.737 53.75 24.718 0.0800311
119.737 54.25 24.7066 0.0800295
119.737 54.75 24.6949 0.0800278
119.737 55.25 24.6829 0.0800261
119.737 55.75 24.6706 0.0800239
119.737 56.25 24.6582 0.0800201
119.737 56.75 24.6456 0.0800106
119.737 57.25 24.6328 0.0799838
119.737 57.75 24.6199 0.0799112
119.737 58.25 24.6068 0.0797351
119.737 58.75 24.5937 0.0793551
119.737 59.25 24.5805 0.0787237
119.737 59.75 24.5672 0.0792521

120.226 0.25 308.708 0.005
120.226 0.75 271.547 0.005
120.226 1.25 235.963 0.005
120.226 1.75 202.104 0.005
120.226 2.25 170.098 0.0050003
120.226 2.75 140.273 0.00522789
120.226 3.25 117.778 0.0133164
120.226 3.75 106.453 0.0432121
120.226 4.25 100.592 0.064629
120.226 4.75 95.6305 0.0650006
120.226 5.25 90.8253 0.0650008
120.226 5.75 86.1847 0.0650009
120.226 6.25 81.7167 0.0650009
120.226 6.75 77.4263 0.0650009
120.226 7.25 73.3164 0.0650008
120.226 7.75 69.3885 0.0649985
120.226 8.25 65.6433 0.064992
120.226 8.75 62.0814 0.0649961
120.226 9.25 58.7023 0.064978
120.226 9.75 55.5048 0.064947
120.226 10.25 52.4875 0.0649607
120.226 10.75 49.6471 0.0649719
120.226 11.25 46.9736 0.0645635
120.226 11.75 44.4547 0.0641712
120.226 12.25 42.0654 0.0618944
120.226 12.75 40.4429 0.0656293
120.226 13.25 39.2574 0.0830859
120.226 13.75 38.1378 0.0835933
120.226 14.25 37.0674 0.0832456
120.226 14.75 36.0467 0.0829075
120.226 15.25 35.0766 0.0825934
120.226 15.75 34.1581 0.0823073
120.226 16.25 33.292 0.0820494
120.226 16.75 32.4789 0.081818
120.226 17.25 31.719 0.0816112
120.226 17.75 31.0122 0.0814268
120.226 18.25 30.3577 0.0812627
120.226 18.75 29.7546 0.081117
120.226 19.25 29.2012 0.0809878
120.226 19.75 28.6958 0.0808734
120.226 20.25 28.2361 0.0807721
120.226 20.75 27.8198 0.0806826
120.226 21.25 27.4444 0.0806035
120.226 21.75 27.1073 0.0805337
120.226 22.25 26.8059 0.0804721
120.226 22.75 26.5376 0.0804178
120.226 23.25 26.2998 0.08037
120.226 23.75 26.09 0.0803279
120.226 24.25 25.906 0.080291
120.226 24.75 25.7452 0.0802585
120.226 25.25 25.6057 0.08023
120.226 25.75 25.4853 0.0802051
120.226 26.25 25.3822 0.0801833
120.226 26.75 25.2946 0.0801643
120.226 27.25 25.2207 0.0801478
120.226 27.75 25.1592 0.0801335
120.226 28.25 25.1085 0.080121
120.226 28.75 25.0673 0.0801104
120.226 29.25 25.0346 0.0801012
120.226 29.75 25.0092 0.0800933
120.226 30.25 24.9901 0.0800866
120.226 30.75 24.9765 0.0800809
120.226 31.25 24.9676 0.0800761
120.226 31.75 24.9626 0.0800721
120.226 32.25 24.9609 0.0800687
120.226 32.75 24.962 0.0800659
120.226 33.25 24.9654 0.0800637
120.226 33.75 24.9705 0.0800618
120.226 34.25 24.977 0.0800603
120.226 34.75 24.9846 0.0800592
120.226 35.25 24.9929 0.0800582
120.226 35.75 25.0018 0.0800575
120.226 36.25 25.0108 0.0800569
120.226 36.75 25.02 0.0800565
120.226 37.25 25.029 0.0800562
120.226 37.75 25.0377 0.0800559
120.226 38.25 25.0461 0.0800558
120.226 38.75 25.054 0.0800556
120.226 39.25 25.0614 0.0800554
120.226 39.75 25.0681 0.0800553
120.226 40.25 25.0742 0.0800551
120.226 40.75 25.0795 0.080055
120.226 41.25 25.0841 0.0800547
120.226 41.75 25.0878 0.0800545
120.226 42.25 25.0908 0.0800542
120.226 42.75 25.093 0.0800538
120.226 43.25 25.0945 0.0800534
120.226 43.75 25.0951 0.0800529
120.226 44.25 25.0949 0.0800524
120.226 44.75 25.0939 0.0800518
120.226 45.25 25.0922 0.0800512
120.226 45.75 25.0898 0.0800504
120.226 46.25 25.0866 0.0800497
120.226 46.75 25.0828 0.0800488
120.226 47.25 25.0782 0.0800479
120.226 47.75 25.073 0.0800469
120.226 48.25 25.0672 0.0800459
120.226 48.75 25.0608 0.0800448
120.226 49.25 25.0538 0.0800437
120.226 49.75 25.0463 0.0800425
120.226 50.25 25.0382 0.0800412
120.226 50.75 25.0297 0.0800399
120.226 51.25 25.0207 0.0800385
120.226 51.75 25.0112 0.0800371
120.226 52.25 25.0013 0.0800357
120.226 52.75 24.9911 0.0800342
120.226 53.25 24.9805 0.0800327
120.226 53.75 24.9695 0.0800311
120.226 54.25 24.9583 0.0800295
120.226 54.75 24.9467 0.0800278
120.226 55.25 24.935 0.080026
120.226 55.75 24.9229 0.0800239
120.226 56.25 24.9107 0.0800201
120.226 56.75 24.8983 0.0800106
120.226 57.25 24.8857 0.0799835
120.226 57.75 24.873 0.0799102
120.226 58.25 24.8602 0.0797309
120.226 58.75 24.8473 0.0793393
120.226 59.25 24.8343 0.0786609
120.226 59.75 24.8212 0.0790491

120.714 0.25 308.64 0.005
120.714 0.75 271.355 0.005
120.714 1.25 235.66 0.005
120.714 1.75 201.702 0.005
120.714 2.25 169.609 0.00500033
120.714 2.75 139.725 0.00524952
120.714 3.25 117.377 0.0139329
120.714 3.75 106.191 0.0445866
120.714 4.25 100.355 0.064853
120.714 4.75 95.2932 0.0650006
120.714 5.25 90.4011 0.0650008
120.714 5.75 85.6885 0.0650009
120.714 6.25 81.1606 0.0650009
120.714 6.75 76.8198 0.0650009
120.714 7.25 72.667 0.0650004
120.714 7.75 68.702 0.0649974
120.714 8.25 64.9237 0.0649977
120.714 8.75 61.3302 0.0649874
120.714 9.25 57.9187 0.0649874
120.714 9.75 54.6852 0.0649259
120.714 10.25 51.6255 0.0649675
120.714 10.75 48.7352 0.0649745
120.714 11.25 45.9308 0.0578887
120.714 11.75 43.1439 0.0564889
120.714 12.25 41.317 0.0645452
120.714 12.75 40.0305 0.0718407
120.714 13.25 38.8267 0.0843298
120.714 13.75 37.6767 0.0835088
120.714 14.25 36.579 0.0831759
120.714 14.75 35.5367 0.082836
120.714 15.25 34.5517 0.0825213
120.714 15.75 33.625 0.0822362
120.714 16.25 32.7569 0.0819806
120.714 16.75 31.9472 0.0817525
120.714 17.25 31.1951 0.0815496
120.714 17.75 30.4995 0.0813694
120.714 18.25 29.8588 0.0812097
120.714 18.75 29.2709 0.0810683
120.714 19.25 28.7337 0.0809433
120.714 19.75 28.2449 0.0808327
120.714 20.25 27.8018 0.0807351
120.714 20.75 27.4019 0.080649
120.714 21.25 27.0425 0.080573
120.714 21.75 26.7207 0.080506
120.714 22.25 26.434 0.080447
120.714 22.75 26.1797 0.0803951
120.714 23.25 25.9551 0.0803495
120.714 23.75 25.7578 0.0803094
120.714 24.25 25.5855 0.0802742
120.714 24.75 25.4358 0.0802434
120.714 25.25 25.3065 0.0802165
120.714 25.75 25.1957 0.0801929
120.714 26.25 25.1015 0.0801725
120.714 26.75 25.0221 0.0801546
120.714 27.25 24.9558 0.0801392
120.714 27.75 24.9011 0.0801259
120.714 28.25 24.8568 0.0801144
120.714 28.75 24.8214 0.0801045
120.714 29.25 24.7939 0.0800961
120.714 29.75 24.7732 0.0800889
120.714 30.25 24.7583 0.0800828
120.714 30.75 24.7485 0.0800777
120.714 31.25 24.7429 0.0800734
120.714 31.75 24.7408 0.0800699
120.714 32.25 24.7418 0.0800669
120.714 32.75 24.7451 0.0800645
120.714 33.25 24.7503 0.0800626
120.714 33.75 24.7571 0.080061
120.714 34.25 24.765 0.0800598
120.714 34.75 24.7737 0.0800588
120.714 35.25 24.783 0.080058
120.714 35.75 24.7925 0.0800575
120.714 36.25 24.8022 0.080057
120.714 36.75 24.8118 0.0800567
120.714 37.25 24.8211 0.0800565
120.714 37.75 24.83 0.0800563
120.714 38.25 24.8385 0.0800562
120.714 38.75 24.8464 0.0800561
120.714 39.25 24.8537 0.0800559
120.714 39.75 24.8603 0.0800558
120.714 40.25 24.8661 0.0800557
120.714 40.75 24.8712 0.0800555
120.714 41.25 24.8755 0.0800552
120.714 41.75 24.879 0.080055
120.714 42.25 24.8817 0.0800546
120.714 42.75 24.8836 0.0800543
120.714 43.25 24.8847 0.0800538
120.714 43.75 24.885 0.0800533
120.714 44.25 24.8845 0.0800527
120.714 44.75 24.8832 0.0800521
120.714 45.25 24.8812 0.0800514
120.714 45.75 24.8784 0.0800507
120.714 46.25 24.8749 0.0800498
120.714 46.75 24.8708 0.0800489
120.714 47.25 24.866 0.080048
120.714 47.75 24.8605 0.080047
120.714 48.25 24.8545 0.0800459
120.714 48.75 24.8478 0.0800448
120.714 49.25 24.8406 0.0800436
120.714 49.75 24.8329 0.0800423
120.714 50.25 24.8247 0.0800411
120.714 50.75 24.816 0.0800397
120.714 51.25 24.8068 0.0800383
120.714 51.75 24.7973 0.0800369
120.714 52.25 24.7873 0.0800354
120.714 52.75 24.777 0.0800339
120.714 53.25 24.7663 0.0800323
120.714 53.75 24.7553 0.0800307
120.714 54.25 24.744 0.0800291
120.714 54.75 24.7324 0.0800274
120.714 55.25 24.7206 0.0800256
120.714 55.75 24.7086 0.0800234
120.714 56.25 24.6964 0.0800197
120.714 56.75 24.684 0.0800104
120.714 57.25 24.6715 0.0799841
120.714 57.75 24.6588 0.0799122
120.714 58.25 24.646 0.0797352
120.714 58.75 24.6331 0.0793434
120.714 59.25 24.6202 0.078636
120.714 59.75 24.6072 0.0788496

121.203 0.25 308.542 0.005
121.203 0.75 271.072 0.005
121.203 1.25 235.206 0.005
121.203 1.75 201.093 0.005
121.203 2.25 168.863 0.00500042
121.203 2.75 138.9 0.00529793
121.203 3.25 116.808 0.0147845
121.203 3.75 105.848 0.0462668
121.203 4.25 100.057 0.0649877
121.203 4.75 94.8935 0.0650007
121.203 5.25 89.925 0.0650008
121.203 5.75 85.1495 0.0650009
121.203 6.25 80.5665 0.0650009
121.203 6.75 76.1757 0.0650009
121.203 7.25 71.9771 0.0650003
121.203 7.75 67.9702 0.064992
121.203 8.25 64.1537 0.0649921
121.203 8.75 60.5259 0.0649934
121.203 9.25 57.0839 0.0649811
121.203 9.75 53.8243 0.0649741
121.203 10.25 50.7424 0.0647896
121.203 10.75 47.8393 0.0648476
121.203 11.25 45.122 0.0642477
121.203 11.75 42.6244 0.0636091
121.203 12.25 40.5197 0.0646708
121.203 12.75 39.0757 0.0662364
121.203 13.25 37.9322 0.0838556
121.203 13.75 36.8126 0.0834013
121.203 14.25 35.7278 0.0830623
121.203 14.75 34.6911 0.08273
121.203 15.25 33.7096 0.0824224
121.203 15.75 32.7864 0.0821442
121.203 16.25 31.923 0.0818953
121.203 16.75 31.1195 0.0816737
121.203 17.25 30.3752 0.0814772
121.203 17.75 29.6886 0.0813032
121.203 18.25 29.058 0.0811493
121.203 18.75 28.4812 0.0810134
121.203 19.25 27.9558 0.0808935
121.203 19.75 27.4792 0.0807878
121.203 20.25 27.0486 0.0806947
121.203 20.75 26.6611 0.0806126
121.203 21.25 26.314 0.0805404
121.203 21.75 26.0043 0.0804769
121.203 22.25 25.7293 0.0804211
121.203 22.75 25.4861 0.080372
121.203 23.25 25.2722 0.080329
121.203 23.75 25.085 0.0802912
121.203 24.25 24.922 0.0802582
121.203 24.75 24.7811 0.0802293
121.203 25.25 24.6599 0.0802041
121.203 25.75 24.5565 0.0801821
121.203 26.25 24.4691 0.080163
121.203 26.75 24.3959 0.0801465
121.203 27.25 24.3352 0.0801322
121.203 27.75 24.2856 0.0801198
121.203 28.25 24.2458 0.0801092
121.203 28.75 24.2145 0.0801002
121.203 29.25 24.1905 0.0800924
121.203 29.75 24.173 0.0800859
121.203 30.25 24.1609 0.0800804
121.203 30.75 24.1535 0.0800757
121.203 31.25 24.15 0.0800719
121.203 31.75 24.1498 0.0800687
121.203 32.25 24.1522 0.080066
121.203 32.75 24.1568 0.0800639
121.203 33.25 24.1631 0.0800622
121.203 33.75 24.1707 0.0800608
121.203 34.25 24.1793 0.0800598
121.203 34.75 24.1886 0.0800589
121.203 35.25 24.1982 0.0800583
121.203 35.75 24.208 0.0800578
121.203 36.25 24.2178 0.0800575
121.203 36.75 24.2273 0.0800572
121.203 37.25 24.2366 0.080057
121.203 37.75 24.2454 0.0800568
121.203 38.25 24.2537 0.0800567
121.203 38.75 24.2613 0.0800566
121.203 39.25 24.2682 0.0800565
121.203 39.75 24.2745 0.0800563
121.203 40.25 24.2799 0.0800561
121.203 40.75 24.2846 0.0800559
121.203 41.25 24.2884 0.0800556
121.203 41.75 24.2915 0.0800553
121.203 42.25 24.2937 0.080055
121.203 42.75 24.2951 0.0800545
121.203 43.25 24.2957 0.080054
121.203 43.75 24.2954 0.0800535
121.203 44.25 24.2944 0.0800529
121.203 44.75 24.2927 0.0800522
121.203 45.25 24.2902 0.0800514
121.203 45.75 24.2869 0.0800506
121.203 46.25 24.283 0.0800498
121.203 46.75 24.2784 0.0800488
121.203 47.25 24.2731 0.0800478
121.203 47.75 24.2673 0.0800468
121.203 48.25 24.2608 0.0800457
121.203 48.75 24.2538 0.0800445
121.203 49.25 24.2462 0.0800433
121.203 49.75 24.2381 0.080042
121.203 50.25 24.2295 0.0800407
121.203 50.75 24.2205 0.0800393
121.203 51.25 24.211 0.0800379
121.203 51.75 24.2012 0.0800364
121.203 52.25 24.1909 0.0800349
121.203 52.75 24.1803 0.0800334
121.203 53.25 24.1693 0.0800318
121.203 53.75 24.1581 0.0800302
121.203 54.25 24.1466 0.0800285
121.203 54.75 24.1348 0.0800268
121.203 55.25 24.1228 0.080025
121.203 55.75 24.1105 0.0800229
121.203 56.25 24.0981 0.0800192
121.203 56.75 24.0855 0.0800103
121.203 57.25 24.0728 0.0799848
121.203 57.75 24.0599 0.0799151
121.203 58.25 24.047 0.0797426
121.203 58.75 24.0339 0.0793594
121.203 59.25 24.0208 0.0786603
121.203 59.75 24.0076 0.0788009

121.692 0.25 308.49 0.005
121.692 0.75 270.924 0.005
121.692 1.25 234.973 0.005
121.692 1.75 200.787 0.005
121.692 2.25 168.494 0.00500046
121.692 2.75 138.499 0.00532415
121.692 3.25 116.512 0.0152485
121.692 3.75 105.631 0.047205
121.692 4.25 99.8178 0.0650005
121.692 4.75 94.6084 0.0650008
121.692 5.25 89.5961 0.0650008
121.692 5.75 84.7801 0.0650009
121.692 6.25 80.1607 0.0650009
121.692 6.75 75.7388 0.0650009
121.692 7.25 71.5156 0.0650009
121.692 7.75 67.4918 0.0649994
121.692 8.25 63.6677 0.0649964
121.692 8.75 60.0428 0.0649822
121.692 9.25 56.6158 0.0649902
121.692 9.75 53.3838 0.0649586
121.692 10.25 50.3412 0.0648193
121.692 10.75 47.4825 0.0647861
121.692 11.25 44.8024 0.0648663
121.692 11.75 42.2902 0.0646525
121.692 12.25 39.9058 0.0612229
121.692 12.75 38.2699 0.0655832
121.692 13.25 37.0741 0.0817907
121.692 13.75 35.952 0.0832457
121.692 14.25 34.8873 0.0829159
121.692 14.75 33.8798 0.0825993
121.692 15.25 32.93 0.0823063
121.692 15.75 32.0382 0.0820412
121.692 16.25 31.2042 0.0818038
121.692 16.75 30.4276 0.0815924
121.692 17.25 29.7075 0.0814047
121.692 17.75 29.043 0.0812384
121.692 18.25 28.4323 0.0810912
121.692 18.75 27.8739 0.0809612
121.692 19.25 27.3654 0.0808465
121.692 19.75 26.9047 0.0807454
121.692 20.25 26.4891 0.0806564
121.692 20.75 26.116 0.080578
121.692 21.25 25.7825 0.0805092
121.692 21.75 25.4859 0.0804487
121.692 22.25 25.2233 0.0803956
121.692 22.75 24.9921 0.080349
121.692 23.25 24.7894 0.0803082
121.692 23.75 24.6129 0.0802725
121.692 24.25 24.46 0.0802413
121.692 24.75 24.3284 0.0802142
121.692 25.25 24.216 0.0801905
121.692 25.75 24.1208 0.0801699
121.692 26.25 24.0409 0.0801521
121.692 26.75 23.9745 0.0801367
121.692 27.25 23.9201 0.0801234
121.692 27.75 23.8762 0.080112
121.692 28.25 23.8415 0.0801022
121.692 28.75 23.8148 0.0800939
121.692 29.25 23.7951 0.0800868
121.692 29.75 23.7812 0.0800808
121.692 30.25 23.7725 0.0800758
121.692 30.75 23.768 0.0800717
121.692 31.25 23.767 0.0800682
121.692 31.75 23.769 0.0800654
121.692 32.25 23.7734 0.0800631
121.692 32.75 23.7797 0.0800613
121.692 33.25 23.7875 0.0800598
121.692 33.75 23.7964 0.0800586
121.692 34.25 23.806 0.0800578
121.692 34.75 23.8161 0.0800571
121.692 35.25 23.8265 0.0800566
121.692 35.75 23.8369 0.0800562
121.692 36.25 23.8471 0.080056
121.692 36.75 23.8571 0.0800558
121.692 37.25 23.8666 0.0800557
121.692 37.75 23.8757 0.0800556
121.692 38.25 23.8841 0.0800555
121.692 38.75 23.8918 0.0800554
121.692 39.25 23.8988 0.0800553
121.692 39.75 23.9051 0.0800552
121.692 40.25 23.9105 0.080055
121.692 40.75 23.9152 0.0800548
121.692 41.25 23.919 0.0800545
121.692 41.75 23.922 0.0800542
121.692 42.25 23.9241 0.0800539
121.692 42.75 23.9254 0.0800534
121.692 43.25 23.9259 0.0800529
121.692 43.75 23.9256 0.0800524
121.692 44.25 23.9245 0.0800518
121.692 44.75 23.9227 0.0800511
121.692 45.25 23.9201 0.0800504
121.692 45.75 23.9169 0.0800496
121.692 46.25 23.9129 0.0800487
121.692 46.75 23.9083 0.0800478
121.692 47.25 23.903 0.0800468
121.692 47.75 23.8971 0.0800457
121.692 48.25 23.8906 0.0800446
121.692 48.75 23.8836 0.0800434
121.692 49.25 23.8761 0.0800422
121.692 49.75 23.868 0.080041
121.692 50.25 23.8595 0.0800397
121.692 50.75 23.8506 0.0800383
121.692 51.25 23.8412 0.0800369
121.692 51.75 23.8314 0.0800355
121.692 52.25 23.8213 0.080034
121.692 52.75 23.8108 0.0800325
121.692 53.25 23.8 0.0800309
121.692 53.75 23.7889 0.0800293
121.692 54.25 23.7775 0.0800277
121.692 54.75 23.7658 0.080026
121.692 55.25 23.754 0.0800243
121.692 55.75 23.7419 0.0800221
121.692 56.25 23.7297 0.0800186
121.692 56.75 23.7173 0.0800099
121.692 57.25 23.7048 0.0799854
121.692 57.75 23.6921 0.0799181
121.692 58.25 23.6794 0.0797518
121.692 58.75 23.6665 0.0793824
121.692 59.25 23.6536 0.0787053
121.692 59.75 23.6406 0.0788035

122.181 0.25 308.543 0.005
122.181 0.75 271.073 0.005
122.181 1.25 235.205 0.005
122.181 1.75 201.083 0.005
122.181 2.25 168.837 0.00500041
122.181 2.75 138.845 0.00529242
122.181 3.25 116.756 0.0148833
122.181 3.75 105.808 0.0464198
122.181 4.25 100.005 0.0649993
122.181 4.75 94.8266 0.0650008
122.181 5.25 89.8424 0.0650008
122.181 5.75 85.0513 0.0650009
122.181 6.25 80.4527 0.0650009
122.181 6.75 76.0469 0.0650009
122.181 7.25 71.8342 0.0650008
122.181 7.75 67.8148 0.0649965
122.181 8.25 63.9885 0.0649965
122.181 8.75 60.3551 0.0649853
122.181 9.25 56.9135 0.0649379
122.181 9.75 53.6646 0.0649693
122.181 10.25 50.6074 0.0648175
122.181 10.75 47.741 0.064744
122.181 11.25 45.0658 0.0648405
122.181 11.75 42.572 0.0645456
122.181 12.25 40.2347 0.0632931
122.181 12.75 38.6299 0.0655715
122.181 13.25 37.4451 0.0803675
122.181 13.75 36.3263 0.0833524
122.181 14.25 35.2577 0.0830042
122.181 14.75 34.2385 0.0826807
122.181 15.25 33.2712 0.0823799
122.181 15.75 32.3581 0.082107
122.181 16.25 31.501 0.0818623
122.181 16.75 30.7012 0.0816442
122.181 17.25 29.9588 0.0814505
122.181 17.75 29.2731 0.0812789
122.181 18.25 28.643 0.0811273
122.181 18.75 28.0665 0.0809934
122.181 19.25 27.5415 0.0808753
122.181 19.75 27.0654 0.0807713
122.181 20.25 26.6356 0.0806797
122.181 20.75 26.2492 0.080599
122.181 21.25 25.9033 0.0805282
122.181 21.75 25.5951 0.0804659
122.181 22.25 25.3217 0.0804111
122.181 22.75 25.0803 0.0803631
122.181 23.25 24.8682 0.080321
122.181 23.75 24.6828 0.0802841
122.181 24.25 24.5217 0.0802519
122.181 24.75 24.3825 0.0802237
122.181 25.25 24.2631 0.0801991
122.181 25.75 24.1614 0.0801777
122.181 26.25 24.0755 0.0801591
122.181 26.75 24.0037 0.080143
122.181 27.25 23.9444 0.0801291
122.181 27.75 23.896 0.0801171
122.181 28.25 23.8573 0.0801068
122.181 28.75 23.827 0.080098
122.181 29.25 23.804 0.0800905
122.181 29.75 23.7873 0.0800841
122.181 30.25 23.7759 0.0800787
122.181 30.75 23.7691 0.0800742
122.181 31.25 23.7662 0.0800705
122.181 31.75 23.7664 0.0800674
122.181 32.25 23.7692 0.0800649
122.181 32.75 23.7742 0.0800628
122.181 33.25 23.7808 0.0800611
122.181 33.75 23.7887 0.0800598
122.181 34.25 23.7974 0.0800588
122.181 34.75 23.8068 0.080058
122.181 35.25 23.8166 0.0800574
122.181 35.75 23.8265 0.0800569
122.181 36.25 23.8363 0.0800566
122.181 36.75 23.8459 0.0800563
122.181 37.25 23.8552 0.0800561
122.181 37.75 23.864 0.080056
122.181 38.25 23.8723 0.0800558
122.181 38.75 23.8799 0.0800557
122.181 39.25 23.8868 0.0800556
122.181 39.75 23.893 0.0800554
122.181 40.25 23.8984 0.0800552
122.181 40.75 23.903 0.080055
122.181 41.25 23.9068 0.0800547
122.181 41.75 23.9098 0.0800544
122.181 42.25 23.9119 0.080054
122.181 42.75 23.9133 0.0800536
122.181 43.25 23.9138 0.0800531
122.181 43.75 23.9135 0.0800525
122.181 44.25 23.9125 0.0800519
122.181 44.75 23.9107 0.0800512
122.181 45.25 23.9081 0.0800505
122.181 45.75 23.9048 0.0800497
122.181 46.25 23.9009 0.0800488
122.181 46.75 23.8962 0.0800479
122.181 47.25 23.8909 0.0800469
122.181 47.75 23.8851 0.0800459
122.181 48.25 23.8786 0.0800448
122.181 48.75 23.8715 0.0800436
122.181 49.25 23.8639 0.0800424
122.181 49.75 23.8558 0.0800412
122.181 50.25 23.8473 0.0800399
122.181 50.75 23.8382 0.0800385
122.181 51.25 23.8288 0.0800371
122.181 51.75 23.8189 0.0800357
122.181 52.25 23.8087 0.0800342
122.181 52.75 23.7981 0.0800327
122.181 53.25 23.7872 0.0800311
122.181 53.75 23.776 0.0800296
122.181 54.25 23.7645 0.0800279
122.181 54.75 23.7527 0.0800263
122.181 55.25 23.7407 0.0800245
122.181 55.75 23.7285 0.0800224
122.181 56.25 23.7162 0.0800188
122.181 56.75 23.7036 0.0800101
122.181 57.25 23.6909 0.0799852
122.181 57.75 23.6781 0.079917
122.181 58.25 23.6652 0.0797482
122.181 58.75 23.6522 0.0793723
122.181 59.25 23.6392 0.0786819
122.181 59.75 23.626 0.0787863

122.669 0.25 308.564 0.005
122.669 0.75 271.126 0.005
122.669 1.25 235.28 0.005
122.669 1.75 201.17 0.005
122.669 2.25 168.929 0.0050004
122.669 2.75 138.943 0.00529255
122.669 3.25 116.85 0.0146391
122.669 3.75 105.905 0.0459534
122.669 4.25 100.126 0.0649723
122.669 4.75 94.98 0.0650006
122.669 5.25 90.0247 0.0650008
122.669 5.75 85.2581 0.0650009
122.669 6.25 80.6795 0.0650009
122.669 6.75 76.2888 0.0650009
122.669 7.25 72.0862 0.0650007
122.669 7.75 68.0712 0.0649999
122.669 8.25 64.243 0.0649931
122.669 8.75 60.5999 0.0649772
122.669 9.25 57.1392 0.0648997
122.669 9.75 53.8601 0.0649273
122.669 10.25 50.7641 0.0649521
122.669 10.75 47.856 0.064954
122.669 11.25 45.1478 0.0647161
122.669 11.75 42.6464 0.0625039
122.669 12.25 40.4011 0.0644037
122.669 12.75 38.8703 0.067325
122.669 13.25 37.7037 0.0839769
122.669 13.75 36.5703 0.0834611
122.669 14.25 35.4684 0.0831174
122.669 14.75 34.41 0.0827799
122.669 15.25 33.4031 0.0824671
122.669 15.75 32.4526 0.082184
122.669 16.25 31.5611 0.0819306
122.669 16.75 30.7295 0.0817051
122.669 17.25 29.9576 0.0815051
122.669 17.75 29.2442 0.0813282
122.669 18.25 28.5879 0.0811718
122.669 18.75 27.9865 0.0810338
122.669 19.25 27.4378 0.0809121
122.669 19.75 26.9391 0.0808049
122.669 20.25 26.4877 0.0807104
122.669 20.75 26.0807 0.0806272
122.669 21.25 25.7154 0.0805539
122.669 21.75 25.3888 0.0804895
122.669 22.25 25.098 0.0804329
122.669 22.75 24.8403 0.0803831
122.669 23.25 24.613 0.0803394
122.669 23.75 24.4135 0.080301
122.669 24.25 24.2392 0.0802674
122.669 24.75 24.0879 0.080238
122.669 25.25 23.9574 0.0802123
122.669 25.75 23.8455 0.0801898
122.669 26.25 23.7503 0.0801702
122.669 26.75 23.67 0.0801532
122.669 27.25 23.603 0.0801385
122.669 27.75 23.5477 0.0801257
122.669 28.25 23.5027 0.0801147
122.669 28.75 23.4668 0.0801052
122.669 29.25 23.4387 0.0800971
122.669 29.75 23.4175 0.0800902
122.669 30.25 23.4021 0.0800843
122.669 30.75 23.3917 0.0800794
122.669 31.25 23.3856 0.0800752
122.669 31.75 23.383 0.0800717
122.669 32.25 23.3834 0.0800688
122.669 32.75 23.3861 0.0800664
122.669 33.25 23.3908 0.0800644
122.669 33.75 23.3969 0.0800628
122.669 34.25 23.4042 0.0800615
122.669 34.75 23.4123 0.0800604
122.669 35.25 23.4209 0.0800596
122.669 35.75 23.4298 0.0800589
122.669 36.25 23.4387 0.0800584
122.669 36.75 23.4476 0.080058
122.669 37.25 23.4562 0.0800576
122.669 37.75 23.4644 0.0800573
122.669 38.25 23.4721 0.080057
122.669 38.75 23.4792 0.0800568
122.669 39.25 23.4857 0.0800565
122.669 39.75 23.4915 0.0800563
122.669 40.25 23.4966 0.080056
122.669 40.75 23.5009 0.0800557
122.669 41.25 23.5044 0.0800554
122.669 41.75 23.5071 0.080055
122.669 42.25 23.509 0.0800545
122.669 42.75 23.51 0.0800541
122.669 43.25 23.5103 0.0800535
122.669 43.75 23.5098 0.0800529
122.669 44.25 23.5085 0.0800523
122.669 44.75 23.5064 0.0800516
122.669 45.25 23.5036 0.0800508
122.669 45.75 23.5001 0.08005
122.669 46.25 23.4959 0.0800491
122.669 46.75 23.491 0.0800481
122.669 47.25 23.4854 0.0800471
122.669 47.75 23.4793 0.0800461
122.669 48.25 23.4725 0.080045
122.669 48.75 23.4651 0.0800438
122.669 49.25 23.4572 0.0800426
122.669 49.75 23.4488 0.0800414
122.669 50.25 23.44 0.0800401
122.669 50.75 23.4306 0.0800387
122.669 51.25 23.4208 0.0800373
122.669 51.75 23.4106 0.0800359
122.669 52.25 23.4 0.0800344
122.669 52.75 23.3891 0.0800329
122.669 53.25 23.3778 0.0800313
122.669 53.75 23.3662 0.0800298
122.669 54.25 23.3543 0.0800282
122.669 54.75 23.3422 0.0800265
122.669 55.25 23.3298 0.0800248
122.669 55.75 23.3172 0.0800226
122.669 56.25 23.3045 0.0800191
122.669 56.75 23.2915 0.0800104
122.669 57.25 23.2784 0.0799857
122.669 57.75 23.2652 0.0799183
122.669 58.25 23.2519 0.0797524
122.669 58.75 23.2385 0.0793855
122.669 59.25 23.225 0.0787275
122.669 59.75 23.2115 0.0789362

123.158 0.25 308.534 0.005
123.158 0.75 271.039 0.005
123.158 1.25 235.139 0.005
123.158 1.75 200.981 0.005
123.158 2.25 168.694 0.00500043
123.158 2.75 138.675 0.00530638
123.158 3.25 116.653 0.0149327
123.158 3.75 105.764 0.0465266
123.158 4.25 99.9702 0.0650005
123.158 4.75 94.7948 0.0650008
123.158 5.25 89.8107 0.0650008
123.158 5.75 85.0165 0.0650009
123.158 6.25 80.4122 0.0650009
123.158 6.75 75.9979 0.0650008
123.158 7.25 71.7741 0.0649998
123.158 7.75 67.7406 0.0649985
123.158 8.25 63.8964 0.0649903
123.158 8.75 60.2398 0.0649875
123.158 9.25 56.7676 0.064953
123.158 9.75 53.4746 0.0648393
123.158 10.25 50.3571 0.0649142
123.158 10.75 47.4094 0.0648443
123.158 11.25 44.6192 0.0644559
123.158 11.75 41.9079 0.0586422
123.158 12.25 40.0508 0.0651036
123.158 12.75 38.7078 0.0721758
123.158 13.25 37.4487 0.0839044
123.158 13.75 36.2535 0.083429
123.158 14.25 35.116 0.0830758
123.158 14.75 34.0386 0.0827359
123.158 15.25 33.0226 0.0824236
123.158 15.75 32.0687 0.0821422
123.158 16.25 31.1772 0.0818911
123.158 16.75 30.3474 0.0816682
123.158 17.25 29.5784 0.0814707
123.158 17.75 28.8687 0.0812962
123.158 18.25 28.2164 0.0811422
123.158 18.75 27.6194 0.0810064
123.158 19.25 27.0751 0.0808867
123.158 19.75 26.581 0.0807813
123.158 20.25 26.1342 0.0806886
123.158 20.75 25.7318 0.0806069
123.158 21.25 25.371 0.0805352
123.158 21.75 25.0488 0.0804721
123.158 22.25 24.7624 0.0804167
123.158 22.75 24.5089 0.080368
123.158 23.25 24.2857 0.0803253
123.158 23.75 24.09 0.0802879
123.158 24.25 23.9196 0.0802551
123.158 24.75 23.7719 0.0802265
123.158 25.25 23.6448 0.0802015
123.158 25.75 23.5362 0.0801797
123.158 26.25 23.4442 0.0801607
123.158 26.75 23.3669 0.0801442
123.158 27.25 23.3027 0.08013
123.158 27.75 23.2501 0.0801177
123.158 28.25 23.2076 0.0801072
123.158 28.75 23.174 0.0800981
123.158 29.25 23.1482 0.0800904
123.158 29.75 23.129 0.0800838
123.158 30.25 23.1156 0.0800782
123.158 30.75 23.1071 0.0800735
123.158 31.25 23.1026 0.0800696
123.158 31.75 23.1017 0.0800664
123.158 32.25 23.1035 0.0800637
123.158 32.75 23.1076 0.0800615
123.158 33.25 23.1136 0.0800597
123.158 33.75 23.121 0.0800583
123.158 34.25 23.1294 0.0800572
123.158 34.75 23.1385 0.0800563
123.158 35.25 23.1481 0.0800556
123.158 35.75 23.1579 0.0800551
123.158 36.25 23.1677 0.0800547
123.158 36.75 23.1773 0.0800544
123.158 37.25 23.1867 0.0800541
123.158 37.75 23.1956 0.0800539
123.158 38.25 23.204 0.0800538
123.158 38.75 23.2118 0.0800536
123.158 39.25 23.2189 0.0800535
123.158 39.75 23.2253 0.0800533
123.158 40.25 23.231 0.0800531
123.158 40.75 23.2358 0.0800529
123.158 41.25 23.2399 0.0800527
123.158 41.75 23.2431 0.0800524
123.158 42.25 23.2455 0.080052
123.158 42.75 23.247 0.0800516
123.158 43.25 23.2478 0.0800511
123.158 43.75 23.2477 0.0800506
123.158 44.25 23.2469 0.08005
123.158 44.75 23.2453 0.0800494
123.158 45.25 23.2429 0.0800487
123.158 45.75 23.2398 0.0800479
123.158 46.25 23.236 0.0800471
123.158 46.75 23.2315 0.0800462
123.158 47.25 23.2264 0.0800453
123.158 47.75 23.2207 0.0800443
123.158 48.25 23.2143 0.0800433
123.158 48.75 23.2074 0.0800422
123.158 49.25 23.1999 0.080041
123.158 49.75 23.1919 0.0800398
123.158 50.25 23.1834 0.0800386
123.158 50.75 23.1744 0.0800373
123.158 51.25 23.165 0.080036
123.158 51.75 23.1552 0.0800346
123.158 52.25 23.145 0.0800332
123.158 52.75 23.1345 0.0800317
123.158 53.25 23.1236 0.0800302
123.158 53.75 23.1124 0.0800287
123.158 54.25 23.1009 0.0800272
123.158 54.75 23.0891 0.0800256
123.158 55.25 23.0772 0.0800239
123.158 55.75 23.065 0.0800218
123.158 56.25 23.0526 0.0800184
123.158 56.75 23.04 0.0800099
123.158 57.25 23.0273 0.0799857
123.158 57.75 23.0145 0.0799197
123.158 58.25 23.0015 0.0797573
123.158 58.75 22.9885 0.0793997
123.158 59.25 22.9754 0.0787633
123.158 59.75 22.9622 0.0789745

123.647 0.25 308.539 0.005
123.647 0.75 271.05 0.005
123.647 1.25 235.152 0.005
123.647 1.75 200.991 0.005
123.647 2.25 168.698 0.00500044
123.647 2.75 138.668 0.00530414
123.647 3.25 116.665 0.0149405
123.647 3.75 105.797 0.0464306
123.647 4.25 100.017 0.0649966
123.647 4.75 94.8576 0.0650008
123.647 5.25 89.8878 0.0650008
123.647 5.75 85.1063 0.0650009
123.647 6.25 80.5132 0.0650009
123.647 6.75 76.1089 0.0650009
123.647 7.25 71.8943 0.0650008
123.647 7.75 67.8699 0.064996
123.647 8.25 64.0364 0.0649964
123.647 8.75 60.3943 0.0649979
123.647 9.25 56.943 0.0649453
123.647 9.75 53.6827 0.0649588
123.647 10.25 50.6047 0.0642343
123.647 10.75 47.7077 0.0642847
123.647 11.25 44.9994 0.0647214
123.647 11.75 42.4593 0.0636131
123.647 12.25 40.0642 0.062626
123.647 12.75 38.4119 0.0657789
123.647 13.25 37.1921 0.0836702
123.647 13.75 36.0426 0.0833907
123.647 14.25 34.9443 0.0830546
123.647 14.75 33.898 0.082724
123.647 15.25 32.905 0.0824181
123.647 15.75 31.9667 0.0821409
123.647 16.25 31.0844 0.0818924
123.647 16.75 30.2589 0.0816709
123.647 17.25 29.4905 0.0814742
123.647 17.75 28.7789 0.0812999
123.647 18.25 28.123 0.0811458
123.647 18.75 27.5215 0.0810098
123.647 19.25 26.9722 0.0808898
123.647 19.75 26.4729 0.0807841
123.647 20.25 26.0211 0.0806911
123.647 20.75 25.6138 0.0806092
123.647 21.25 25.2484 0.0805372
123.647 21.75 24.9219 0.0804738
123.647 22.25 24.6315 0.0804182
123.647 22.75 24.3744 0.0803694
123.647 23.25 24.1477 0.0803265
123.647 23.75 23.9489 0.0802889
123.647 24.25 23.7756 0.080256
123.647 24.75 23.6252 0.0802272
123.647 25.25 23.4957 0.0802021
123.647 25.75 23.3848 0.0801801
123.647 26.25 23.2907 0.080161
123.647 26.75 23.2115 0.0801444
123.647 27.25 23.1455 0.0801301
123.647 27.75 23.0913 0.0801177
123.647 28.25 23.0474 0.080107
123.647 28.75 23.0125 0.0800978
123.647 29.25 22.9855 0.08009
123.647 29.75 22.9653 0.0800833
123.647 30.25 22.951 0.0800776
123.647 30.75 22.9416 0.0800729
123.647 31.25 22.9365 0.0800689
123.647 31.75 22.9349 0.0800656
123.647 32.25 22.9362 0.0800628
123.647 32.75 22.9399 0.0800606
123.647 33.25 22.9455 0.0800587
123.647 33.75 22.9526 0.0800573
123.647 34.25 22.9608 0.0800561
123.647 34.75 22.9698 0.0800552
123.647 35.25 22.9793 0.0800544
123.647 35.75 22.989 0.0800539
123.647 36.25 22.9988 0.0800535
123.647 36.75 23.0085 0.0800531
123.647 37.25 23.0179 0.0800529
123.647 37.75 23.0269 0.0800527
123.647 38.25 23.0354 0.0800525
123.647 38.75 23.0433 0.0800524
123.647 39.25 23.0506 0.0800523
123.647 39.75 23.0571 0.0800521
123.647 40.25 23.0629 0.0800519
123.647 40.75 23.068 0.0800517
123.647 41.25 23.0722 0.0800515
123.647 41.75 23.0756 0.0800512
123.647 42.25 23.0782 0.0800509
123.647 42.75 23.0799 0.0800505
123.647 43.25 23.0809 0.08005
123.647 43.75 23.081 0.0800495
123.647 44.25 23.0804 0.080049
123.647 44.75 23.0789 0.0800484
123.647 45.25 23.0768 0.0800477
123.647 45.75 23.0739 0.080047
123.647 46.25 23.0703 0.0800462
123.647 46.75 23.066 0.0800453
123.647 47.25 23.061 0.0800444
123.647 47.75 23.0555 0.0800435
123.647 48.25 23.0493 0.0800425
123.647 48.75 23.0425 0.0800414
123.647 49.25 23.0352 0.0800403
123.647 49.75 23.0274 0.0800391
123.647 50.25 23.019 0.0800379
123.647 50.75 23.0102 0.0800367
123.647 51.25 23.001 0.0800354
123.647 51.75 22.9913 0.080034
123.647 52.25 22.9813 0.0800327
123.647 52.75 22.9709 0.0800313
123.647 53.25 22.9601 0.0800298
123.647 53.75 22.9491 0.0800283
123.647 54.25 22.9377 0.0800268
123.647 54.75 22.9261 0.0800253
123.647 55.25 22.9142 0.0800236
123.647 55.75 22.9022 0.0800216
123.647 56.25 22.8899 0.0800182
123.647 56.75 22.8775 0.0800097
123.647 57.25 22.8649 0.0799855
123.647 57.75 22.8522 0.0799192
123.647 58.25 22.8393 0.0797554
123.647 58.75 22.8264 0.0793923
123.647 59.25 22.8134 0.078737
123.647 59.75 22.8004 0.0788956

124.135 0.25 308.608 0.005
124.135 0.75 271.241 0.005
124.135 1.25 235.449 0.005
124.135 1.75 201.378 0.005
124.135 2.25 169.16 0.00500039
124.135 2.75 139.174 0.00527806
124.135 3.25 117.038 0.0142983
124.135 3.75 106.064 0.0451518
124.135 4.25 100.28 0.064904
124.135 4.75 95.2112 0.0650006
124.135 5.25 90.3097 0.0650008
124.135 5.75 85.5847 0.0650009
124.135 6.25 81.04 0.0650009
124.135 6.75 76.6768 0.0650009
124.135 7.25 72.496 0.0650009
124.135 7.75 68.4978 0.0649995
124.135 8.25 64.6822 0.0649986
124.135 8.75 61.0493 0.0649926
124.135 9.25 57.5988 0.0649623
124.135 9.75 54.3279 0.0646566
124.135 10.25 51.2388 0.0646457
124.135 10.75 48.339 0.0648242
124.135 11.25 45.627 0.0646436
124.135 11.75 43.0935 0.064393
124.135 12.25 40.7195 0.0634416
124.135 12.75 39.0734 0.0656309
124.135 13.25 37.8511 0.0833676
124.135 13.75 36.6935 0.0835526
124.135 14.25 35.58 0.0832012
124.135 14.75 34.5124 0.0828583
124.135 15.25 33.4939 0.0825405
124.135 15.75 32.5276 0.082252
124.135 16.25 31.6162 0.081993
124.135 16.75 30.7615 0.0817619
124.135 17.25 29.9642 0.0815565
124.135 17.75 29.2242 0.0813744
124.135 18.25 28.5407 0.0812132
124.135 18.75 27.9122 0.0810708
124.135 19.25 27.3367 0.080945
124.135 19.75 26.812 0.0808341
124.135 20.25 26.3355 0.0807364
124.135 20.75 25.9046 0.0806502
124.135 21.25 25.5164 0.0805743
124.135 21.75 25.1681 0.0805075
124.135 22.25 24.8569 0.0804487
124.135 22.75 24.5801 0.0803969
124.135 23.25 24.335 0.0803514
124.135 23.75 24.1188 0.0803115
124.135 24.25 23.9293 0.0802764
124.135 24.75 23.7639 0.0802456
124.135 25.25 23.6203 0.0802186
124.135 25.75 23.4966 0.080195
124.135 26.25 23.3907 0.0801744
124.135 26.75 23.3007 0.0801564
124.135 27.25 23.225 0.0801408
124.135 27.75 23.1619 0.0801273
124.135 28.25 23.1099 0.0801155
124.135 28.75 23.0679 0.0801054
124.135 29.25 23.0344 0.0800967
124.135 29.75 23.0084 0.0800892
124.135 30.25 22.989 0.0800829
124.135 30.75 22.9751 0.0800775
124.135 31.25 22.966 0.0800729
124.135 31.75 22.961 0.080069
124.135 32.25 22.9593 0.0800658
124.135 32.75 22.9604 0.0800632
124.135 33.25 22.9638 0.080061
124.135 33.75 22.969 0.0800592
124.135 34.25 22.9756 0.0800577
124.135 34.75 22.9832 0.0800565
124.135 35.25 22.9916 0.0800556
124.135 35.75 23.0005 0.0800548
124.135 36.25 23.0096 0.0800542
124.135 36.75 23.0187 0.0800537
124.135 37.25 23.0277 0.0800534
124.135 37.75 23.0365 0.0800531
124.135 38.25 23.0448 0.0800528
124.135 38.75 23.0526 0.0800526
124.135 39.25 23.0599 0.0800524
124.135 39.75 23.0665 0.0800522
124.135 40.25 23.0724 0.080052
124.135 40.75 23.0775 0.0800517
124.135 41.25 23.0819 0.0800515
124.135 41.75 23.0855 0.0800512
124.135 42.25 23.0883 0.0800509
124.135 42.75 23.0903 0.0800505
124.135 43.25 23.0915 0.08005
124.135 43.75 23.0918 0.0800496
124.135 44.25 23.0914 0.080049
124.135 44.75 23.0902 0.0800484
124.135 45.25 23.0882 0.0800478
124.135 45.75 23.0855 0.0800471
124.135 46.25 23.0821 0.0800463
124.135 46.75 23.078 0.0800455
124.135 47.25 23.0732 0.0800446
124.135 47.75 23.0677 0.0800437
124.135 48.25 23.0616 0.0800427
124.135 48.75 23.0549 0.0800417
124.135 49.25 23.0477 0.0800406
124.135 49.75 23.0399 0.0800394
124.135 50.25 23.0316 0.0800382
124.135 50.75 23.0228 0.080037
124.135 51.25 23.0135 0.0800357
124.135 51.75 23.0038 0.0800344
124.135 52.25 22.9937 0.0800331
124.135 52.75 22.9832 0.0800317
124.135 53.25 22.9723 0.0800303
124.135 53.75 22.9612 0.0800288
124.135 54.25 22.9497 0.0800273
124.135 54.75 22.9379 0.0800258
124.135 55.25 22.9259 0.0800241
124.135 55.75 22.9136 0.0800221
124.135 56.25 22.9012 0.0800186
124.135 56.75 22.8886 0.08001
124.135 57.25 22.8758 0.0799854
124.135 57.75 22.8628 0.0799184
124.135 58.25 22.8498 0.0797539
124.135 58.75 22.8367 0.0793925
124.135 59.25 22.8235 0.07876
124.135 59.75 22.8102 0.0790555

124.624 0.25 308.618 0.005
124.624 0.75 271.275 0.005
124.624 1.25 235.509 0.005
124.624 1.75 201.466 0.005
124.624 2.25 169.277 0.00500038
124.624 2.75 139.314 0.00527081
124.624 3.25 117.126 0.0141847
124.624 3.75 106.101 0.0449478
124.624 4.25 100.304 0.0648908
124.624 4.75 95.2466 0.0650006
124.624 5.25 90.3555 0.0650008
124.624 5.75 85.6391 0.0650009
124.624 6.25 81.1018 0.0650009
124.624 6.75 76.7458 0.0650009
124.624 7.25 72.5722 0.0650009
124.624 7.75 68.5813 0.0649992
124.624 8.25 64.7735 0.0649973
124.624 8.75 61.1484 0.0649801
124.624 9.25 57.7064 0.0649816
124.624 9.75 54.4483 0.0649872
124.624 10.25 51.3694 0.0645248
124.624 10.75 48.475 0.0649308
124.624 11.25 45.7686 0.0649531
124.624 11.75 43.2242 0.0634184
124.624 12.25 40.8289 0.0630997
124.624 12.75 39.1821 0.0659661
124.624 13.25 37.9635 0.0838514
124.624 13.75 36.8099 0.083534
124.624 14.25 35.7026 0.0831821
124.624 14.75 34.6432 0.0828414
124.624 15.25 33.6339 0.0825258
124.624 15.75 32.6772 0.0822393
124.624 16.25 31.7753 0.0819821
124.624 16.75 30.9296 0.0817525
124.624 17.25 30.1409 0.0815482
124.624 17.75 29.409 0.0813671
124.624 18.25 28.7332 0.0812067
124.624 18.75 28.112 0.081065
124.624 19.25 27.5435 0.0809398
124.624 19.75 27.0254 0.0808294
124.624 20.25 26.5552 0.0807321
124.624 20.75 26.1303 0.0806463
124.624 21.25 25.7478 0.0805707
124.624 21.75 25.4049 0.0805042
124.624 22.25 25.0989 0.0804457
124.624 22.75 24.8268 0.0803942
124.624 23.25 24.5862 0.0803489
124.624 23.75 24.3742 0.0803092
124.624 24.25 24.1885 0.0802743
124.624 24.75 24.0266 0.0802437
124.624 25.25 23.8863 0.0802169
124.624 25.75 23.7655 0.0801934
124.624 26.25 23.6622 0.080173
124.624 26.75 23.5746 0.0801552
124.624 27.25 23.501 0.0801397
124.624 27.75 23.4397 0.0801262
124.624 28.25 23.3895 0.0801146
124.624 28.75 23.3488 0.0801046
124.624 29.25 23.3166 0.080096
124.624 29.75 23.2918 0.0800886
124.624 30.25 23.2733 0.0800823
124.624 30.75 23.2603 0.080077
124.624 31.25 23.2519 0.0800725
124.624 31.75 23.2474 0.0800687
124.624 32.25 23.2462 0.0800656
124.624 32.75 23.2478 0.080063
124.624 33.25 23.2515 0.0800608
124.624 33.75 23.257 0.0800591
124.624 34.25 23.2638 0.0800577
124.624 34.75 23.2717 0.0800565
124.624 35.25 23.2802 0.0800556
124.624 35.75 23.2892 0.0800549
124.624 36.25 23.2984 0.0800543
124.624 36.75 23.3076 0.0800539
124.624 37.25 23.3167 0.0800535
124.624 37.75 23.3255 0.0800533
124.624 38.25 23.3339 0.080053
124.624 38.75 23.3417 0.0800528
124.624 39.25 23.349 0.0800527
124.624 39.75 23.3556 0.0800525
124.624 40.25 23.3615 0.0800523
124.624 40.75 23.3667 0.0800521
124.624 41.25 23.3711 0.0800518
124.624 41.75 23.3747 0.0800515
124.624 42.25 23.3775 0.0800512
124.624 42.75 23.3795 0.0800508
124.624 43.25 23.3807 0.0800504
124.624 43.75 23.381 0.0800499
124.624 44.25 23.3806 0.0800494
124.624 44.75 23.3795 0.0800488
124.624 45.25 23.3775 0.0800481
124.624 45.75 23.3748 0.0800474
124.624 46.25 23.3714 0.0800466
124.624 46.75 23.3673 0.0800458
124.624 47.25 23.3626 0.0800449
124.624 47.75 23.3571 0.080044
124.624 48.25 23.3511 0.080043
124.624 48.75 23.3445 0.080042
124.624 49.25 23.3373 0.0800409
124.624 49.75 23.3295 0.0800397
124.624 50.25 23.3213 0.0800385
124.624 50.75 23.3125 0.0800373
124.624 51.25 23.3033 0.080036
124.624 51.75 23.2937 0.0800347
124.624 52.25 23.2836 0.0800333
124.624 52.75 23.2732 0.0800319
124.624 53.25 23.2624 0.0800305
124.624 53.75 23.2513 0.080029
124.624 54.25 23.2399 0.0800275
124.624 54.75 23.2282 0.0800259
124.624 55.25 23.2163 0.0800243
124.624 55.75 23.2041 0.0800222
124.624 56.25 23.1917 0.0800187
124.624 56.75 23.1792 0.08001
124.624 57.25 23.1665 0.0799852
124.624 57.75 23.1536 0.0799176
124.624 58.25 23.1407 0.0797521
124.624 58.75 23.1277 0.0793897
124.624 59.25 23.1145 0.0787585
124.624 59.75 23.1014 0.0790692

125.113 0.25 308.584 0.005
125.113 0.75 271.168 0.005
125.113 1.25 235.325 0.005
125.113 1.75 201.198 0.005
125.113 2.25 168.917 0.00500041
125.113 2.75 138.869 0.00528925
125.113 3.25 116.779 0.0145396
125.113 3.75 105.868 0.045892
125.113 4.25 100.073 0.0649842
125.113 4.75 94.9081 0.0650007
125.113 5.25 89.9238 0.0650007
125.113 5.75 85.1171 0.0649994
125.113 6.25 80.487 0.0649979
125.113 6.75 76.0323 0.0649966
125.113 7.25 71.7522 0.0649813
125.113 7.75 67.6433 0.0648626
125.113 8.25 63.7053 0.0649472
125.113 8.75 59.9372 0.0649534
125.113 9.25 56.3006 0.0625984
125.113 9.75 52.809 0.0638816
125.113 10.25 49.3215 0.0528435
125.113 10.75 47.1577 0.0652045
125.113 11.25 45.6604 0.0792572
125.113 11.75 44.2134 0.0898089
125.113 12.25 42.8063 0.0895679
125.113 12.75 41.442 0.0893478
125.113 13.25 40.1248 0.0890627
125.113 13.75 38.8582 0.0887376
125.113 14.25 37.6455 0.088394
125.113 14.75 36.4893 0.08805
125.113 15.25 35.3914 0.0877189
125.113 15.75 34.3532 0.0874094
125.113 16.25 33.3757 0.0871258
125.113 16.75 32.4591 0.0868696
125.113 17.25 31.603 0.0866404
125.113 17.75 30.8067 0.0864363
125.113 18.25 30.0691 0.0862554
125.113 18.75 29.3885 0.0860953
125.113 19.25 28.7631 0.0859539
125.113 19.75 28.1906 0.085829
125.113 20.25 27.6686 0.0857189
125.113 20.75 27.1947 0.0856219
125.113 21.25 26.766 0.0855364
125.113 21.75 26.3799 0.0854611
125.113 22.25 26.0335 0.0853948
125.113 22.75 25.724 0.0853364
125.113 23.25 25.4487 0.0852851
125.113 23.75 25.205 0.08524
125.113 24.25 24.9902 0.0852004
125.113 24.75 24.8018 0.0851656
125.113 25.25 24.6375 0.0851351
125.113 25.75 24.4949 0.0851084
125.113 26.25 24.372 0.0850851
125.113 26.75 24.2668 0.0850647
125.113 27.25 24.1773 0.085047
125.113 27.75 24.102 0.0850315
125.113 28.25 24.0391 0.0850181
125.113 28.75 23.9873 0.0850065
125.113 29.25 23.9452 0.0849965
125.113 29.75 23.9115 0.0849879
125.113 30.25 23.8853 0.0849805
125.113 30.75 23.8654 0.0849742
125.113 31.25 23.851 0.0849688
125.113 31.75 23.8412 0.0849643
125.113 32.25 23.8354 0.0849604
125.113 32.75 23.8329 0.0849572
125.113 33.25 23.8331 0.0849545
125.113 33.75 23.8354 0.0849523
125.113 34.25 23.8396 0.0849504
125.113 34.75 23.845 0.0849489
125.113 35.25 23.8515 0.0849476
125.113 35.75 23.8587 0.0849466
125.113 36.25 23.8663 0.0849458
125.113 36.75 23.8741 0.0849451
125.113 37.25 23.8819 0.0849445
125.113 37.75 23.8896 0.084944
125.113 38.25 23.897 0.0849436
125.113 38.75 23.904 0.0849432
125.113 39.25 23.9104 0.0849429
125.113 39.75 23.9163 0.0849426
125.113 40.25 23.9216 0.0849422
125.113 40.75 23.9261 0.0849419
125.113 41.25 23.9299 0.0849415
125.113 41.75 23.933 0.0849411
125.113 42.25 23.9352 0.0849407
125.113 42.75 23.9367 0.0849402
125.113 43.25 23.9373 0.0849397
125.113 43.75 23.9372 0.0849391
125.113 44.25 23.9363 0.0849385
125.113 44.75 23.9345 0.0849378
125.113 45.25 23.9321 0.0849371
125.113 45.75 23.9288 0.0849363
125.113 46.25 23.9249 0.0849355
125.113 46.75 23.9202 0.0849345
125.113 47.25 23.9148 0.0849336
125.113 47.75 23.9088 0.0849326
125.113 48.25 23.9021 0.0849315
125.113 48.75 23.8949 0.0849304
125.113 49.25 23.887 0.0849292
125.113 49.75 23.8786 0.084928
125.113 50.25 23.8696 0.0849267
125.113 50.75 23.8602 0.0849254
125.113 51.25 23.8503 0.084924
125.113 51.75 23.8399 0.0849226
125.113 52.25 23.8291 0.0849211
125.113 52.75 23.8179 0.0849196
125.113 53.25 23.8063 0.0849181
125.113 53.75 23.7945 0.0849164
125.113 54.25 23.7822 0.0849144
125.113 54.75 23.7697 0.0849116
125.113 55.25 23.757 0.0849067
125.113 55.75 23.744 0.084897
125.113 56.25 23.7308 0.084877
125.113 56.75 23.7174 0.0848372
125.113 57.25 23.7038 0.0847633
125.113 57.75 23.6901 0.0846348
125.113 58.25 23.6763 0.084424
125.113 58.75 23.6624 0.0841212
125.113 59.25 23.6484 0.0839348
125.113 59.75 23.6344 0.0848498

125.602 0.25 308.649 0.005
125.602 0.75 271.363 0.005
125.602 1.25 235.651 0.005
125.602 1.75 201.662 0.005
125.602 2.25 169.528 0.00500038
125.602 2.75 139.615 0.00526179
125.602 3.25 117.358 0.0138529
125.602 3.75 106.255 0.044122
125.602 4.25 100.446 0.0647805
125.602 4.75 95.4485 0.0650006
125.602 5.25 90.6078 0.0650008
125.602 5.75 85.9324 0.0650009
125.602 6.25 81.4289 0.0650008
125.602 6.75 77.1008 0.0650005
125.602 7.25 72.95 0.0649985
125.602 7.75 68.978 0.0649913
125.602 8.25 65.1862 0.0649935
125.602 8.75 61.5756 0.0649592
125.602 9.25 58.146 0.0648588
125.602 9.75 54.899 0.0648639
125.602 10.25 51.8354 0.0649162
125.602 10.75 48.9373 0.0636361
125.602 11.25 46.1785 0.0619429
125.602 11.75 43.5667 0.0620408
125.602 12.25 41.8362 0.0671343
125.602 12.75 40.5736 0.086532
125.602 13.25 39.3682 0.0860201
125.602 13.75 38.2064 0.0857069
125.602 14.25 37.0897 0.0853637
125.602 14.75 36.0202 0.0850232
125.602 15.25 34.9999 0.0847008
125.602 15.75 34.0311 0.0844038
125.602 16.25 33.1157 0.0841345
125.602 16.75 32.255 0.0838925
125.602 17.25 31.4498 0.0836764
125.602 17.75 30.7001 0.083484
125.602 18.25 30.0054 0.0833131
125.602 18.75 29.3646 0.0831616
125.602 19.25 28.776 0.0830275
125.602 19.75 28.2376 0.0829089
125.602 20.25 27.7471 0.082804
125.602 20.75 27.3022 0.0827114
125.602 21.25 26.9001 0.0826297
125.602 21.75 26.5382 0.0825575
125.602 22.25 26.2138 0.0824939
125.602 22.75 25.9242 0.0824378
125.602 23.25 25.6669 0.0823883
125.602 23.75 25.4391 0.0823448
125.602 24.25 25.2385 0.0823065
125.602 24.75 25.0627 0.0822728
125.602 25.25 24.9095 0.0822433
125.602 25.75 24.7766 0.0822173
125.602 26.25 24.6622 0.0821946
125.602 26.75 24.5644 0.0821748
125.602 27.25 24.4814 0.0821575
125.602 27.75 24.4116 0.0821424
125.602 28.25 24.3536 0.0821293
125.602 28.75 24.3059 0.082118
125.602 29.25 24.2673 0.0821082
125.602 29.75 24.2368 0.0820998
125.602 30.25 24.2131 0.0820925
125.602 30.75 24.1955 0.0820863
125.602 31.25 24.1831 0.0820811
125.602 31.75 24.175 0.0820766
125.602 32.25 24.1706 0.0820729
125.602 32.75 24.1693 0.0820698
125.602 33.25 24.1706 0.0820671
125.602 33.75 24.1739 0.082065
125.602 34.25 24.1789 0.0820632
125.602 34.75 24.1851 0.0820617
125.602 35.25 24.1923 0.0820605
125.602 35.75 24.2001 0.0820596
125.602 36.25 24.2083 0.0820588
125.602 36.75 24.2166 0.0820581
125.602 37.25 24.225 0.0820576
125.602 37.75 24.2331 0.0820572
125.602 38.25 24.241 0.0820569
125.602 38.75 24.2484 0.0820565
125.602 39.25 24.2554 0.0820563
125.602 39.75 24.2617 0.082056
125.602 40.25 24.2674 0.0820557
125.602 40.75 24.2724 0.0820554
125.602 41.25 24.2766 0.0820551
125.602 41.75 24.2801 0.0820548
125.602 42.25 24.2828 0.0820544
125.602 42.75 24.2847 0.082054
125.602 43.25 24.2858 0.0820535
125.602 43.75 24.2862 0.082053
125.602 44.25 24.2857 0.0820524
125.602 44.75 24.2845 0.0820517
125.602 45.25 24.2824 0.0820511
125.602 45.75 24.2797 0.0820503
125.602 46.25 24.2762 0.0820495
125.602 46.75 24.272 0.0820486
125.602 47.25 24.2672 0.0820477
125.602 47.75 24.2616 0.0820467
125.602 48.25 24.2555 0.0820457
125.602 48.75 24.2487 0.0820446
125.602 49.25 24.2414 0.0820435
125.602 49.75 24.2334 0.0820423
125.602 50.25 24.225 0.082041
125.602 50.75 24.2161 0.0820397
125.602 51.25 24.2067 0.0820384
125.602 51.75 24.1968 0.082037
125.602 52.25 24.1866 0.0820356
125.602 52.75 24.1759 0.0820341
125.602 53.25 24.1649 0.0820326
125.602 53.75 24.1535 0.0820311
125.602 54.25 24.1418 0.0820295
125.602 54.75 24.1298 0.0820277
125.602 55.25 24.1176 0.0820255
125.602 55.75 24.1051 0.0820218
125.602 56.25 24.0925 0.0820138
125.602 56.75 24.0796 0.0819941
125.602 57.25 24.0666 0.0819469
125.602 57.75 24.0534 0.0818432
125.602 58.25 24.0401 0.0816332
125.602 58.75 24.0268 0.081245
125.602 59.25 24.0133 0.0807285
125.602 59.75 23.9998 0.0813822

126.09 0.25 308.718 0.005
126.09 0.75 271.584 0.005
126.09 1.25 236.035 0.005
126.09 1.75 202.215 0.005
126.09 2.25 170.255 0.00500027
126.09 2.75 140.466 0.00521832
126.09 3.25 117.889 0.0132041
126.09 3.75 106.481 0.0431211
126.09 4.25 100.597 0.0646234
126.09 4.75 95.6225 0.0650006
126.09 5.25 90.8072 0.0650008
126.09 5.75 86.1591 0.0650009
126.09 6.25 81.6864 0.0650009
126.09 6.75 77.3935 0.0650008
126.09 7.25 73.2826 0.0649999
126.09 7.75 69.3547 0.0649978
126.09 8.25 65.6097 0.0649941
126.09 8.75 62.0472 0.0649732
126.09 9.25 58.6662 0.0649092
126.09 9.75 55.4676 0.0648863
126.09 10.25 52.4548 0.0649764
126.09 10.75 49.6303 0.064983
126.09 11.25 46.9905 0.0646652
126.09 11.75 44.5267 0.0642504
126.09 12.25 42.2217 0.0634071
126.09 12.75 40.6701 0.0656668
126.09 13.25 39.5332 0.0834766
126.09 13.75 38.4528 0.0835655
126.09 14.25 37.4129 0.0832268
126.09 14.75 36.4154 0.0828928
126.09 15.25 35.4633 0.0825809
126.09 15.75 34.5596 0.0822961
126.09 16.25 33.7071 0.0820388
126.09 16.75 32.9073 0.081808
126.09 17.25 32.1612 0.0816018
126.09 17.75 31.4688 0.081418
126.09 18.25 30.8293 0.0812545
126.09 18.75 30.2413 0.0811094
126.09 19.25 29.7031 0.0809808
126.09 19.75 29.2125 0.080867
126.09 20.25 28.7672 0.0807662
126.09 20.75 28.3647 0.0806771
126.09 21.25 28.0022 0.0805985
126.09 21.75 27.6773 0.080529
126.09 22.25 27.3872 0.0804678
126.09 22.75 27.1294 0.0804138
126.09 23.25 26.9012 0.0803663
126.09 23.75 26.7004 0.0803244
126.09 24.25 26.5244 0.0802877
126.09 24.75 26.3711 0.0802555
126.09 25.25 26.2384 0.0802273
126.09 25.75 26.1242 0.0802026
126.09 26.25 26.0267 0.080181
126.09 26.75 25.9441 0.0801623
126.09 27.25 25.8748 0.080146
126.09 27.75 25.8173 0.0801319
126.09 28.25 25.7703 0.0801197
126.09 28.75 25.7325 0.0801093
126.09 29.25 25.7027 0.0801003
126.09 29.75 25.6799 0.0800926
126.09 30.25 25.6631 0.0800861
126.09 30.75 25.6516 0.0800807
126.09 31.25 25.6444 0.0800761
126.09 31.75 25.641 0.0800722
126.09 32.25 25.6407 0.0800691
126.09 32.75 25.643 0.0800665
126.09 33.25 25.6474 0.0800643
126.09 33.75 25.6534 0.0800627
126.09 34.25 25.6607 0.0800613
126.09 34.75 25.6689 0.0800603
126.09 35.25 25.6778 0.0800595
126.09 35.75 25.687 0.0800588
126.09 36.25 25.6965 0.0800584
126.09 36.75 25.7059 0.0800581
126.09 37.25 25.7151 0.0800578
126.09 37.75 25.7241 0.0800577
126.09 38.25 25.7326 0.0800575
126.09 38.75 25.7406 0.0800574
126.09 39.25 25.748 0.0800573
126.09 39.75 25.7547 0.0800572
126.09 40.25 25.7608 0.0800571
126.09 40.75 25.7661 0.0800569
126.09 41.25 25.7706 0.0800567
126.09 41.75 25.7743 0.0800565
126.09 42.25 25.7772 0.0800562
126.09 42.75 25.7794 0.0800559
126.09 43.25 25.7807 0.0800554
126.09 43.75 25.7812 0.080055
126.09 44.25 25.7809 0.0800544
126.09 44.75 25.7799 0.0800538
126.09 45.25 25.7781 0.0800531
126.09 45.75 25.7755 0.0800524
126.09 46.25 25.7723 0.0800516
126.09 46.75 25.7683 0.0800507
126.09 47.25 25.7637 0.0800497
126.09 47.75 25.7584 0.0800487
126.09 48.25 25.7525 0.0800476
126.09 48.75 25.7459 0.0800465
126.09 49.25 25.7389 0.0800453
126.09 49.75 25.7312 0.080044
126.09 50.25 25.7231 0.0800427
126.09 50.75 25.7145 0.0800413
126.09 51.25 25.7054 0.0800399
126.09 51.75 25.6959 0.0800384
126.09 52.25 25.6859 0.0800369
126.09 52.75 25.6756 0.0800353
126.09 53.25 25.6649 0.0800337
126.09 53.75 25.6539 0.0800321
126.09 54.25 25.6426 0.0800304
126.09 54.75 25.631 0.0800286
126.09 55.25 25.6192 0.0800268
126.09 55.75 25.6071 0.0800245
126.09 56.25 25.5948 0.0800206
126.09 56.75 25.5823 0.0800108
126.09 57.25 25.5697 0.079983
126.09 57.75 25.557 0.0799074
126.09 58.25 25.5441 0.0797222
126.09 58.75 25.5311 0.0793158
126.09 59.25 25.5181 0.0786027
126.09 59.75 25.505 0.0789649

126.579 0.25 308.863 0.005
126.579 0.75 272.032 0.005
126.579 1.25 236.788 0.005
126.579 1.75 203.26 0.005
126.579 2.25 171.568 0.00500012
126.579 2.75 141.942 0.00514712
126.579 3.25 118.719 0.0119774
126.579 3.75 106.737 0.0419869
126.579 4.25 100.673 0.0645267
126.579 4.75 95.6074 0.0650006
126.579 5.25 90.7074 0.0650008
126.579 5.75 85.9812 0.0650008
126.579 6.25 81.4381 0.0650007
126.579 6.75 77.0831 0.0649938
126.579 7.25 72.9184 0.0649957
126.579 7.75 68.9443 0.0649941
126.579 8.25 65.1598 0.0649924
126.579 8.75 61.5633 0.0649905
126.579 9.25 58.1498 0.0647062
126.579 9.75 54.9213 0.064761
126.579 10.25 51.8884 0.0648076
126.579 10.75 49.0574 0.0638646
126.579 11.25 46.4643 0.0643799
126.579 11.75 44.1486 0.0642491
126.579 12.25 42.6476 0.0656596
126.579 12.75 41.5355 0.083882
126.579 13.25 40.4475 0.0839307
126.579 13.75 39.3832 0.0835991
126.579 14.25 38.354 0.0832503
126.579 14.75 37.3686 0.0829122
126.579 15.25 36.4327 0.0825976
126.579 15.75 35.55 0.082311
126.579 16.25 34.7221 0.0820527
126.579 16.75 33.9497 0.0818212
126.579 17.25 33.2323 0.0816144
126.579 17.75 32.5691 0.0814303
126.579 18.25 31.9584 0.0812665
126.579 18.75 31.3985 0.081121
126.579 19.25 30.8871 0.080992
126.579 19.75 30.422 0.0808777
126.579 20.25 30.0007 0.0807766
126.579 20.75 29.6206 0.0806871
126.579 21.25 29.2791 0.080608
126.579 21.75 28.9735 0.0805382
126.579 22.25 28.7012 0.0804767
126.579 22.75 28.4598 0.0804225
126.579 23.25 28.2467 0.0803748
126.579 23.75 28.0594 0.0803328
126.579 24.25 27.8958 0.080296
126.579 24.75 27.7537 0.0802638
126.579 25.25 27.631 0.0802356
126.579 25.75 27.5257 0.080211
126.579 26.25 27.4361 0.0801896
126.579 26.75 27.3605 0.080171
126.579 27.25 27.2973 0.0801549
126.579 27.75 27.2452 0.0801409
126.579 28.25 27.2027 0.080129
126.579 28.75 27.1687 0.0801187
126.579 29.25 27.1422 0.08011
126.579 29.75 27.122 0.0801025
126.579 30.25 27.1074 0.0800962
126.579 30.75 27.0975 0.0800909
126.579 31.25 27.0915 0.0800865
126.579 31.75 27.089 0.0800828
126.579 32.25 27.0891 0.0800798
126.579 32.75 27.0915 0.0800773
126.579 33.25 27.0957 0.0800753
126.579 33.75 27.1014 0.0800737
126.579 34.25 27.108 0.0800724
126.579 34.75 27.1154 0.0800714
126.579 35.25 27.1233 0.0800706
126.579 35.75 27.1314 0.08007
126.579 36.25 27.1396 0.0800695
126.579 36.75 27.1476 0.0800692
126.579 37.25 27.1554 0.0800689
126.579 37.75 27.1628 0.0800686
126.579 38.25 27.1697 0.0800684
126.579 38.75 27.1761 0.0800682
126.579 39.25 27.1818 0.0800679
126.579 39.75 27.1869 0.0800677
126.579 40.25 27.1912 0.0800674
126.579 40.75 27.1948 0.0800671
126.579 41.25 27.1977 0.0800667
126.579 41.75 27.1997 0.0800662
126.579 42.25 27.2009 0.0800657
126.579 42.75 27.2014 0.0800651
126.579 43.25 27.2011 0.0800645
126.579 43.75 27.2 0.0800638
126.579 44.25 27.1982 0.080063
126.579 44.75 27.1956 0.0800621
126.579 45.25 27.1923 0.0800612
126.579 45.75 27.1883 0.0800602
126.579 46.25 27.1836 0.0800591
126.579 46.75 27.1783 0.0800579
126.579 47.25 27.1723 0.0800567
126.579 47.75 27.1657 0.0800554
126.579 48.25 27.1585 0.080054
126.579 48.75 27.1508 0.0800526
126.579 49.25 27.1426 0.0800511
126.579 49.75 27.1338 0.0800495
126.579 50.25 27.1246 0.0800479
126.579 50.75 27.1149 0.0800463
126.579 51.25 27.1048 0.0800446
126.579 51.75 27.0943 0.0800428
126.579 52.25 27.0834 0.080041
126.579 52.75 27.0722 0.0800391
126.579 53.25 27.0606 0.0800372
126.579 53.75 27.0488 0.0800353
126.579 54.25 27.0366 0.0800333
126.579 54.75 27.0242 0.0800313
126.579 55.25 27.0116 0.0800291
126.579 55.75 26.9988 0.0800265
126.579 56.25 26.9857 0.0800222
126.579 56.75 26.9726 0.0800118
126.579 57.25 26.9592 0.0799827
126.579 57.75 26.9458 0.0799037
126.579 58.25 26.9322 0.079711
126.579 58.75 26.9186 0.0792909
126.579 59.25 26.9049 0.0785609
126.579 59.75 26.8911 0.0789908

