x y z risk twi slope
456.075 4317.44 -120 -0.06 0 0
457.155 4317.44 -120 -0.06 0 0
458.235 4317.44 -120 -0.06 0 0
459.315 4317.44 -120 -0.06 0 0
460.395 4317.44 -120 -0.06 0 0
461.475 4317.44 -120 -0.06 0 0
462.555 4317.44 -120 -0.06 0 0
463.635 4317.44 -120 -0.06 0 0
464.715 4317.44 -120 -0.06 0 0
465.795 4317.44 -120 -0.06 0 0
466.875 4317.44 -120 -0.06 0 0
467.955 4317.44 -120 -0.06 0 0
469.035 4317.44 -120 -0.06 0 0
470.115 4317.44 -120 -0.06 0 0
471.195 4317.44 -120 -0.06 0 0
472.275 4317.44 -120 -0.06 0 0
473.355 4317.44 -120 -0.06 0 0
474.435 4317.44 -120 -0.06 0 0
475.515 4317.44 -120 -0.06 0 0
476.595 4317.44 -120 -0.06 0 0
477.675 4317.44 -120 -0.06 0 0
478.755 4317.44 -120 -0.06 0 0
479.835 4317.44 -120 -0.06 0 0
480.915 4317.44 -120 -0.06 0 0
481.995 4317.44 -120 -0.06 0 0
483.075 4317.44 -120 -0.06 0 0
484.155 4317.44 -120 -0.06 0 0
485.235 4317.44 -120 -0.06 0 0
486.315 4317.44 -120 -0.06 0 0
487.395 4317.44 -120 -0.06 0 0
488.475 4317.44 -120 -0.06 0 0
489.555 4317.44 -120 -0.06 0 0
490.635 4317.44 -120 -0.06 0 0
491.715 4317.44 -120 -0.06 0 0
492.795 4317.44 -120 -0.06 0 0
493.875 4317.44 -120 -0.06 0 0
494.955 4317.44 -120 -0.06 0 0
496.035 4317.44 -120 -0.06 0 0
497.115 4317.44 -120 -0.06 0 0
498.195 4317.44 -120 -0.06 0 0
499.275 4317.44 -120 -0.06 0 0
500.355 4317.44 -120 -0.06 0 0
501.435 4317.44 -120 -0.06 0 0
502.515 4317.44 -120 -0.06 0 0
503.595 4317.44 -120 -0.06 0 0
504.675 4317.44 -120 -0.06 0 0
505.755 4317.44 -120 -0.06 0 0
506.835 4317.44 -120 -0.06 0 0
507.915 4317.44 -120 -0.06 0 0
508.995 4317.44 -120 -0.06 0 0
510.075 4317.44 -120 -0.06 0 0
511.155 4317.44 -120 -0.06 0 0
512.235 4317.44 -120 -0.06 0 0
513.315 4317.44 -120 -0.06 0 0
514.395 4317.44 -120 -0.06 0 0
515.475 4317.44 -120 -0.06 0 0
516.555 4317.44 -120 -0.06 0 0
517.635 4317.44 -120 -0.06 0 0
518.715 4317.44 -120 -0.06 0 0
519.795 4317.44 -120 -0.06 0 0
520.875 4317.44 -120 -0.06 0 0
521.955 4317.44 -120 -0.06 0 0
523.035 4317.44 -120 -0.06 0 0
524.115 4317.44 -120 -0.06 0 0
525.195 4317.44 -120 -0.06 0 0
526.275 4317.44 -120 -0.06 0 0
527.355 4317.44 -120 -0.06 0 0
528.435 4317.44 -120 -0.06 0 0
529.515 4317.44 -120 -0.06 0 0
530.595 4317.44 -120 -0.06 0 0
531.675 4317.44 -120 -0.06 0 0
532.755 4317.44 -120 -0.06 0 0
533.835 4317.44 -120 -0.06 0 0
534.915 4317.44 -120 -0.06 0 0
535.995 4317.44 -120 -0.06 0 0
537.075 4317.44 -120 -0.06 0 0
538.155 4317.44 -120 -0.06 0 0
539.235 4317.44 -120 -0.06 0 0
540.315 4317.44 -120 -0.06 0 0
541.395 4317.44 -120 -0.06 0 0
542.475 4317.44 -120 -0.06 0 0
543.555 4317.44 -120 -0.06 0 0
544.635 4317.44 -120 -0.06 0 0
545.715 4317.44 -120 -0.06 0 0
546.795 4317.44 -120 -0.06 0 0
547.875 4317.44 -120 -0.06 0 0
548.955 4317.44 -120 -0.06 0 0
550.035 4317.44 -120 -0.06 0 0
551.115 4317.44 -120 -0.06 0 0
552.195 4317.44 -120 -0.06 0 0
553.275 4317.44 -120 -0.06 0 0
554.355 4317.44 -120 -0.06 0 0
555.435 4317.44 -120 -0.06 0 0
556.515 4317.44 -120 -0.06 0 0
557.595 4317.44 -120 -0.06 0 0
558.675 4317.44 -120 -0.06 0 0
559.755 4317.44 -120 -0.06 0 0
560.835 4317.44 -120 -0.06 0 0
561.915 4317.44 -120 -0.06 0 0
562.995 4317.44 -120 -0.06 0 0
564.075 4317.44 -120 -0.06 0 0
565.155 4317.44 -120 -0.06 0 0
566.235 4317.44 -120 -0.06 0 0
567.315 4317.44 -120 -0.06 0 0
568.395 4317.44 -120 -0.06 0 0
569.475 4317.44 -120 -0.06 0 0
570.555 4317.44 -120 -0.06 0 0
571.635 4317.44 -120 -0.06 0 0
572.715 4317.44 -120 -0.06 0 0
573.795 4317.44 -120 -0.06 0 0
574.875 4317.44 -120 -0.06 0 0
575.955 4317.44 -120 -0.06 0 0
577.035 4317.44 -120 -0.06 0 0
578.115 4317.44 -120 -0.06 0 0
579.195 4317.44 -120 -0.06 0 0
580.275 4317.44 -120 -0.06 0 0
581.355 4317.44 -120 -0.06 0 0
582.435 4317.44 -120 -0.06 0 0
583.515 4317.44 -120 -0.06 0 0
584.595 4317.44 -120 -0.06 0 0
585.675 4317.44 -120 -0.06 0 0
586.755 4317.44 -120 -0.06 0 0
587.835 4317.44 -120 -0.06 0 0
588.915 4317.44 -120 -0.06 0 0
589.995 4317.44 -120 -0.06 0 0
591.075 4317.44 -120 -0.06 0 0
592.155 4317.44 -120 -0.06 0 0
593.235 4317.44 -120 -0.06 0 0
594.315 4317.44 -120 -0.06 0 0
595.395 4317.44 -120 -0.06 0 0
596.475 4317.44 -120 -0.06 0 0
597.555 4317.44 -120 -0.06 0 0
598.635 4317.44 -120 -0.06 0 0
599.715 4317.44 -120 -0.06 0 0
600.795 4317.44 865.536 nan nan 8.77455
601.875 4317.44 937.326 0.455106 9.23972 4.9593
602.955 4317.44 1004.97 0.526542 8.14786 5.30423
604.035 4317.44 1041.94 0.471607 9.10556 5.15781
605.115 4317.44 1007.75 0.42717 9.60884 6.79543

456.075 4316.35 102.382 0.723142 7.92126 17.3496
457.155 4316.35 162.25 0.657563 8.14516 15.9898
458.235 4316.35 66.3483 0.656407 8.0419 12.209
459.315 4316.35 94.2427 0.57089 7.88716 14.6132
460.395 4316.35 1 0.456418 12.3971 5.58112
461.475 4316.35 -120 -0.06 0 0
462.555 4316.35 -120 -0.06 0 0
463.635 4316.35 -120 -0.06 0 0
464.715 4316.35 -120 -0.06 0 0
465.795 4316.35 -120 -0.06 0 0
466.875 4316.35 -120 -0.06 0 0
467.955 4316.35 -120 -0.06 0 0
469.035 4316.35 -120 -0.06 0 0
470.115 4316.35 -120 -0.06 0 0
471.195 4316.35 -120 -0.06 0 0
472.275 4316.35 -120 -0.06 0 0
473.355 4316.35 -120 -0.06 0 0
474.435 4316.35 -120 -0.06 0 0
475.515 4316.35 -120 -0.06 0 0
476.595 4316.35 -120 -0.06 0 0
477.675 4316.35 -120 -0.06 0 0
478.755 4316.35 -120 -0.06 0 0
479.835 4316.35 -120 -0.06 0 0
480.915 4316.35 -120 -0.06 0 0
481.995 4316.35 7.50844 0.535405 9.24527 0.485834
483.075 4316.35 67.7743 0.557982 8.30565 3.12352
484.155 4316.35 277.559 0.531798 7.6724 12.8815
485.235 4316.35 364.881 0.517402 7.66793 13.7314
486.315 4316.35 341.292 0.567227 8.00068 2.02793
487.395 4316.35 377.595 0.440155 11.2605 16.691
488.475 4316.35 368.351 0.492959 8.32823 15.0107
489.555 4316.35 371.719 0.527222 8.48775 2.60246
490.635 4316.35 231.861 0.431402 11.2047 13.4817
491.715 4316.35 213.173 0.492322 9.12347 6.07929
492.795 4316.35 259.218 0.528789 8.31295 8.60247
493.875 4316.35 141.295 0.62867 7.4037 11.7802
494.955 4316.35 77.363 0.545857 8.43243 2.80418
496.035 4316.35 26.0107 0.466028 10.6165 1.31821
497.115 4316.35 12.0912 0.444088 10.8929 2.47315
498.195 4316.35 4.58667 0.331507 15.1456 0.299057
499.275 4316.35 2.99845 0.428009 11.8314 0.325105
500.355 4316.35 3.77354 0.464057 10.4451 0.267594
501.435 4316.35 5.65358 0.463012 10.4451 0.0427326
502.515 4316.35 6.26992 0.461045 10.4451 0.10205
503.595 4316.35 7.47443 0.460654 10.4451 0.204435
504.675 4316.35 10.2485 0.320632 15.1179 0.632166
505.755 4316.35 34.849 0.504154 8.50571 3.68872
506.835 4316.35 72.0166 0.463164 9.95051 4.44161
507.915 4316.35 137.361 0.487379 9.43738 5.14265
508.995 4316.35 342.686 0.527087 9.31588 7.58401
510.075 4316.35 177.376 0.427518 11.395 8.24631
511.155 4316.35 234.477 0.452042 10.0619 4.82561
512.235 4316.35 244.116 0.588347 8.41733 12.3552
513.315 4316.35 134.822 0.523534 8.35113 10.2002
514.395 4316.35 164.561 0.553974 8.57418 10.327
515.475 4316.35 275.129 0.539844 8.57766 5.30694
516.555 4316.35 362.296 0.529693 8.40036 10.2709
517.635 4316.35 227.904 0.397561 14.1795 19.8989
518.715 4316.35 322.375 0.459701 9.24211 7.11191
519.795 4316.35 199.676 0.341576 13.801 21.1174
520.875 4316.35 326.325 0.490706 9.29923 2.87749
521.955 4316.35 268.599 0.483572 13.6913 17.8281
523.035 4316.35 334.068 0.554393 7.90718 10.8326
524.115 4316.35 323.768 0.456251 9.89598 7.91531
525.195 4316.35 415.373 0.511713 7.41197 19.2637
526.275 4316.35 237.894 0.374612 12.7966 9.16195
527.355 4316.35 333.498 0.503428 8.33107 7.37196
528.435 4316.35 317.137 0.566291 7.9587 18.2404
529.515 4316.35 251.963 0.603613 8.6497 14.5606
530.595 4316.35 401.486 0.542069 7.29417 11.1514
531.675 4316.35 639.269 0.507839 7.42632 9.32412
532.755 4316.35 735.588 0.513469 8.35733 3.77955
533.835 4316.35 489.173 0.37678 12.2718 17.913
534.915 4316.35 592.712 0.601249 7.84945 20.2812
535.995 4316.35 686.507 0.522378 8.51755 17.923
537.075 4316.35 731.039 0.501161 8.01089 7.17763
538.155 4316.35 683.89 0.643082 8.41037 20.5679
539.235 4316.35 575.602 0.550969 7.29215 24.9245
540.315 4316.35 383.03 0.355291 13.742 16.7488
541.395 4316.35 549.821 0.590615 7.53624 29.2883
542.475 4316.35 496.989 0.562461 7.40614 10.1346
543.555 4316.35 432.366 0.565794 8.1245 12.078
544.635 4316.35 578.225 0.553028 8.41476 6.56571
545.715 4316.35 547.062 0.538062 8.47892 5.19194
546.795 4316.35 522.346 0.539281 7.76117 11.9856
547.875 4316.35 607.869 0.602855 7.88636 13.6185
548.955 4316.35 394.308 0.527654 8.86141 14.9142
550.035 4316.35 551.348 0.589213 7.39201 15.7542
551.115 4316.35 545.189 0.558961 7.45028 5.7282
552.195 4316.35 244.894 0.4951 9.78833 6.93967
553.275 4316.35 353.175 0.505394 8.70773 6.58212
554.355 4316.35 339.949 0.554189 8.35668 8.72587
555.435 4316.35 347.482 0.521191 9.52458 6.90248
556.515 4316.35 293.122 0.500344 8.99543 3.14088
557.595 4316.35 292.415 0.477366 9.18206 3.41427
558.675 4316.35 249.215 0.516142 8.50096 4.64442
559.755 4316.35 253.04 0.468261 9.85533 3.7009
560.835 4316.35 334.9 0.564646 8.33991 8.4874
561.915 4316.35 284.101 0.491803 9.16527 6.68702
562.995 4316.35 235.443 0.551046 8.11503 5.81064
564.075 4316.35 251.418 0.514207 8.27812 13.8694
565.155 4316.35 202.822 0.544146 8.33872 5.56831
566.235 4316.35 152.611 0.485771 9.30316 4.42344
567.315 4316.35 122.072 0.432223 11.1383 0.110718
568.395 4316.35 120.366 0.452927 10.4451 0.385585
569.475 4316.35 113.986 0.423348 11.5437 0.991741
570.555 4316.35 118.102 0.466665 10.0494 1.19111
571.635 4316.35 125.381 0.455 10.5108 2.20801
572.715 4316.35 141.313 0.488861 9.68878 3.47502
573.795 4316.35 132.155 0.462404 10.2764 2.10263
574.875 4316.35 131.077 0.447982 10.4451 0.437821
575.955 4316.35 182.172 0.525953 8.37021 6.41708
577.035 4316.35 259.961 0.524961 8.74862 9.711
578.115 4316.35 380.014 0.490561 8.75895 10.5518
579.195 4316.35 372.921 0.531391 7.69579 8.34402
580.275 4316.35 449.875 0.523436 8.61597 8.51075
581.355 4316.35 536.71 0.462466 8.76209 6.09223
582.435 4316.35 587.808 0.491851 8.16291 17.896
583.515 4316.35 618.023 0.408314 10.7114 4.96566
584.595 4316.35 701.769 0.431757 9.97504 3.97649
585.675 4316.35 721.979 0.319743 13.7517 4.71607
586.755 4316.35 940.989 0.634377 7.71199 18.0621
587.835 4316.35 1114.99 0.651601 7.15209 24.3674
588.915 4316.35 1134.78 0.529997 6.94698 12.8075
589.995 4316.35 751.112 0.442891 8.1842 11.9654
591.075 4316.35 679.219 0.417545 10.5083 10.626
592.155 4316.35 819.432 0.542234 8.69291 11.0752
593.235 4316.35 787.745 0.52219 7.97997 5.10749
594.315 4316.35 732.638 0.432916 8.04989 16.4337
595.395 4316.35 716.476 0.432049 9.59337 5.08439
596.475 4316.35 796.299 0.460132 8.56918 8.83668
597.555 4316.35 779.912 0.447505 10.1805 1.53726
598.635 4316.35 747.521 0.417725 11.8006 8.50731
599.715 4316.35 812.78 0.574342 7.71656 12.1077
600.795 4316.35 734.741 0.489638 8.48279 6.07482
601.875 4316.35 788.051 0.367719 10.8873 18.4361
602.955 4316.35 942.019 0.431767 9.32289 6.49722
604.035 4316.35 980.96 0.500065 8.78631 5.8844
605.115 4316.35 1059.9 0.460893 9.14257 1.97095

456.075 4315.27 27.2497 0.503458 10.7426 5.71255
457.155 4315.27 133.133 0.659799 8.14722 11.018
458.235 4315.27 56.5273 0.571256 7.94198 18.8005
459.315 4315.27 293.643 0.673348 7.67382 14.4309
460.395 4315.27 2.48541 0.509261 11.3052 1.40285
461.475 4315.27 -120 -0.06 0 0
462.555 4315.27 -120 -0.06 0 0
463.635 4315.27 -120 -0.06 0 0
464.715 4315.27 -120 -0.06 0 0
465.795 4315.27 -120 -0.06 0 0
466.875 4315.27 -120 -0.06 0 0
467.955 4315.27 -120 -0.06 0 0
469.035 4315.27 -120 -0.06 0 0
470.115 4315.27 -120 -0.06 0 0
471.195 4315.27 -120 -0.06 0 0
472.275 4315.27 -120 -0.06 0 0
473.355 4315.27 -120 -0.06 0 0
474.435 4315.27 -120 -0.06 0 0
475.515 4315.27 -120 -0.06 0 0
476.595 4315.27 -120 -0.06 0 0
477.675 4315.27 -120 -0.06 0 0
478.755 4315.27 -120 -0.06 0 0
479.835 4315.27 -120 -0.06 0 0
480.915 4315.27 -120 -0.06 0 0
481.995 4315.27 -120 -0.06 0 0
483.075 4315.27 128.045 0.531023 7.54415 11.2609
484.155 4315.27 266.869 0.564942 8.01812 17.9342
485.235 4315.27 484.919 0.570235 8.05328 5.93363
486.315 4315.27 483.281 0.488844 7.91858 18.8961
487.395 4315.27 614.781 0.556936 7.91138 2.44306
488.475 4315.27 464.09 0.539648 8.84385 6.91419
489.555 4315.27 441.146 0.47294 8.59876 13.8252
490.635 4315.27 353.517 0.548832 8.08059 2.16327
491.715 4315.27 239.155 0.46673 10.386 2.67427
492.795 4315.27 153.191 0.629719 8.054 16.8172
493.875 4315.27 97.479 0.522741 8.95689 1.83905
494.955 4315.27 46.1888 0.501925 9.84709 2.94783
496.035 4315.27 22.3966 0.444835 11.0949 1.42809
497.115 4315.27 23.3374 0.485773 9.39566 2.82637
498.195 4315.27 5.79739 0.374736 13.5806 0.499322
499.275 4315.27 4.55576 0.465202 10.4451 0.266916
500.355 4315.27 4.18447 0.463451 10.4451 0.153464
501.435 4315.27 4.8716 0.462815 10.4451 0.143215
502.515 4315.27 5.32878 0.322245 15.2326 0.193852
503.595 4315.27 5.74722 0.389288 12.843 0.470025
504.675 4315.27 20.0774 0.376587 12.7182 2.90938
505.755 4315.27 82.8809 0.525177 8.37973 2.13687
506.835 4315.27 56.2164 0.40543 13.0879 5.08683
507.915 4315.27 120.188 0.41978 12.5822 7.78116
508.995 4315.27 166.038 0.544997 8.91897 8.6442
510.075 4315.27 214.191 0.502114 8.90642 6.66453
511.155 4315.27 229.222 0.506599 9.37303 4.94035
512.235 4315.27 177.78 0.461482 8.5091 10.8665
513.315 4315.27 148.684 0.496572 8.6871 3.05747
514.395 4315.27 240.404 0.479427 8.31741 8.28092
515.475 4315.27 251.376 0.467427 8.48974 10.8378
516.555 4315.27 400.776 0.525348 8.42451 7.37546
517.635 4315.27 262.014 0.405779 12.5985 18.7724
518.715 4315.27 417.647 0.50872 8.19134 3.76416
519.795 4315.27 251.704 0.467236 9.03775 18.1061
520.875 4315.27 241.129 0.424887 10.515 11.7661
521.955 4315.27 403.149 0.497573 8.06397 7.03727
523.035 4315.27 326.73 0.384126 14.179 11.2297
524.115 4315.27 473.615 0.530391 8.20595 6.7815
525.195 4315.27 489.982 0.576561 7.37164 11.1154
526.275 4315.27 310.566 0.498353 8.66849 11.9111
527.355 4315.27 588.529 0.495714 7.93103 9.90474
528.435 4315.27 291.632 0.555913 8.2614 18.9928
529.515 4315.27 332.661 0.432862 9.34295 14.6758
530.595 4315.27 370.072 0.411307 12.7983 22.3603
531.675 4315.27 672.574 0.594887 7.51577 7.90899
532.755 4315.27 660.653 0.515308 7.99177 18.2919
533.835 4315.27 632.404 0.585347 8.10154 19.3265
534.915 4315.27 683.052 0.526015 8.12939 5.39723
535.995 4315.27 675.683 0.564078 8.83885 13.1276
537.075 4315.27 720.953 0.476991 9.31725 5.39336
538.155 4315.27 832.457 0.596146 7.72841 15.5595
539.235 4315.27 711.45 0.486172 8.39736 12.3711
540.315 4315.27 490.625 0.607118 8.53693 27.8511
541.395 4315.27 473.243 0.496623 9.15147 6.32924
542.475 4315.27 435.534 0.504663 8.56801 7.75256
543.555 4315.27 452.777 0.543746 8.68145 4.64994
544.635 4315.27 477.549 0.530747 8.85253 3.91782
545.715 4315.27 482.92 0.527787 8.9464 3.28155
546.795 4315.27 408.595 0.43401 10.759 8.06629
547.875 4315.27 425.554 0.529688 8.37254 5.67956
548.955 4315.27 298.386 0.481543 10.5425 4.94006
550.035 4315.27 311 0.608486 8.26403 13.1452
551.115 4315.27 277.659 0.548983 8.99308 8.31401
552.195 4315.27 225.016 0.413436 12.1801 1.82287
553.275 4315.27 283.785 0.556572 8.29332 5.6268
554.355 4315.27 240.132 0.420543 11.8679 2.38926
555.435 4315.27 264.367 0.490673 10.0796 5.71324
556.515 4315.27 268.534 0.520256 8.6491 1.5829
557.595 4315.27 226.606 0.43857 11.4397 6.34234
558.675 4315.27 204.993 0.409374 12.7656 4.60559
559.755 4315.27 259.284 0.505754 9.24611 2.75877
560.835 4315.27 252.44 0.460717 10.7898 3.07455
561.915 4315.27 275.989 0.531554 8.82036 5.25729
562.995 4315.27 189.676 0.504942 9.05155 3.79955
564.075 4315.27 163.893 0.422354 11.8768 1.94463
565.155 4315.27 178.481 0.493151 9.17603 6.3099
566.235 4315.27 136.001 0.444489 11.2079 2.63878
567.315 4315.27 115.068 0.414895 11.8314 0.870563
568.395 4315.27 112.11 0.39362 12.5246 0.532308
569.475 4315.27 106.758 0.366298 13.3355 0.548826
570.555 4315.27 110.308 0.452002 10.4451 0.380691
571.635 4315.27 113.781 0.431815 11.1383 0.472263
572.715 4315.27 117.21 0.448471 10.4451 0.383254
573.795 4315.27 121.069 0.449692 10.4451 0.593717
574.875 4315.27 124.877 0.450326 10.4451 0.670494
575.955 4315.27 144.919 0.467382 9.92394 1.83232
577.035 4315.27 229.083 0.534786 7.99078 11.6169
578.115 4315.27 321.075 0.503767 9.15082 8.04937
579.195 4315.27 354.542 0.502211 9.27647 8.6848
580.275 4315.27 478.054 0.483054 8.77591 2.37971
581.355 4315.27 445.521 0.414597 12.5572 6.15684
582.435 4315.27 623.719 0.548715 8.01277 8.37535
583.515 4315.27 658.357 0.510508 8.88752 7.30619
584.595 4315.27 692.149 0.601719 8.01432 14.7729
585.675 4315.27 754.577 0.548863 8.55273 11.187
586.755 4315.27 803.415 0.598796 7.41918 17.4085
587.835 4315.27 909.004 0.49235 8.32693 7.46721
588.915 4315.27 1023.98 0.685979 8.14958 24.2305
589.995 4315.27 908.518 0.539321 7.89415 9.10935
591.075 4315.27 803.595 0.454539 9.32945 2.54607
592.155 4315.27 819.93 0.490652 8.54081 6.42459
593.235 4315.27 671.441 0.510046 11.2417 20.562
594.315 4315.27 788.098 0.485681 7.71293 13.0256
595.395 4315.27 878.912 0.432015 8.4523 17.2416
596.475 4315.27 866.616 0.468801 7.94615 10.535
597.555 4315.27 772.302 0.474124 9.67093 3.73904
598.635 4315.27 748.397 0.470628 8.94545 5.23255
599.715 4315.27 675.195 0.52161 8.7679 9.43696
600.795 4315.27 629.478 0.40591 12.2231 4.39953
601.875 4315.27 884.085 0.481069 8.53707 2.90364
602.955 4315.27 834.719 0.589554 7.79288 14.0041
604.035 4315.27 873.886 0.564987 7.86019 19.9301
605.115 4315.27 972.404 0.548224 7.81899 7.78296

456.075 4314.19 5.5022 0.508928 11.5425 2.39028
457.155 4314.19 14.1806 0.563686 8.63306 10.2594
458.235 4314.19 63.1931 0.624902 7.69327 16.2304
459.315 4314.19 32.4635 0.51668 9.7085 11.6879
460.395 4314.19 23.2103 0.596243 8.59463 4.00843
461.475 4314.19 -120 -0.06 0 0
462.555 4314.19 -120 -0.06 0 0
463.635 4314.19 -120 -0.06 0 0
464.715 4314.19 -120 -0.06 0 0
465.795 4314.19 -120 -0.06 0 0
466.875 4314.19 -120 -0.06 0 0
467.955 4314.19 -120 -0.06 0 0
469.035 4314.19 -120 -0.06 0 0
470.115 4314.19 -120 -0.06 0 0
471.195 4314.19 -120 -0.06 0 0
472.275 4314.19 -120 -0.06 0 0
473.355 4314.19 -120 -0.06 0 0
474.435 4314.19 -120 -0.06 0 0
475.515 4314.19 -120 -0.06 0 0
476.595 4314.19 -120 -0.06 0 0
477.675 4314.19 -120 -0.06 0 0
478.755 4314.19 -120 -0.06 0 0
479.835 4314.19 -120 -0.06 0 0
480.915 4314.19 -120 -0.06 0 0
481.995 4314.19 4.36396 0.523618 9.43022 4.03842
483.075 4314.19 100.743 0.513094 9.92495 17.871
484.155 4314.19 296.188 0.584389 7.97338 19.1796
485.235 4314.19 495.53 0.512217 9.21291 13.4425
486.315 4314.19 688.639 0.602062 7.89776 15.4408
487.395 4314.19 584.186 0.54044 8.80292 5.6213
488.475 4314.19 530.832 0.500297 8.73331 6.47667
489.555 4314.19 506.836 0.575286 8.49478 7.92701
490.635 4314.19 424.771 0.521308 9.49545 3.05025
491.715 4314.19 321.091 0.578661 7.52663 15.0878
492.795 4314.19 170.778 0.485303 8.41667 10.0159
493.875 4314.19 78.0922 0.492648 9.31355 3.07927
494.955 4314.19 43.7903 0.434657 11.9736 2.84448
496.035 4314.19 47.4947 0.479009 10.2792 1.93836
497.115 4314.19 33.2617 0.419457 12.0711 2.40054
498.195 4314.19 17.8385 0.487359 9.64194 2.15632
499.275 4314.19 11.7973 0.466706 10.1054 1.56731
500.355 4314.19 5.54249 0.462066 10.4451 0.29904
501.435 4314.19 5.05769 0.460476 10.4451 0.344454
502.515 4314.19 5.01551 0.462343 10.4451 0.406605
503.595 4314.19 5.90945 0.385401 12.843 0.791
504.675 4314.19 35.8362 0.46191 10.4892 1.80042
505.755 4314.19 74.0402 0.440307 11.691 9.48236
506.835 4314.19 158.049 0.476589 8.86897 8.75517
507.915 4314.19 234.736 0.488147 9.22498 3.13587
508.995 4314.19 200.317 0.493127 9.21536 0.956009
510.075 4314.19 222.206 0.45378 10.5672 3.65395
511.155 4314.19 237.03 0.486011 9.08935 5.04587
512.235 4314.19 173.952 0.559884 8.7932 12.404
513.315 4314.19 189.267 0.506522 8.15743 12.8056
514.395 4314.19 319.232 0.544037 7.85664 7.67618
515.475 4314.19 278.474 0.508096 8.96392 12.2924
516.555 4314.19 433.741 0.471263 7.96208 14.7733
517.635 4314.19 326.438 0.526596 8.68073 20.4602
518.715 4314.19 394.013 0.648591 7.63641 19.9095
519.795 4314.19 307.103 0.476282 8.65255 23.4792
520.875 4314.19 409.977 0.598109 7.93782 10.6618
521.955 4314.19 442.567 0.496398 8.92583 4.07521
523.035 4314.19 392.656 0.453799 9.03635 11.5135
524.115 4314.19 475.757 0.594459 7.69784 16.1417
525.195 4314.19 328.365 0.419303 11.4783 6.29766
526.275 4314.19 460.948 0.461654 8.51259 12.9015
527.355 4314.19 405.445 0.515307 8.90185 10.5567
528.435 4314.19 278.36 0.348116 14.2215 2.7542
529.515 4314.19 471.878 0.530187 7.79122 5.00828
530.595 4314.19 477.357 0.3781 12.5449 16.0355
531.675 4314.19 598.43 0.458626 10.283 7.84078
532.755 4314.19 731.996 0.536953 7.95387 12.4682
533.835 4314.19 713.332 0.608171 9.00416 21.5567
534.915 4314.19 802.47 0.462975 10.1724 2.71753
535.995 4314.19 762.405 0.425557 10.5507 8.03699
537.075 4314.19 740.208 0.5179 8.43788 8.22697
538.155 4314.19 665.743 0.446499 12.1151 4.59164
539.235 4314.19 703.622 0.64371 7.36246 22.6377
540.315 4314.19 553.089 0.583837 8.0896 25.5733
541.395 4314.19 523.578 0.521299 7.64943 11.8589
542.475 4314.19 452.32 0.513138 9.30936 7.36855
543.555 4314.19 396.019 0.429978 12.3459 4.86887
544.635 4314.19 452.619 0.539358 8.98759 5.35676
545.715 4314.19 431.848 0.492021 10.8909 9.98418
546.795 4314.19 452.057 0.536962 8.64707 4.6366
547.875 4314.19 409.597 0.540976 8.21218 1.87387
548.955 4314.19 246.172 0.405559 12.8514 1.72743
550.035 4314.19 228.567 0.407772 12.7052 1.49545
551.115 4314.19 274.157 0.558588 8.406 12.231
552.195 4314.19 233.188 0.473669 9.93854 1.24772
553.275 4314.19 206.036 0.418322 12.1183 1.91551
554.355 4314.19 208.125 0.420915 12.0992 3.76766
555.435 4314.19 220.154 0.413993 12.4749 2.42815
556.515 4314.19 231.609 0.511798 9.137 6.386
557.595 4314.19 224.233 0.529345 8.81449 5.57896
558.675 4314.19 198.146 0.494633 9.69324 2.53909
559.755 4314.19 220.728 0.500279 9.3294 1.69576
560.835 4314.19 218.798 0.49119 9.54513 3.8488
561.915 4314.19 207.534 0.516814 8.94492 3.84126
562.995 4314.19 165.252 0.511892 9.0666 3.35046
564.075 4314.19 159.69 0.498273 9.24702 1.75898
565.155 4314.19 130.403 0.389101 12.9649 1.34098
566.235 4314.19 120.416 0.48048 9.66141 2.59286
567.315 4314.19 106.806 0.347269 14.1828 0.484242
568.395 4314.19 106.28 0.436174 11.1383 1.03347
569.475 4314.19 105.028 0.453247 10.4451 0.27563
570.555 4314.19 105.87 0.348519 14.0827 0.491581
571.635 4314.19 111.064 0.429846 11.1383 0.168254
572.715 4314.19 114.081 0.450819 10.4451 0.404625
573.795 4314.19 119.276 0.456546 10.4451 1.43816
574.875 4314.19 117.314 0.32731 14.6348 0.207054
575.955 4314.19 128.841 0.360975 13.3974 0.716933
577.035 4314.19 158.03 0.393999 12.132 2.35195
578.115 4314.19 230.532 0.474476 10.2704 9.80128
579.195 4314.19 355.602 0.522433 8.1059 6.65021
580.275 4314.19 366.914 0.576817 9.41441 18.9248
581.355 4314.19 394.21 0.27762 13.524 18.9738
582.435 4314.19 416.249 0.387752 13.1987 5.70935
583.515 4314.19 520.901 0.605241 8.96103 18.4598
584.595 4314.19 550.157 0.505464 8.70858 23.1169
585.675 4314.19 766.356 0.547988 7.35573 7.25373
586.755 4314.19 769.523 0.530828 8.26868 26.4193
587.835 4314.19 815.957 0.522666 9.69844 11.6318
588.915 4314.19 911.011 0.600981 7.97476 18.4157
589.995 4314.19 756.11 0.464903 10.4392 6.15893
591.075 4314.19 785.191 0.471888 9.17697 4.90707
592.155 4314.19 681.385 0.393226 10.606 13.0803
593.235 4314.19 676.601 0.559449 7.87669 17.5615
594.315 4314.19 716.124 0.434523 10.2691 8.80365
595.395 4314.19 885.038 0.486836 8.40394 9.06091
596.475 4314.19 865.262 0.550944 8.06625 8.85595
597.555 4314.19 742.592 0.54465 8.10037 10.6587
598.635 4314.19 746.676 0.459628 9.5474 0.908006
599.715 4314.19 628.036 0.479487 9.19044 6.66233
600.795 4314.19 631.988 0.519231 9.02311 8.85036
601.875 4314.19 749.073 0.581751 7.66514 14.7317
602.955 4314.19 665.769 0.429573 11.5944 7.41101
604.035 4314.19 774.393 0.472209 8.726 18.6169
605.115 4314.19 831.744 0.528573 8.19739 7.28261

456.075 4313.11 -120 -0.06 0 0
457.155 4313.11 -120 -0.06 0 0
458.235 4313.11 -120 -0.06 0 0
459.315 4313.11 -120 -0.06 0 0
460.395 4313.11 -120 -0.06 0 0
461.475 4313.11 -120 -0.06 0 0
462.555 4313.11 -120 -0.06 0 0
463.635 4313.11 -120 -0.06 0 0
464.715 4313.11 -120 -0.06 0 0
465.795 4313.11 -120 -0.06 0 0
466.875 4313.11 -120 -0.06 0 0
467.955 4313.11 -120 -0.06 0 0
469.035 4313.11 -120 -0.06 0 0
470.115 4313.11 -120 -0.06 0 0
471.195 4313.11 -120 -0.06 0 0
472.275 4313.11 -120 -0.06 0 0
473.355 4313.11 -120 -0.06 0 0
474.435 4313.11 -120 -0.06 0 0
475.515 4313.11 -120 -0.06 0 0
476.595 4313.11 -120 -0.06 0 0
477.675 4313.11 -120 -0.06 0 0
478.755 4313.11 -120 -0.06 0 0
479.835 4313.11 -120 -0.06 0 0
480.915 4313.11 -120 -0.06 0 0
481.995 4313.11 6.11853 0.53197 9.29801 4.30004
483.075 4313.11 98.9966 0.613731 8.39765 17.9008
484.155 4313.11 307.261 0.558218 8.28005 1.62776
485.235 4313.11 469.929 0.648494 7.91619 17.8448
486.315 4313.11 524.348 0.649886 8.18324 17.5042
487.395 4313.11 628.122 0.737626 7.2103 23.561
488.475 4313.11 577.691 0.554339 8.34125 8.07558
489.555 4313.11 476.458 0.584301 7.74655 11.1055
490.635 4313.11 344.498 0.508475 11.1236 10.2502
491.715 4313.11 207.511 0.570641 11.1606 17.8926
492.795 4313.11 85.792 0.462194 11.6625 7.27823
493.875 4313.11 144.323 0.570774 8.13144 12.3759
494.955 4313.11 62.7643 0.473647 10.1807 1.8842
496.035 4313.11 79.6826 0.504989 8.783 8.06055
497.115 4313.11 36.8957 0.451062 10.9382 1.03767
498.195 4313.11 46.774 0.467714 10.0044 2.1217
499.275 4313.11 29.3496 0.470944 10.106 1.82042
500.355 4313.11 5.62095 0.442203 11.2355 0.783908
501.435 4313.11 4.6287 0.394124 12.843 0.653235
502.515 4313.11 15.154 0.469561 9.49604 3.42264
503.595 4313.11 11.8404 0.428492 11.3555 0.912194
504.675 4313.11 48.0589 0.395868 12.5831 2.12697
505.755 4313.11 92.6209 0.415448 11.7401 2.73807
506.835 4313.11 185.534 0.419915 10.3062 10.4802
507.915 4313.11 255.818 0.480034 9.71179 1.27917
508.995 4313.11 234.86 0.456331 10.0268 2.5237
510.075 4313.11 241.952 0.484252 9.48953 1.43055
511.155 4313.11 216.681 0.480644 9.46976 3.49572
512.235 4313.11 242.621 0.478339 8.45444 7.40578
513.315 4313.11 204.71 0.54574 8.20778 4.20896
514.395 4313.11 237.03 0.440183 11.2365 5.21187
515.475 4313.11 308.117 0.396784 12.2272 2.52236
516.555 4313.11 495.341 0.508488 9.06561 5.2582
517.635 4313.11 462.39 0.526749 8.06823 1.78347
518.715 4313.11 396.865 0.403338 10.9614 11.9257
519.795 4313.11 452.14 0.51174 8.42014 7.0928
520.875 4313.11 431.354 0.519774 7.64739 11.4746
521.955 4313.11 392.077 0.388771 13.0051 12.4723
523.035 4313.11 517.784 0.532238 8.59477 6.2097
524.115 4313.11 422.642 0.451824 10.9125 11.6784
525.195 4313.11 557.295 0.51378 7.85963 8.10831
526.275 4313.11 578.553 0.514863 8.62664 4.08829
527.355 4313.11 398.522 0.57244 8.63485 11.9241
528.435 4313.11 345.272 0.48873 9.03027 8.46551
529.515 4313.11 495.71 0.448114 9.64639 8.91866
530.595 4313.11 567.888 0.388488 12.4491 12.6602
531.675 4313.11 670.812 0.520999 8.47721 8.66548
532.755 4313.11 728.732 0.529876 8.87705 10.5289
533.835 4313.11 720.148 0.427548 11.3869 4.05339
534.915 4313.11 826.504 0.47467 8.72735 9.21751
535.995 4313.11 757.002 0.467251 10.3394 9.8415
537.075 4313.11 783.115 0.591317 8.00961 10.102
538.155 4313.11 671.533 0.553917 8.60412 10.3624
539.235 4313.11 523.89 0.37415 14.3781 3.73365
540.315 4313.11 665.772 0.526018 9.35854 6.59333
541.395 4313.11 563.174 0.513561 9.08395 0.699409
542.475 4313.11 503.356 0.541569 8.22788 3.81808
543.555 4313.11 491.235 0.53412 8.45168 1.51351
544.635 4313.11 446.175 0.489963 9.11041 3.80891
545.715 4313.11 396.176 0.445799 11.4856 3.22167
546.795 4313.11 282.965 0.452426 11.2386 3.71006
547.875 4313.11 243.736 0.554315 8.55345 6.41671
548.955 4313.11 219.699 0.444298 11.3961 0.633912
550.035 4313.11 208.584 0.371266 13.8888 0.976668
551.115 4313.11 207.095 0.517602 9.30125 6.01106
552.195 4313.11 196.547 0.414596 12.4932 2.82039
553.275 4313.11 182.502 0.487246 9.92801 1.89376
554.355 4313.11 183.941 0.431996 11.7925 1.14268
555.435 4313.11 202.035 0.497091 9.37783 2.87034
556.515 4313.11 188.959 0.407662 12.6303 1.31415
557.595 4313.11 183.234 0.51641 8.79043 1.97206
558.675 4313.11 191.145 0.480303 9.73529 1.86442
559.755 4313.11 206.527 0.490403 9.67865 1.3759
560.835 4313.11 182.333 0.488394 9.76595 1.44832
561.915 4313.11 156.546 0.496844 9.34731 1.91492
562.995 4313.11 137.396 0.400113 12.5955 0.792731
564.075 4313.11 132.439 0.389345 12.9577 0.890814
565.155 4313.11 115.757 0.476711 9.92148 1.15004
566.235 4313.11 107.907 0.441433 11.0344 0.827982
567.315 4313.11 102.074 0.340375 14.5056 0.634162
568.395 4313.11 102.736 0.456026 10.4451 0.492918
569.475 4313.11 100.154 0.315803 15.1901 0.186499
570.555 4313.11 102.324 0.411943 11.8314 0.0656313
571.635 4313.11 108.378 0.451716 10.4451 0.193174
572.715 4313.11 109.898 0.384305 12.7477 0.299914
573.795 4313.11 113.083 0.429009 11.1383 0.283144
574.875 4313.11 116.049 0.450613 10.4451 0.377015
575.955 4313.11 123.819 0.399004 12.2832 0.904545
577.035 4313.11 182.694 0.476751 8.83982 5.38052
578.115 4313.11 213.66 0.427545 11.1123 3.81982
579.195 4313.11 349.126 0.484954 8.39889 6.98801
580.275 4313.11 342.264 0.464616 8.4352 13.0988
581.355 4313.11 510.428 0.451158 9.29992 6.09439
582.435 4313.11 493.327 0.513955 10.7132 13.8445
583.515 4313.11 612.032 0.593994 8.42547 15.5362
584.595 4313.11 616.137 0.457504 8.16919 10.4315
585.675 4313.11 631.468 0.575032 7.76057 18.2891
586.755 4313.11 819.865 0.671639 7.74348 22.8564
587.835 4313.11 747.897 0.375453 12.2527 4.89264
588.915 4313.11 808.577 0.436066 9.80151 4.12039
589.995 4313.11 711.983 0.399484 10.9342 10.0621
591.075 4313.11 690.526 0.463015 7.93808 13.9491
592.155 4313.11 589.47 0.462594 12.2766 13.4553
593.235 4313.11 634.831 0.58733 7.71425 23.923
594.315 4313.11 720.956 0.531902 7.70095 5.16201
595.395 4313.11 833.185 0.533047 8.21297 6.63476
596.475 4313.11 737.382 0.473026 10.2921 6.46876
597.555 4313.11 674.75 0.482903 8.97311 6.93732
598.635 4313.11 680.82 0.531144 8.18811 7.19594
599.715 4313.11 640.045 0.505757 8.64526 10.407
600.795 4313.11 583.778 0.503859 8.4983 7.30697
601.875 4313.11 587.522 0.55421 8.06324 10.3574
602.955 4313.11 656.453 0.502345 8.38903 14.7119
604.035 4313.11 716.729 0.407566 10.1025 6.80453
605.115 4313.11 823.626 0.434272 8.89459 8.63353

456.075 4312.03 -120 -0.06 0 0
457.155 4312.03 -120 -0.06 0 0
458.235 4312.03 -120 -0.06 0 0
459.315 4312.03 -120 -0.06 0 0
460.395 4312.03 -120 -0.06 0 0
461.475 4312.03 -120 -0.06 0 0
462.555 4312.03 -120 -0.06 0 0
463.635 4312.03 -120 -0.06 0 0
464.715 4312.03 -120 -0.06 0 0
465.795 4312.03 -120 -0.06 0 0
466.875 4312.03 -120 -0.06 0 0
467.955 4312.03 -120 -0.06 0 0
469.035 4312.03 -120 -0.06 0 0
470.115 4312.03 -120 -0.06 0 0
471.195 4312.03 -120 -0.06 0 0
472.275 4312.03 -120 -0.06 0 0
473.355 4312.03 -120 -0.06 0 0
474.435 4312.03 -120 -0.06 0 0
475.515 4312.03 -120 -0.06 0 0
476.595 4312.03 -120 -0.06 0 0
477.675 4312.03 -120 -0.06 0 0
478.755 4312.03 -120 -0.06 0 0
479.835 4312.03 -120 -0.06 0 0
480.915 4312.03 -120 -0.06 0 0
481.995 4312.03 -120 -0.06 0 0
483.075 4312.03 76.1171 0.536996 8.53452 3.03356
484.155 4312.03 125.842 0.737864 7.84157 23.5795
485.235 4312.03 278.318 0.580914 8.03743 5.7988
486.315 4312.03 323.339 0.517849 10.7417 9.39235
487.395 4312.03 607.692 0.591939 7.97179 12.0061
488.475 4312.03 442.117 0.659297 7.94474 19.1727
489.555 4312.03 367.857 0.522177 10.281 11.0784
490.635 4312.03 311.017 0.479598 11.2472 5.8522
491.715 4312.03 281.127 0.52998 8.57408 1.51874
492.795 4312.03 100.634 0.550147 9.46338 8.59366
493.875 4312.03 39.4992 0.459548 12.6259 9.18861
494.955 4312.03 47.3776 0.525281 8.84469 3.03544
496.035 4312.03 31.3046 0.495992 9.89046 3.60975
497.115 4312.03 17.6107 0.502458 9.4732 2.68794
498.195 4312.03 11.7743 0.510094 9.70752 4.13778
499.275 4312.03 17.3328 0.498041 9.79137 2.72208
500.355 4312.03 10.9663 0.474445 10.0072 1.53087
501.435 4312.03 4.81937 0.426945 11.4717 0.812879
502.515 4312.03 42.4634 0.468423 9.41701 4.04452
503.595 4312.03 33.619 0.455845 9.86533 3.61519
504.675 4312.03 53.2891 0.491968 8.91934 3.12438
505.755 4312.03 85.7924 0.463495 10.1131 3.69016
506.835 4312.03 239.687 0.494644 8.14871 6.68252
507.915 4312.03 277.911 0.49481 8.86135 1.3907
508.995 4312.03 259.188 0.503253 9.08761 4.83241
510.075 4312.03 234.98 0.503586 9.85134 5.47002
511.155 4312.03 184.037 0.367903 13.4998 2.74224
512.235 4312.03 205.819 0.456119 9.808 5.15712
513.315 4312.03 211.036 0.562851 8.14524 9.88821
514.395 4312.03 332.319 0.564283 8.39069 11.3688
515.475 4312.03 436.097 0.500503 7.68138 9.82193
516.555 4312.03 491.801 0.526859 8.64577 8.53999
517.635 4312.03 476.245 0.514033 8.60989 5.6545
518.715 4312.03 522.535 0.482687 8.99168 7.00367
519.795 4312.03 538.539 0.50352 8.9429 1.36702
520.875 4312.03 555.192 0.496918 8.02249 8.6401
521.955 4312.03 434.518 0.529013 8.07357 5.0409
523.035 4312.03 448.169 0.556007 8.09863 8.61191
524.115 4312.03 506.158 0.542174 7.94282 17.2096
525.195 4312.03 524.344 0.498381 9.28502 9.34135
526.275 4312.03 619.064 0.538345 7.55641 12.7118
527.355 4312.03 358.328 0.396097 12.9582 3.83858
528.435 4312.03 498.503 0.491787 8.26207 17.0018
529.515 4312.03 674.553 0.460511 8.31816 17.7716
530.595 4312.03 605.334 0.455129 9.8307 6.65072
531.675 4312.03 623.727 0.420067 12.0242 11.2158
532.755 4312.03 749.875 0.525177 8.82124 1.55252
533.835 4312.03 769.753 0.451605 10.9222 6.27301
534.915 4312.03 906.348 0.594666 8.54173 12.3354
535.995 4312.03 833.277 0.565308 8.02741 6.07417
537.075 4312.03 633.767 0.448567 11.683 10.3393
538.155 4312.03 658.884 0.52411 8.0024 13.6761
539.235 4312.03 667.184 0.510645 8.32562 12.721
540.315 4312.03 707.661 0.598997 8.11205 15.2222
541.395 4312.03 577.888 0.497644 8.99188 6.14688
542.475 4312.03 522.694 0.523309 8.38329 3.38808
543.555 4312.03 453.071 0.569166 8.88132 11.9362
544.635 4312.03 419.996 0.507284 9.00234 3.69076
545.715 4312.03 479.673 0.576348 8.40474 11.8639
546.795 4312.03 300.793 0.501242 11.0021 13.7992
547.875 4312.03 232.928 0.418177 12.0797 1.13656
548.955 4312.03 216.232 0.345266 14.612 1.1209
550.035 4312.03 202.133 0.409688 12.45 0.760981
551.115 4312.03 222.656 0.483678 8.30907 16.2407
552.195 4312.03 176.95 0.341847 15.236 2.68826
553.275 4312.03 168.284 0.450948 11.0861 0.527661
554.355 4312.03 172.463 0.488073 9.91934 2.42691
555.435 4312.03 172.328 0.476249 10.5758 2.48986
556.515 4312.03 175.196 0.399059 12.9922 1.70966
557.595 4312.03 158.939 0.359556 14.3564 2.24102
558.675 4312.03 193.278 0.460556 10.4451 0.743383
559.755 4312.03 173.073 0.455694 10.8938 1.18584
560.835 4312.03 161.381 0.494406 9.56429 1.42459
561.915 4312.03 142.765 0.479382 9.84251 0.695319
562.995 4312.03 127.846 0.372259 13.6967 1.15338
564.075 4312.03 120.445 0.387638 13.0004 0.429891
565.155 4312.03 113.318 0.462154 10.4451 0.68049
566.235 4312.03 103.294 0.458944 10.4451 0.529
567.315 4312.03 96.9439 0.334275 14.7492 0.47221
568.395 4312.03 95.9717 0.308258 15.5203 0.130007
569.475 4312.03 98.2525 0.408308 12.0546 0.645744
570.555 4312.03 101.044 0.406857 12.0546 0.697645
571.635 4312.03 105.719 0.369424 13.2783 0.275961
572.715 4312.03 107.854 0.420833 11.5437 0.198286
573.795 4312.03 110.884 0.382917 12.7477 0.385359
574.875 4312.03 118.631 0.427407 11.1383 1.04506
575.955 4312.03 126.722 0.458044 10.0501 0.401331
577.035 4312.03 155.95 0.503881 9.66819 8.76541
578.115 4312.03 209.9 0.494946 8.4347 6.51651
579.195 4312.03 252.519 0.551822 8.08499 9.09423
580.275 4312.03 427.752 0.515598 8.29961 6.74689
581.355 4312.03 443.418 0.47126 8.43869 16.6086
582.435 4312.03 463.98 0.53232 9.42302 13.7119
583.515 4312.03 641.625 0.55497 7.81959 11.113
584.595 4312.03 681.065 0.534002 8.86239 8.52872
585.675 4312.03 755.677 0.49619 9.35024 8.30184
586.755 4312.03 826.039 0.48286 7.40188 23.1745
587.835 4312.03 832.147 0.531594 8.68223 8.29498
588.915 4312.03 799.55 0.516341 8.72118 5.15667
589.995 4312.03 704.939 0.464475 10.7875 8.54191
591.075 4312.03 686.961 0.587391 8.47741 15.7313
592.155 4312.03 661.29 0.555314 7.73743 10.1593
593.235 4312.03 597.2 0.568269 7.5234 24.4599
594.315 4312.03 743.972 0.466452 8.73147 11.3331
595.395 4312.03 795.276 0.483045 8.64836 0.467083
596.475 4312.03 639.968 0.404335 11.7228 3.93648
597.555 4312.03 643.816 0.489542 8.67104 6.73956
598.635 4312.03 581.56 0.467924 10.0986 6.60916
599.715 4312.03 628.758 0.483178 8.10422 11.574
600.795 4312.03 505.769 0.30349 14.9651 0.688855
601.875 4312.03 679.022 0.453093 9.21083 3.14261
602.955 4312.03 667.63 0.426947 9.99109 7.77658
604.035 4312.03 786.928 0.460121 9.60985 4.96625
605.115 4312.03 851.606 0.610646 8.03365 16.6434

456.075 4310.95 -120 -0.06 0 0
457.155 4310.95 -120 -0.06 0 0
458.235 4310.95 -120 -0.06 0 0
459.315 4310.95 -120 -0.06 0 0
460.395 4310.95 -120 -0.06 0 0
461.475 4310.95 -120 -0.06 0 0
462.555 4310.95 -120 -0.06 0 0
463.635 4310.95 -120 -0.06 0 0
464.715 4310.95 -120 -0.06 0 0
465.795 4310.95 -120 -0.06 0 0
466.875 4310.95 -120 -0.06 0 0
467.955 4310.95 -120 -0.06 0 0
469.035 4310.95 -120 -0.06 0 0
470.115 4310.95 -120 -0.06 0 0
471.195 4310.95 -120 -0.06 0 0
472.275 4310.95 -120 -0.06 0 0
473.355 4310.95 -120 -0.06 0 0
474.435 4310.95 -120 -0.06 0 0
475.515 4310.95 -120 -0.06 0 0
476.595 4310.95 -120 -0.06 0 0
477.675 4310.95 -120 -0.06 0 0
478.755 4310.95 -120 -0.06 0 0
479.835 4310.95 -120 -0.06 0 0
480.915 4310.95 -120 -0.06 0 0
481.995 4310.95 -120 -0.06 0 0
483.075 4310.95 2.05034 0.520192 9.67996 1.59085
484.155 4310.95 20.7032 0.51342 9.79576 5.43399
485.235 4310.95 148.842 0.590612 8.33391 7.93611
486.315 4310.95 250.091 0.554746 7.8032 13.6922
487.395 4310.95 428.101 0.653028 7.52899 14.2128
488.475 4310.95 408.803 0.63806 7.74219 13.1065
489.555 4310.95 304.002 0.579889 8.08607 11.9817
490.635 4310.95 215.363 0.555225 8.54738 5.74544
491.715 4310.95 165.788 0.595196 7.80688 8.05865
492.795 4310.95 101.41 0.629354 7.79683 13.1702
493.875 4310.95 55.602 0.483707 9.04474 7.15857
494.955 4310.95 22.2857 0.528594 8.78689 6.69886
496.035 4310.95 9.03384 0.423279 12.2369 1.49405
497.115 4310.95 -120 -0.06 0 0
498.195 4310.95 -120 -0.06 0 0
499.275 4310.95 1.59333 0.462708 10.4451 0.0984599
500.355 4310.95 2.00674 0.400112 12.5246 0.37037
501.435 4310.95 5.73846 0.489702 9.76252 1.75648
502.515 4310.95 15.4275 0.51477 9.19423 3.62084
503.595 4310.95 7.18841 0.446388 10.7291 2.20377
504.675 4310.95 32.8667 0.489214 9.56351 3.19263
505.755 4310.95 103.634 0.430533 9.572 11.586
506.835 4310.95 247.208 0.492882 8.33328 8.06928
507.915 4310.95 275.354 0.446492 9.34745 9.50057
508.995 4310.95 259.837 0.451019 9.74018 5.16249
510.075 4310.95 224.662 0.465479 9.7167 7.49304
511.155 4310.95 255.549 0.506405 8.5733 7.05016
512.235 4310.95 249.999 0.540893 8.91743 6.49861
513.315 4310.95 211.109 0.402636 13.0403 16.0989
514.395 4310.95 270.871 0.418106 11.3068 3.90327
515.475 4310.95 483.008 0.509171 8.59345 6.2564
516.555 4310.95 469.648 0.566375 8.51868 8.36383
517.635 4310.95 468.945 0.420696 12.2489 5.82449
518.715 4310.95 527.126 0.515309 9.42752 3.53094
519.795 4310.95 539.427 0.44748 11.0411 0.637654
520.875 4310.95 601.411 0.46752 9.65906 4.91829
521.955 4310.95 510.465 0.428061 10.8351 13.3187
523.035 4310.95 504.714 0.45835 9.07119 10.9692
524.115 4310.95 449.158 0.430929 11.2648 3.28374
525.195 4310.95 616.145 0.611239 7.7727 11.321
526.275 4310.95 459.331 0.470744 9.82375 6.43968
527.355 4310.95 458.027 0.47661 8.25102 12.8087
528.435 4310.95 630.521 0.624288 7.12234 25.6741
529.515 4310.95 726.626 0.553389 8.38313 8.05034
530.595 4310.95 642.996 0.494375 10.7256 5.44381
531.675 4310.95 655.354 0.413362 11.0976 9.73456
532.755 4310.95 793.443 0.525238 7.94237 8.8601
533.835 4310.95 815.88 0.491539 9.67343 7.31741
534.915 4310.95 860.01 0.461164 10.8065 2.55624
535.995 4310.95 808.931 0.605108 8.15269 15.6868
537.075 4310.95 752.028 0.462248 8.46554 20.6607
538.155 4310.95 689.225 0.478402 9.10058 9.11001
539.235 4310.95 691.659 0.424632 11.4413 4.42992
540.315 4310.95 817.84 0.548477 8.95633 9.81474
541.395 4310.95 576.762 0.536186 9.15925 19.7293
542.475 4310.95 477.709 0.519153 8.4964 7.38179
543.555 4310.95 380.364 0.364169 12.8839 8.70261
544.635 4310.95 410.042 0.467449 10.4414 9.23143
545.715 4310.95 398.253 0.382149 11.6271 11.9864
546.795 4310.95 349.327 0.403716 11.1894 14.002
547.875 4310.95 270.025 0.439114 10.7559 5.15379
548.955 4310.95 279.468 0.515784 7.45869 18.9293
550.035 4310.95 226.918 0.484602 9.64601 2.74702
551.115 4310.95 222.198 0.481804 9.89478 1.16768
552.195 4310.95 272.745 0.526231 7.77872 11.1262
553.275 4310.95 155.763 0.314907 15.8667 0.559813
554.355 4310.95 154.809 0.446921 11.3148 0.827833
555.435 4310.95 163.172 0.506635 9.34857 2.10428
556.515 4310.95 153.188 0.37568 13.7923 1.1203
557.595 4310.95 153.671 0.467934 10.2877 3.82462
558.675 4310.95 184.751 0.495677 9.61632 1.81177
559.755 4310.95 156.393 0.382182 13.285 0.28877
560.835 4310.95 145.259 0.361775 13.7893 1.03724
561.915 4310.95 133.198 0.345493 14.5734 0.785066
562.995 4310.95 130.655 0.46544 9.82226 3.1402
564.075 4310.95 112.87 0.460961 10.4451 0.11542
565.155 4310.95 105.556 0.328298 15.0095 0.246645
566.235 4310.95 99.627 0.427401 11.5437 0.235817
567.315 4310.95 94.3835 0.361178 13.7773 0.211995
568.395 4310.95 95.0023 0.455929 10.4451 0.481505
569.475 4310.95 96.7024 0.390026 12.7477 0.372415
570.555 4310.95 100.427 0.453525 10.4451 0.439508
571.635 4310.95 100.343 0.27879 16.9313 0.750216
572.715 4310.95 105.506 0.376899 13.0101 0.655725
573.795 4310.95 112.889 0.391509 12.391 0.882525
574.875 4310.95 122.773 0.451919 10.4451 0.583282
575.955 4310.95 129.837 0.407593 12.0147 0.779631
577.035 4310.95 148.099 0.450631 9.69837 3.74134
578.115 4310.95 166.817 0.345593 14.0874 1.80231
579.195 4310.95 266.637 0.469308 7.76861 20.2735
580.275 4310.95 368.565 0.451082 7.87467 15.6805
581.355 4310.95 509.851 0.529784 8.61384 10.2692
582.435 4310.95 621.628 0.490863 9.07321 4.54818
583.515 4310.95 510.802 0.320943 13.0948 9.55847
584.595 4310.95 657.801 0.607893 7.54273 13.6312
585.675 4310.95 775.474 0.588403 7.37874 16.2956
586.755 4310.95 948.681 0.567965 8.44863 13.6629
587.835 4310.95 844.48 0.558154 8.16059 18.3422
588.915 4310.95 744.386 0.546537 8.1802 7.84345
589.995 4310.95 745.739 0.519866 8.096 8.29192
591.075 4310.95 804.307 0.460246 8.39307 10.4264
592.155 4310.95 638.33 0.529769 7.58887 13.5425
593.235 4310.95 564.068 0.483664 8.13706 16.7044
594.315 4310.95 733.735 0.453195 8.63765 8.71821
595.395 4310.95 769.294 0.498343 8.26938 7.43703
596.475 4310.95 552.768 0.411063 11.8209 11.7941
597.555 4310.95 656.539 0.51297 8.56209 4.61454
598.635 4310.95 596.666 0.505501 8.79189 10.0635
599.715 4310.95 532.941 0.564767 9.14197 16.9094
600.795 4310.95 542.032 0.564856 7.95207 18.0395
601.875 4310.95 623.522 0.51946 8.12177 6.06037
602.955 4310.95 719.299 0.565921 7.93988 10.4368
604.035 4310.95 728.291 0.445985 10.0748 4.52514
605.115 4310.95 822.763 0.560201 8.04443 13.2455

456.075 4309.88 -120 -0.06 0 0
457.155 4309.88 -120 -0.06 0 0
458.235 4309.88 -120 -0.06 0 0
459.315 4309.88 -120 -0.06 0 0
460.395 4309.88 -120 -0.06 0 0
461.475 4309.88 -120 -0.06 0 0
462.555 4309.88 -120 -0.06 0 0
463.635 4309.88 -120 -0.06 0 0
464.715 4309.88 -120 -0.06 0 0
465.795 4309.88 -120 -0.06 0 0
466.875 4309.88 -120 -0.06 0 0
467.955 4309.88 -120 -0.06 0 0
469.035 4309.88 -120 -0.06 0 0
470.115 4309.88 -120 -0.06 0 0
471.195 4309.88 -120 -0.06 0 0
472.275 4309.88 -120 -0.06 0 0
473.355 4309.88 -120 -0.06 0 0
474.435 4309.88 -120 -0.06 0 0
475.515 4309.88 -120 -0.06 0 0
476.595 4309.88 -120 -0.06 0 0
477.675 4309.88 -120 -0.06 0 0
478.755 4309.88 -120 -0.06 0 0
479.835 4309.88 -120 -0.06 0 0
480.915 4309.88 -120 -0.06 0 0
481.995 4309.88 -120 -0.06 0 0
483.075 4309.88 1.14103 0.489197 10.1302 1.44526
484.155 4309.88 3.02404 0.377088 14.267 0.461054
485.235 4309.88 25.288 0.471193 12.0195 5.70473
486.315 4309.88 74.4406 0.624669 7.56376 10.2398
487.395 4309.88 193.112 0.710155 7.65299 21.5614
488.475 4309.88 214.921 0.502688 9.08786 4.09559
489.555 4309.88 218.847 0.578163 8.4528 7.86606
490.635 4309.88 104.754 0.510636 9.91902 14.8758
491.715 4309.88 22.5002 0.458061 11.7744 4.7821
492.795 4309.88 1.53694 0.474027 10.3607 0.0738545
493.875 4309.88 4.7856 0.465364 10.4451 0.913586
494.955 4309.88 1.06992 0.468915 10.4451 0.919773
496.035 4309.88 8.56697 0.510741 9.10893 1.94046
497.115 4309.88 -120 -0.06 0 0
498.195 4309.88 0.554351 0.400013 12.6423 0.220098
499.275 4309.88 0.751819 0.412561 12.2369 0.372198
500.355 4309.88 2.32363 0.460953 10.4451 0.101003
501.435 4309.88 2.66403 0.459487 10.4451 0.174733
502.515 4309.88 -120 -0.06 0 0
503.595 4309.88 -120 -0.06 0 0
504.675 4309.88 6.80929 0.463797 10.1468 1.6006
505.755 4309.88 85.9714 0.47534 10.2005 10.455
506.835 4309.88 259.503 0.470482 8.03952 13.7593
507.915 4309.88 237.008 0.554535 9.11253 11.0776
508.995 4309.88 259.635 0.44305 10.3435 5.05191
510.075 4309.88 230.839 0.409149 11.3693 5.88016
511.155 4309.88 303.49 0.477916 8.52725 8.86522
512.235 4309.88 315.593 0.492085 8.21201 6.74247
513.315 4309.88 231.831 0.364357 13.8768 11.7285
514.395 4309.88 419.286 0.498249 7.95373 7.49112
515.475 4309.88 486.395 0.511161 8.86828 4.00254
516.555 4309.88 449.03 0.381724 13.1877 1.05101
517.635 4309.88 480.692 0.470254 10.2904 1.03593
518.715 4309.88 529.322 0.513531 9.28412 2.25449
519.795 4309.88 590.254 0.551858 7.79497 11.2394
520.875 4309.88 684.021 0.499312 8.20575 6.82774
521.955 4309.88 710.352 0.530078 7.75132 11.7109
523.035 4309.88 744.947 0.521872 7.70461 13.7491
524.115 4309.88 617.512 0.474327 8.26085 19.2894
525.195 4309.88 484.824 0.378027 12.7857 5.98936
526.275 4309.88 544.485 0.463705 9.88194 6.70725
527.355 4309.88 573.214 0.566457 8.38878 8.75559
528.435 4309.88 542.351 0.521939 9.34804 5.58871
529.515 4309.88 623.95 0.503056 11.0605 14.0554
530.595 4309.88 642.454 0.4367 10.9014 14.0515
531.675 4309.88 762.094 0.517823 8.7543 2.12337
532.755 4309.88 815.208 0.646503 7.99597 16.2646
533.835 4309.88 944.722 0.566406 8.04111 12.542
534.915 4309.88 882.262 0.511903 9.1352 3.44408
535.995 4309.88 888.712 0.551329 8.14132 8.98506
537.075 4309.88 943.415 0.551739 7.51781 8.74134
538.155 4309.88 913.745 0.500497 7.36347 20.3739
539.235 4309.88 774.922 0.499742 10.3479 7.27758
540.315 4309.88 844.43 0.585051 7.44778 13.2065
541.395 4309.88 630.374 0.663167 9.51118 22.6212
542.475 4309.88 411.223 0.566898 8.44583 15.3619
543.555 4309.88 385.57 0.538166 8.80119 9.86227
544.635 4309.88 359.902 0.52462 9.88854 12.1118
545.715 4309.88 424.314 0.525438 9.64815 6.14622
546.795 4309.88 391.305 0.466737 10.8169 12.034
547.875 4309.88 359.168 0.509153 8.14865 6.30148
548.955 4309.88 427.025 0.587432 8.2262 12.1709
550.035 4309.88 417.52 0.508657 7.89314 7.72833
551.115 4309.88 273.363 0.451655 10.212 5.61579
552.195 4309.88 266.631 0.538538 8.19203 12.5894
553.275 4309.88 165.485 0.50827 9.25692 1.0823
554.355 4309.88 143.791 0.472212 10.4451 0.380138
555.435 4309.88 146.073 0.463532 10.7658 1.68995
556.515 4309.88 146.551 0.479471 10.1148 1.01859
557.595 4309.88 141.634 0.484768 9.95497 0.500832
558.675 4309.88 164.383 0.495939 9.72956 2.49888
559.755 4309.88 183.924 0.47166 10.4451 1.04086
560.835 4309.88 179.099 0.478315 9.6323 1.96292
561.915 4309.88 165.813 0.491125 9.37638 2.53997
562.995 4309.88 166.818 0.476741 9.71522 2.15634
564.075 4309.88 113.339 0.422245 11.6602 1.35256
565.155 4309.88 105.01 0.345887 14.3769 0.574657
566.235 4309.88 98.2487 0.295891 16.0941 0.26502
567.315 4309.88 93.363 0.405684 12.2369 0.332542
568.395 4309.88 92.2973 0.458871 10.4451 0.452261
569.475 4309.88 94.8116 0.457029 10.4451 0.349365
570.555 4309.88 98.0879 0.454291 10.4451 0.276596
571.635 4309.88 101.32 0.456565 10.4451 0.497549
572.715 4309.88 103.33 0.392701 12.5246 0.352651
573.795 4309.88 113.022 0.452332 10.4451 0.63998
574.875 4309.88 120.31 0.426657 11.3527 0.803251
575.955 4309.88 137.689 0.479258 9.49473 1.3694
577.035 4309.88 161.09 0.346101 14.0726 1.1058
578.115 4309.88 187.065 0.373992 13.094 1.50046
579.195 4309.88 260.861 0.491744 8.50495 2.21809
580.275 4309.88 390.244 0.501434 8.11458 10.8747
581.355 4309.88 455.484 0.537558 8.65621 14.7735
582.435 4309.88 594.918 0.393436 10.7328 13.4097
583.515 4309.88 707.588 0.507809 8.93129 3.88637
584.595 4309.88 671.38 0.432676 8.70318 14.0658
585.675 4309.88 734.786 0.422259 10.2558 6.3125
586.755 4309.88 785.293 0.479114 10.2249 7.34532
587.835 4309.88 782.949 0.497917 8.60575 12.7046
588.915 4309.88 668.175 0.438608 11.7666 15.4049
589.995 4309.88 680.714 0.527009 7.86309 13.3604
591.075 4309.88 699.541 0.39881 10.1462 13.647
592.155 4309.88 620.195 0.527139 7.92849 23.0821
593.235 4309.88 555.619 0.481333 8.09319 12.7197
594.315 4309.88 655.587 0.485379 9.50768 5.68631
595.395 4309.88 617.622 0.486377 9.67132 11.3438
596.475 4309.88 555.404 0.502745 7.93055 8.87506
597.555 4309.88 594.641 0.536174 8.23462 14.6509
598.635 4309.88 579.015 0.624092 7.52741 17.1981
599.715 4309.88 492.788 0.601876 8.86489 18.5072
600.795 4309.88 541.487 0.453213 8.27341 11.8273
601.875 4309.88 562.15 0.539106 8.40023 8.54948
602.955 4309.88 658.771 0.534288 8.03244 9.54191
604.035 4309.88 730.844 0.536613 8.55411 11.0482
605.115 4309.88 702.484 0.512413 8.48533 9.50034

456.075 4308.8 -120 -0.06 0 0
457.155 4308.8 -120 -0.06 0 0
458.235 4308.8 -120 -0.06 0 0
459.315 4308.8 -120 -0.06 0 0
460.395 4308.8 -120 -0.06 0 0
461.475 4308.8 -120 -0.06 0 0
462.555 4308.8 -120 -0.06 0 0
463.635 4308.8 -120 -0.06 0 0
464.715 4308.8 -120 -0.06 0 0
465.795 4308.8 -120 -0.06 0 0
466.875 4308.8 -120 -0.06 0 0
467.955 4308.8 -120 -0.06 0 0
469.035 4308.8 -120 -0.06 0 0
470.115 4308.8 -120 -0.06 0 0
471.195 4308.8 -120 -0.06 0 0
472.275 4308.8 -120 -0.06 0 0
473.355 4308.8 -120 -0.06 0 0
474.435 4308.8 -120 -0.06 0 0
475.515 4308.8 -120 -0.06 0 0
476.595 4308.8 -120 -0.06 0 0
477.675 4308.8 -120 -0.06 0 0
478.755 4308.8 -120 -0.06 0 0
479.835 4308.8 -120 -0.06 0 0
480.915 4308.8 -120 -0.06 0 0
481.995 4308.8 -120 -0.06 0 0
483.075 4308.8 -120 -0.06 0 0
484.155 4308.8 12.9975 0.489831 10.2924 0.216972
485.235 4308.8 21.861 0.515987 9.54061 1.28311
486.315 4308.8 15.831 0.547858 8.76066 3.23964
487.395 4308.8 36.9821 0.578697 8.50835 18.2178
488.475 4308.8 264.558 0.559517 8.6049 6.72463
489.555 4308.8 40.1779 0.478986 11.3528 13.0764
490.635 4308.8 13.5124 0.523336 9.06443 3.44388
491.715 4308.8 -120 -0.06 0 0
492.795 4308.8 -120 -0.06 0 0
493.875 4308.8 -120 -0.06 0 0
494.955 4308.8 -120 -0.06 0 0
496.035 4308.8 -120 -0.06 0 0
497.115 4308.8 -120 -0.06 0 0
498.195 4308.8 2.12741 0.463554 10.4451 0.211769
499.275 4308.8 0.88026 0.441795 11.1383 0.64312
500.355 4308.8 -120 -0.06 0 0
501.435 4308.8 2.53306 0.45838 10.4451 0.0811318
502.515 4308.8 -120 -0.06 0 0
503.595 4308.8 -120 -0.06 0 0
504.675 4308.8 -120 -0.06 0 0
505.755 4308.8 45.7157 0.540464 8.4056 4.37026
506.835 4308.8 107.374 0.527926 9.21613 6.2866
507.915 4308.8 194.409 0.509856 8.52352 7.69276
508.995 4308.8 229.052 0.512256 8.52345 3.127
510.075 4308.8 258.184 0.470483 10.1449 6.42948
511.155 4308.8 310.946 0.556346 8.39363 8.39744
512.235 4308.8 282.078 0.47945 10.0786 2.55483
513.315 4308.8 262.565 0.350453 14.1681 9.50197
514.395 4308.8 378.492 0.632166 8.43799 17.1781
515.475 4308.8 496.419 0.538185 7.51002 19.231
516.555 4308.8 484.982 0.536502 8.39496 13.1917
517.635 4308.8 479.943 0.456825 10.746 3.90819
518.715 4308.8 445.187 0.444157 11.9301 8.89585
519.795 4308.8 551.716 0.503354 9.84902 6.36898
520.875 4308.8 691.652 0.523032 8.80292 5.87346
521.955 4308.8 723.506 0.705337 7.32835 20.4691
523.035 4308.8 763.813 0.506052 8.38709 8.2663
524.115 4308.8 654.704 0.477758 10.5855 6.14009
525.195 4308.8 543.477 0.483816 8.79218 10.0947
526.275 4308.8 547.291 0.533228 9.21704 5.13068
527.355 4308.8 512.939 0.492909 11.305 7.64754
528.435 4308.8 500.263 0.461308 10.6471 5.48826
529.515 4308.8 537.94 0.396748 13.3373 4.05186
530.595 4308.8 725.225 0.593187 8.12589 8.71338
531.675 4308.8 729.483 0.511391 10.3651 9.4305
532.755 4308.8 862.633 0.528743 7.9976 9.70231
533.835 4308.8 834.857 0.615303 8.60284 17.3429
534.915 4308.8 869.42 0.466279 9.97921 5.0047
535.995 4308.8 980.196 0.4964 9.19484 3.57249
537.075 4308.8 973.828 0.491436 8.69966 18.4411
538.155 4308.8 1028.37 0.542221 8.82366 4.78951
539.235 4308.8 727.251 0.762005 8.2705 26.7876
540.315 4308.8 578.858 0.651117 7.33822 16.754
541.395 4308.8 469.521 0.560967 9.21063 9.16029
542.475 4308.8 389.131 0.551803 10.581 12.5632
543.555 4308.8 327.897 0.416773 13.2269 3.68013
544.635 4308.8 324.809 0.486326 10.8692 6.24519
545.715 4308.8 510.097 0.536779 8.09836 9.97932
546.795 4308.8 408.872 0.460748 10.7578 2.49336
547.875 4308.8 395.004 0.478857 9.28946 6.33337
548.955 4308.8 457.462 0.497867 10.1291 2.73772
550.035 4308.8 467.404 0.566733 8.46194 14.0528
551.115 4308.8 447.063 0.471382 8.6594 11.6812
552.195 4308.8 305.592 0.530291 7.64036 11.4047
553.275 4308.8 160.973 0.473107 10.392 2.69604
554.355 4308.8 147.59 0.481025 9.64172 2.75812
555.435 4308.8 128.731 0.336481 15.2235 0.732739
556.515 4308.8 144.949 0.527328 8.87408 3.31442
557.595 4308.8 143.409 0.495452 9.46483 5.52593
558.675 4308.8 156.823 0.480217 9.95056 0.712834
559.755 4308.8 165.601 0.476914 10.2904 2.09401
560.835 4308.8 177.208 0.476171 10.0042 2.02111
561.915 4308.8 169.396 0.438503 11.5437 1.31987
562.995 4308.8 151.782 0.401293 12.7096 1.60122
564.075 4308.8 129.157 0.389122 12.7546 1.35031
565.155 4308.8 125.58 0.491876 9.46338 4.60496
566.235 4308.8 103.634 0.462633 10.026 2.25543
567.315 4308.8 92.5651 0.363835 13.8124 0.630824
568.395 4308.8 88.9849 0.285726 17.7442 0.0589841
569.475 4308.8 94.6453 0.458461 10.4451 0.0944752
570.555 4308.8 92.9322 0.427205 11.5437 0.486445
571.635 4308.8 97.337 0.456 10.4451 0.42071
572.715 4308.8 106.272 0.44695 10.4451 1.45137
573.795 4308.8 110.283 0.454706 10.4451 0.729665
574.875 4308.8 121.922 0.45632 10.1858 0.771231
575.955 4308.8 149.556 0.501302 9.67034 4.81936
577.035 4308.8 187.886 0.437611 10.6714 2.22812
578.115 4308.8 239.2 0.4854 8.87194 1.81166
579.195 4308.8 301.269 0.47404 7.88694 11.8454
580.275 4308.8 368.88 0.45611 8.23282 13.9436
581.355 4308.8 505.649 0.555105 7.97238 11.2501
582.435 4308.8 640.062 0.555081 7.54147 8.86979
583.515 4308.8 723.567 0.499122 8.51109 1.41803
584.595 4308.8 752.434 0.513477 8.33086 9.54151
585.675 4308.8 832.542 0.491952 8.27613 9.64322
586.755 4308.8 791.428 0.367093 11.6752 8.02077
587.835 4308.8 859.609 0.525936 8.02076 4.07771
588.915 4308.8 686.851 0.539878 7.84798 6.65705
589.995 4308.8 571.979 0.591302 7.95922 20.4403
591.075 4308.8 693.952 0.477465 9.07741 4.05391
592.155 4308.8 533.319 0.579374 10.9638 22.1898
593.235 4308.8 561.151 0.539693 7.49316 15.987
594.315 4308.8 587.406 0.516324 8.84555 11.1561
595.395 4308.8 608.656 0.522016 7.95118 9.82001
596.475 4308.8 486.849 0.536853 8.23945 10.1516
597.555 4308.8 527.931 0.580473 8.06144 13.9618
598.635 4308.8 440.708 0.357943 11.2115 11.7109
599.715 4308.8 545.508 0.464879 9.46277 5.00417
600.795 4308.8 635.392 0.458853 7.62123 12.9514
601.875 4308.8 595.461 0.500972 7.99635 5.33079
602.955 4308.8 560.824 0.32734 13.1889 9.30367
604.035 4308.8 641.456 0.461617 9.41153 8.00325
605.115 4308.8 680.615 0.466636 10.5794 8.67677

456.075 4307.72 -120 -0.06 0 0
457.155 4307.72 -120 -0.06 0 0
458.235 4307.72 -120 -0.06 0 0
459.315 4307.72 -120 -0.06 0 0
460.395 4307.72 -120 -0.06 0 0
461.475 4307.72 -120 -0.06 0 0
462.555 4307.72 -120 -0.06 0 0
463.635 4307.72 -120 -0.06 0 0
464.715 4307.72 -120 -0.06 0 0
465.795 4307.72 -120 -0.06 0 0
466.875 4307.72 -120 -0.06 0 0
467.955 4307.72 -120 -0.06 0 0
469.035 4307.72 -120 -0.06 0 0
470.115 4307.72 -120 -0.06 0 0
471.195 4307.72 -120 -0.06 0 0
472.275 4307.72 -120 -0.06 0 0
473.355 4307.72 -120 -0.06 0 0
474.435 4307.72 -120 -0.06 0 0
475.515 4307.72 -120 -0.06 0 0
476.595 4307.72 -120 -0.06 0 0
477.675 4307.72 -120 -0.06 0 0
478.755 4307.72 -120 -0.06 0 0
479.835 4307.72 -120 -0.06 0 0
480.915 4307.72 -120 -0.06 0 0
481.995 4307.72 -120 -0.06 0 0
483.075 4307.72 -120 -0.06 0 0
484.155 4307.72 26.4963 0.537914 8.74893 1.08671
485.235 4307.72 5.37507 0.476277 10.6424 0.619335
486.315 4307.72 -120 -0.06 0 0
487.395 4307.72 52.6621 0.541288 8.39897 12.2537
488.475 4307.72 19.391 0.548454 9.42509 7.97794
489.555 4307.72 5.53666 0.5351 8.44302 3.81911
490.635 4307.72 -120 -0.06 0 0
491.715 4307.72 -120 -0.06 0 0
492.795 4307.72 -120 -0.06 0 0
493.875 4307.72 -120 -0.06 0 0
494.955 4307.72 -120 -0.06 0 0
496.035 4307.72 -120 -0.06 0 0
497.115 4307.72 -120 -0.06 0 0
498.195 4307.72 -120 -0.06 0 0
499.275 4307.72 -120 -0.06 0 0
500.355 4307.72 1.03693 0.458757 10.4451 0.12933
501.435 4307.72 1.11531 0.488823 9.26895 3.95298
502.515 4307.72 -120 -0.06 0 0
503.595 4307.72 -120 -0.06 0 0
504.675 4307.72 1 0.364738 13.5362 0.444379
505.755 4307.72 49.8124 0.525277 8.50177 6.99551
506.835 4307.72 130.242 0.532709 8.90923 8.38243
507.915 4307.72 168.536 0.502486 8.28108 12.011
508.995 4307.72 250.447 0.518372 8.19418 1.62755
510.075 4307.72 304.71 0.487425 9.18352 3.43537
511.155 4307.72 232.053 0.470261 11.7167 7.94743
512.235 4307.72 340.5 0.522645 8.61502 4.6861
513.315 4307.72 319.379 0.458982 10.2885 6.21708
514.395 4307.72 416.71 0.514638 7.7839 7.72561
515.475 4307.72 518.211 0.562823 8.3213 11.7184
516.555 4307.72 580.496 0.506743 9.67878 3.59748
517.635 4307.72 543.309 0.499126 8.79928 8.09926
518.715 4307.72 413.836 0.419543 12.2623 9.79164
519.795 4307.72 490.732 0.570373 9.09716 10.2782
520.875 4307.72 510.427 0.504392 10.3909 9.55512
521.955 4307.72 528.711 0.443474 11.927 2.50769
523.035 4307.72 724.335 0.628327 7.47654 14.6359
524.115 4307.72 702.283 0.533522 9.37451 9.16792
525.195 4307.72 685.762 0.563234 8.01009 5.70337
526.275 4307.72 591.43 0.522899 8.77098 2.09318
527.355 4307.72 600.867 0.543513 8.03188 7.19388
528.435 4307.72 553.646 0.585104 8.17685 16.9689
529.515 4307.72 519.655 0.432299 12.6848 7.90649
530.595 4307.72 689.317 0.518499 8.16201 10.9352
531.675 4307.72 717.633 0.554731 9.22877 9.74651
532.755 4307.72 787.387 0.598013 8.0958 16.2378
533.835 4307.72 737.723 0.512135 8.30274 11.67
534.915 4307.72 972.574 0.548339 8.41492 8.46465
535.995 4307.72 898.749 0.549964 9.67928 8.39684
537.075 4307.72 1033.01 0.516771 8.019 9.03329
538.155 4307.72 746.752 0.71815 9.75904 26.664
539.235 4307.72 651.034 0.746408 6.89434 25.7044
540.315 4307.72 443.207 0.506286 10.196 7.40666
541.395 4307.72 356.046 0.430615 13.4674 6.69638
542.475 4307.72 399.378 0.611095 7.96833 10.8852
543.555 4307.72 319.629 0.520341 9.14806 6.83911
544.635 4307.72 326.064 0.492457 8.6616 15.1642
545.715 4307.72 432.227 0.518271 10.433 8.77388
546.795 4307.72 518.708 0.491818 8.27698 10.2595
547.875 4307.72 483.959 0.532823 9.63201 8.68946
548.955 4307.72 427.459 0.572988 8.08803 11.0219
550.035 4307.72 457.87 0.595083 7.9144 10.8644
551.115 4307.72 522.914 0.514186 8.45913 5.49337
552.195 4307.72 334.328 0.574942 6.90705 25.2986
553.275 4307.72 165.587 0.519688 9.06849 2.03205
554.355 4307.72 131.942 0.37563 13.8778 0.788758
555.435 4307.72 121.536 0.443059 11.5261 0.756568
556.515 4307.72 115.498 0.408424 12.661 0.464446
557.595 4307.72 142.358 0.498842 8.7627 9.16672
558.675 4307.72 174.753 0.527105 8.90987 5.34414
559.755 4307.72 143.779 0.420474 12.3633 3.07777
560.835 4307.72 158.309 0.474661 10.6695 2.37109
561.915 4307.72 178.346 0.477045 10.3551 1.36341
562.995 4307.72 153.944 0.509024 9.22144 2.51902
564.075 4307.72 136.626 0.444365 11.1383 0.698219
565.155 4307.72 149.739 0.457873 10.4451 1.51536
566.235 4307.72 153.124 0.488878 9.63731 0.986047
567.315 4307.72 101.845 0.481625 9.56772 4.28661
568.395 4307.72 88.0778 0.462157 10.4451 0.384864
569.475 4307.72 87.8685 0.425562 11.5437 0.318733
570.555 4307.72 90.8124 0.459546 10.4451 0.433102
571.635 4307.72 92.2753 0.397565 12.5246 0.45376
572.715 4307.72 99.1273 0.435622 11.0466 0.508223
573.795 4307.72 105.955 0.45676 10.4451 0.386964
574.875 4307.72 121.038 0.460923 9.75207 3.11274
575.955 4307.72 189.807 0.491635 9.61087 3.77606
577.035 4307.72 237.56 0.433197 9.1753 13.2245
578.115 4307.72 207.207 0.499287 9.64574 4.57388
579.195 4307.72 257.953 0.514742 8.05276 8.15302
580.275 4307.72 319.532 0.598648 7.81968 12.1995
581.355 4307.72 380.264 0.547406 8.49996 7.99228
582.435 4307.72 565.049 0.528418 7.45983 7.82221
583.515 4307.72 633.022 0.458884 8.67925 7.55623
584.595 4307.72 641.04 0.519289 10.5315 13.2484
585.675 4307.72 806.411 0.461918 8.58576 7.26904
586.755 4307.72 829.728 0.538811 8.25913 13.5116
587.835 4307.72 674.988 0.552153 8.57865 10.5658
588.915 4307.72 636.291 0.46786 7.92276 18.4439
589.995 4307.72 512.882 0.573803 7.74876 19.6836
591.075 4307.72 688.108 0.598192 7.74979 14.4223
592.155 4307.72 504.79 0.502828 9.64312 9.92193
593.235 4307.72 415.853 0.364835 13.8706 12.0876
594.315 4307.72 503.431 0.499066 8.51649 8.77062
595.395 4307.72 463.988 0.594047 7.70021 15.3988
596.475 4307.72 425.59 0.3745 15.7715 15.1568
597.555 4307.72 431.442 0.399584 10.2786 9.68396
598.635 4307.72 579.486 0.522039 7.36283 8.62665
599.715 4307.72 662.248 0.496439 8.79158 12.7956
600.795 4307.72 917.456 0.523028 9.85702 12.0439
601.875 4307.72 681.032 0.426326 9.97135 5.68285
602.955 4307.72 672.412 0.449461 8.36124 10.0954
604.035 4307.72 649.385 0.509254 8.51959 5.65023
605.115 4307.72 731.771 0.463493 8.78733 4.80802

456.075 4306.64 -120 -0.06 0 0
457.155 4306.64 -120 -0.06 0 0
458.235 4306.64 -120 -0.06 0 0
459.315 4306.64 -120 -0.06 0 0
460.395 4306.64 -120 -0.06 0 0
461.475 4306.64 -120 -0.06 0 0
462.555 4306.64 -120 -0.06 0 0
463.635 4306.64 -120 -0.06 0 0
464.715 4306.64 -120 -0.06 0 0
465.795 4306.64 -120 -0.06 0 0
466.875 4306.64 -120 -0.06 0 0
467.955 4306.64 -120 -0.06 0 0
469.035 4306.64 -120 -0.06 0 0
470.115 4306.64 -120 -0.06 0 0
471.195 4306.64 -120 -0.06 0 0
472.275 4306.64 -120 -0.06 0 0
473.355 4306.64 -120 -0.06 0 0
474.435 4306.64 -120 -0.06 0 0
475.515 4306.64 -120 -0.06 0 0
476.595 4306.64 -120 -0.06 0 0
477.675 4306.64 -120 -0.06 0 0
478.755 4306.64 -120 -0.06 0 0
479.835 4306.64 -120 -0.06 0 0
480.915 4306.64 -120 -0.06 0 0
481.995 4306.64 -120 -0.06 0 0
483.075 4306.64 -120 -0.06 0 0
484.155 4306.64 -120 -0.06 0 0
485.235 4306.64 -120 -0.06 0 0
486.315 4306.64 -120 -0.06 0 0
487.395 4306.64 -120 -0.06 0 0
488.475 4306.64 -120 -0.06 0 0
489.555 4306.64 -120 -0.06 0 0
490.635 4306.64 -120 -0.06 0 0
491.715 4306.64 -120 -0.06 0 0
492.795 4306.64 -120 -0.06 0 0
493.875 4306.64 -120 -0.06 0 0
494.955 4306.64 -120 -0.06 0 0
496.035 4306.64 -120 -0.06 0 0
497.115 4306.64 -120 -0.06 0 0
498.195 4306.64 -120 -0.06 0 0
499.275 4306.64 -120 -0.06 0 0
500.355 4306.64 -120 -0.06 0 0
501.435 4306.64 -120 -0.06 0 0
502.515 4306.64 -120 -0.06 0 0
503.595 4306.64 3.95538 0.461211 10.284 0.61428
504.675 4306.64 37.2809 0.489242 9.04568 4.80628
505.755 4306.64 48.3234 0.497623 8.64946 4.04351
506.835 4306.64 47.031 0.422771 12.0666 3.57234
507.915 4306.64 106.194 0.542102 8.22438 4.67213
508.995 4306.64 117.771 0.419674 10.7665 8.78595
510.075 4306.64 268.935 0.590937 7.79337 9.0329
511.155 4306.64 232.393 0.615639 7.8827 14.1405
512.235 4306.64 337.951 0.509327 9.00021 1.08316
513.315 4306.64 351.181 0.45504 10.6312 3.13266
514.395 4306.64 448.46 0.496573 7.94408 8.81322
515.475 4306.64 548.078 0.510282 8.23764 4.60806
516.555 4306.64 547.634 0.568397 8.06766 7.59345
517.635 4306.64 498.771 0.558807 9.08289 10.5357
518.715 4306.64 410.992 0.608416 8.17847 15.2993
519.795 4306.64 403.016 0.455826 11.4554 2.52893
520.875 4306.64 431.645 0.49958 10.11 8.20811
521.955 4306.64 509.424 0.517106 9.15613 2.90012
523.035 4306.64 641.038 0.669192 7.79296 22.1442
524.115 4306.64 637.743 0.541578 8.62517 4.72174
525.195 4306.64 583.873 0.493818 9.93847 7.62116
526.275 4306.64 561.285 0.564365 9.26631 12.3055
527.355 4306.64 541.181 0.550684 9.45201 10.6142
528.435 4306.64 455.319 0.510967 9.45044 4.43238
529.515 4306.64 503.979 0.488473 8.59811 9.55742
530.595 4306.64 610.871 0.501348 7.95286 14.6493
531.675 4306.64 697.384 0.544947 8.45004 2.78715
532.755 4306.64 638.425 0.413803 12.045 14.6662
533.835 4306.64 854.162 0.527743 8.66183 7.76341
534.915 4306.64 795.529 0.428079 10.8925 11.8488
535.995 4306.64 951.414 0.628044 8.16854 14.695
537.075 4306.64 934.897 0.565734 7.87748 14.7491
538.155 4306.64 652.961 0.620821 8.07557 11.4195
539.235 4306.64 535.144 0.468985 9.79878 7.27478
540.315 4306.64 512.075 0.475074 8.94189 10.9944
541.395 4306.64 475.97 0.531457 7.74782 9.63624
542.475 4306.64 398.591 0.533491 7.73566 14.5645
543.555 4306.64 315.688 0.570326 8.95693 8.56309
544.635 4306.64 298.725 0.529812 9.6823 11.511
545.715 4306.64 487.453 0.587192 8.20398 12.1398
546.795 4306.64 525.675 0.571979 8.45467 8.52319
547.875 4306.64 455.63 0.553407 8.26457 12.0083
548.955 4306.64 343.748 0.53375 8.37835 9.69277
550.035 4306.64 336.636 0.56919 8.59375 10.8842
551.115 4306.64 401.481 0.530511 8.72342 15.2399
552.195 4306.64 502.332 0.615921 7.94304 16.0861
553.275 4306.64 161.268 0.49395 9.55241 6.14972
554.355 4306.64 135.402 0.49427 9.9005 0.650658
555.435 4306.64 112.711 0.457187 11.0911 0.21528
556.515 4306.64 109.452 0.4753 10.4451 0.281958
557.595 4306.64 103.738 0.31365 15.8962 0.636298
558.675 4306.64 117.665 0.422777 12.6954 3.56701
559.755 4306.64 119.939 0.446855 11.4662 1.77958
560.835 4306.64 147.67 0.484655 10.0473 0.86541
561.915 4306.64 131.5 0.478386 10.7048 3.14111
562.995 4306.64 126.853 0.506609 9.44558 2.28344
564.075 4306.64 123.951 0.497637 9.67588 2.76923
565.155 4306.64 108.859 0.451171 11.1451 1.42687
566.235 4306.64 106.571 0.489167 9.73868 0.893069
567.315 4306.64 98.6863 0.482383 9.9867 1.17802
568.395 4306.64 85.0004 0.289799 17.7879 0.348213
569.475 4306.64 86.7164 0.464503 10.4451 0.766933
570.555 4306.64 86.0464 0.440038 11.1383 0.599005
571.635 4306.64 86.8469 0.429004 11.5437 0.535597
572.715 4306.64 91.5888 0.423745 11.7523 0.989625
573.795 4306.64 152.065 0.483423 8.5236 11.9005
574.875 4306.64 147.774 0.497406 9.07248 2.96543
575.955 4306.64 224.363 0.49073 8.66443 3.19871
577.035 4306.64 247.236 0.468223 10.4451 3.38518
578.115 4306.64 283.897 0.470715 8.58935 6.97292
579.195 4306.64 299.844 0.523549 9.14276 6.42678
580.275 4306.64 319.456 0.419099 11.3503 1.62694
581.355 4306.64 344.088 0.4786 8.39079 7.45344
582.435 4306.64 555.035 0.513325 8.25089 17.7005
583.515 4306.64 610.635 0.510282 7.82898 3.94638
584.595 4306.64 609.665 0.406824 10.8579 7.10018
585.675 4306.64 785.725 0.532658 9.91402 12.1398
586.755 4306.64 893.93 0.576909 8.17686 11.4761
587.835 4306.64 678.033 0.48897 8.89965 4.76251
588.915 4306.64 637.629 0.571622 7.54929 18.488
589.995 4306.64 458.739 0.43031 8.78184 16.1443
591.075 4306.64 488.974 0.521064 8.06464 14.9836
592.155 4306.64 453.261 0.471726 9.69129 3.72247
593.235 4306.64 374.062 0.363222 14.3016 11.7274
594.315 4306.64 374.61 0.527729 8.95227 9.8316
595.395 4306.64 451.596 0.412692 9.29295 12.7671
596.475 4306.64 562.851 0.445768 7.41376 19.1509
597.555 4306.64 549.472 0.430654 9.37692 6.56062
598.635 4306.64 678.348 0.426158 8.25343 17.1765
599.715 4306.64 753.986 0.536721 8.17873 12.0964
600.795 4306.64 753.969 0.507242 8.58456 3.70469
601.875 4306.64 880.456 0.53686 8.68728 11.6617
602.955 4306.64 652.059 0.402603 9.75688 11.6988
604.035 4306.64 636.516 0.514947 9.01605 10.1796
605.115 4306.64 607.01 0.463572 9.95329 7.73962

456.075 4305.56 -120 -0.06 0 0
457.155 4305.56 -120 -0.06 0 0
458.235 4305.56 -120 -0.06 0 0
459.315 4305.56 -120 -0.06 0 0
460.395 4305.56 -120 -0.06 0 0
461.475 4305.56 -120 -0.06 0 0
462.555 4305.56 -120 -0.06 0 0
463.635 4305.56 -120 -0.06 0 0
464.715 4305.56 -120 -0.06 0 0
465.795 4305.56 -120 -0.06 0 0
466.875 4305.56 -120 -0.06 0 0
467.955 4305.56 -120 -0.06 0 0
469.035 4305.56 -120 -0.06 0 0
470.115 4305.56 -120 -0.06 0 0
471.195 4305.56 -120 -0.06 0 0
472.275 4305.56 -120 -0.06 0 0
473.355 4305.56 -120 -0.06 0 0
474.435 4305.56 -120 -0.06 0 0
475.515 4305.56 -120 -0.06 0 0
476.595 4305.56 -120 -0.06 0 0
477.675 4305.56 -120 -0.06 0 0
478.755 4305.56 -120 -0.06 0 0
479.835 4305.56 -120 -0.06 0 0
480.915 4305.56 -120 -0.06 0 0
481.995 4305.56 -120 -0.06 0 0
483.075 4305.56 -120 -0.06 0 0
484.155 4305.56 -120 -0.06 0 0
485.235 4305.56 -120 -0.06 0 0
486.315 4305.56 -120 -0.06 0 0
487.395 4305.56 -120 -0.06 0 0
488.475 4305.56 -120 -0.06 0 0
489.555 4305.56 -120 -0.06 0 0
490.635 4305.56 -120 -0.06 0 0
491.715 4305.56 -120 -0.06 0 0
492.795 4305.56 -120 -0.06 0 0
493.875 4305.56 -120 -0.06 0 0
494.955 4305.56 -120 -0.06 0 0
496.035 4305.56 -120 -0.06 0 0
497.115 4305.56 -120 -0.06 0 0
498.195 4305.56 -120 -0.06 0 0
499.275 4305.56 -120 -0.06 0 0
500.355 4305.56 -120 -0.06 0 0
501.435 4305.56 -120 -0.06 0 0
502.515 4305.56 -120 -0.06 0 0
503.595 4305.56 5.90698 0.464636 10.1126 0.968483
504.675 4305.56 4.746 0.482083 9.91406 1.79385
505.755 4305.56 14.7456 0.445896 11.5145 3.27827
506.835 4305.56 45.4146 0.504758 8.6881 5.35548
507.915 4305.56 45.9068 0.389854 12.5272 2.92533
508.995 4305.56 127.118 0.504386 9.13091 3.35516
510.075 4305.56 140.733 0.528825 8.56725 7.29527
511.155 4305.56 175.159 0.633201 8.30074 16.3062
512.235 4305.56 295.407 0.446625 8.66164 17.5454
513.315 4305.56 373.842 0.577232 8.58268 12.3943
514.395 4305.56 504.532 0.513622 8.96997 1.35944
515.475 4305.56 493.271 0.519503 9.12643 5.33744
516.555 4305.56 496.347 0.48309 9.36722 3.81947
517.635 4305.56 414.663 0.471509 11.8573 15.5119
518.715 4305.56 334.989 0.384801 13.7268 1.10779
519.795 4305.56 385.837 0.523005 8.19343 3.42909
520.875 4305.56 521.217 0.498298 7.69632 19.7653
521.955 4305.56 498.537 0.384898 13.2475 3.22939
523.035 4305.56 529.666 0.52504 9.32784 3.23524
524.115 4305.56 503.947 0.444 11.841 2.54326
525.195 4305.56 623.845 0.499214 9.3068 5.95222
526.275 4305.56 535.878 0.558288 8.59918 16.3927
527.355 4305.56 481.891 0.585172 7.54595 11.0175
528.435 4305.56 470.925 0.536336 8.20756 5.86431
529.515 4305.56 529.731 0.590399 8.31629 9.71935
530.595 4305.56 564.92 0.534322 8.38872 9.00143
531.675 4305.56 596.577 0.560619 8.51886 6.26076
532.755 4305.56 576.229 0.470978 12.4989 9.22009
533.835 4305.56 720.239 0.485647 8.24409 13.8819
534.915 4305.56 683.966 0.436641 11.4055 5.28491
535.995 4305.56 786.423 0.518129 8.53992 9.59163
537.075 4305.56 857.429 0.571711 8.2943 4.16284
538.155 4305.56 813.206 0.533106 7.33327 12.6668
539.235 4305.56 833.332 0.542736 7.32947 23.6661
540.315 4305.56 740.39 0.68803 7.33196 19.8272
541.395 4305.56 569.639 0.561532 8.05878 1.36834
542.475 4305.56 399.665 0.586199 8.05533 21.9981
543.555 4305.56 221.358 0.346318 14.7569 4.06114
544.635 4305.56 308.959 0.596814 8.9836 13.8538
545.715 4305.56 362.222 0.52686 9.88678 8.13623
546.795 4305.56 449.488 0.519537 7.96584 13.8343
547.875 4305.56 400.006 0.589704 8.08271 8.87863
548.955 4305.56 318.436 0.57278 8.15039 7.06319
550.035 4305.56 273.602 0.465201 11.4085 3.56541
551.115 4305.56 457.372 0.594304 7.93241 12.5917
552.195 4305.56 364.071 0.667349 7.28405 17.0915
553.275 4305.56 176.582 0.557914 8.094 9.59447
554.355 4305.56 120.56 0.407661 12.9738 0.64012
555.435 4305.56 102.076 0.355408 14.5539 0.79692
556.515 4305.56 102.473 0.477763 10.4451 0.501797
557.595 4305.56 98.5995 0.445737 11.5437 0.642872
558.675 4305.56 96.4013 0.475841 10.4451 0.482744
559.755 4305.56 110.503 0.503606 9.44918 2.71901
560.835 4305.56 126.402 0.520132 9.19597 4.18156
561.915 4305.56 105.142 0.40638 12.724 0.764233
562.995 4305.56 102.332 0.401459 12.9021 1.56442
564.075 4305.56 100.467 0.443285 11.4275 0.940959
565.155 4305.56 90.4812 0.40399 12.7978 1.09161
566.235 4305.56 93.7357 0.479607 10.1323 1.18559
567.315 4305.56 82.0929 0.467278 10.3969 0.622492
568.395 4305.56 90.7561 0.463406 10.1263 3.33386
569.475 4305.56 98.5985 0.455523 9.22587 9.8284
570.555 4305.56 83.2446 0.287998 16.7514 0.319399
571.635 4305.56 83.0155 0.41913 11.8314 0.485227
572.715 4305.56 88.9147 0.498294 9.59426 4.24763
573.795 4305.56 145.414 0.469895 9.68584 7.1542
574.875 4305.56 169.33 0.45395 9.8864 3.52184
575.955 4305.56 215.78 0.463574 10.4451 9.18656
577.035 4305.56 266.621 0.512591 8.38015 10.8825
578.115 4305.56 269.695 0.541285 9.60074 11.256
579.195 4305.56 356.216 0.550846 8.04719 6.8623
580.275 4305.56 384.444 0.47823 8.61222 4.76246
581.355 4305.56 393.811 0.449369 9.47304 10.6202
582.435 4305.56 516.207 0.599305 8.13846 20.5875
583.515 4305.56 670.871 0.52319 8.65973 4.60338
584.595 4305.56 721.451 0.462221 9.03886 9.84938
585.675 4305.56 904.546 0.526069 8.34958 10.2321
586.755 4305.56 719.865 0.540755 9.28812 11.0028
587.835 4305.56 581.507 0.510965 9.64461 15.548
588.915 4305.56 479.274 0.493016 11.665 14.0171
589.995 4305.56 407.043 0.472249 12.87 16.3565
591.075 4305.56 415.852 0.535681 8.28216 7.63635
592.155 4305.56 453.422 0.473104 9.63942 3.02139
593.235 4305.56 382.66 0.521626 8.06156 10.4059
594.315 4305.56 392.795 0.500936 8.26748 11.6731
595.395 4305.56 689.504 0.690942 8.43536 27.0763
596.475 4305.56 881.278 0.592237 7.34052 25.9936
597.555 4305.56 632.453 0.669573 7.48767 22.6048
598.635 4305.56 674.54 0.555798 7.97472 9.66778
599.715 4305.56 628.313 0.38355 12.7953 4.72188
600.795 4305.56 759.709 0.565714 7.83345 16.661
601.875 4305.56 763.281 0.447111 8.90839 6.41438
602.955 4305.56 681.575 0.479747 9.56981 10.8478
604.035 4305.56 602.59 0.525089 7.97086 9.82922
605.115 4305.56 557.386 0.472128 8.98591 12.5208

456.075 4304.48 -120 -0.06 0 0
457.155 4304.48 -120 -0.06 0 0
458.235 4304.48 -120 -0.06 0 0
459.315 4304.48 -120 -0.06 0 0
460.395 4304.48 -120 -0.06 0 0
461.475 4304.48 -120 -0.06 0 0
462.555 4304.48 -120 -0.06 0 0
463.635 4304.48 -120 -0.06 0 0
464.715 4304.48 -120 -0.06 0 0
465.795 4304.48 -120 -0.06 0 0
466.875 4304.48 -120 -0.06 0 0
467.955 4304.48 -120 -0.06 0 0
469.035 4304.48 -120 -0.06 0 0
470.115 4304.48 -120 -0.06 0 0
471.195 4304.48 -120 -0.06 0 0
472.275 4304.48 -120 -0.06 0 0
473.355 4304.48 -120 -0.06 0 0
474.435 4304.48 -120 -0.06 0 0
475.515 4304.48 -120 -0.06 0 0
476.595 4304.48 -120 -0.06 0 0
477.675 4304.48 -120 -0.06 0 0
478.755 4304.48 -120 -0.06 0 0
479.835 4304.48 -120 -0.06 0 0
480.915 4304.48 -120 -0.06 0 0
481.995 4304.48 -120 -0.06 0 0
483.075 4304.48 -120 -0.06 0 0
484.155 4304.48 -120 -0.06 0 0
485.235 4304.48 -120 -0.06 0 0
486.315 4304.48 -120 -0.06 0 0
487.395 4304.48 -120 -0.06 0 0
488.475 4304.48 -120 -0.06 0 0
489.555 4304.48 -120 -0.06 0 0
490.635 4304.48 -120 -0.06 0 0
491.715 4304.48 -120 -0.06 0 0
492.795 4304.48 -120 -0.06 0 0
493.875 4304.48 -120 -0.06 0 0
494.955 4304.48 -120 -0.06 0 0
496.035 4304.48 -120 -0.06 0 0
497.115 4304.48 -120 -0.06 0 0
498.195 4304.48 -120 -0.06 0 0
499.275 4304.48 -120 -0.06 0 0
500.355 4304.48 -120 -0.06 0 0
501.435 4304.48 -120 -0.06 0 0
502.515 4304.48 -120 -0.06 0 0
503.595 4304.48 1 0.458445 10.4451 0.0277241
504.675 4304.48 4.03742 0.462063 10.4451 0.423087
505.755 4304.48 3.88905 0.391873 12.843 0.763606
506.835 4304.48 27.5007 0.51953 9.20888 5.86574
507.915 4304.48 69.9052 0.477711 9.5362 9.66578
508.995 4304.48 95.9515 0.425268 11.8224 3.33604
510.075 4304.48 98.7177 0.373697 13.6298 6.49394
511.155 4304.48 211.789 0.497596 8.74831 6.96597
512.235 4304.48 260.789 0.538298 8.77407 5.94696
513.315 4304.48 376.775 0.501421 8.47141 5.19485
514.395 4304.48 462.272 0.553527 8.09788 5.62323
515.475 4304.48 498.46 0.543921 8.30067 5.66329
516.555 4304.48 411.889 0.562822 9.01138 8.80219
517.635 4304.48 375.276 0.498852 8.81467 10.7359
518.715 4304.48 338.132 0.511928 8.96739 4.90774
519.795 4304.48 475.96 0.468791 8.192 18.8436
520.875 4304.48 537.827 0.517592 9.44122 4.17188
521.955 4304.48 466.075 0.45826 12.9285 14.403
523.035 4304.48 525.051 0.501866 9.43756 1.49011
524.115 4304.48 508.136 0.542042 8.66868 3.11326
525.195 4304.48 546.368 0.580324 8.10053 6.56361
526.275 4304.48 534.972 0.524922 8.84232 2.02636
527.355 4304.48 390.866 0.37654 14.1944 4.73769
528.435 4304.48 481.598 0.547835 8.38685 4.00775
529.515 4304.48 506.165 0.533056 8.15345 4.52856
530.595 4304.48 522.269 0.594111 8.33105 11.0211
531.675 4304.48 513.962 0.557648 9.41382 8.26488
532.755 4304.48 599.59 0.581681 8.64461 11.7608
533.835 4304.48 708.584 0.71784 7.33976 20.8666
534.915 4304.48 699.891 0.510064 8.95018 16.5647
535.995 4304.48 778.112 0.562881 8.15489 2.70787
537.075 4304.48 850.262 0.530221 8.86282 3.92671
538.155 4304.48 841.228 0.651164 8.139 15.5846
539.235 4304.48 720.243 0.56475 7.93897 10.6958
540.315 4304.48 589.64 0.582809 8.02012 5.64452
541.395 4304.48 426.276 0.516469 10.3134 12.4501
542.475 4304.48 255.712 0.542677 9.72205 10.4349
543.555 4304.48 209.198 0.439404 11.8784 4.40292
544.635 4304.48 248.731 0.457356 11.6032 3.03445
545.715 4304.48 398.971 0.563537 8.0638 1.86758
546.795 4304.48 374.694 0.572695 8.83665 9.44473
547.875 4304.48 285.253 0.436962 11.9438 7.79358
548.955 4304.48 255.661 0.55314 8.94932 6.04555
550.035 4304.48 248.034 0.556463 8.52071 3.16016
551.115 4304.48 324.758 0.547809 8.01664 8.95401
552.195 4304.48 223.162 0.547969 9.16757 6.20787
553.275 4304.48 138.276 0.442481 11.7062 1.86841
554.355 4304.48 116.238 0.487388 10.1432 0.588778
555.435 4304.48 102.896 0.357789 14.6083 0.106274
556.515 4304.48 94.6908 0.457134 11.1383 0.165142
557.595 4304.48 94.2811 0.477475 10.4451 0.340961
558.675 4304.48 90.8714 0.305567 17.3648 0.892198
559.755 4304.48 92.8162 0.440643 11.7263 0.83807
560.835 4304.48 101.976 0.481171 10.128 1.70101
561.915 4304.48 95.897 0.473833 10.4322 0.456279
562.995 4304.48 90.5561 0.366912 14.1087 0.788346
564.075 4304.48 102.238 0.477137 10.2636 1.44582
565.155 4304.48 87.5289 0.475101 9.96367 1.45652
566.235 4304.48 79.0158 0.293565 17.8266 0.148095
567.315 4304.48 80.3535 0.422097 11.9135 0.229377
568.395 4304.48 145.784 0.496397 9.41518 7.01081
569.475 4304.48 238.886 0.466809 8.24861 13.9322
570.555 4304.48 121.688 0.46308 8.47433 20.3607
571.635 4304.48 86.1996 0.490077 8.99529 3.01151
572.715 4304.48 80.677 0.286213 17.0047 0.201027
573.795 4304.48 93.143 0.485706 9.95065 2.50146
574.875 4304.48 138.896 0.513413 8.66766 8.40757
575.955 4304.48 141.211 0.459722 11.2512 5.59277
577.035 4304.48 182.124 0.379707 12.1849 5.55987
578.115 4304.48 241.574 0.439662 10.8899 4.87863
579.195 4304.48 364.193 0.550417 9.88461 16.3855
580.275 4304.48 485.153 0.599136 8.26679 13.9811
581.355 4304.48 462.154 0.485762 9.12289 5.49248
582.435 4304.48 491.507 0.431527 11.8466 10.7945
583.515 4304.48 605.328 0.57766 8.16738 12.0883
584.595 4304.48 692.083 0.454729 8.88158 10.0459
585.675 4304.48 999.568 0.470293 9.01273 4.52014
586.755 4304.48 755.331 0.524369 7.48101 12.1676
587.835 4304.48 591.005 0.532296 8.30306 5.41992
588.915 4304.48 490.893 0.365228 11.615 10.5908
589.995 4304.48 488.326 0.517292 7.78116 10.7576
591.075 4304.48 346.927 0.31914 15.5354 6.63262
592.155 4304.48 396.662 0.496157 8.98713 3.73204
593.235 4304.48 323.464 0.26202 16.2406 3.83909
594.315 4304.48 471.883 0.504676 8.86425 10.7983
595.395 4304.48 618.889 0.512696 8.36962 9.73091
596.475 4304.48 586.385 0.593723 8.23132 15.484
597.555 4304.48 653.916 0.450127 8.12904 13.6846
598.635 4304.48 724.501 0.451208 8.4785 9.65769
599.715 4304.48 703.013 0.440757 9.3614 9.88042
600.795 4304.48 685.292 0.35384 12.4479 3.91361
601.875 4304.48 807.924 0.465017 8.58602 6.23757
602.955 4304.48 718.49 0.490924 7.69815 10.2718
604.035 4304.48 597.858 0.443292 9.03726 5.99318
605.115 4304.48 556.786 0.471008 8.83707 8.07505

456.075 4303.4 -120 -0.06 0 0
457.155 4303.4 -120 -0.06 0 0
458.235 4303.4 -120 -0.06 0 0
459.315 4303.4 -120 -0.06 0 0
460.395 4303.4 -120 -0.06 0 0
461.475 4303.4 -120 -0.06 0 0
462.555 4303.4 -120 -0.06 0 0
463.635 4303.4 -120 -0.06 0 0
464.715 4303.4 -120 -0.06 0 0
465.795 4303.4 -120 -0.06 0 0
466.875 4303.4 -120 -0.06 0 0
467.955 4303.4 -120 -0.06 0 0
469.035 4303.4 -120 -0.06 0 0
470.115 4303.4 -120 -0.06 0 0
471.195 4303.4 -120 -0.06 0 0
472.275 4303.4 -120 -0.06 0 0
473.355 4303.4 -120 -0.06 0 0
474.435 4303.4 -120 -0.06 0 0
475.515 4303.4 -120 -0.06 0 0
476.595 4303.4 -120 -0.06 0 0
477.675 4303.4 -120 -0.06 0 0
478.755 4303.4 -120 -0.06 0 0
479.835 4303.4 -120 -0.06 0 0
480.915 4303.4 -120 -0.06 0 0
481.995 4303.4 -120 -0.06 0 0
483.075 4303.4 -120 -0.06 0 0
484.155 4303.4 -120 -0.06 0 0
485.235 4303.4 -120 -0.06 0 0
486.315 4303.4 -120 -0.06 0 0
487.395 4303.4 -120 -0.06 0 0
488.475 4303.4 -120 -0.06 0 0
489.555 4303.4 -120 -0.06 0 0
490.635 4303.4 -120 -0.06 0 0
491.715 4303.4 -120 -0.06 0 0
492.795 4303.4 -120 -0.06 0 0
493.875 4303.4 -120 -0.06 0 0
494.955 4303.4 -120 -0.06 0 0
496.035 4303.4 -120 -0.06 0 0
497.115 4303.4 -120 -0.06 0 0
498.195 4303.4 -120 -0.06 0 0
499.275 4303.4 -120 -0.06 0 0
500.355 4303.4 -120 -0.06 0 0
501.435 4303.4 -120 -0.06 0 0
502.515 4303.4 -120 -0.06 0 0
503.595 4303.4 -120 -0.06 0 0
504.675 4303.4 -120 -0.06 0 0
505.755 4303.4 1.14004 0.444704 11.016 0.485615
506.835 4303.4 113.645 0.510792 8.65653 1.00832
507.915 4303.4 78.1878 0.523472 9.33766 4.71872
508.995 4303.4 76.0452 0.494175 9.98808 4.63688
510.075 4303.4 138.017 0.515307 8.08409 5.22628
511.155 4303.4 207.045 0.487841 8.43381 9.14575
512.235 4303.4 210.692 0.451072 11.005 5.29823
513.315 4303.4 330.879 0.54371 7.71534 11.3869
514.395 4303.4 314.885 0.521109 9.05258 11.1739
515.475 4303.4 349.987 0.521569 8.76399 14.9546
516.555 4303.4 359.211 0.516333 9.17173 3.10484
517.635 4303.4 431.442 0.586732 8.25276 8.68113
518.715 4303.4 302.723 0.353715 14.6614 2.98215
519.795 4303.4 516.439 0.536962 8.21216 1.85121
520.875 4303.4 532.474 0.683669 7.6761 19.0349
521.955 4303.4 459.47 0.495834 8.81829 11.4938
523.035 4303.4 559.499 0.517287 8.95752 6.64286
524.115 4303.4 531.594 0.5475 7.86873 10.5314
525.195 4303.4 486.02 0.626022 7.62645 16.1424
526.275 4303.4 442.021 0.538034 9.4391 4.74335
527.355 4303.4 413.446 0.579869 8.068 14.8049
528.435 4303.4 401.951 0.528823 9.01877 8.11819
529.515 4303.4 495.555 0.504763 10.1047 1.54937
530.595 4303.4 487.359 0.482298 9.38798 10.7162
531.675 4303.4 518.158 0.513011 9.42278 5.41843
532.755 4303.4 723.933 0.636379 7.76438 11.5999
533.835 4303.4 694.401 0.54045 7.42598 15.7085
534.915 4303.4 639.949 0.520258 9.9195 4.23236
535.995 4303.4 825.998 0.514351 8.48521 6.77177
537.075 4303.4 768.56 0.561836 9.3662 7.17107
538.155 4303.4 627.758 0.572361 9.83015 19.1105
539.235 4303.4 545.146 0.769261 8.0865 26.2848
540.315 4303.4 450.144 0.587723 8.06349 11.0094
541.395 4303.4 347.216 0.496705 9.16796 11.2076
542.475 4303.4 262.839 0.524934 7.62983 10.343
543.555 4303.4 191.337 0.379263 15.331 8.27848
544.635 4303.4 261.668 0.496375 9.06418 6.72249
545.715 4303.4 353.278 0.588871 8.09628 6.64468
546.795 4303.4 325.278 0.587233 9.01801 10.5682
547.875 4303.4 247.674 0.530177 10.0045 5.9755
548.955 4303.4 254.994 0.495506 8.79026 9.97409
550.035 4303.4 277.355 0.515153 8.331 10.4418
551.115 4303.4 326.579 0.558547 9.05345 12.6807
552.195 4303.4 203.702 0.533922 8.75881 3.76687
553.275 4303.4 156.707 0.521388 9.15204 2.87788
554.355 4303.4 118.475 0.401715 13.2414 1.28258
555.435 4303.4 104.072 0.487537 10.3167 1.29047
556.515 4303.4 90.0626 0.320466 15.9505 1.14945
557.595 4303.4 88.5513 0.369809 14.2063 0.663905
558.675 4303.4 85.1456 0.304992 17.3931 0.377906
559.755 4303.4 85.2307 0.47703 10.4451 0.36639
560.835 4303.4 85.6867 0.444547 11.5437 0.568893
561.915 4303.4 86.4739 0.391247 13.3355 0.42452
562.995 4303.4 85.9972 0.375461 13.7773 0.114379
564.075 4303.4 83.8958 0.430787 11.8793 0.870336
565.155 4303.4 86.8856 0.476359 10.1727 0.696978
566.235 4303.4 77.2485 0.466146 10.4451 0.408477
567.315 4303.4 84.8834 0.461742 10.2064 3.7199
568.395 4303.4 164.404 0.541773 8.33985 7.52659
569.475 4303.4 258.036 0.612512 8.13378 14.3356
570.555 4303.4 316.886 0.668135 7.7807 19.1023
571.635 4303.4 232.77 0.494009 8.50073 5.48431
572.715 4303.4 136.949 0.505673 8.05107 10.7614
573.795 4303.4 81.8555 0.437443 11.1383 0.36813
574.875 4303.4 94.6305 0.468662 10.0855 0.527543
575.955 4303.4 127.15 0.504754 8.80695 2.4914
577.035 4303.4 196.476 0.413206 10.8203 10.7825
578.115 4303.4 281.419 0.489008 8.80221 4.07877
579.195 4303.4 372.721 0.528509 9.18228 7.1593
580.275 4303.4 433.623 0.438803 10.2455 3.71428
581.355 4303.4 467.434 0.517752 8.33535 12.3135
582.435 4303.4 579.412 0.506388 8.30044 13.6768
583.515 4303.4 575.854 0.559426 8.9698 17.4137
584.595 4303.4 633.066 0.545968 7.68755 9.92165
585.675 4303.4 976.338 0.606334 8.05151 16.0745
586.755 4303.4 755.425 0.474702 7.83016 9.12981
587.835 4303.4 665.414 0.494309 7.81322 11.2134
588.915 4303.4 530.303 0.561418 8.05859 9.49673
589.995 4303.4 437.9 0.549113 8.24267 8.0239
591.075 4303.4 342.778 0.397 11.4908 4.61544
592.155 4303.4 347.495 0.511254 8.55808 3.38157
593.235 4303.4 339.543 0.450173 9.91108 6.23396
594.315 4303.4 442.668 0.564305 7.57028 9.65971
595.395 4303.4 479.301 0.570927 7.82891 12.8382
596.475 4303.4 586.357 0.475415 7.27157 17.2184
597.555 4303.4 752.332 0.413174 8.6518 18.5409
598.635 4303.4 909.913 0.46632 7.8669 8.65171
599.715 4303.4 889.937 0.438596 8.02458 14.5283
600.795 4303.4 886.744 0.450468 8.11707 12.5419
601.875 4303.4 848.786 0.462786 9.44419 5.61966
602.955 4303.4 756.076 0.539191 7.74984 12.2287
604.035 4303.4 569.26 0.42251 11.6765 7.96164
605.115 4303.4 522.048 0.374348 12.5831 5.20253

456.075 4302.31 -120 -0.06 0 0
457.155 4302.31 -120 -0.06 0 0
458.235 4302.31 -120 -0.06 0 0
459.315 4302.31 -120 -0.06 0 0
460.395 4302.31 -120 -0.06 0 0
461.475 4302.31 -120 -0.06 0 0
462.555 4302.31 -120 -0.06 0 0
463.635 4302.31 -120 -0.06 0 0
464.715 4302.31 -120 -0.06 0 0
465.795 4302.31 -120 -0.06 0 0
466.875 4302.31 -120 -0.06 0 0
467.955 4302.31 -120 -0.06 0 0
469.035 4302.31 -120 -0.06 0 0
470.115 4302.31 -120 -0.06 0 0
471.195 4302.31 -120 -0.06 0 0
472.275 4302.31 -120 -0.06 0 0
473.355 4302.31 -120 -0.06 0 0
474.435 4302.31 -120 -0.06 0 0
475.515 4302.31 -120 -0.06 0 0
476.595 4302.31 -120 -0.06 0 0
477.675 4302.31 -120 -0.06 0 0
478.755 4302.31 -120 -0.06 0 0
479.835 4302.31 -120 -0.06 0 0
480.915 4302.31 -120 -0.06 0 0
481.995 4302.31 -120 -0.06 0 0
483.075 4302.31 -120 -0.06 0 0
484.155 4302.31 -120 -0.06 0 0
485.235 4302.31 -120 -0.06 0 0
486.315 4302.31 -120 -0.06 0 0
487.395 4302.31 -120 -0.06 0 0
488.475 4302.31 -120 -0.06 0 0
489.555 4302.31 -120 -0.06 0 0
490.635 4302.31 1.36055 0.476199 9.9844 0.916299
491.715 4302.31 -120 -0.06 0 0
492.795 4302.31 -120 -0.06 0 0
493.875 4302.31 -120 -0.06 0 0
494.955 4302.31 -120 -0.06 0 0
496.035 4302.31 -120 -0.06 0 0
497.115 4302.31 -120 -0.06 0 0
498.195 4302.31 -120 -0.06 0 0
499.275 4302.31 -120 -0.06 0 0
500.355 4302.31 -120 -0.06 0 0
501.435 4302.31 -120 -0.06 0 0
502.515 4302.31 -120 -0.06 0 0
503.595 4302.31 -120 -0.06 0 0
504.675 4302.31 2.00304 0.38333 12.805 1.9593
505.755 4302.31 19.217 0.460183 9.57355 5.94169
506.835 4302.31 84.1791 0.507594 8.91582 6.29094
507.915 4302.31 97.1675 0.499064 9.79245 3.30846
508.995 4302.31 78.7534 0.510848 8.48167 4.86658
510.075 4302.31 121.784 0.495379 10.5235 6.65951
511.155 4302.31 163.14 0.459226 11.0876 4.89092
512.235 4302.31 282.19 0.531581 8.27016 8.51256
513.315 4302.31 322.061 0.543375 8.24604 3.70322
514.395 4302.31 223.644 0.411947 12.9925 2.90154
515.475 4302.31 362.373 0.511206 8.43765 4.38918
516.555 4302.31 344.944 0.476407 9.97362 2.93415
517.635 4302.31 297.019 0.429463 12.6029 2.73547
518.715 4302.31 317.567 0.414551 14.0918 16.0449
519.795 4302.31 367.204 0.591033 8.49555 9.52474
520.875 4302.31 463.935 0.583246 7.1936 18.435
521.955 4302.31 545.252 0.584117 7.88585 15.4305
523.035 4302.31 498.931 0.449409 11.0192 5.84088
524.115 4302.31 415.305 0.419391 10.9826 11.8586
525.195 4302.31 321.222 0.353598 16.2917 9.27291
526.275 4302.31 361.413 0.312882 14.161 22.0412
527.355 4302.31 384.14 0.550797 9.4152 7.09513
528.435 4302.31 415.633 0.448728 9.32475 17.6064
529.515 4302.31 455.959 0.312984 14.0654 17.23
530.595 4302.31 481.138 0.331584 14.6762 8.24693
531.675 4302.31 502.437 0.518824 9.9806 3.65274
532.755 4302.31 537.278 0.528964 9.94218 6.8721
533.835 4302.31 799.877 0.571179 8.57208 7.44351
534.915 4302.31 729.505 0.614427 8.38943 15.6632
535.995 4302.31 707.496 0.516371 8.62744 9.53765
537.075 4302.31 685.215 0.531513 8.07041 10.4464
538.155 4302.31 532.941 0.643891 9.13624 29.4959
539.235 4302.31 347.132 0.567934 12.382 19.1646
540.315 4302.31 318.434 0.58946 7.96872 8.51541
541.395 4302.31 371.281 0.573449 8.76585 5.86682
542.475 4302.31 345.122 0.597173 7.95812 6.26459
543.555 4302.31 181.998 0.533594 9.60249 4.80125
544.635 4302.31 192.527 0.595032 8.38412 8.11559
545.715 4302.31 228.772 0.531679 9.76094 4.94081
546.795 4302.31 205.857 0.539013 9.92239 6.12629
547.875 4302.31 226.325 0.541749 8.05423 18.8088
548.955 4302.31 511.765 0.628966 7.14367 26.746
550.035 4302.31 433.881 0.588363 7.27137 18.89
551.115 4302.31 286.69 0.44184 11.0126 6.77286
552.195 4302.31 177.051 0.41566 12.2635 4.38546
553.275 4302.31 171.274 0.485376 10.2296 1.16607
554.355 4302.31 125.303 0.521898 9.29328 1.77064
555.435 4302.31 104.957 0.468197 10.9708 0.465438
556.515 4302.31 93.647 0.343439 15.1901 0.9885
557.595 4302.31 86.527 0.355354 14.7759 1.36818
558.675 4302.31 82.3213 0.305409 16.4949 0.473826
559.755 4302.31 79.2717 0.477364 10.4451 0.263577
560.835 4302.31 79.2734 0.47556 10.4451 0.219475
561.915 4302.31 79.4033 0.47656 10.4451 0.44382
562.995 4302.31 81.2783 0.475898 10.4451 0.566887
564.075 4302.31 79.2372 0.471542 10.4451 0.600276
565.155 4302.31 76.9876 0.467709 10.4451 0.880229
566.235 4302.31 73.8919 0.413635 12.3173 0.181673
567.315 4302.31 142.225 0.520715 9.07452 3.27961
568.395 4302.31 124.412 0.547819 8.64448 5.68869
569.475 4302.31 145.08 0.502345 9.85655 6.50523
570.555 4302.31 252.488 0.682527 7.41781 19.6573
571.635 4302.31 237.41 0.554308 8.22303 10.7492
572.715 4302.31 167.225 0.570463 7.67139 12.1675
573.795 4302.31 77.9646 0.44145 11.1383 0.398347
574.875 4302.31 85.3014 0.398649 12.5423 0.415388
575.955 4302.31 127.329 0.472602 10.0047 2.9199
577.035 4302.31 241.666 0.495578 8.53242 7.92838
578.115 4302.31 332.166 0.510993 8.362 1.66176
579.195 4302.31 333.963 0.585267 8.08247 11.137
580.275 4302.31 379.028 0.403036 14.711 12.9128
581.355 4302.31 441.827 0.297161 13.3473 16.4504
582.435 4302.31 496.87 0.459939 13.0512 14.1042
583.515 4302.31 582.425 0.476012 9.44193 0.46389
584.595 4302.31 569.987 0.528108 8.43738 6.36791
585.675 4302.31 751.064 0.588303 7.38556 12.7933
586.755 4302.31 640.68 0.475098 9.63533 7.6611
587.835 4302.31 632.832 0.603764 7.77284 14.9366
588.915 4302.31 453.046 0.566243 7.7706 10.9029
589.995 4302.31 359.222 0.338426 12.8911 6.59412
591.075 4302.31 412.943 0.551609 8.16506 8.1535
592.155 4302.31 298.29 0.285255 16.6009 6.68903
593.235 4302.31 382.459 0.484796 8.45875 3.64031
594.315 4302.31 416.206 0.467868 8.6242 10.6249
595.395 4302.31 524.02 0.471649 8.02009 11.128
596.475 4302.31 661.362 0.434039 10.3876 3.09188
597.555 4302.31 770.459 0.515628 8.47802 14.2881
598.635 4302.31 994.98 0.531124 7.90389 8.40649
599.715 4302.31 861.088 0.47515 7.75614 10.7347
600.795 4302.31 754.198 0.480139 10.0538 6.84719
601.875 4302.31 821.695 0.52003 7.68849 10.4734
602.955 4302.31 665.682 0.44412 9.01673 6.49362
604.035 4302.31 690.116 0.46337 7.78105 11.6158
605.115 4302.31 571.801 0.432764 10.1596 8.46931

456.075 4301.23 -120 -0.06 0 0
457.155 4301.23 -120 -0.06 0 0
458.235 4301.23 -120 -0.06 0 0
459.315 4301.23 -120 -0.06 0 0
460.395 4301.23 -120 -0.06 0 0
461.475 4301.23 -120 -0.06 0 0
462.555 4301.23 -120 -0.06 0 0
463.635 4301.23 -120 -0.06 0 0
464.715 4301.23 -120 -0.06 0 0
465.795 4301.23 -120 -0.06 0 0
466.875 4301.23 -120 -0.06 0 0
467.955 4301.23 -120 -0.06 0 0
469.035 4301.23 -120 -0.06 0 0
470.115 4301.23 -120 -0.06 0 0
471.195 4301.23 -120 -0.06 0 0
472.275 4301.23 -120 -0.06 0 0
473.355 4301.23 -120 -0.06 0 0
474.435 4301.23 -120 -0.06 0 0
475.515 4301.23 -120 -0.06 0 0
476.595 4301.23 -120 -0.06 0 0
477.675 4301.23 -120 -0.06 0 0
478.755 4301.23 -120 -0.06 0 0
479.835 4301.23 -120 -0.06 0 0
480.915 4301.23 -120 -0.06 0 0
481.995 4301.23 -120 -0.06 0 0
483.075 4301.23 -120 -0.06 0 0
484.155 4301.23 -120 -0.06 0 0
485.235 4301.23 -120 -0.06 0 0
486.315 4301.23 -120 -0.06 0 0
487.395 4301.23 -120 -0.06 0 0
488.475 4301.23 -120 -0.06 0 0
489.555 4301.23 -120 -0.06 0 0
490.635 4301.23 7.47646 0.46618 10.4451 0.4206
491.715 4301.23 -120 -0.06 0 0
492.795 4301.23 -120 -0.06 0 0
493.875 4301.23 -120 -0.06 0 0
494.955 4301.23 -120 -0.06 0 0
496.035 4301.23 -120 -0.06 0 0
497.115 4301.23 -120 -0.06 0 0
498.195 4301.23 -120 -0.06 0 0
499.275 4301.23 -120 -0.06 0 0
500.355 4301.23 2.93464 0.435357 11.0607 0.996145
501.435 4301.23 19.7517 0.508346 8.91423 7.72017
502.515 4301.23 20.4808 0.46079 10.098 1.79714
503.595 4301.23 27.6718 0.463536 9.43937 9.2948
504.675 4301.23 34.5982 0.480087 8.78949 6.58488
505.755 4301.23 68.9853 0.501997 9.32883 1.05304
506.835 4301.23 34.4199 0.41855 12.0585 2.97466
507.915 4301.23 46.2838 0.489712 9.38302 5.50779
508.995 4301.23 86.0857 0.504542 8.38337 4.68497
510.075 4301.23 143.585 0.496261 8.88989 10.4462
511.155 4301.23 325.311 0.495978 8.09995 9.89748
512.235 4301.23 320.532 0.543339 9.25074 6.4793
513.315 4301.23 331.759 0.582215 7.87833 6.59406
514.395 4301.23 196.503 0.419164 13.048 5.32716
515.475 4301.23 319.745 0.602909 7.76166 12.576
516.555 4301.23 391.683 0.683115 7.49407 18.4228
517.635 4301.23 271.07 0.558411 9.23038 8.07085
518.715 4301.23 285.766 0.520812 8.79435 6.12593
519.795 4301.23 313.118 0.533948 8.70109 9.14128
520.875 4301.23 364.777 0.533322 9.93493 6.20474
521.955 4301.23 493.489 0.594624 8.19005 8.01928
523.035 4301.23 535.326 0.644324 7.63289 20.7255
524.115 4301.23 395.804 0.678003 8.11575 21.1579
525.195 4301.23 425.79 0.496424 8.43276 20.7109
526.275 4301.23 535.959 0.61655 8.05753 10.135
527.355 4301.23 429.734 0.534476 8.69314 5.74834
528.435 4301.23 487.739 0.573524 8.21529 5.87259
529.515 4301.23 575.488 0.558211 8.62539 4.07594
530.595 4301.23 533.055 0.465107 11.0675 2.18884
531.675 4301.23 524.702 0.515912 9.0844 3.57245
532.755 4301.23 525.967 0.555493 9.08397 4.9133
533.835 4301.23 635.044 0.531126 7.9274 13.378
534.915 4301.23 748.789 0.585092 8.47442 11.0274
535.995 4301.23 612.577 0.585953 9.28742 11.4125
537.075 4301.23 538.797 0.624104 8.25714 15.4035
538.155 4301.23 514.878 0.610347 7.93234 29.9048
539.235 4301.23 342.362 0.47605 10.2792 6.94597
540.315 4301.23 266.123 0.465278 11.0065 7.2836
541.395 4301.23 250.172 0.447923 10.1173 12.2897
542.475 4301.23 190.951 0.429541 13.8126 5.79404
543.555 4301.23 167.529 0.461858 11.9891 2.33805
544.635 4301.23 151.666 0.366043 14.0057 6.15466
545.715 4301.23 161.858 0.585068 8.82518 8.03137
546.795 4301.23 190.476 0.565304 8.51523 6.92512
547.875 4301.23 229.465 0.545319 9.19428 8.59647
548.955 4301.23 561.822 0.742761 7.18853 26.9513
550.035 4301.23 419.441 0.559023 8.23978 12.4513
551.115 4301.23 309.444 0.595879 8.42474 13.5511
552.195 4301.23 202.439 0.514864 9.01727 3.93685
553.275 4301.23 135.146 0.358972 14.6936 0.835156
554.355 4301.23 136.448 0.498955 9.59049 3.896
555.435 4301.23 113.054 0.495437 9.8604 1.23371
556.515 4301.23 104.59 0.48419 10.3167 0.417128
557.595 4301.23 89.6047 0.413399 12.6948 0.693247
558.675 4301.23 79.8544 0.390945 13.5362 0.592247
559.755 4301.23 75.1792 0.304974 17.7483 0.401565
560.835 4301.23 76.0157 0.475886 10.4451 0.390217
561.915 4301.23 76.8786 0.476323 10.4451 0.74856
562.995 4301.23 78.6861 0.451633 11.1383 0.898661
564.075 4301.23 78.0238 0.496682 9.96265 1.9049
565.155 4301.23 75.7181 0.495114 9.43086 1.24565
566.235 4301.23 72.3965 0.450618 11.1161 0.215166
567.315 4301.23 70.1494 0.442731 11.4582 0.638212
568.395 4301.23 69.2952 0.389219 13.1532 0.126295
569.475 4301.23 67.3874 0.395989 12.843 0.107907
570.555 4301.23 66.2905 0.387433 13.2177 0.665764
571.635 4301.23 70.3385 0.484875 10.0054 1.61277
572.715 4301.23 73.6656 0.466337 10.4451 0.831163
573.795 4301.23 72.9295 0.28898 17.276 0.35674
574.875 4301.23 84.3966 0.475274 9.82169 4.55795
575.955 4301.23 125.568 0.449413 10.8509 4.9608
577.035 4301.23 229.046 0.469203 8.21925 10.7852
578.115 4301.23 248.473 0.495135 8.79194 12.4286
579.195 4301.23 304.868 0.413772 10.57 7.17952
580.275 4301.23 500.136 0.554661 7.90559 9.8149
581.355 4301.23 429.35 0.491528 9.18174 1.01557
582.435 4301.23 468.791 0.485578 9.8403 5.34767
583.515 4301.23 569.642 0.46911 8.82111 5.8788
584.595 4301.23 597.615 0.469855 9.67452 3.26089
585.675 4301.23 625.446 0.44738 10.0707 3.30959
586.755 4301.23 593.438 0.50976 8.87172 6.82114
587.835 4301.23 510.015 0.428008 11.4404 3.34009
588.915 4301.23 476.025 0.445626 8.59436 12.4021
589.995 4301.23 437.069 0.50535 8.3048 4.38561
591.075 4301.23 338.273 0.373284 12.0496 4.57391
592.155 4301.23 287.905 0.280032 17.9761 2.59093
593.235 4301.23 338.966 0.41428 11.4002 3.9627
594.315 4301.23 437.54 0.501127 7.62249 11.5768
595.395 4301.23 512.31 0.533 7.91823 8.01001
596.475 4301.23 666.842 0.570925 7.87782 17.8718
597.555 4301.23 687.647 0.498884 8.81022 13.511
598.635 4301.23 703.952 0.512573 8.99672 8.29695
599.715 4301.23 668.773 0.526735 10.0331 14.8685
600.795 4301.23 674.866 0.472081 9.76598 4.63183
601.875 4301.23 632.971 0.490481 8.87044 2.51241
602.955 4301.23 619.696 0.518424 7.9824 6.5743
604.035 4301.23 629.096 0.553695 8.09434 11.134
605.115 4301.23 570.576 0.508933 9.31795 7.92838

456.075 4300.15 -120 -0.06 0 0
457.155 4300.15 -120 -0.06 0 0
458.235 4300.15 -120 -0.06 0 0
459.315 4300.15 -120 -0.06 0 0
460.395 4300.15 -120 -0.06 0 0
461.475 4300.15 -120 -0.06 0 0
462.555 4300.15 -120 -0.06 0 0
463.635 4300.15 -120 -0.06 0 0
464.715 4300.15 -120 -0.06 0 0
465.795 4300.15 -120 -0.06 0 0
466.875 4300.15 -120 -0.06 0 0
467.955 4300.15 -120 -0.06 0 0
469.035 4300.15 -120 -0.06 0 0
470.115 4300.15 -120 -0.06 0 0
471.195 4300.15 -120 -0.06 0 0
472.275 4300.15 -120 -0.06 0 0
473.355 4300.15 -120 -0.06 0 0
474.435 4300.15 -120 -0.06 0 0
475.515 4300.15 -120 -0.06 0 0
476.595 4300.15 -120 -0.06 0 0
477.675 4300.15 -120 -0.06 0 0
478.755 4300.15 -120 -0.06 0 0
479.835 4300.15 -120 -0.06 0 0
480.915 4300.15 -120 -0.06 0 0
481.995 4300.15 -120 -0.06 0 0
483.075 4300.15 -120 -0.06 0 0
484.155 4300.15 -120 -0.06 0 0
485.235 4300.15 -120 -0.06 0 0
486.315 4300.15 -120 -0.06 0 0
487.395 4300.15 -120 -0.06 0 0
488.475 4300.15 -120 -0.06 0 0
489.555 4300.15 9.25104 0.514947 8.89712 0.901456
490.635 4300.15 0.632108 0.447028 11.1383 0.510692
491.715 4300.15 -120 -0.06 0 0
492.795 4300.15 -120 -0.06 0 0
493.875 4300.15 -120 -0.06 0 0
494.955 4300.15 -120 -0.06 0 0
496.035 4300.15 -120 -0.06 0 0
497.115 4300.15 -120 -0.06 0 0
498.195 4300.15 4.29687 0.484774 9.3336 1.0443
499.275 4300.15 57.9375 0.55634 8.45281 9.72025
500.355 4300.15 58.8057 0.465106 9.76895 2.68329
501.435 4300.15 29.5323 0.504188 8.49413 8.83275
502.515 4300.15 49.6023 0.481365 7.85368 12.7411
503.595 4300.15 71.0163 0.519915 8.7129 2.91516
504.675 4300.15 58.7952 0.521206 8.90722 5.33192
505.755 4300.15 42.5181 0.523895 9.36787 9.85762
506.835 4300.15 45.776 0.45828 8.84496 12.6401
507.915 4300.15 30.2391 0.363034 13.8935 1.70595
508.995 4300.15 88.9804 0.460023 12.6721 11.892
510.075 4300.15 173.801 0.516053 9.05543 2.70955
511.155 4300.15 198.783 0.463279 10.3319 9.3079
512.235 4300.15 398.704 0.448021 10.2384 8.42376
513.315 4300.15 297.7 0.512198 7.90692 7.31128
514.395 4300.15 176.535 0.373673 13.9912 1.20066
515.475 4300.15 193.041 0.541504 9.01474 8.62018
516.555 4300.15 224.758 0.560473 8.89449 7.87195
517.635 4300.15 223.917 0.512837 9.47939 7.86009
518.715 4300.15 280.31 0.398822 14.3055 10.6333
519.795 4300.15 270.889 0.590532 8.25247 8.59404
520.875 4300.15 325.925 0.58449 7.74607 10.7029
521.955 4300.15 294.541 0.567466 9.31058 9.46903
523.035 4300.15 338.867 0.597898 7.66815 25.3195
524.115 4300.15 418.371 0.54399 7.65443 7.36557
525.195 4300.15 538.785 0.557666 8.01966 5.29322
526.275 4300.15 425.923 0.584702 8.67431 10.4312
527.355 4300.15 383.709 0.413028 13.0842 0.825592
528.435 4300.15 481.734 0.571185 8.6729 8.31137
529.515 4300.15 456.305 0.564738 8.76978 6.7111
530.595 4300.15 468.367 0.582164 8.57443 5.56689
531.675 4300.15 563.467 0.554832 8.7319 5.6712
532.755 4300.15 549.897 0.583257 8.21225 13.0902
533.835 4300.15 637.252 0.54967 8.40076 2.85206
534.915 4300.15 661.341 0.565524 8.94306 5.64063
535.995 4300.15 604.035 0.541701 8.48099 3.31864
537.075 4300.15 533.001 0.489649 8.51756 14.7407
538.155 4300.15 507.408 0.607808 8.09627 7.31872
539.235 4300.15 457.949 0.660803 7.85909 14.0245
540.315 4300.15 364.455 0.555745 8.80149 6.78836
541.395 4300.15 322.86 0.516428 8.29153 16.9987
542.475 4300.15 249.244 0.522726 9.50836 4.50605
543.555 4300.15 246.235 0.532084 9.26361 8.58163
544.635 4300.15 187.461 0.507654 9.11799 9.3721
545.715 4300.15 115.11 0.347554 16.1525 6.35937
546.795 4300.15 205.675 0.547047 8.91671 2.86129
547.875 4300.15 178.721 0.567849 8.43121 8.22666
548.955 4300.15 432.081 0.647969 7.85409 13.6436
550.035 4300.15 423.804 0.544967 8.77412 5.45204
551.115 4300.15 287.654 0.59979 8.2005 12.1755
552.195 4300.15 180.676 0.481174 11.1738 4.05628
553.275 4300.15 196.847 0.512243 8.97937 6.76062
554.355 4300.15 162.007 0.475258 10.7067 3.72262
555.435 4300.15 151.995 0.498935 8.80678 6.88425
556.515 4300.15 135.62 0.492569 9.81361 2.70014
557.595 4300.15 148.59 0.520744 8.71637 3.52448
558.675 4300.15 89.4191 0.436568 11.9093 1.59788
559.755 4300.15 71.0468 0.307874 17.8699 0.213677
560.835 4300.15 75.8952 0.481666 10.4451 1.06376
561.915 4300.15 75.5088 0.430833 12.0546 0.564554
562.995 4300.15 90.4285 0.480678 10.414 1.97344
564.075 4300.15 69.5471 0.29928 17.9334 1.01774
565.155 4300.15 78.0845 0.488972 10.0256 1.10831
566.235 4300.15 132.559 0.505471 8.88698 3.70113
567.315 4300.15 68.6414 0.433625 11.8314 0.989656
568.395 4300.15 66.9392 0.355023 14.4525 0.559295
569.475 4300.15 66.423 0.297107 18.0425 0.731794
570.555 4300.15 66.993 0.293344 18.0253 0.217421
571.635 4300.15 68.5138 0.292693 17.6328 0.392963
572.715 4300.15 70.0099 0.290583 17.6067 0.277188
573.795 4300.15 71.0033 0.286692 17.6005 0.437769
574.875 4300.15 80.5121 0.318903 15.2669 0.604534
575.955 4300.15 97.9692 0.484257 9.88934 3.45441
577.035 4300.15 136.47 0.394607 13.7726 6.01482
578.115 4300.15 257.163 0.594193 7.98567 16.466
579.195 4300.15 469.397 0.486684 8.64139 11.0981
580.275 4300.15 435.723 0.529289 8.34033 5.55412
581.355 4300.15 553.691 0.489693 7.96252 12.0445
582.435 4300.15 446.821 0.390008 12.2291 3.22513
583.515 4300.15 519.47 0.541953 9.30041 13.6292
584.595 4300.15 625.188 0.532257 8.48673 9.965
585.675 4300.15 624.255 0.485989 9.41061 1.6137
586.755 4300.15 545.679 0.50265 9.58093 6.30615
587.835 4300.15 524.466 0.487046 8.71973 7.03272
588.915 4300.15 492.987 0.530535 8.50415 5.37634
589.995 4300.15 446.047 0.463902 9.16747 4.82599
591.075 4300.15 446.188 0.468346 8.71379 4.65378
592.155 4300.15 352.852 0.459863 9.0806 4.19011
593.235 4300.15 352.652 0.590775 7.70147 14.1746
594.315 4300.15 430.228 0.538897 8.39227 13.9137
595.395 4300.15 446.89 0.544944 8.00532 6.67842
596.475 4300.15 518.824 0.507527 8.28557 14.0175
597.555 4300.15 507.918 0.445325 11.151 12.1666
598.635 4300.15 601.016 0.5196 8.56226 6.30793
599.715 4300.15 558.437 0.409978 12.0044 5.03682
600.795 4300.15 612.081 0.517742 8.75424 9.18889
601.875 4300.15 584.42 0.518518 8.22471 10.759
602.955 4300.15 537.932 0.502561 8.71902 11.4336
604.035 4300.15 555.181 0.415477 10.806 7.83504
605.115 4300.15 560.251 0.45402 9.61675 3.57072

456.075 4299.07 -120 -0.06 0 0
457.155 4299.07 -120 -0.06 0 0
458.235 4299.07 -120 -0.06 0 0
459.315 4299.07 -120 -0.06 0 0
460.395 4299.07 -120 -0.06 0 0
461.475 4299.07 -120 -0.06 0 0
462.555 4299.07 -120 -0.06 0 0
463.635 4299.07 -120 -0.06 0 0
464.715 4299.07 -120 -0.06 0 0
465.795 4299.07 -120 -0.06 0 0
466.875 4299.07 -120 -0.06 0 0
467.955 4299.07 -120 -0.06 0 0
469.035 4299.07 -120 -0.06 0 0
470.115 4299.07 -120 -0.06 0 0
471.195 4299.07 -120 -0.06 0 0
472.275 4299.07 -120 -0.06 0 0
473.355 4299.07 -120 -0.06 0 0
474.435 4299.07 -120 -0.06 0 0
475.515 4299.07 -120 -0.06 0 0
476.595 4299.07 -120 -0.06 0 0
477.675 4299.07 -120 -0.06 0 0
478.755 4299.07 -120 -0.06 0 0
479.835 4299.07 -120 -0.06 0 0
480.915 4299.07 -120 -0.06 0 0
481.995 4299.07 -120 -0.06 0 0
483.075 4299.07 -120 -0.06 0 0
484.155 4299.07 -120 -0.06 0 0
485.235 4299.07 -120 -0.06 0 0
486.315 4299.07 -120 -0.06 0 0
487.395 4299.07 -120 -0.06 0 0
488.475 4299.07 -120 -0.06 0 0
489.555 4299.07 -120 -0.06 0 0
490.635 4299.07 -120 -0.06 0 0
491.715 4299.07 -120 -0.06 0 0
492.795 4299.07 -120 -0.06 0 0
493.875 4299.07 -120 -0.06 0 0
494.955 4299.07 -120 -0.06 0 0
496.035 4299.07 -120 -0.06 0 0
497.115 4299.07 -120 -0.06 0 0
498.195 4299.07 -120 -0.06 0 0
499.275 4299.07 1.47876 0.461946 10.2747 0.406806
500.355 4299.07 -120 -0.06 0 0
501.435 4299.07 0.981678 0.450054 10.852 0.254648
502.515 4299.07 105.951 0.607124 7.74219 12.2427
503.595 4299.07 122.429 0.508869 7.85131 12.8531
504.675 4299.07 24.5978 0.485101 10.2987 3.32898
505.755 4299.07 16.6025 0.410605 12.2257 0.943486
506.835 4299.07 142.952 0.536875 8.69703 3.99938
507.915 4299.07 145.798 0.486993 8.54652 9.22685
508.995 4299.07 150.784 0.511433 9.45425 3.16281
510.075 4299.07 155.496 0.549596 8.71975 5.42095
511.155 4299.07 191.84 0.572682 8.90831 10.4948
512.235 4299.07 344.772 0.56299 8.16186 4.64411
513.315 4299.07 413.653 0.538083 7.85179 9.74875
514.395 4299.07 302.284 0.475444 8.31016 15.5043
515.475 4299.07 263.393 0.623476 8.68743 18.8272
516.555 4299.07 175.993 0.471703 10.5265 6.62876
517.635 4299.07 296.32 0.498107 8.55768 8.00522
518.715 4299.07 273.161 0.498149 9.19071 5.07999
519.795 4299.07 276.14 0.508719 7.9467 13.38
520.875 4299.07 348.89 0.539668 8.49945 0.867506
521.955 4299.07 320.432 0.697842 7.82113 20.682
523.035 4299.07 422.038 0.586396 8.59452 8.89949
524.115 4299.07 392.472 0.538225 8.36853 8.33923
525.195 4299.07 456.384 0.621539 7.76612 9.03661
526.275 4299.07 375.251 0.568652 8.65842 5.55516
527.355 4299.07 381.589 0.405365 12.9785 5.31602
528.435 4299.07 428.685 0.520652 8.85842 4.23621
529.515 4299.07 483.497 0.52673 9.13879 1.92615
530.595 4299.07 458.053 0.506194 9.73977 4.11983
531.675 4299.07 535.768 0.535531 8.6861 3.3629
532.755 4299.07 559.71 0.525197 7.75906 16.9158
533.835 4299.07 571.605 0.63458 8.1638 12.0249
534.915 4299.07 631.953 0.530037 8.66784 9.14924
535.995 4299.07 641.486 0.560939 8.55862 9.72559
537.075 4299.07 624.143 0.55169 9.25143 2.97379
538.155 4299.07 435.491 0.581111 8.66315 16.6352
539.235 4299.07 305.453 0.597886 7.7585 11.6181
540.315 4299.07 240.253 0.605276 8.6434 10.871
541.395 4299.07 232.618 0.562714 9.43321 7.77174
542.475 4299.07 380.248 0.518813 9.62945 2.30526
543.555 4299.07 268.661 0.555392 8.63309 6.43327
544.635 4299.07 207.641 0.558728 8.89764 2.57185
545.715 4299.07 105.964 0.358497 15.4762 5.92549
546.795 4299.07 118.229 0.39079 14.0863 3.32626
547.875 4299.07 249.236 0.490128 8.64347 12.7503
548.955 4299.07 299.991 0.468982 10.36 15.7562
550.035 4299.07 361.302 0.661927 7.50708 15.2508
551.115 4299.07 252.055 0.600634 8.13988 8.2178
552.195 4299.07 226.012 0.506043 9.65492 1.69975
553.275 4299.07 245.573 0.530937 9.03022 10.7171
554.355 4299.07 191.124 0.447608 10.8107 6.30027
555.435 4299.07 162.626 0.401308 12.6152 4.79538
556.515 4299.07 222.385 0.501513 8.27021 9.89751
557.595 4299.07 168.756 0.523182 8.64282 3.2278
558.675 4299.07 107.32 0.500386 10.323 4.49264
559.755 4299.07 67.7985 0.309256 17.8859 0.294619
560.835 4299.07 74.9613 0.477915 10.4451 0.465589
561.915 4299.07 77.9028 0.463149 10.9772 0.915069
562.995 4299.07 93.3241 0.486392 9.96056 1.2492
564.075 4299.07 69.81 0.433996 11.895 0.227001
565.155 4299.07 77.5698 0.475834 10.3527 1.43654
566.235 4299.07 67.8352 0.405985 12.7477 0.259344
567.315 4299.07 67.3374 0.298125 18.1066 0.216275
568.395 4299.07 67.0342 0.295869 18.0972 0.128989
569.475 4299.07 67.8645 0.448854 11.1383 0.133597
570.555 4299.07 70.0105 0.466617 10.4451 0.0762508
571.635 4299.07 69.3818 0.292676 16.8337 0.217005
572.715 4299.07 70.3708 0.354954 14.2953 0.510724
573.795 4299.07 73.2266 0.459442 10.4451 0.666364
574.875 4299.07 82.6841 0.441878 11.1232 0.907162
575.955 4299.07 105.245 0.466032 10.8336 3.56523
577.035 4299.07 218.795 0.542942 7.43155 13.6545
578.115 4299.07 301.867 0.498463 8.64137 2.68379
579.195 4299.07 340.868 0.550441 8.18552 5.15282
580.275 4299.07 344.473 0.42211 11.2765 4.37961
581.355 4299.07 536.041 0.519402 7.75986 4.25788
582.435 4299.07 575.706 0.439755 8.71921 13.5706
583.515 4299.07 591.71 0.430139 9.12721 17.6803
584.595 4299.07 652.272 0.447337 8.46064 12.63
585.675 4299.07 584.549 0.526321 8.90137 7.00098
586.755 4299.07 503.46 0.372672 11.7686 8.03458
587.835 4299.07 481.36 0.497236 9.2318 3.02924
588.915 4299.07 423.848 0.386822 12.9316 4.14753
589.995 4299.07 442.015 0.486763 8.73776 4.2944
591.075 4299.07 458.223 0.500831 8.91713 2.62583
592.155 4299.07 297.543 0.58025 9.11765 18.9673
593.235 4299.07 351.862 0.426468 8.32951 18.8695
594.315 4299.07 417.477 0.423338 9.24805 10.4609
595.395 4299.07 428.275 0.458625 9.02331 4.03007
596.475 4299.07 432.222 0.327236 12.4409 11.8696
597.555 4299.07 535.015 0.516449 8.99199 7.03737
598.635 4299.07 538.32 0.419635 10.3605 4.9779
599.715 4299.07 548.657 0.481797 9.09443 6.08215
600.795 4299.07 575.76 0.532601 8.67744 10.2963
601.875 4299.07 562.766 0.47721 8.67265 3.71572
602.955 4299.07 492.255 0.430606 12.4754 9.9335
604.035 4299.07 540.294 0.496009 9.67038 7.44713
605.115 4299.07 567.318 0.456934 10.2847 3.53202

456.075 4297.99 -120 -0.06 0 0
457.155 4297.99 -120 -0.06 0 0
458.235 4297.99 -120 -0.06 0 0
459.315 4297.99 -120 -0.06 0 0
460.395 4297.99 -120 -0.06 0 0
461.475 4297.99 -120 -0.06 0 0
462.555 4297.99 -120 -0.06 0 0
463.635 4297.99 -120 -0.06 0 0
464.715 4297.99 -120 -0.06 0 0
465.795 4297.99 -120 -0.06 0 0
466.875 4297.99 -120 -0.06 0 0
467.955 4297.99 -120 -0.06 0 0
469.035 4297.99 -120 -0.06 0 0
470.115 4297.99 -120 -0.06 0 0
471.195 4297.99 -120 -0.06 0 0
472.275 4297.99 -120 -0.06 0 0
473.355 4297.99 -120 -0.06 0 0
474.435 4297.99 -120 -0.06 0 0
475.515 4297.99 -120 -0.06 0 0
476.595 4297.99 -120 -0.06 0 0
477.675 4297.99 -120 -0.06 0 0
478.755 4297.99 -120 -0.06 0 0
479.835 4297.99 -120 -0.06 0 0
480.915 4297.99 -120 -0.06 0 0
481.995 4297.99 -120 -0.06 0 0
483.075 4297.99 -120 -0.06 0 0
484.155 4297.99 -120 -0.06 0 0
485.235 4297.99 -120 -0.06 0 0
486.315 4297.99 -120 -0.06 0 0
487.395 4297.99 -120 -0.06 0 0
488.475 4297.99 -120 -0.06 0 0
489.555 4297.99 -120 -0.06 0 0
490.635 4297.99 -120 -0.06 0 0
491.715 4297.99 15.3278 0.476056 9.67084 1.40769
492.795 4297.99 0.804283 0.413291 11.9632 0.63089
493.875 4297.99 6.31533 0.45902 10.4451 0.915409
494.955 4297.99 42.1989 0.485647 9.51022 7.13374
496.035 4297.99 -120 -0.06 0 0
497.115 4297.99 1.2874 0.458072 10.4451 0.328672
498.195 4297.99 1.28661 0.374286 13.2131 0.532309
499.275 4297.99 12.9199 0.483256 8.75302 5.07255
500.355 4297.99 3.80289 0.457791 10.4451 0.673713
501.435 4297.99 4.38406 0.459229 10.4451 0.438457
502.515 4297.99 9.03408 0.488348 9.12199 2.5467
503.595 4297.99 11.1742 0.483898 10.1903 3.71348
504.675 4297.99 68.1746 0.501021 8.07294 10.0861
505.755 4297.99 115.99 0.507237 9.29789 2.17839
506.835 4297.99 107.635 0.473981 8.8647 10.7523
507.915 4297.99 121.821 0.47705 10.6931 3.02031
508.995 4297.99 297.68 0.517656 7.78454 8.39626
510.075 4297.99 254.905 0.520792 7.88209 21.8921
511.155 4297.99 154.867 0.482827 10.2355 0.571222
512.235 4297.99 194.318 0.552194 10.0897 10.9886
513.315 4297.99 334.186 0.656433 8.33182 18.9206
514.395 4297.99 328.724 0.562406 8.55052 7.61138
515.475 4297.99 206.318 0.528209 7.82988 18.0202
516.555 4297.99 306.543 0.673784 8.27366 29.7094
517.635 4297.99 214.263 0.499128 8.54857 16.5348
518.715 4297.99 221.118 0.597812 8.60036 10.6002
519.795 4297.99 213.901 0.478338 11.7914 6.78927
520.875 4297.99 309.59 0.567642 8.6278 7.69182
521.955 4297.99 308.994 0.572098 7.88381 17.0726
523.035 4297.99 280.121 0.30337 14.9533 16.5991
524.115 4297.99 272.235 0.423866 14.0816 7.19483
525.195 4297.99 369.952 0.492818 8.6294 15.7934
526.275 4297.99 364.31 0.390438 13.3978 10.0354
527.355 4297.99 425.786 0.596988 8.38858 7.22976
528.435 4297.99 426.398 0.508694 10.2737 9.73797
529.515 4297.99 448.738 0.553681 9.3992 5.73825
530.595 4297.99 442.301 0.575223 8.57121 3.93667
531.675 4297.99 421.41 0.599419 8.34547 6.41816
532.755 4297.99 542.014 0.581298 8.02531 1.7464
533.835 4297.99 503.985 0.493043 11.5837 5.87583
534.915 4297.99 604.121 0.584691 8.68753 14.3404
535.995 4297.99 596.978 0.584655 8.08915 13.047
537.075 4297.99 439.726 0.538662 10.334 9.49557
538.155 4297.99 396.519 0.617708 8.1637 16.2685
539.235 4297.99 350.242 0.526574 8.06453 10.0185
540.315 4297.99 215.83 0.527304 9.19917 10.7247
541.395 4297.99 179.549 0.608622 8.19061 8.15763
542.475 4297.99 246.845 0.586586 8.23499 7.63994
543.555 4297.99 232.508 0.587446 8.91802 8.0428
544.635 4297.99 149.97 0.452788 12.0418 4.04675
545.715 4297.99 99.0811 0.375786 15.2034 7.41352
546.795 4297.99 122.011 0.5602 9.08735 10.4732
547.875 4297.99 324.108 0.529946 9.09892 1.96979
548.955 4297.99 315.361 0.613032 7.90947 13.233
550.035 4297.99 281.217 0.662606 8.14758 20.1133
551.115 4297.99 185.195 0.523508 10.1936 4.50737
552.195 4297.99 189.27 0.523562 10.3872 9.47046
553.275 4297.99 206.285 0.530566 10.1457 5.08144
554.355 4297.99 250.504 0.522393 9.56131 3.67339
555.435 4297.99 221.277 0.517482 8.87761 3.83338
556.515 4297.99 268.757 0.536468 8.38484 2.97381
557.595 4297.99 162.236 0.519159 9.9704 6.95394
558.675 4297.99 104.881 0.465435 11.6522 3.01988
559.755 4297.99 76.0926 0.377614 13.7935 1.68381
560.835 4297.99 64.7363 0.484837 10.4451 0.976025
561.915 4297.99 86.614 0.520475 9.19501 5.33668
562.995 4297.99 158.611 0.518408 8.86069 2.25818
564.075 4297.99 95.2108 0.501807 8.88092 7.3069
565.155 4297.99 65.477 0.317114 15.8612 0.260813
566.235 4297.99 66.0532 0.320958 15.6974 0.236589
567.315 4297.99 66.9971 0.318037 15.6816 0.506726
568.395 4297.99 69.2218 0.333063 15.0991 0.552353
569.475 4297.99 70.5553 0.469545 10.4451 0.048883
570.555 4297.99 71.4455 0.46652 10.4451 0.372479
571.635 4297.99 71.7958 0.463931 10.4451 0.449946
572.715 4297.99 71.5141 0.39594 12.7477 0.399424
573.795 4297.99 74.0544 0.375778 13.3896 0.406536
574.875 4297.99 79.4658 0.38662 13.0842 0.842082
575.955 4297.99 88.0169 0.43034 11.6461 1.00087
577.035 4297.99 151.717 0.581578 8.28216 12.1869
578.115 4297.99 251.336 0.65015 8.12569 19.6639
579.195 4297.99 240.194 0.464816 11.5522 10.285
580.275 4297.99 348.883 0.463047 8.7609 17.8716
581.355 4297.99 547.486 0.538083 8.47523 5.51726
582.435 4297.99 588.634 0.534345 8.6597 10.106
583.515 4297.99 681.529 0.528979 8.62626 6.16291
584.595 4297.99 693.064 0.564888 8.74661 11.5572
585.675 4297.99 633.51 0.54635 8.18219 7.1366
586.755 4297.99 554.386 0.505083 9.1874 4.92939
587.835 4297.99 511.141 0.47249 9.68992 4.85028
588.915 4297.99 401.567 0.376328 12.638 5.38605
589.995 4297.99 432.399 0.471973 9.10211 2.03168
591.075 4297.99 331.209 0.47895 11.3247 10.5867
592.155 4297.99 273.849 0.265997 18.1015 9.65698
593.235 4297.99 314.262 0.445248 9.67162 3.28421
594.315 4297.99 340.747 0.461732 8.94103 5.92452
595.395 4297.99 422.818 0.520878 8.12204 8.55957
596.475 4297.99 525.388 0.490371 8.73621 3.12944
597.555 4297.99 534.577 0.475433 8.244 4.68139
598.635 4297.99 569.155 0.529863 8.66356 12.1428
599.715 4297.99 480.15 0.325433 13.6997 3.84677
600.795 4297.99 535.49 0.534515 8.77335 9.42618
601.875 4297.99 571.57 0.508832 8.10392 8.81211
602.955 4297.99 454.105 0.334417 13.9707 9.66094
604.035 4297.99 536.905 0.492598 8.8341 7.43691
605.115 4297.99 539.229 0.487585 9.38567 4.94986

456.075 4296.91 -120 -0.06 0 0
457.155 4296.91 -120 -0.06 0 0
458.235 4296.91 -120 -0.06 0 0
459.315 4296.91 -120 -0.06 0 0
460.395 4296.91 -120 -0.06 0 0
461.475 4296.91 -120 -0.06 0 0
462.555 4296.91 -120 -0.06 0 0
463.635 4296.91 -120 -0.06 0 0
464.715 4296.91 -120 -0.06 0 0
465.795 4296.91 -120 -0.06 0 0
466.875 4296.91 -120 -0.06 0 0
467.955 4296.91 -120 -0.06 0 0
469.035 4296.91 -120 -0.06 0 0
470.115 4296.91 -120 -0.06 0 0
471.195 4296.91 -120 -0.06 0 0
472.275 4296.91 -120 -0.06 0 0
473.355 4296.91 -120 -0.06 0 0
474.435 4296.91 -120 -0.06 0 0
475.515 4296.91 -120 -0.06 0 0
476.595 4296.91 -120 -0.06 0 0
477.675 4296.91 -120 -0.06 0 0
478.755 4296.91 -120 -0.06 0 0
479.835 4296.91 -120 -0.06 0 0
480.915 4296.91 -120 -0.06 0 0
481.995 4296.91 -120 -0.06 0 0
483.075 4296.91 -120 -0.06 0 0
484.155 4296.91 -120 -0.06 0 0
485.235 4296.91 -120 -0.06 0 0
486.315 4296.91 -120 -0.06 0 0
487.395 4296.91 -120 -0.06 0 0
488.475 4296.91 -120 -0.06 0 0
489.555 4296.91 -120 -0.06 0 0
490.635 4296.91 35.5965 0.5417 8.15758 8.14201
491.715 4296.91 8.75544 0.47373 10.8775 4.94041
492.795 4296.91 1.43126 0.399919 12.4475 0.528268
493.875 4296.91 43.5526 0.489619 8.59888 7.90071
494.955 4296.91 12.9981 0.516256 8.88756 7.89142
496.035 4296.91 -120 -0.06 0 0
497.115 4296.91 5.50194 0.449226 10.7232 0.950726
498.195 4296.91 23.3374 0.469445 9.91337 1.12993
499.275 4296.91 46.7981 0.511797 8.78635 10.4928
500.355 4296.91 49.7177 0.437893 10.3969 11.2491
501.435 4296.91 5.08009 0.463341 10.4453 0.213635
502.515 4296.91 5.08015 0.289123 16.5373 0.238711
503.595 4296.91 48.8879 0.503632 8.68172 5.94975
504.675 4296.91 67.5194 0.475116 9.0301 6.37501
505.755 4296.91 93.5744 0.526806 9.33852 7.54503
506.835 4296.91 109.156 0.562513 9.30838 10.2874
507.915 4296.91 176.125 0.493781 8.94653 11.7138
508.995 4296.91 244.084 0.518999 8.58667 2.83036
510.075 4296.91 191.753 0.642921 8.02122 16.0462
511.155 4296.91 156.092 0.556595 8.41871 8.06638
512.235 4296.91 123.585 0.535773 9.07388 3.40121
513.315 4296.91 212.878 0.553108 8.27982 10.4248
514.395 4296.91 155.801 0.541879 9.9822 8.47978
515.475 4296.91 182.759 0.692029 8.54266 22.5708
516.555 4296.91 242.429 0.494071 7.57483 18.0987
517.635 4296.91 299.433 0.659455 7.72619 15.9482
518.715 4296.91 299.237 0.498556 8.11047 12.2921
519.795 4296.91 290.835 0.513068 8.67263 5.93849
520.875 4296.91 340.594 0.562494 8.19257 5.62205
521.955 4296.91 260.714 0.393892 13.9941 10.4587
523.035 4296.91 318.273 0.470147 10.0033 8.41119
524.115 4296.91 385.826 0.532447 7.9866 12.688
525.195 4296.91 362.106 0.491583 9.22994 10.0271
526.275 4296.91 431.111 0.542982 9.23838 8.70329
527.355 4296.91 377.713 0.51417 9.82845 1.24871
528.435 4296.91 405.317 0.564776 8.69877 5.40535
529.515 4296.91 410.495 0.538732 10.1485 5.17951
530.595 4296.91 380.011 0.545744 9.23958 2.35794
531.675 4296.91 390.801 0.556482 8.45369 4.33457
532.755 4296.91 411.296 0.516043 11.182 5.75318
533.835 4296.91 538.382 0.660378 8.6277 16.0274
534.915 4296.91 559.169 0.684706 8.29108 17.4746
535.995 4296.91 446.291 0.594104 9.03972 12.5732
537.075 4296.91 437.006 0.631308 7.37353 16.0432
538.155 4296.91 292.916 0.571817 10.012 13.2721
539.235 4296.91 360.833 0.549085 8.80153 4.75227
540.315 4296.91 258.33 0.565321 8.35694 5.034
541.395 4296.91 190.4 0.541573 8.16264 8.63486
542.475 4296.91 131.922 0.563732 8.9802 7.86725
543.555 4296.91 162.128 0.497732 11.0247 6.33212
544.635 4296.91 153.389 0.550481 8.63133 4.95709
545.715 4296.91 91.1987 0.461653 12.4446 4.37774
546.795 4296.91 92.9219 0.473644 11.5978 1.4149
547.875 4296.91 173.018 0.558593 8.30226 11.2333
548.955 4296.91 205.441 0.489316 11.2284 10.0863
550.035 4296.91 173.529 0.506736 10.8879 3.50081
551.115 4296.91 154.655 0.431765 12.5852 4.45376
552.195 4296.91 143.51 0.409596 13.3446 6.70267
553.275 4296.91 223.918 0.508322 8.8825 7.29132
554.355 4296.91 226.045 0.538882 9.50271 4.72333
555.435 4296.91 264.648 0.527944 8.55892 4.52955
556.515 4296.91 229.192 0.552557 8.82882 6.63516
557.595 4296.91 133.08 0.491263 10.7241 5.64356
558.675 4296.91 123.076 0.499855 9.28718 3.95877
559.755 4296.91 94.76 0.513441 9.20295 2.62267
560.835 4296.91 63.2133 0.46165 11.0425 1.5871
561.915 4296.91 61.5585 0.471842 10.8658 0.463367
562.995 4296.91 67.7676 0.323797 18.7013 3.57465
564.075 4296.91 70.5916 0.495818 9.39081 3.21778
565.155 4296.91 67.7507 0.465 10.8058 0.468536
566.235 4296.91 74.5326 0.498942 9.81714 4.71312
567.315 4296.91 70.3027 0.472132 10.4451 0.342704
568.395 4296.91 69.3357 0.432338 11.8314 0.102122
569.475 4296.91 71.488 0.468427 10.4451 0.374387
570.555 4296.91 75.1352 0.46185 10.4451 1.29201
571.635 4296.91 74.4794 0.469171 10.4451 0.470725
572.715 4296.91 76.1141 0.463136 10.4451 0.494517
573.795 4296.91 75.476 0.290941 16.5251 0.0663909
574.875 4296.91 78.0135 0.461988 10.4451 0.865963
575.955 4296.91 78.2944 0.376587 13.3896 0.695832
577.035 4296.91 100.779 0.467144 10.3007 1.72712
578.115 4296.91 138.19 0.478092 10.0927 3.78013
579.195 4296.91 212.617 0.542036 8.88089 7.19447
580.275 4296.91 338.375 0.525585 8.1689 15.3128
581.355 4296.91 520.828 0.669648 7.71951 19.7805
582.435 4296.91 546.983 0.527172 9.07523 6.1917
583.515 4296.91 523.434 0.479939 10.1886 12.7475
584.595 4296.91 558.219 0.595237 7.69833 14.3771
585.675 4296.91 544.456 0.478856 7.79179 10.4882
586.755 4296.91 458.63 0.557263 8.01427 7.05919
587.835 4296.91 442.498 0.498556 9.79949 5.94132
588.915 4296.91 423.963 0.4164 9.67477 10.6855
589.995 4296.91 480.749 0.509353 9.35466 14.4176
591.075 4296.91 296.883 0.458168 9.67306 7.69787
592.155 4296.91 314.765 0.588324 8.66159 17.8116
593.235 4296.91 386.544 0.434129 8.80042 13.7675
594.315 4296.91 465.074 0.452053 7.80231 16.3824
595.395 4296.91 446.998 0.513826 9.06413 6.31561
596.475 4296.91 445.824 0.420683 12.1796 9.46567
597.555 4296.91 511.749 0.443323 8.61574 9.6778
598.635 4296.91 469.968 0.451506 11.1686 6.72539
599.715 4296.91 512.357 0.528187 8.7351 12.2112
600.795 4296.91 611.545 0.495796 8.63583 2.26081
601.875 4296.91 530.49 0.514821 8.8329 7.60862
602.955 4296.91 431.147 0.515813 8.52533 9.63567
604.035 4296.91 524.037 0.455295 10.3876 3.77366
605.115 4296.91 459.923 0.448825 10.4467 2.95629

456.075 4295.84 -120 -0.06 0 0
457.155 4295.84 -120 -0.06 0 0
458.235 4295.84 -120 -0.06 0 0
459.315 4295.84 -120 -0.06 0 0
460.395 4295.84 -120 -0.06 0 0
461.475 4295.84 -120 -0.06 0 0
462.555 4295.84 -120 -0.06 0 0
463.635 4295.84 -120 -0.06 0 0
464.715 4295.84 -120 -0.06 0 0
465.795 4295.84 -120 -0.06 0 0
466.875 4295.84 -120 -0.06 0 0
467.955 4295.84 -120 -0.06 0 0
469.035 4295.84 -120 -0.06 0 0
470.115 4295.84 -120 -0.06 0 0
471.195 4295.84 -120 -0.06 0 0
472.275 4295.84 -120 -0.06 0 0
473.355 4295.84 -120 -0.06 0 0
474.435 4295.84 -120 -0.06 0 0
475.515 4295.84 -120 -0.06 0 0
476.595 4295.84 -120 -0.06 0 0
477.675 4295.84 -120 -0.06 0 0
478.755 4295.84 -120 -0.06 0 0
479.835 4295.84 -120 -0.06 0 0
480.915 4295.84 -120 -0.06 0 0
481.995 4295.84 -120 -0.06 0 0
483.075 4295.84 -120 -0.06 0 0
484.155 4295.84 -120 -0.06 0 0
485.235 4295.84 -120 -0.06 0 0
486.315 4295.84 -120 -0.06 0 0
487.395 4295.84 -120 -0.06 0 0
488.475 4295.84 -120 -0.06 0 0
489.555 4295.84 -120 -0.06 0 0
490.635 4295.84 -120 -0.06 0 0
491.715 4295.84 42.5554 0.582092 8.49811 11.2203
492.795 4295.84 79.4363 0.482213 8.02146 9.50786
493.875 4295.84 38.9786 0.496608 9.21632 4.13747
494.955 4295.84 3.18335 0.407805 12.3159 0.900694
496.035 4295.84 -120 -0.06 0 0
497.115 4295.84 3.83018 0.462401 10.3476 1.41248
498.195 4295.84 8.58589 0.471185 9.8806 5.43325
499.275 4295.84 23.3445 0.42524 11.4642 2.08546
500.355 4295.84 64.0258 0.466941 10.4451 0.9719
501.435 4295.84 40.3607 0.473439 9.32207 4.24952
502.515 4295.84 7.82897 0.293846 18.6413 0.523534
503.595 4295.84 18.3652 0.473254 10.1045 0.69657
504.675 4295.84 12.3281 0.430791 11.479 2.2702
505.755 4295.84 159.308 0.553813 8.60094 6.52387
506.835 4295.84 64.8498 0.421489 12.4917 1.92491
507.915 4295.84 237.791 0.541542 8.97314 4.63688
508.995 4295.84 195.858 0.504582 8.25084 10.3256
510.075 4295.84 107.7 0.447048 12.172 3.83815
511.155 4295.84 100.32 0.485313 10.3343 0.967596
512.235 4295.84 100.918 0.308322 17.44 0.971927
513.315 4295.84 150.408 0.664519 8.9087 21.3223
514.395 4295.84 137.391 0.498613 9.09552 18.7083
515.475 4295.84 252.364 0.574469 7.79733 9.30765
516.555 4295.84 297.28 0.58173 8.50133 7.05091
517.635 4295.84 277.274 0.52903 8.06127 6.47676
518.715 4295.84 285.961 0.533351 8.01971 7.7176
519.795 4295.84 277.778 0.48856 9.74025 5.10035
520.875 4295.84 320.761 0.568069 8.11815 12.6216
521.955 4295.84 255.203 0.382293 14.3788 1.83862
523.035 4295.84 341.286 0.615653 8.00475 10.3436
524.115 4295.84 366.264 0.57483 8.88657 5.52675
525.195 4295.84 410.277 0.593524 9.85326 12.6994
526.275 4295.84 440.669 0.572588 7.95255 12.6105
527.355 4295.84 400.849 0.505014 9.18075 6.92873
528.435 4295.84 410.805 0.51411 9.97328 0.937291
529.515 4295.84 391.29 0.525515 8.87243 5.09326
530.595 4295.84 354.763 0.4421 13.905 7.62668
531.675 4295.84 355.79 0.537885 9.90591 3.03518
532.755 4295.84 429.058 0.553511 8.5868 14.2746
533.835 4295.84 557.243 0.66324 8.04768 14.3132
534.915 4295.84 433.103 0.617009 8.27145 14.5677
535.995 4295.84 341.061 0.514119 11.4476 15.8087
537.075 4295.84 296.303 0.611322 8.67786 11.9849
538.155 4295.84 191.948 0.446433 13.1345 2.31415
539.235 4295.84 279.044 0.605526 8.28965 9.8423
540.315 4295.84 210.941 0.561047 10.1008 7.07073
541.395 4295.84 180.793 0.586552 9.1381 6.74879
542.475 4295.84 140.231 0.568549 8.31161 7.61388
543.555 4295.84 103.585 0.578626 9.11515 5.42716
544.635 4295.84 90.7836 0.541951 9.86374 3.10906
545.715 4295.84 63.0112 0.354811 15.9663 2.29559
546.795 4295.84 81.6474 0.475009 11.4547 0.807383
547.875 4295.84 135.764 0.587747 8.71138 5.92533
548.955 4295.84 169.827 0.534678 9.46939 3.2928
550.035 4295.84 122.629 0.530427 9.9953 2.75737
551.115 4295.84 121.083 0.549284 9.65676 6.13092
552.195 4295.84 169.724 0.523934 9.67729 3.38889
553.275 4295.84 185.992 0.520295 9.87894 6.89643
554.355 4295.84 215.728 0.544005 8.45611 8.60749
555.435 4295.84 268.045 0.601163 8.1114 10.6698
556.515 4295.84 191.364 0.554039 8.41179 5.47142
557.595 4295.84 170.116 0.491563 9.30233 6.33631
558.675 4295.84 150.956 0.49914 10.0657 1.64088
559.755 4295.84 96.2397 0.542313 8.53899 0.971935
560.835 4295.84 61.206 0.461977 11.1028 2.26604
561.915 4295.84 61.9381 0.320605 18.7405 2.5047
562.995 4295.84 146.932 0.522514 8.91079 1.46932
564.075 4295.84 156.315 0.545328 8.81587 5.63967
565.155 4295.84 69.1962 0.478825 10.4451 0.20043
566.235 4295.84 71.5358 0.483305 10.4451 1.62
567.315 4295.84 72.1389 0.474943 10.4451 0.110513
568.395 4295.84 72.6873 0.472189 10.4451 0.170613
569.475 4295.84 74.2454 0.470539 10.4451 0.167373
570.555 4295.84 74.6787 0.470785 10.4451 0.197995
571.635 4295.84 85.8527 0.471825 10.4451 0.652015
572.715 4295.84 77.2901 0.468258 10.4451 0.607881
573.795 4295.84 78.2279 0.464409 10.4451 0.140439
574.875 4295.84 79.4587 0.38451 13.1532 0.183535
575.955 4295.84 81.3461 0.461188 10.4451 0.207401
577.035 4295.84 90.8943 0.480407 9.8354 1.30762
578.115 4295.84 111.914 0.417918 12.1468 2.3263
579.195 4295.84 206.08 0.547819 8.56944 6.39592
580.275 4295.84 273.74 0.455558 10.432 12.346
581.355 4295.84 485.566 0.483493 7.72507 10.6338
582.435 4295.84 512.65 0.558095 8.31017 7.73618
583.515 4295.84 409.932 0.41946 11.2398 3.84887
584.595 4295.84 445.017 0.518522 9.06975 8.41279
585.675 4295.84 527.065 0.505265 8.82669 6.36661
586.755 4295.84 465.517 0.560062 7.77669 9.87541
587.835 4295.84 440.235 0.570476 7.51828 12.173
588.915 4295.84 395.366 0.609485 7.78871 16.7836
589.995 4295.84 441.523 0.479791 8.07851 12.3555
591.075 4295.84 316.251 0.596503 8.54227 28.9117
592.155 4295.84 317.326 0.508842 9.87422 9.66806
593.235 4295.84 453.556 0.576068 7.97311 11.3226
594.315 4295.84 477.12 0.481443 9.2735 7.97231
595.395 4295.84 376.913 0.38466 12.4827 1.57806
596.475 4295.84 500.781 0.45623 8.64898 9.43295
597.555 4295.84 496.323 0.521989 9.22273 9.26009
598.635 4295.84 422.114 0.465151 9.45713 3.1716
599.715 4295.84 456.825 0.492327 8.39264 13.493
600.795 4295.84 551.084 0.503889 8.16749 8.13095
601.875 4295.84 444.324 0.483635 9.80194 10.0991
602.955 4295.84 378.035 0.355679 13.8926 5.67943
604.035 4295.84 473.921 0.487441 8.89459 1.8086
605.115 4295.84 457.517 0.456315 8.79099 6.63124

456.075 4294.76 -120 -0.06 0 0
457.155 4294.76 -120 -0.06 0 0
458.235 4294.76 -120 -0.06 0 0
459.315 4294.76 -120 -0.06 0 0
460.395 4294.76 -120 -0.06 0 0
461.475 4294.76 -120 -0.06 0 0
462.555 4294.76 -120 -0.06 0 0
463.635 4294.76 -120 -0.06 0 0
464.715 4294.76 -120 -0.06 0 0
465.795 4294.76 -120 -0.06 0 0
466.875 4294.76 -120 -0.06 0 0
467.955 4294.76 -120 -0.06 0 0
469.035 4294.76 -120 -0.06 0 0
470.115 4294.76 -120 -0.06 0 0
471.195 4294.76 -120 -0.06 0 0
472.275 4294.76 -120 -0.06 0 0
473.355 4294.76 -120 -0.06 0 0
474.435 4294.76 -120 -0.06 0 0
475.515 4294.76 -120 -0.06 0 0
476.595 4294.76 -120 -0.06 0 0
477.675 4294.76 -120 -0.06 0 0
478.755 4294.76 -120 -0.06 0 0
479.835 4294.76 -120 -0.06 0 0
480.915 4294.76 -120 -0.06 0 0
481.995 4294.76 -120 -0.06 0 0
483.075 4294.76 -120 -0.06 0 0
484.155 4294.76 -120 -0.06 0 0
485.235 4294.76 -120 -0.06 0 0
486.315 4294.76 -120 -0.06 0 0
487.395 4294.76 -120 -0.06 0 0
488.475 4294.76 -120 -0.06 0 0
489.555 4294.76 -120 -0.06 0 0
490.635 4294.76 -120 -0.06 0 0
491.715 4294.76 3.13332 0.485127 9.12355 2.25246
492.795 4294.76 144.647 0.506978 8.49548 11.9788
493.875 4294.76 71.0688 0.550365 8.29453 5.4022
494.955 4294.76 14.4456 0.453265 10.4451 1.27853
496.035 4294.76 14.069 0.487865 9.1403 2.63436
497.115 4294.76 4.75871 0.464133 10.2108 0.881229
498.195 4294.76 26.3366 0.478977 9.6678 3.40927
499.275 4294.76 46.4249 0.475671 9.60227 2.53961
500.355 4294.76 19.8725 0.397352 12.8556 1.26592
501.435 4294.76 17.0325 0.449636 10.4451 2.69048
502.515 4294.76 9.46981 0.296033 16.2091 0.464922
503.595 4294.76 6.39523 0.29799 18.6307 0.905423
504.675 4294.76 13.3437 0.557388 8.27644 5.84228
505.755 4294.76 37.8475 0.448707 12.8296 9.37601
506.835 4294.76 139.221 0.556094 8.48395 6.01181
507.915 4294.76 202.412 0.544361 8.54315 3.17272
508.995 4294.76 216.322 0.483629 9.33641 4.59873
510.075 4294.76 108.868 0.511549 10.6858 7.51143
511.155 4294.76 109.062 0.50303 8.95979 6.95792
512.235 4294.76 281.703 0.506785 8.20538 8.79533
513.315 4294.76 178.423 0.502581 8.89703 13.5138
514.395 4294.76 217.855 0.52461 8.40121 4.13577
515.475 4294.76 231.433 0.488468 8.8089 9.06434
516.555 4294.76 272.866 0.614237 7.81984 13.0393
517.635 4294.76 342.376 0.5933 7.94875 8.99227
518.715 4294.76 345.079 0.503806 9.05518 7.79534
519.795 4294.76 317.729 0.488323 10.4955 3.55677
520.875 4294.76 299.629 0.583961 8.29349 7.78698
521.955 4294.76 282.348 0.502967 10.2367 1.24748
523.035 4294.76 343.403 0.509335 8.69907 8.95363
524.115 4294.76 451.871 0.566883 9.0005 6.03652
525.195 4294.76 428.506 0.569891 8.33929 8.01535
526.275 4294.76 463.973 0.491898 10.8883 2.46362
527.355 4294.76 448.827 0.548273 8.34867 8.33565
528.435 4294.76 412.521 0.436073 12.9366 8.4747
529.515 4294.76 438.098 0.558075 8.78693 9.29801
530.595 4294.76 388.788 0.592009 8.09479 13.0867
531.675 4294.76 354.371 0.566831 8.93575 9.54628
532.755 4294.76 324.331 0.50967 10.8932 1.69857
533.835 4294.76 445.617 0.575641 8.43412 7.79728
534.915 4294.76 503.215 0.588661 8.27583 7.21461
535.995 4294.76 354.498 0.583163 7.94597 12.8359
537.075 4294.76 227.286 0.534893 10.3402 8.36928
538.155 4294.76 215.374 0.61425 8.02322 5.06674
539.235 4294.76 248.657 0.562623 8.76382 6.01188
540.315 4294.76 163.525 0.619488 8.67174 9.29428
541.395 4294.76 106.633 0.486617 11.4652 3.53014
542.475 4294.76 82.9132 0.555104 9.20188 0.829387
543.555 4294.76 58.6675 0.392239 14.8067 0.946537
544.635 4294.76 74.1214 0.540138 9.60074 1.21677
545.715 4294.76 57.2506 0.51762 10.3301 1.06906
546.795 4294.76 70.5752 0.497739 10.941 1.3882
547.875 4294.76 86.8861 0.517686 10.3001 0.920124
548.955 4294.76 130.658 0.544435 9.08565 3.325
550.035 4294.76 97.8809 0.426489 13.3314 4.34057
551.115 4294.76 114.274 0.502892 9.82075 5.79077
552.195 4294.76 179.096 0.532353 8.77335 5.80537
553.275 4294.76 149.283 0.554363 9.40427 6.7485
554.355 4294.76 172.389 0.556571 9.02985 5.1495
555.435 4294.76 218.937 0.526886 8.38948 10.0975
556.515 4294.76 148.947 0.465619 11.7179 1.49997
557.595 4294.76 173.471 0.517843 9.54884 5.4753
558.675 4294.76 110.578 0.509116 10.554 6.08603
559.755 4294.76 56.2411 0.478191 11.1214 3.23984
560.835 4294.76 89.2161 0.509492 8.77702 8.82188
561.915 4294.76 81.1372 0.431035 11.9403 8.46421
562.995 4294.76 159.999 0.567846 8.40021 8.9115
564.075 4294.76 127.406 0.550486 8.79936 6.01261
565.155 4294.76 71.5107 0.479348 10.4451 1.3119
566.235 4294.76 70.5936 0.478694 10.4451 0.340426
567.315 4294.76 71.7594 0.477417 10.4451 0.289348
568.395 4294.76 73.1139 0.454233 11.1383 0.0490945
569.475 4294.76 75.0402 0.473557 10.4451 0.233288
570.555 4294.76 75.3243 0.424049 12.0546 0.209052
571.635 4294.76 77.6524 0.46821 10.4451 0.332142
572.715 4294.76 76.5821 0.361338 14.056 0.37388
573.795 4294.76 81.2013 0.466385 10.4451 0.290932
574.875 4294.76 81.6956 0.423536 11.8314 0.161463
575.955 4294.76 82.941 0.465187 10.4451 0.451607
577.035 4294.76 84.5955 0.463609 10.4451 0.410838
578.115 4294.76 107.075 0.503279 9.22433 2.14364
579.195 4294.76 155.767 0.516626 8.86569 6.58139
580.275 4294.76 256.658 0.44843 10.4919 8.39494
581.355 4294.76 434.734 0.510356 8.40862 6.03038
582.435 4294.76 406.146 0.50644 8.23174 3.77241
583.515 4294.76 419.943 0.598422 8.11531 20.0427
584.595 4294.76 379.42 0.457507 9.92025 7.37532
585.675 4294.76 451.092 0.60731 8.11984 16.4838
586.755 4294.76 315.122 0.640987 8.47617 23.3982
587.835 4294.76 217.469 0.205053 16.2233 18.8704
588.915 4294.76 240.584 0.261805 15.7072 23.7554
589.995 4294.76 261.806 0.219448 15.9198 14.9675
591.075 4294.76 379.275 0.481424 7.58469 14.8889
592.155 4294.76 332.846 0.461368 9.86126 7.51427
593.235 4294.76 426.72 0.482716 9.54707 2.79216
594.315 4294.76 457.961 0.556042 8.58303 10.5577
595.395 4294.76 364.924 0.347737 13.0378 6.78056
596.475 4294.76 479.296 0.425365 9.47325 11.43
597.555 4294.76 471.108 0.440857 8.51462 13.3846
598.635 4294.76 416.794 0.505835 8.22048 1.38781
599.715 4294.76 404.99 0.514343 9.42651 8.93789
600.795 4294.76 474.894 0.548592 7.6776 11.2684
601.875 4294.76 398.179 0.499637 8.96668 6.60472
602.955 4294.76 363.895 0.488759 8.58767 7.87826
604.035 4294.76 427.321 0.486391 8.822 11.9463
605.115 4294.76 443.482 0.460664 9.52049 0.591269

456.075 4293.68 -120 -0.06 0 0
457.155 4293.68 -120 -0.06 0 0
458.235 4293.68 -120 -0.06 0 0
459.315 4293.68 -120 -0.06 0 0
460.395 4293.68 -120 -0.06 0 0
461.475 4293.68 -120 -0.06 0 0
462.555 4293.68 -120 -0.06 0 0
463.635 4293.68 -120 -0.06 0 0
464.715 4293.68 -120 -0.06 0 0
465.795 4293.68 -120 -0.06 0 0
466.875 4293.68 -120 -0.06 0 0
467.955 4293.68 -120 -0.06 0 0
469.035 4293.68 -120 -0.06 0 0
470.115 4293.68 -120 -0.06 0 0
471.195 4293.68 -120 -0.06 0 0
472.275 4293.68 -120 -0.06 0 0
473.355 4293.68 -120 -0.06 0 0
474.435 4293.68 -120 -0.06 0 0
475.515 4293.68 -120 -0.06 0 0
476.595 4293.68 -120 -0.06 0 0
477.675 4293.68 -120 -0.06 0 0
478.755 4293.68 -120 -0.06 0 0
479.835 4293.68 -120 -0.06 0 0
480.915 4293.68 -120 -0.06 0 0
481.995 4293.68 -120 -0.06 0 0
483.075 4293.68 -120 -0.06 0 0
484.155 4293.68 -120 -0.06 0 0
485.235 4293.68 -120 -0.06 0 0
486.315 4293.68 -120 -0.06 0 0
487.395 4293.68 -120 -0.06 0 0
488.475 4293.68 -120 -0.06 0 0
489.555 4293.68 -120 -0.06 0 0
490.635 4293.68 -120 -0.06 0 0
491.715 4293.68 -120 -0.06 0 0
492.795 4293.68 98.5733 0.564494 8.11371 7.08648
493.875 4293.68 10.7813 0.431211 11.5646 0.645029
494.955 4293.68 10.7822 0.422161 11.8466 2.16174
496.035 4293.68 25.627 0.448552 10.4073 2.97308
497.115 4293.68 25.8289 0.446943 10.7934 1.18652
498.195 4293.68 91.1234 0.512934 9.09735 1.93172
499.275 4293.68 73.0768 0.450796 10.1041 4.34115
500.355 4293.68 36.9144 0.475778 9.81497 1.5136
501.435 4293.68 21.4971 0.466542 10.7795 2.17014
502.515 4293.68 13.2654 0.295079 16.5432 0.705794
503.595 4293.68 30.3572 0.486337 10.1019 1.86673
504.675 4293.68 38.9821 0.490561 9.34264 2.07371
505.755 4293.68 14.4859 0.285422 16.6017 2.52722
506.835 4293.68 23.6166 0.523647 9.861 6.18313
507.915 4293.68 60.8583 0.507014 9.82232 2.66368
508.995 4293.68 78.9528 0.607547 9.3222 15.6035
510.075 4293.68 100 0.308735 16.2918 0.0230584
511.155 4293.68 141.583 0.495647 8.25205 9.83842
512.235 4293.68 143.193 0.357646 13.3811 7.74606
513.315 4293.68 230.887 0.621394 8.09398 14.0451
514.395 4293.68 317.229 0.677645 7.68016 17.0421
515.475 4293.68 351.212 0.550075 8.47973 8.4774
516.555 4293.68 239.258 0.460643 10.8844 3.45799
517.635 4293.68 249.167 0.414888 12.5193 6.43386
518.715 4293.68 335.843 0.61989 8.38772 11.3745
519.795 4293.68 358.757 0.513808 8.79405 6.50197
520.875 4293.68 269.418 0.383372 14.4721 2.06701
521.955 4293.68 288.577 0.520988 9.55467 1.58807
523.035 4293.68 356.963 0.506424 8.51301 11.9777
524.115 4293.68 351.174 0.47684 12.3522 5.90118
525.195 4293.68 449.142 0.601373 9.328 15.8431
526.275 4293.68 531.524 0.544524 9.40508 1.70427
527.355 4293.68 516.544 0.596132 8.16257 6.76723
528.435 4293.68 402.859 0.472173 11.8314 0.476994
529.515 4293.68 417.463 0.535205 8.1755 9.25931
530.595 4293.68 336.894 0.544254 8.65484 15.2799
531.675 4293.68 319.231 0.584742 8.61389 3.42438
532.755 4293.68 316.641 0.535451 9.44433 3.32075
533.835 4293.68 535.153 0.630476 7.32102 8.13955
534.915 4293.68 504.678 0.675494 7.19414 18.5087
535.995 4293.68 278.907 0.577866 10.2707 10.1966
537.075 4293.68 246.59 0.598881 8.92773 6.69785
538.155 4293.68 173.729 0.483955 10.2715 8.41889
539.235 4293.68 161.06 0.615214 8.16691 12.3339
540.315 4293.68 134.775 0.612989 8.15965 5.59433
541.395 4293.68 74.8874 0.480947 12.027 1.93091
542.475 4293.68 49.5342 0.436414 13.3968 0.743392
543.555 4293.68 49.6718 0.373681 15.5864 1.15357
544.635 4293.68 49.9773 0.517332 10.4389 0.715236
545.715 4293.68 48.6793 0.515488 10.4451 0.16412
546.795 4293.68 58.0031 0.535692 9.83465 1.03584
547.875 4293.68 68.4531 0.488641 11.3717 1.11567
548.955 4293.68 91.3374 0.550517 9.59242 3.7857
550.035 4293.68 83.4578 0.530833 9.80914 1.98807
551.115 4293.68 109.658 0.506818 10.8374 2.24632
552.195 4293.68 144.792 0.557688 8.9064 6.19465
553.275 4293.68 110.475 0.420063 13.3626 0.57135
554.355 4293.68 131.479 0.528322 9.90297 2.88141
555.435 4293.68 132.662 0.548586 9.36181 3.8928
556.515 4293.68 116.545 0.558694 9.64875 8.37133
557.595 4293.68 124.709 0.587698 8.65842 9.20366
558.675 4293.68 63.8134 0.535879 10.1427 6.21597
559.755 4293.68 92.5145 0.515712 8.96323 7.51058
560.835 4293.68 124.122 0.54104 10.0709 7.87282
561.915 4293.68 152.938 0.528222 8.62517 5.32674
562.995 4293.68 107.527 0.493283 10.0211 1.36502
564.075 4293.68 101.259 0.510342 9.83844 5.24968
565.155 4293.68 69.456 0.370006 14.1577 0.555342
566.235 4293.68 68.5244 0.302753 18.8045 0.475435
567.315 4293.68 74.3269 0.477026 10.4451 0.726953
568.395 4293.68 73.6625 0.409711 12.7477 0.266448
569.475 4293.68 76.4217 0.421248 12.2369 0.100086
570.555 4293.68 77.8947 0.42615 12.0546 0.192677
571.635 4293.68 79.6416 0.449317 11.1383 0.273973
572.715 4293.68 79.9734 0.385824 13.2783 0.0982465
573.795 4293.68 81.6185 0.419567 12.0546 0.218276
574.875 4293.68 82.5373 0.395383 12.843 0.179518
575.955 4293.68 85.4877 0.462012 10.4451 0.460506
577.035 4293.68 86.2766 0.463107 10.4451 0.190038
578.115 4293.68 88.4369 0.440397 11.1364 0.430813
579.195 4293.68 125.614 0.491239 9.72948 2.85183
580.275 4293.68 232.529 0.464632 8.88334 9.77372
581.355 4293.68 248.609 0.507316 9.94468 6.63671
582.435 4293.68 373.022 0.622179 8.04068 15.33
583.515 4293.68 289.713 0.614198 8.63344 16.935
584.595 4293.68 343.524 0.491422 8.06573 13.623
585.675 4293.68 278.762 0.635385 8.02989 23.7858
586.755 4293.68 285.511 0.479158 8.46745 12.4087
587.835 4293.68 516.498 0.478311 7.23087 15.4121
588.915 4293.68 493.37 0.507398 7.9985 12.5881
589.995 4293.68 488.077 0.491402 7.97957 5.03331
591.075 4293.68 542.816 0.480916 8.18105 7.86409
592.155 4293.68 361.163 0.567996 8.77317 12.6778
593.235 4293.68 375.355 0.526228 8.03165 4.20649
594.315 4293.68 425.747 0.508273 8.76043 8.02194
595.395 4293.68 362.953 0.550422 8.24268 13.8232
596.475 4293.68 367.973 0.386472 12.5945 1.89215
597.555 4293.68 468.878 0.433092 8.85206 10.6262
598.635 4293.68 431.402 0.472325 8.60041 7.77588
599.715 4293.68 415.723 0.537951 7.88635 7.79589
600.795 4293.68 415.009 0.489008 8.12162 6.00993
601.875 4293.68 362.861 0.507577 8.53468 5.51159
602.955 4293.68 383.433 0.482046 8.44416 9.43419
604.035 4293.68 356.404 0.367755 12.8762 2.54207
605.115 4293.68 394.539 0.453241 9.82638 1.75381

456.075 4292.6 -120 -0.06 0 0
457.155 4292.6 -120 -0.06 0 0
458.235 4292.6 -120 -0.06 0 0
459.315 4292.6 -120 -0.06 0 0
460.395 4292.6 -120 -0.06 0 0
461.475 4292.6 -120 -0.06 0 0
462.555 4292.6 -120 -0.06 0 0
463.635 4292.6 -120 -0.06 0 0
464.715 4292.6 -120 -0.06 0 0
465.795 4292.6 -120 -0.06 0 0
466.875 4292.6 -120 -0.06 0 0
467.955 4292.6 -120 -0.06 0 0
469.035 4292.6 -120 -0.06 0 0
470.115 4292.6 -120 -0.06 0 0
471.195 4292.6 -120 -0.06 0 0
472.275 4292.6 -120 -0.06 0 0
473.355 4292.6 -120 -0.06 0 0
474.435 4292.6 -120 -0.06 0 0
475.515 4292.6 -120 -0.06 0 0
476.595 4292.6 -120 -0.06 0 0
477.675 4292.6 -120 -0.06 0 0
478.755 4292.6 -120 -0.06 0 0
479.835 4292.6 -120 -0.06 0 0
480.915 4292.6 -120 -0.06 0 0
481.995 4292.6 -120 -0.06 0 0
483.075 4292.6 -120 -0.06 0 0
484.155 4292.6 -120 -0.06 0 0
485.235 4292.6 -120 -0.06 0 0
486.315 4292.6 -120 -0.06 0 0
487.395 4292.6 -120 -0.06 0 0
488.475 4292.6 -120 -0.06 0 0
489.555 4292.6 -120 -0.06 0 0
490.635 4292.6 -120 -0.06 0 0
491.715 4292.6 -120 -0.06 0 0
492.795 4292.6 -120 -0.06 0 0
493.875 4292.6 3.46435 0.479095 10.3535 3.003
494.955 4292.6 48.1264 0.507916 8.57909 5.15448
496.035 4292.6 41.3112 0.478965 10.1621 4.00418
497.115 4292.6 86.9399 0.478024 8.68108 10.3312
498.195 4292.6 112.228 0.500468 8.87847 2.90841
499.275 4292.6 130.225 0.489834 8.9245 4.03537
500.355 4292.6 75.248 0.453238 9.94807 6.53687
501.435 4292.6 102.69 0.516903 8.39404 3.64457
502.515 4292.6 19.6304 0.429135 11.6445 0.762491
503.595 4292.6 17.3741 0.294503 16.364 0.499552
504.675 4292.6 30.6538 0.523684 9.24729 4.73796
505.755 4292.6 90.0913 0.555605 8.18555 4.66889
506.835 4292.6 93.3561 0.495858 8.87087 4.72026
507.915 4292.6 121.929 0.512058 7.46832 10.1876
508.995 4292.6 163.452 0.4897 8.37808 13.8457
510.075 4292.6 287.602 0.542849 7.58033 6.08098
511.155 4292.6 103.122 0.350342 15.2284 1.54227
512.235 4292.6 291.026 0.541615 7.86738 10.594
513.315 4292.6 346.977 0.498287 7.9633 12.5028
514.395 4292.6 324.292 0.570638 7.85938 9.25387
515.475 4292.6 301.334 0.466148 9.27065 14.0606
516.555 4292.6 350.82 0.516927 8.73515 9.40508
517.635 4292.6 288.031 0.530838 8.70054 7.00055
518.715 4292.6 368.717 0.56886 8.29008 13.8602
519.795 4292.6 296.644 0.521855 10.3848 4.05328
520.875 4292.6 270.952 0.368878 15.0938 1.11031
521.955 4292.6 301.596 0.501227 10.4451 1.43735
523.035 4292.6 311.86 0.460367 12.3487 2.07184
524.115 4292.6 366.347 0.53731 10.4694 5.89747
525.195 4292.6 526.272 0.544249 8.77417 3.34668
526.275 4292.6 493.548 0.616752 8.05398 6.76409
527.355 4292.6 477.816 0.70124 7.99244 19.059
528.435 4292.6 466.683 0.488948 10.138 9.57411
529.515 4292.6 426.677 0.508322 10.0535 5.0523
530.595 4292.6 426.199 0.606331 8.00509 4.01768
531.675 4292.6 350.079 0.523777 10.4451 3.45631
532.755 4292.6 279.637 0.378806 14.7104 7.43012
533.835 4292.6 264.038 0.575712 9.77395 7.30429
534.915 4292.6 325.921 0.648454 8.08441 11.449
535.995 4292.6 167.188 0.562288 9.08539 3.19663
537.075 4292.6 206.351 0.591797 8.60805 6.50548
538.155 4292.6 140.986 0.618092 8.11168 6.46865
539.235 4292.6 75.0133 0.404777 14.4254 4.96382
540.315 4292.6 64.8859 0.55035 9.96051 2.82233
541.395 4292.6 51.2651 0.488454 11.808 1.10816
542.475 4292.6 42.5734 0.477758 12.0546 0.608832
543.555 4292.6 43.2716 0.472845 12.2369 0.721603
544.635 4292.6 44.5516 0.521786 10.4451 0.589898
545.715 4292.6 44.6252 0.521536 10.4451 0.625493
546.795 4292.6 44.6098 0.423358 13.741 0.599956
547.875 4292.6 51.2334 0.475501 11.8794 1.45207
548.955 4292.6 62.2276 0.503914 10.9083 1.13764
550.035 4292.6 70.1049 0.493887 11.1315 0.771321
551.115 4292.6 77.8139 0.468458 12.0194 1.08585
552.195 4292.6 93.8198 0.55888 9.01652 2.18374
553.275 4292.6 110.658 0.539111 9.25638 4.40554
554.355 4292.6 103.952 0.522219 9.77557 3.00078
555.435 4292.6 96.6877 0.53366 9.49714 1.44082
556.515 4292.6 76.1742 0.493278 10.8278 1.83908
557.595 4292.6 78.8323 0.535964 8.8266 5.77168
558.675 4292.6 53.5735 0.319622 18.7819 0.162056
559.755 4292.6 135.092 0.525529 8.59038 8.17361
560.835 4292.6 103.174 0.50553 10.2824 1.98779
561.915 4292.6 94.9838 0.520043 9.57626 1.29084
562.995 4292.6 95.3076 0.486663 10.4451 1.31664
564.075 4292.6 92.5449 0.478683 10.4451 1.63939
565.155 4292.6 69.5145 0.372555 14.1942 0.116227
566.235 4292.6 80.8015 0.479691 9.31954 6.66178
567.315 4292.6 71.9397 0.478139 10.4451 0.682548
568.395 4292.6 75.554 0.507272 9.55801 0.959382
569.475 4292.6 76.9037 0.47377 10.4451 0.399895
570.555 4292.6 78.8699 0.295475 18.9653 0.782973
571.635 4292.6 84.5626 0.469314 10.4451 0.388973
572.715 4292.6 83.6373 0.467658 10.4451 0.387554
573.795 4292.6 84.0559 0.435591 11.5437 0.313858
574.875 4292.6 87.2793 0.432889 11.5437 0.30703
575.955 4292.6 89.4197 0.464441 10.4451 0.735726
577.035 4292.6 91.2873 0.439113 11.1383 0.685421
578.115 4292.6 89.8628 0.358165 13.8791 0.885654
579.195 4292.6 136.97 0.525953 8.13569 13.7829
580.275 4292.6 195.692 0.594705 8.09768 13.7892
581.355 4292.6 221.011 0.549149 8.12454 13.4385
582.435 4292.6 171.931 0.562596 8.78687 14.3498
583.515 4292.6 203.439 0.469929 9.0772 6.04692
584.595 4292.6 219.221 0.631219 7.686 18.8737
585.675 4292.6 149.046 0.294436 16.6458 8.3981
586.755 4292.6 454.755 0.623156 7.16316 22.8852
587.835 4292.6 438.807 0.585572 8.29511 13.7033
588.915 4292.6 577.938 0.630537 7.39959 15.8959
589.995 4292.6 480.18 0.586492 8.25668 15.0727
591.075 4292.6 391.504 0.493632 9.15074 6.18185
592.155 4292.6 263.297 0.399519 12.2403 2.37519
593.235 4292.6 263.59 0.446696 10.0429 9.10823
594.315 4292.6 284.547 0.530078 8.80327 7.51259
595.395 4292.6 265.468 0.38122 12.0153 4.77206
596.475 4292.6 402.546 0.61946 7.84907 16.9357
597.555 4292.6 456.969 0.59267 7.59176 12.7077
598.635 4292.6 523.896 0.444832 9.04887 6.37678
599.715 4292.6 378.432 0.492756 8.13978 12.8381
600.795 4292.6 470.565 0.440308 9.91523 8.37574
601.875 4292.6 318.317 0.470501 12.2541 14.2876
602.955 4292.6 414.187 0.501929 8.2499 12.3953
604.035 4292.6 349.406 0.307206 13.8137 9.22875
605.115 4292.6 477.946 0.45143 8.37583 8.50227

456.075 4291.52 -120 -0.06 0 0
457.155 4291.52 -120 -0.06 0 0
458.235 4291.52 -120 -0.06 0 0
459.315 4291.52 -120 -0.06 0 0
460.395 4291.52 -120 -0.06 0 0
461.475 4291.52 -120 -0.06 0 0
462.555 4291.52 -120 -0.06 0 0
463.635 4291.52 -120 -0.06 0 0
464.715 4291.52 -120 -0.06 0 0
465.795 4291.52 -120 -0.06 0 0
466.875 4291.52 -120 -0.06 0 0
467.955 4291.52 -120 -0.06 0 0
469.035 4291.52 -120 -0.06 0 0
470.115 4291.52 -120 -0.06 0 0
471.195 4291.52 -120 -0.06 0 0
472.275 4291.52 -120 -0.06 0 0
473.355 4291.52 -120 -0.06 0 0
474.435 4291.52 -120 -0.06 0 0
475.515 4291.52 -120 -0.06 0 0
476.595 4291.52 -120 -0.06 0 0
477.675 4291.52 -120 -0.06 0 0
478.755 4291.52 -120 -0.06 0 0
479.835 4291.52 -120 -0.06 0 0
480.915 4291.52 -120 -0.06 0 0
481.995 4291.52 -120 -0.06 0 0
483.075 4291.52 -120 -0.06 0 0
484.155 4291.52 -120 -0.06 0 0
485.235 4291.52 -120 -0.06 0 0
486.315 4291.52 -120 -0.06 0 0
487.395 4291.52 -120 -0.06 0 0
488.475 4291.52 -120 -0.06 0 0
489.555 4291.52 -120 -0.06 0 0
490.635 4291.52 -120 -0.06 0 0
491.715 4291.52 -120 -0.06 0 0
492.795 4291.52 -120 -0.06 0 0
493.875 4291.52 0.991225 0.406977 12.4315 0.633356
494.955 4291.52 56.513 0.509191 9.16011 2.73994
496.035 4291.52 40.3306 0.481249 9.64708 4.16323
497.115 4291.52 179.388 0.532335 9.15564 5.16145
498.195 4291.52 130.576 0.443094 11.5895 3.05724
499.275 4291.52 165.561 0.486477 8.93412 4.73195
500.355 4291.52 237.611 0.470411 7.74266 19.5325
501.435 4291.52 142.046 0.567201 7.97831 10.0349
502.515 4291.52 38.54 0.431303 11.6732 2.08542
503.595 4291.52 26.7918 0.346454 14.5017 1.02868
504.675 4291.52 35.5068 0.488682 9.6776 2.35478
505.755 4291.52 54.7982 0.532855 8.45597 7.80856
506.835 4291.52 47.408 0.522755 8.67893 5.02861
507.915 4291.52 82.8603 0.385435 12.7098 5.85302
508.995 4291.52 135.034 0.556675 9.3647 8.55547
510.075 4291.52 266.781 0.715245 7.37574 20.8399
511.155 4291.52 226.007 0.555926 7.28746 19.5657
512.235 4291.52 151.328 0.533778 8.83696 10.2182
513.315 4291.52 410.685 0.564874 7.99713 6.01484
514.395 4291.52 327.737 0.526937 8.01465 9.97164
515.475 4291.52 408.585 0.606959 7.90854 10.6057
516.555 4291.52 410.861 0.501092 9.75771 7.09096
517.635 4291.52 320.567 0.524002 9.88991 2.30936
518.715 4291.52 294.111 0.511263 10.2246 1.8407
519.795 4291.52 277.728 0.369423 15.1253 1.02002
520.875 4291.52 281.454 0.505082 10.2587 0.791669
521.955 4291.52 292.35 0.503527 10.4199 1.62917
523.035 4291.52 318.386 0.506258 10.53 2.22386
524.115 4291.52 423.481 0.547432 8.99706 2.59204
525.195 4291.52 457.604 0.733544 7.60085 21.683
526.275 4291.52 423.618 0.51727 9.70708 3.74705
527.355 4291.52 407.993 0.60381 9.04675 8.6173
528.435 4291.52 359.177 0.483365 11.6118 3.42008
529.515 4291.52 401.708 0.548427 9.80769 2.41593
530.595 4291.52 387.796 0.564553 9.45521 4.77637
531.675 4291.52 340.327 0.493908 11.0907 1.97902
532.755 4291.52 422.02 0.571146 8.14181 6.9557
533.835 4291.52 306.335 0.607809 7.59515 5.39004
534.915 4291.52 158.098 0.627326 7.89725 7.8362
535.995 4291.52 148.188 0.563234 8.58118 4.15862
537.075 4291.52 135.311 0.571218 9.67246 3.76742
538.155 4291.52 101.433 0.557698 9.47676 2.74655
539.235 4291.52 58.5611 0.462527 12.793 1.34587
540.315 4291.52 44.9027 0.507515 11.0722 0.740574
541.395 4291.52 38.5334 0.434884 13.7032 0.375214
542.475 4291.52 38.1476 0.363435 16.115 0.491565
543.555 4291.52 39.3131 0.506291 11.1383 0.329571
544.635 4291.52 40.6212 0.523939 10.4451 0.222627
545.715 4291.52 41.9235 0.522335 10.4451 0.256264
546.795 4291.52 40.77 0.423403 13.8463 0.381935
547.875 4291.52 48.1233 0.519622 10.4451 0.414053
548.955 4291.52 53.7015 0.489159 11.5437 0.955638
550.035 4291.52 56.4337 0.467616 12.057 0.449103
551.115 4291.52 61.5143 0.446218 12.8624 0.863184
552.195 4291.52 72.1179 0.491909 11.2387 1.10414
553.275 4291.52 74.1375 0.488001 11.1024 2.13214
554.355 4291.52 68.5277 0.467719 11.9062 1.45808
555.435 4291.52 70.5537 0.524613 9.95195 1.71187
556.515 4291.52 58.1712 0.470397 11.7502 1.57714
557.595 4291.52 52.0611 0.496114 10.4451 0.439908
558.675 4291.52 52.0042 0.547568 9.16443 2.89568
559.755 4291.52 65.0104 0.468367 11.4665 2.31669
560.835 4291.52 80.3126 0.537592 9.26243 2.64608
561.915 4291.52 77.8719 0.512333 9.57043 1.09013
562.995 4291.52 87.6852 0.523871 9.38706 2.9689
564.075 4291.52 79.9072 0.461933 11.0255 1.2784
565.155 4291.52 75.2938 0.484414 10.148 2.27242
566.235 4291.52 96.7875 0.564833 8.67736 5.71941
567.315 4291.52 69.3117 0.373739 14.0919 0.268476
568.395 4291.52 71.1198 0.457097 11.1383 0.568731
569.475 4291.52 73.984 0.30153 18.9673 0.077427
570.555 4291.52 89.9356 0.514203 10.0473 5.2337
571.635 4291.52 81.5521 0.42713 12.0546 0.451493
572.715 4291.52 84.6181 0.294141 18.9543 0.509127
573.795 4291.52 87.2649 0.468175 10.4451 0.0377593
574.875 4291.52 90.7011 0.465398 10.4451 0.315216
575.955 4291.52 91.8348 0.441695 11.1383 0.653503
577.035 4291.52 94.2629 0.357433 14.0827 0.611142
578.115 4291.52 95.9807 0.460939 10.4451 0.229344
579.195 4291.52 124.537 0.552482 8.55738 15.1021
580.275 4291.52 166.961 0.52763 8.8495 4.05279
581.355 4291.52 120.545 0.287523 18.6621 0.832507
582.435 4291.52 213.17 0.497219 7.71043 12.6316
583.515 4291.52 265.025 0.548396 7.45971 9.40262
584.595 4291.52 298.688 0.479839 9.47381 25.1215
585.675 4291.52 281.5 0.55375 7.77906 17.4876
586.755 4291.52 265.803 0.610784 7.88651 15.0708
587.835 4291.52 184.151 0.384978 15.5499 13.8461
588.915 4291.52 189.98 0.354244 16.0182 11.971
589.995 4291.52 260.054 0.643721 7.52509 21.781
591.075 4291.52 262.986 0.537038 9.22401 10.2275
592.155 4291.52 242.835 0.513582 8.18797 8.5568
593.235 4291.52 224.796 0.411364 12.2778 7.02612
594.315 4291.52 228.802 0.522501 8.44829 8.7143
595.395 4291.52 266.632 0.530925 8.69904 8.90179
596.475 4291.52 217.119 0.316879 15.6515 5.07407
597.555 4291.52 319.97 0.553992 7.90147 16.8656
598.635 4291.52 366.045 0.551182 7.53843 5.49169
599.715 4291.52 281.636 0.333264 15.343 17.0506
600.795 4291.52 344.039 0.654711 8.12823 27.2324
601.875 4291.52 280.054 0.456103 9.42308 4.34825
602.955 4291.52 340.071 0.295112 13.8253 14.6858
604.035 4291.52 331.019 0.4566 9.98 3.6547
605.115 4291.52 354.877 0.531246 10.1072 14.8093

456.075 4290.44 -120 -0.06 0 0
457.155 4290.44 -120 -0.06 0 0
458.235 4290.44 -120 -0.06 0 0
459.315 4290.44 -120 -0.06 0 0
460.395 4290.44 -120 -0.06 0 0
461.475 4290.44 -120 -0.06 0 0
462.555 4290.44 -120 -0.06 0 0
463.635 4290.44 -120 -0.06 0 0
464.715 4290.44 -120 -0.06 0 0
465.795 4290.44 -120 -0.06 0 0
466.875 4290.44 -120 -0.06 0 0
467.955 4290.44 -120 -0.06 0 0
469.035 4290.44 -120 -0.06 0 0
470.115 4290.44 -120 -0.06 0 0
471.195 4290.44 -120 -0.06 0 0
472.275 4290.44 -120 -0.06 0 0
473.355 4290.44 -120 -0.06 0 0
474.435 4290.44 -120 -0.06 0 0
475.515 4290.44 -120 -0.06 0 0
476.595 4290.44 -120 -0.06 0 0
477.675 4290.44 -120 -0.06 0 0
478.755 4290.44 -120 -0.06 0 0
479.835 4290.44 -120 -0.06 0 0
480.915 4290.44 -120 -0.06 0 0
481.995 4290.44 -120 -0.06 0 0
483.075 4290.44 -120 -0.06 0 0
484.155 4290.44 -120 -0.06 0 0
485.235 4290.44 4.5204 0.507292 8.34372 2.27858
486.315 4290.44 -120 -0.06 0 0
487.395 4290.44 -120 -0.06 0 0
488.475 4290.44 -120 -0.06 0 0
489.555 4290.44 -120 -0.06 0 0
490.635 4290.44 -120 -0.06 0 0
491.715 4290.44 1.34966 0.480685 9.80711 1.57144
492.795 4290.44 5.19187 0.459129 9.41676 7.86689
493.875 4290.44 10.36 0.459994 10.4451 1.04368
494.955 4290.44 19.9687 0.424813 9.98672 11.2454
496.035 4290.44 29.0315 0.56717 8.23466 7.22053
497.115 4290.44 78.1138 0.461517 10.2437 2.7291
498.195 4290.44 139.357 0.439738 11.2868 2.8026
499.275 4290.44 233.338 0.561397 8.63814 11.5638
500.355 4290.44 267.611 0.546882 8.33467 13.8624
501.435 4290.44 310.856 0.492193 8.13127 10.6807
502.515 4290.44 216.622 0.497139 7.83325 11.6709
503.595 4290.44 51.9309 0.392122 12.4779 3.79243
504.675 4290.44 56.5802 0.451776 10.881 2.3726
505.755 4290.44 141.183 0.538394 7.78161 6.55647
506.835 4290.44 169.571 0.473873 8.70445 13.2212
507.915 4290.44 223.991 0.463739 8.97042 12.9519
508.995 4290.44 203.787 0.455258 10.0924 6.737
510.075 4290.44 191.489 0.472421 9.46095 7.48446
511.155 4290.44 212.593 0.562998 8.59316 6.13983
512.235 4290.44 113.362 0.330721 15.4567 5.48184
513.315 4290.44 203.627 0.407767 11.5176 10.2499
514.395 4290.44 268.818 0.454254 10.2266 10.6269
515.475 4290.44 433.746 0.563744 8.04905 6.49175
516.555 4290.44 394.083 0.566967 8.14071 13.9872
517.635 4290.44 326.57 0.573125 9.07353 6.586
518.715 4290.44 292.325 0.511794 9.81979 1.80568
519.795 4290.44 278.679 0.411665 13.545 0.39719
520.875 4290.44 283.514 0.413335 13.588 0.28763
521.955 4290.44 299.637 0.479065 11.5346 2.04136
523.035 4290.44 329.807 0.542464 8.95659 2.58669
524.115 4290.44 271.232 0.563933 10.0321 9.13917
525.195 4290.44 295.57 0.600516 8.8353 14.2182
526.275 4290.44 382.759 0.603913 8.62759 8.14511
527.355 4290.44 359.199 0.597489 8.50096 5.43927
528.435 4290.44 349.016 0.520839 10.4277 1.69923
529.515 4290.44 356.306 0.646802 8.1514 13.9393
530.595 4290.44 393.54 0.576931 8.94891 1.67378
531.675 4290.44 457.087 0.541139 8.01572 11.8378
532.755 4290.44 377.409 0.607289 9.2972 9.7821
533.835 4290.44 279.349 0.595233 8.1788 12.4658
534.915 4290.44 152.567 0.576992 9.22977 5.34536
535.995 4290.44 121.07 0.626283 8.58352 7.22967
537.075 4290.44 107.217 0.574663 9.31231 3.61327
538.155 4290.44 112.148 0.580237 9.36733 2.82232
539.235 4290.44 56.1271 0.546065 9.6747 3.34631
540.315 4290.44 39.85 0.423518 14.2063 0.0280165
541.395 4290.44 37.1734 0.41991 14.3163 0.569596
542.475 4290.44 37.0199 0.532415 10.4451 0.401414
543.555 4290.44 34.4983 0.440655 13.5362 0.247645
544.635 4290.44 36.8095 0.354715 17.664 0.151563
545.715 4290.44 36.3629 0.393241 15.0602 0.551899
546.795 4290.44 38.6647 0.52626 10.4451 0.498805
547.875 4290.44 39.5346 0.476151 12.0546 0.254483
548.955 4290.44 46.5572 0.521977 10.4451 0.693305
550.035 4290.44 44.6963 0.448721 12.8279 0.313132
551.115 4290.44 52.1807 0.497269 11.1024 0.584309
552.195 4290.44 59.9141 0.530332 10.0407 1.25281
553.275 4290.44 63.0536 0.523341 9.88322 3.11358
554.355 4290.44 54.5556 0.493755 11.1884 1.53872
555.435 4290.44 52.6385 0.515114 10.2733 1.0974
556.515 4290.44 49.0448 0.507176 10.4451 0.92032
557.595 4290.44 51.6703 0.501681 10.4451 0.725825
558.675 4290.44 50.045 0.49719 10.4451 0.83029
559.755 4290.44 52.8496 0.509468 10.2538 1.66904
560.835 4290.44 55.1375 0.467781 11.5134 1.11456
561.915 4290.44 57.6667 0.51289 9.7461 1.81723
562.995 4290.44 83.2084 0.49789 9.52479 3.98605
564.075 4290.44 117.181 0.506809 9.13962 4.50359
565.155 4290.44 117.999 0.524852 9.19479 9.83968
566.235 4290.44 115.443 0.513965 8.15631 9.86375
567.315 4290.44 68.437 0.407733 12.9848 0.526936
568.395 4290.44 71.5697 0.332897 15.4624 0.182763
569.475 4290.44 75.9418 0.473652 10.4451 0.610321
570.555 4290.44 80.3221 0.414369 12.391 1.15946
571.635 4290.44 86.4775 0.451708 11.1383 0.304835
572.715 4290.44 87.6748 0.401412 12.7095 1.06876
573.795 4290.44 87.8613 0.382353 13.4409 0.0574
574.875 4290.44 90.562 0.293849 18.9425 0.411413
575.955 4290.44 93.5131 0.46498 10.4451 0.295995
577.035 4290.44 96.1468 0.433818 11.5437 0.32451
578.115 4290.44 99.3223 0.461249 10.4451 0.363029
579.195 4290.44 102.356 0.383926 13.1084 0.0879923
580.275 4290.44 115.493 0.49808 9.18165 1.2169
581.355 4290.44 116.496 0.284797 17.5868 0.529379
582.435 4290.44 244.129 0.587218 7.71312 17.9049
583.515 4290.44 323.568 0.615937 7.6417 13.2481
584.595 4290.44 356.138 0.487373 8.19049 6.53228
585.675 4290.44 362.874 0.501431 7.9115 14.1215
586.755 4290.44 290.963 0.476845 8.27619 7.42221
587.835 4290.44 375.637 0.521992 7.96803 7.73188
588.915 4290.44 490.583 0.540516 7.53265 5.59117
589.995 4290.44 337.683 0.607583 7.64021 20.7066
591.075 4290.44 338.435 0.48274 7.62355 10.9946
592.155 4290.44 224.63 0.430956 9.984 6.82068
593.235 4290.44 215.847 0.45408 9.6373 4.58304
594.315 4290.44 200.674 0.442252 10.4895 0.348964
595.395 4290.44 298.186 0.457427 7.45514 16.5139
596.475 4290.44 274.806 0.516926 8.01902 8.43736
597.555 4290.44 325.884 0.442768 8.14842 13.5552
598.635 4290.44 259.742 0.371515 10.7854 15.8592
599.715 4290.44 439.602 0.648675 7.63277 20.9612
600.795 4290.44 475.219 0.475868 7.65715 19.2077
601.875 4290.44 433.724 0.457964 8.00844 9.36631
602.955 4290.44 394.068 0.455731 13.2744 16.6602
604.035 4290.44 506.155 0.46665 7.93529 10.6344
605.115 4290.44 385.229 0.438743 10.8786 4.39779

456.075 4289.35 -120 -0.06 0 0
457.155 4289.35 -120 -0.06 0 0
458.235 4289.35 -120 -0.06 0 0
459.315 4289.35 -120 -0.06 0 0
460.395 4289.35 -120 -0.06 0 0
461.475 4289.35 -120 -0.06 0 0
462.555 4289.35 -120 -0.06 0 0
463.635 4289.35 -120 -0.06 0 0
464.715 4289.35 -120 -0.06 0 0
465.795 4289.35 -120 -0.06 0 0
466.875 4289.35 -120 -0.06 0 0
467.955 4289.35 -120 -0.06 0 0
469.035 4289.35 -120 -0.06 0 0
470.115 4289.35 -120 -0.06 0 0
471.195 4289.35 -120 -0.06 0 0
472.275 4289.35 -120 -0.06 0 0
473.355 4289.35 -120 -0.06 0 0
474.435 4289.35 -120 -0.06 0 0
475.515 4289.35 -120 -0.06 0 0
476.595 4289.35 -120 -0.06 0 0
477.675 4289.35 -120 -0.06 0 0
478.755 4289.35 -120 -0.06 0 0
479.835 4289.35 -120 -0.06 0 0
480.915 4289.35 -120 -0.06 0 0
481.995 4289.35 0.533493 0.371807 13.1226 2.3973
483.075 4289.35 16.279 0.533739 9.32691 8.2635
484.155 4289.35 51.8615 0.561858 8.07124 12.5322
485.235 4289.35 24.3084 0.544257 8.24753 8.26326
486.315 4289.35 1.4139 0.4847 9.29349 2.10458
487.395 4289.35 7.22256 0.486807 8.43419 6.57225
488.475 4289.35 -120 -0.06 0 0
489.555 4289.35 -120 -0.06 0 0
490.635 4289.35 -120 -0.06 0 0
491.715 4289.35 11.8423 0.457223 10.099 3.312
492.795 4289.35 82.8518 0.643472 7.91065 16.1557
493.875 4289.35 4.75802 0.335519 14.5012 4.00092
494.955 4289.35 31.5417 0.473627 8.87845 9.08498
496.035 4289.35 8.47451 0.386075 13.3643 0.619866
497.115 4289.35 22.4694 0.446836 11.3614 2.62554
498.195 4289.35 111.373 0.54028 8.12768 0.601931
499.275 4289.35 202.092 0.478012 9.12884 6.17886
500.355 4289.35 173.875 0.597203 8.14889 11.848
501.435 4289.35 237.054 0.555642 8.92632 15.3367
502.515 4289.35 139.734 0.44069 10.6157 5.29839
503.595 4289.35 228.938 0.539534 7.97452 19.0333
504.675 4289.35 271.492 0.464173 8.84708 15.0845
505.755 4289.35 189.052 0.45815 8.81656 14.6377
506.835 4289.35 371.615 0.561268 7.45795 12.7069
507.915 4289.35 473.894 0.482301 8.06664 14.9159
508.995 4289.35 458.817 0.486225 8.53776 20.9863
510.075 4289.35 459.672 0.514505 7.23227 13.1598
511.155 4289.35 361.705 0.50981 7.41595 13.6138
512.235 4289.35 193.153 0.519069 7.66008 15.2498
513.315 4289.35 236.752 0.471487 8.59158 20.1482
514.395 4289.35 336.501 0.50675 8.13221 10.8759
515.475 4289.35 384.443 0.563987 8.52786 3.6655
516.555 4289.35 326.001 0.604137 7.93416 6.7346
517.635 4289.35 298.949 0.429509 13.1809 1.98277
518.715 4289.35 310.384 0.509828 9.89074 3.73047
519.795 4289.35 293.055 0.400471 13.9416 1.02538
520.875 4289.35 291.289 0.447711 12.3924 0.603824
521.955 4289.35 313.899 0.519082 9.8181 1.50308
523.035 4289.35 366.674 0.583088 8.30218 18.3284
524.115 4289.35 215.922 0.453356 12.165 6.6816
525.195 4289.35 226.111 0.526386 9.633 4.82638
526.275 4289.35 334.891 0.58355 8.73664 5.72913
527.355 4289.35 336.488 0.605666 8.39031 5.22456
528.435 4289.35 304.749 0.655667 7.87838 10.0047
529.515 4289.35 326.961 0.569438 8.77211 1.75617
530.595 4289.35 309.722 0.572086 8.17461 11.8921
531.675 4289.35 370.66 0.707364 7.39902 14.1598
532.755 4289.35 357.929 0.603852 8.32456 8.39942
533.835 4289.35 289.022 0.690608 7.43472 19.2597
534.915 4289.35 140.725 0.571843 8.79541 5.8286
535.995 4289.35 79.1446 0.522715 10.8898 1.36216
537.075 4289.35 76.6928 0.555398 9.93269 0.432694
538.155 4289.35 65.6026 0.498227 12.1067 1.48363
539.235 4289.35 107.491 0.573913 9.78588 3.44036
540.315 4289.35 48.084 0.545453 9.81809 2.04548
541.395 4289.35 34.7485 0.45231 13.3896 0.60661
542.475 4289.35 32.0723 0.53536 10.4451 0.205639
543.555 4289.35 31.8123 0.363186 17.6691 0.54143
544.635 4289.35 34.4995 0.491075 11.8314 0.292105
545.715 4289.35 35.5961 0.529107 10.4451 0.18365
546.795 4289.35 36.9668 0.526416 10.4451 0.41365
547.875 4289.35 36.4586 0.444551 13.3355 0.666527
548.955 4289.35 40.6716 0.520427 10.4451 0.365519
550.035 4289.35 39.9517 0.519572 10.4451 0.0940605
551.115 4289.35 43.36 0.499915 11.1383 0.640855
552.195 4289.35 47.4674 0.520031 10.4451 1.01593
553.275 4289.35 42.5902 0.421236 13.664 0.584252
554.355 4289.35 43.5013 0.45783 12.2369 0.49139
555.435 4289.35 45.116 0.356131 15.545 0.704746
556.515 4289.35 47.916 0.506357 10.4451 0.526836
557.595 4289.35 47.9018 0.507595 10.4451 1.10734
558.675 4289.35 47.4595 0.500799 10.4451 0.38752
559.755 4289.35 46.2696 0.446223 12.2369 0.286244
560.835 4289.35 46.9469 0.498922 10.4451 0.859634
561.915 4289.35 73.0091 0.547408 9.05606 5.13957
562.995 4289.35 110.609 0.495782 9.77946 4.10765
564.075 4289.35 111.221 0.536214 8.74502 5.94544
565.155 4289.35 127.663 0.535687 8.42552 9.11294
566.235 4289.35 73.3694 0.526574 9.8074 5.25222
567.315 4289.35 69.7791 0.426217 12.391 0.553462
568.395 4289.35 71.4116 0.340909 15.2814 0.394079
569.475 4289.35 77.0267 0.480999 10.4451 0.712318
570.555 4289.35 84.2024 0.463446 10.9203 1.60872
571.635 4289.35 105.762 0.48348 9.48568 3.70701
572.715 4289.35 111.016 0.480164 10.1045 2.66613
573.795 4289.35 120.756 0.478666 9.47412 3.7434
574.875 4289.35 113.86 0.482993 9.14449 4.32187
575.955 4289.35 100.065 0.448325 10.2666 5.35993
577.035 4289.35 96.8109 0.290746 18.9366 0.232178
578.115 4289.35 100.123 0.461159 10.4451 0.342528
579.195 4289.35 103.18 0.288791 18.9229 0.164463
580.275 4289.35 102.727 0.299889 18.9215 2.68282
581.355 4289.35 111.152 0.335909 14.604 0.685773
582.435 4289.35 136.221 0.394414 12.8449 2.26076
583.515 4289.35 234.092 0.467531 9.02458 7.73467
584.595 4289.35 340.332 0.527516 8.3621 14.4616
585.675 4289.35 396.849 0.453402 10.4924 7.6144
586.755 4289.35 439.925 0.556285 8.36897 11.1322
587.835 4289.35 473.04 0.508359 8.48973 3.64349
588.915 4289.35 437.135 0.476563 9.19606 9.11571
589.995 4289.35 412.653 0.490475 8.60286 16.1562
591.075 4289.35 369.241 0.50645 9.22517 5.1176
592.155 4289.35 295.711 0.435485 10.2381 6.57919
593.235 4289.35 244.964 0.44473 10.1991 1.63814
594.315 4289.35 283.465 0.512891 7.94235 6.66692
595.395 4289.35 364.167 0.464148 7.87259 14.2416
596.475 4289.35 351.454 0.439235 9.71648 4.42527
597.555 4289.35 443.564 0.533061 7.75443 16.247
598.635 4289.35 494.249 0.510917 8.0401 19.7876
599.715 4289.35 453.465 0.469671 7.59573 14.5037
600.795 4289.35 530.397 0.523814 7.1002 19.2455
601.875 4289.35 554.044 0.454113 9.2772 11.9986
602.955 4289.35 431.961 0.280528 14.417 8.89708
604.035 4289.35 630.033 0.444272 8.15055 12.445
605.115 4289.35 485.088 0.429733 9.02615 9.23547

456.075 4288.27 -120 -0.06 0 0
457.155 4288.27 -120 -0.06 0 0
458.235 4288.27 -120 -0.06 0 0
459.315 4288.27 -120 -0.06 0 0
460.395 4288.27 -120 -0.06 0 0
461.475 4288.27 -120 -0.06 0 0
462.555 4288.27 -120 -0.06 0 0
463.635 4288.27 -120 -0.06 0 0
464.715 4288.27 -120 -0.06 0 0
465.795 4288.27 -120 -0.06 0 0
466.875 4288.27 -120 -0.06 0 0
467.955 4288.27 -120 -0.06 0 0
469.035 4288.27 -120 -0.06 0 0
470.115 4288.27 -120 -0.06 0 0
471.195 4288.27 -120 -0.06 0 0
472.275 4288.27 -120 -0.06 0 0
473.355 4288.27 -120 -0.06 0 0
474.435 4288.27 -120 -0.06 0 0
475.515 4288.27 -120 -0.06 0 0
476.595 4288.27 -120 -0.06 0 0
477.675 4288.27 2.46617 0.447855 9.27842 9.31955
478.755 4288.27 -120 -0.06 0 0
479.835 4288.27 1.91058 0.493439 9.03144 1.19841
480.915 4288.27 -120 -0.06 0 0
481.995 4288.27 87.1723 0.497845 8.26948 5.14636
483.075 4288.27 150.432 0.497347 7.28016 19.031
484.155 4288.27 154.466 0.598344 7.61294 14.2222
485.235 4288.27 12.9814 0.50485 8.92432 5.06407
486.315 4288.27 4.34545 0.382858 12.8863 3.69851
487.395 4288.27 62.6213 0.510222 8.17915 4.82443
488.475 4288.27 3.31352 0.482235 9.54723 1.32298
489.555 4288.27 -120 -0.06 0 0
490.635 4288.27 -120 -0.06 0 0
491.715 4288.27 22.252 0.550864 8.70152 6.02386
492.795 4288.27 24.028 0.508649 9.31574 3.91041
493.875 4288.27 15.9688 0.465135 10.1882 2.06205
494.955 4288.27 45.8028 0.569793 8.58386 8.89136
496.035 4288.27 11.2363 0.394851 13.1532 0.624847
497.115 4288.27 16.0056 0.483764 9.98272 1.21286
498.195 4288.27 86.4537 0.577116 8.20106 7.89765
499.275 4288.27 104.717 0.541784 9.20625 6.49853
500.355 4288.27 78.0123 0.408298 12.7862 3.1563
501.435 4288.27 169.36 0.467146 8.79192 11.6446
502.515 4288.27 298.368 0.545457 7.5517 7.38047
503.595 4288.27 328.978 0.429006 10.224 10.968
504.675 4288.27 539.977 0.493447 7.71961 19.2125
505.755 4288.27 392.047 0.506295 8.86443 6.13713
506.835 4288.27 425.83 0.456066 9.91196 22.8043
507.915 4288.27 510.886 0.536284 10.2774 11.2275
508.995 4288.27 734.946 0.531274 7.75968 13.403
510.075 4288.27 691.222 0.500109 7.878 12.382
511.155 4288.27 439.624 0.51737 8.15035 10.268
512.235 4288.27 248.059 0.4142 11.8239 16.352
513.315 4288.27 210.777 0.620743 8.99571 16.529
514.395 4288.27 343.451 0.665457 8.00758 16.0889
515.475 4288.27 288.235 0.493832 11.9838 7.88916
516.555 4288.27 362.545 0.509747 8.34737 9.83087
517.635 4288.27 331.489 0.499588 9.56339 5.00743
518.715 4288.27 322.997 0.533857 9.16126 2.97728
519.795 4288.27 322.316 0.487514 10.5128 2.96306
520.875 4288.27 328.598 0.499513 10.4103 1.75504
521.955 4288.27 300.856 0.509442 9.61546 14.7504
523.035 4288.27 282.892 0.646604 8.12223 12.5411
524.115 4288.27 231.145 0.618926 7.95488 5.91292
525.195 4288.27 229.44 0.650633 7.86992 12.2877
526.275 4288.27 344.203 0.55153 9.11967 1.89904
527.355 4288.27 189.318 0.488201 12.7748 17.1941
528.435 4288.27 248.033 0.584073 8.56245 9.8978
529.515 4288.27 189.834 0.615199 8.98162 7.67592
530.595 4288.27 208.155 0.665338 8.41606 12.4066
531.675 4288.27 254.921 0.687441 7.92518 12.818
532.755 4288.27 189.698 0.564459 10.599 5.84897
533.835 4288.27 186.971 0.625914 8.90154 8.53091
534.915 4288.27 135.314 0.58728 8.52034 10.0543
535.995 4288.27 77.9405 0.58688 8.94989 6.29062
537.075 4288.27 89.6267 0.574582 9.80048 2.55585
538.155 4288.27 46.6503 0.460519 13.4149 0.485095
539.235 4288.27 55.8503 0.58325 9.33837 1.33676
540.315 4288.27 34.1215 0.546379 10.5749 1.84351
541.395 4288.27 32.3282 0.541449 10.4451 0.2329
542.475 4288.27 31.4916 0.539907 10.4451 0.0940117
543.555 4288.27 32.28 0.538305 10.4451 0.129145
544.635 4288.27 32.8966 0.53582 10.4451 0.1887
545.715 4288.27 34.5008 0.535603 10.4451 0.400534
546.795 4288.27 33.8391 0.530435 10.4451 0.219961
547.875 4288.27 35.5776 0.374849 15.797 0.3999
548.955 4288.27 36.4803 0.523456 10.4451 0.496316
550.035 4288.27 36.6844 0.419047 14.0005 0.30453
551.115 4288.27 41.7208 0.520973 10.4451 0.281371
552.195 4288.27 41.8006 0.520016 10.4451 0.647416
553.275 4288.27 41.6454 0.482277 11.5437 0.0205972
554.355 4288.27 42.3761 0.357101 15.7484 0.21408
555.435 4288.27 43.5128 0.355625 15.7026 0.380498
556.515 4288.27 46.1693 0.50499 10.4451 0.287466
557.595 4288.27 46.1969 0.434521 12.843 0.200146
558.675 4288.27 44.8621 0.441866 12.5246 0.651209
559.755 4288.27 44.8768 0.325538 19.8944 0.266597
560.835 4288.27 46.946 0.465683 11.5437 0.65252
561.915 4288.27 50.9309 0.377167 14.2953 0.889233
562.995 4288.27 56.0199 0.474313 11.1248 1.06339
564.075 4288.27 135.708 0.551205 8.6292 10.785
565.155 4288.27 188.362 0.594029 8.29517 12.543
566.235 4288.27 87.4727 0.489356 8.85825 14.4642
567.315 4288.27 73.7897 0.47553 10.4291 1.29408
568.395 4288.27 78.3533 0.500615 8.98396 4.14061
569.475 4288.27 79.0455 0.449048 11.3468 0.538892
570.555 4288.27 99.1253 0.477574 9.75286 5.08484
571.635 4288.27 114.454 0.45795 10.8673 0.736387
572.715 4288.27 104.797 0.320527 15.3483 1.94911
573.795 4288.27 127.22 0.476793 9.84726 3.71969
574.875 4288.27 132.12 0.46149 10.7524 1.61657
575.955 4288.27 141.685 0.462028 10.1771 4.4866
577.035 4288.27 103.916 0.49578 8.77164 4.11202
578.115 4288.27 99.9074 0.459788 10.4451 0.708904
579.195 4288.27 102.206 0.431427 11.5437 0.291998
580.275 4288.27 105.833 0.460972 10.4451 0.1145
581.355 4288.27 107.726 0.369614 13.3177 1.9678
582.435 4288.27 158.487 0.507865 8.80136 5.18225
583.515 4288.27 249.244 0.454574 9.85622 10.5703
584.595 4288.27 410.511 0.50544 8.20367 10.9499
585.675 4288.27 483.129 0.464723 9.3686 4.53344
586.755 4288.27 441.217 0.44142 10.7796 4.90745
587.835 4288.27 501.601 0.532107 8.72766 6.23281
588.915 4288.27 479.574 0.485475 9.66431 2.88438
589.995 4288.27 450.114 0.516575 8.86973 4.77583
591.075 4288.27 389.194 0.443974 11.9783 8.29646
592.155 4288.27 329.564 0.488753 8.27911 4.18958
593.235 4288.27 274.404 0.310046 14.7154 8.51929
594.315 4288.27 310.613 0.364584 11.4518 9.92264
595.395 4288.27 408.48 0.345265 12.0257 16.679
596.475 4288.27 544.416 0.500351 8.00569 13.992
597.555 4288.27 528.758 0.492157 7.81906 8.52438
598.635 4288.27 532.686 0.426756 8.2535 18.4424
599.715 4288.27 584.328 0.5279 8.10216 10.4589
600.795 4288.27 525.644 0.393145 12.7073 21.0566
601.875 4288.27 614.168 0.446755 9.00135 6.0545
602.955 4288.27 494.054 0.298285 15.4287 14.1233
604.035 4288.27 581.282 0.548279 8.13887 8.7699
605.115 4288.27 512.779 0.407404 10.1282 7.24691

456.075 4287.19 -120 -0.06 0 0
457.155 4287.19 -120 -0.06 0 0
458.235 4287.19 -120 -0.06 0 0
459.315 4287.19 -120 -0.06 0 0
460.395 4287.19 -120 -0.06 0 0
461.475 4287.19 -120 -0.06 0 0
462.555 4287.19 -120 -0.06 0 0
463.635 4287.19 -120 -0.06 0 0
464.715 4287.19 -120 -0.06 0 0
465.795 4287.19 -120 -0.06 0 0
466.875 4287.19 -120 -0.06 0 0
467.955 4287.19 -120 -0.06 0 0
469.035 4287.19 -120 -0.06 0 0
470.115 4287.19 -120 -0.06 0 0
471.195 4287.19 -120 -0.06 0 0
472.275 4287.19 -120 -0.06 0 0
473.355 4287.19 -120 -0.06 0 0
474.435 4287.19 -120 -0.06 0 0
475.515 4287.19 -120 -0.06 0 0
476.595 4287.19 -120 -0.06 0 0
477.675 4287.19 7.88262 0.499565 9.32532 3.18611
478.755 4287.19 59.804 0.472536 8.15925 17.9094
479.835 4287.19 7.16739 0.412746 11.6677 5.27597
480.915 4287.19 6.17139 0.364521 13.741 4.18473
481.995 4287.19 161.31 0.489833 8.58361 5.79802
483.075 4287.19 134.335 0.443747 10.8654 2.46861
484.155 4287.19 260.134 0.529685 7.6265 14.6061
485.235 4287.19 42.1473 0.520103 8.96213 5.86354
486.315 4287.19 66.6563 0.504057 7.93195 7.45573
487.395 4287.19 184.655 0.499553 7.89367 7.79646
488.475 4287.19 77.033 0.462643 9.74614 7.48851
489.555 4287.19 33.2734 0.465675 8.5229 12.0503
490.635 4287.19 1.0371 0.362099 13.8802 0.947522
491.715 4287.19 17.6951 0.47106 10.1422 2.55712
492.795 4287.19 42.9495 0.480797 9.27863 4.14003
493.875 4287.19 21.5687 0.470347 10.303 0.658183
494.955 4287.19 28.0897 0.445732 11.1383 1.1013
496.035 4287.19 40.9601 0.507375 9.07731 4.15619
497.115 4287.19 24.3997 0.458417 10.684 1.54375
498.195 4287.19 30.2626 0.421633 12.5255 2.61448
499.275 4287.19 44.9818 0.51922 9.51447 3.69573
500.355 4287.19 97.9632 0.552547 8.36303 15.6882
501.435 4287.19 317.497 0.605844 7.46263 14.8672
502.515 4287.19 520.034 0.588905 7.43542 14.2111
503.595 4287.19 659.259 0.581747 7.14015 25.5583
504.675 4287.19 654.877 0.56141 7.94724 9.02121
505.755 4287.19 693.153 0.555379 7.50945 24.8477
506.835 4287.19 669.456 0.496487 8.08619 11.5039
507.915 4287.19 664.219 0.507297 8.3541 8.28848
508.995 4287.19 686.654 0.518951 10.8011 12.9406
510.075 4287.19 668.211 0.498667 12.0803 11.499
511.155 4287.19 537.768 0.631038 7.19256 26.3796
512.235 4287.19 559.412 0.561369 7.87825 0.570701
513.315 4287.19 317.296 0.449317 12.4043 13.3748
514.395 4287.19 241.661 0.370015 13.538 6.64843
515.475 4287.19 405.295 0.562227 7.78352 10.6193
516.555 4287.19 403.626 0.457086 10.5973 7.53882
517.635 4287.19 477.88 0.520642 8.38993 8.60842
518.715 4287.19 440.638 0.533064 7.82479 14.7371
519.795 4287.19 377.683 0.508091 9.244 6.72537
520.875 4287.19 366.161 0.527516 10.2999 2.67228
521.955 4287.19 306.891 0.594123 8.58773 14.403
523.035 4287.19 208.629 0.557107 8.04603 7.39053
524.115 4287.19 244.495 0.6516 7.97857 13.1345
525.195 4287.19 185.663 0.563696 9.43809 5.08045
526.275 4287.19 281.57 0.566812 8.86037 2.58797
527.355 4287.19 173.733 0.612498 8.02805 5.87903
528.435 4287.19 87.9035 0.46173 13.3281 2.54236
529.515 4287.19 94.5187 0.48908 12.2564 1.39353
530.595 4287.19 114.352 0.630451 8.30017 6.51515
531.675 4287.19 77.1357 0.530568 10.8393 2.00064
532.755 4287.19 105.213 0.603584 9.39426 5.60071
533.835 4287.19 118.514 0.627767 8.95921 7.25304
534.915 4287.19 87.2909 0.604355 9.28034 4.26657
535.995 4287.19 56.9125 0.486281 13.0899 3.94663
537.075 4287.19 77.1103 0.550651 10.4451 1.76554
538.155 4287.19 52.4924 0.570523 9.6611 3.74158
539.235 4287.19 29.0554 0.435399 14.4154 0.145957
540.315 4287.19 29.3809 0.498103 12.2369 0.239396
541.395 4287.19 30.3057 0.509651 11.8314 0.468515
542.475 4287.19 29.3472 0.470593 13.0101 0.31806
543.555 4287.19 30.5846 0.47724 12.7477 0.170608
544.635 4287.19 34.3274 0.543455 10.4451 1.83251
545.715 4287.19 30.3597 0.367326 16.6084 0.487313
546.795 4287.19 32.0265 0.469406 12.7477 0.311375
547.875 4287.19 36.5815 0.53412 10.4451 0.404056
548.955 4287.19 38.6105 0.534718 10.4451 1.04545
550.035 4287.19 38.7635 0.52733 10.4451 0.295522
551.115 4287.19 39.9975 0.522007 10.4451 0.340944
552.195 4287.19 41.5914 0.518892 10.4451 0.39049
553.275 4287.19 41.4722 0.493818 11.1383 0.477158
554.355 4287.19 43.2064 0.512753 10.4451 0.551196
555.435 4287.19 42.9088 0.435139 13.0101 0.47361
556.515 4287.19 45.3356 0.509118 10.4451 0.265605
557.595 4287.19 44.2379 0.42308 13.3355 0.375973
558.675 4287.19 44.6179 0.502723 10.4451 0.248695
559.755 4287.19 44.5861 0.322891 16.8861 0.598912
560.835 4287.19 49.2738 0.421452 13.0101 0.518172
561.915 4287.19 53.0888 0.460374 11.5437 0.40855
562.995 4287.19 57.873 0.387928 14.0005 0.638101
564.075 4287.19 73.4279 0.461593 11.6831 3.86479
565.155 4287.19 167.852 0.541736 7.40304 17.5847
566.235 4287.19 232.197 0.478095 8.72328 12.16
567.315 4287.19 251.244 0.49994 7.61469 14.8861
568.395 4287.19 134.888 0.521323 10.6027 8.16483
569.475 4287.19 124.473 0.55112 10.0116 10.4933
570.555 4287.19 99.3995 0.446656 11.298 0.995966
571.635 4287.19 118.767 0.498183 10.1717 3.57505
572.715 4287.19 138.182 0.467217 10.4883 2.48378
573.795 4287.19 132.077 0.487231 9.08009 4.62423
574.875 4287.19 131.87 0.514962 9.65425 4.09317
575.955 4287.19 165.15 0.524814 9.02812 4.20305
577.035 4287.19 170.209 0.513357 9.46865 4.762
578.115 4287.19 160.259 0.475001 8.81432 9.58368
579.195 4287.19 102.423 0.415664 12.0546 0.0534218
580.275 4287.19 104.673 0.458732 10.4451 0.381654
581.355 4287.19 104.709 0.433596 11.3477 0.168115
582.435 4287.19 170.537 0.548661 8.05911 6.8076
583.515 4287.19 274.407 0.53676 8.28971 11.1123
584.595 4287.19 327.933 0.465127 10.3227 2.57969
585.675 4287.19 378.396 0.564777 9.24645 12.6266
586.755 4287.19 490.395 0.621497 7.84193 15.6241
587.835 4287.19 500.121 0.534299 8.11972 6.14444
588.915 4287.19 471.932 0.419213 10.8327 3.75283
589.995 4287.19 517.891 0.472409 8.8678 4.10421
591.075 4287.19 548.389 0.477551 8.71033 3.92107
592.155 4287.19 340.05 0.472511 9.14761 6.40746
593.235 4287.19 294.222 0.335009 13.9648 4.76227
594.315 4287.19 375.252 0.531059 8.32078 12.1871
595.395 4287.19 408.025 0.467406 10.2161 8.69104
596.475 4287.19 470.649 0.366422 12.4524 3.59344
597.555 4287.19 667.716 0.621983 7.85407 17.0363
598.635 4287.19 605.093 0.488989 8.82717 15.877
599.715 4287.19 589.34 0.444892 9.6059 4.33594
600.795 4287.19 542.291 0.286038 14.0553 9.50403
601.875 4287.19 699.248 0.590926 7.82941 15.4865
602.955 4287.19 591.164 0.502662 8.41403 8.98631
604.035 4287.19 508.505 0.314303 14.3171 2.58997
605.115 4287.19 609.859 0.461585 8.16456 11.3112

456.075 4286.11 -120 -0.06 0 0
457.155 4286.11 -120 -0.06 0 0
458.235 4286.11 -120 -0.06 0 0
459.315 4286.11 -120 -0.06 0 0
460.395 4286.11 -120 -0.06 0 0
461.475 4286.11 -120 -0.06 0 0
462.555 4286.11 -120 -0.06 0 0
463.635 4286.11 -120 -0.06 0 0
464.715 4286.11 -120 -0.06 0 0
465.795 4286.11 -120 -0.06 0 0
466.875 4286.11 -120 -0.06 0 0
467.955 4286.11 -120 -0.06 0 0
469.035 4286.11 -120 -0.06 0 0
470.115 4286.11 -120 -0.06 0 0
471.195 4286.11 -120 -0.06 0 0
472.275 4286.11 -120 -0.06 0 0
473.355 4286.11 -120 -0.06 0 0
474.435 4286.11 -120 -0.06 0 0
475.515 4286.11 -120 -0.06 0 0
476.595 4286.11 21.7328 0.52742 8.28974 5.87599
477.675 4286.11 116.969 0.481065 10.4451 9.26568
478.755 4286.11 24.7228 0.382543 12.202 5.3892
479.835 4286.11 47.7386 0.437758 10.8078 1.72847
480.915 4286.11 108.777 0.475749 8.35343 11.2945
481.995 4286.11 194.135 0.547668 7.86105 13.8591
483.075 4286.11 168.214 0.501619 9.43411 4.16989
484.155 4286.11 167.795 0.46695 9.30184 7.49957
485.235 4286.11 90.5979 0.463116 9.44335 8.60595
486.315 4286.11 140.011 0.49987 7.82413 10.7228
487.395 4286.11 401.835 0.529635 8.42409 11.9524
488.475 4286.11 110.666 0.484082 10.11 4.87567
489.555 4286.11 56.8163 0.462528 10.594 3.77795
490.635 4286.11 10.3844 0.376126 13.4283 1.07157
491.715 4286.11 52.0576 0.519557 9.30861 5.12707
492.795 4286.11 110.63 0.587628 8.16953 9.13136
493.875 4286.11 76.8001 0.515855 7.96272 7.13084
494.955 4286.11 85.9132 0.440088 9.62016 11.7873
496.035 4286.11 156.347 0.565916 9.21773 9.93985
497.115 4286.11 152.131 0.516253 9.3979 2.59353
498.195 4286.11 44.5423 0.515048 9.13524 4.63792
499.275 4286.11 30.123 0.350065 14.8759 0.951987
500.355 4286.11 106.17 0.603184 7.76206 13.3953
501.435 4286.11 185.958 0.586416 8.90571 10.9502
502.515 4286.11 391.273 0.562948 9.0748 15.8358
503.595 4286.11 679.774 0.569452 7.3123 12.1951
504.675 4286.11 541.643 0.629595 8.44571 14.7354
505.755 4286.11 575.016 0.650978 7.2675 13.0742
506.835 4286.11 661.654 0.600397 8.33718 16.2357
507.915 4286.11 826.97 0.5376 8.0283 6.64744
508.995 4286.11 880.083 0.494639 9.00682 6.9782
510.075 4286.11 905.366 0.498143 8.16042 18.1291
511.155 4286.11 766.416 0.770477 7.28168 25.7136
512.235 4286.11 477.392 0.510123 8.88643 20.4487
513.315 4286.11 478.504 0.509024 7.37109 17.3059
514.395 4286.11 389.423 0.56534 7.89853 16.7575
515.475 4286.11 317.733 0.372313 12.7183 13.1751
516.555 4286.11 433.667 0.662145 7.84536 13.9875
517.635 4286.11 480.544 0.562034 9.4736 5.55384
518.715 4286.11 428.679 0.533412 9.50744 5.48544
519.795 4286.11 356.227 0.630864 8.86894 13.5814
520.875 4286.11 381.55 0.579756 8.49305 8.29531
521.955 4286.11 277.056 0.548614 11.045 9.13676
523.035 4286.11 219.518 0.566397 8.62994 12.1507
524.115 4286.11 124.241 0.37395 15.5691 0.286896
525.195 4286.11 305.268 0.558113 7.46326 18.7465
526.275 4286.11 242.159 0.600497 8.91398 11.9026
527.355 4286.11 155.886 0.576194 10.6467 9.65543
528.435 4286.11 110.415 0.617553 8.37825 8.1938
529.515 4286.11 68.7687 0.516552 11.1383 2.19045
530.595 4286.11 51.7024 0.520883 11.2375 0.369908
531.675 4286.11 49.2374 0.555227 10.0688 3.00558
532.755 4286.11 60.9278 0.580455 9.68826 2.42915
533.835 4286.11 44.7305 0.535787 11.4081 2.35213
534.915 4286.11 38.1876 0.412388 15.6992 2.78136
535.995 4286.11 67.0627 0.561301 8.96364 7.87698
537.075 4286.11 46.3954 0.529068 11.6528 1.48796
538.155 4286.11 41.3959 0.565679 9.91529 2.31978
539.235 4286.11 28.3509 0.43969 14.4705 0.256418
540.315 4286.11 27.357 0.492438 12.6423 0.141056
541.395 4286.11 27.3476 0.379649 16.6677 0.106744
542.475 4286.11 28.1721 0.379514 16.6617 0.453287
543.555 4286.11 29.2262 0.377429 16.6557 0.385383
544.635 4286.11 30.047 0.374407 16.6497 0.649674
545.715 4286.11 30.9381 0.523142 11.1383 0.228661
546.795 4286.11 31.5966 0.394233 15.4423 0.361831
547.875 4286.11 32.0289 0.394704 15.3796 0.366216
548.955 4286.11 34.5821 0.393158 15.2573 0.0730788
550.035 4286.11 36.975 0.530129 10.4451 0.229823
551.115 4286.11 39.225 0.526599 10.4451 0.585726
552.195 4286.11 39.4168 0.488839 11.5437 0.706522
553.275 4286.11 40.2788 0.361485 15.8745 0.292752
554.355 4286.11 41.3257 0.474393 11.8314 0.186081
555.435 4286.11 42.6057 0.51425 10.4451 0.516606
556.515 4286.11 43.9419 0.50552 10.4451 0.712687
557.595 4286.11 42.9948 0.50535 10.4451 0.898248
558.675 4286.11 45.638 0.505478 10.4451 0.412002
559.755 4286.11 48.3408 0.426092 13.0101 0.0801731
560.835 4286.11 53.2403 0.324738 16.8404 0.378072
561.915 4286.11 57.6378 0.493551 10.4451 0.436761
562.995 4286.11 62.8882 0.369553 14.5883 0.952985
564.075 4286.11 73.0059 0.485692 10.4429 2.35428
565.155 4286.11 161.373 0.555079 8.06177 7.63457
566.235 4286.11 223.173 0.497144 9.03185 8.82091
567.315 4286.11 325.561 0.539268 9.00955 7.14551
568.395 4286.11 224.815 0.507389 8.7243 11.2186
569.475 4286.11 164.716 0.460761 9.60263 8.6057
570.555 4286.11 161.489 0.50801 8.30633 10.548
571.635 4286.11 139.314 0.451809 10.8635 2.21087
572.715 4286.11 168.237 0.493393 9.82381 0.709901
573.795 4286.11 157.182 0.436419 11.6304 0.686376
574.875 4286.11 151.222 0.498881 9.11461 1.88034
575.955 4286.11 145.938 0.472181 10.1684 0.784837
577.035 4286.11 168.709 0.493188 9.79735 1.52379
578.115 4286.11 180.255 0.478926 10.1557 1.91356
579.195 4286.11 132.257 0.500202 8.75993 5.37332
580.275 4286.11 101.742 0.430436 11.5437 0.377704
581.355 4286.11 100.088 0.463303 10.4451 0.673689
582.435 4286.11 99.0906 0.387936 12.8988 0.188565
583.515 4286.11 187.223 0.532815 7.99795 6.6336
584.595 4286.11 213.562 0.564278 8.41809 9.66954
585.675 4286.11 230.694 0.487422 11.0381 9.22703
586.755 4286.11 310.864 0.470896 9.41362 11.1527
587.835 4286.11 443.96 0.538772 8.17935 12.6502
588.915 4286.11 432.523 0.563054 9.04506 12.7037
589.995 4286.11 440.051 0.532088 8.58742 13.703
591.075 4286.11 359.054 0.410172 11.3878 3.44114
592.155 4286.11 316.236 0.361831 12.6645 3.62512
593.235 4286.11 359.575 0.51392 8.09097 12.1171
594.315 4286.11 402.744 0.462846 9.20896 4.99452
595.395 4286.11 561.579 0.516002 8.13673 3.26787
596.475 4286.11 532.948 0.423253 10.423 6.34838
597.555 4286.11 583.123 0.402013 10.2295 8.6774
598.635 4286.11 646.025 0.442143 9.58281 4.97913
599.715 4286.11 576.945 0.328339 13.6094 3.84277
600.795 4286.11 615.787 0.442333 9.18614 12.0929
601.875 4286.11 572.74 0.440441 11.7945 10.0803
602.955 4286.11 598.909 0.470783 8.36513 7.94867
604.035 4286.11 570.504 0.449775 8.89813 5.82137
605.115 4286.11 577.056 0.448748 9.20646 3.94367

456.075 4285.03 -120 -0.06 0 0
457.155 4285.03 -120 -0.06 0 0
458.235 4285.03 -120 -0.06 0 0
459.315 4285.03 -120 -0.06 0 0
460.395 4285.03 -120 -0.06 0 0
461.475 4285.03 -120 -0.06 0 0
462.555 4285.03 -120 -0.06 0 0
463.635 4285.03 -120 -0.06 0 0
464.715 4285.03 -120 -0.06 0 0
465.795 4285.03 -120 -0.06 0 0
466.875 4285.03 -120 -0.06 0 0
467.955 4285.03 -120 -0.06 0 0
469.035 4285.03 -120 -0.06 0 0
470.115 4285.03 -120 -0.06 0 0
471.195 4285.03 -120 -0.06 0 0
472.275 4285.03 -120 -0.06 0 0
473.355 4285.03 -120 -0.06 0 0
474.435 4285.03 -120 -0.06 0 0
475.515 4285.03 -120 -0.06 0 0
476.595 4285.03 20.3916 0.490507 8.77724 2.65458
477.675 4285.03 122.402 0.486131 7.91325 14.8539
478.755 4285.03 91.6833 0.436334 10.7858 13.0988
479.835 4285.03 266.367 0.590756 8.23013 14.5241
480.915 4285.03 261.755 0.493783 8.22631 12.0822
481.995 4285.03 112.099 0.502118 10.0129 5.43123
483.075 4285.03 111.223 0.479007 10.3085 3.21329
484.155 4285.03 93.6964 0.509787 9.846 5.26865
485.235 4285.03 106.07 0.530495 8.61423 4.63511
486.315 4285.03 157.493 0.558431 8.72058 9.7008
487.395 4285.03 401.729 0.561267 8.10266 6.36026
488.475 4285.03 314.798 0.47947 7.8794 14.4217
489.555 4285.03 229.935 0.502284 7.4584 14.7437
490.635 4285.03 98.9101 0.472626 7.97534 16.8332
491.715 4285.03 46.9993 0.47436 10.8136 5.3652
492.795 4285.03 143.167 0.503525 9.0002 5.26358
493.875 4285.03 135.843 0.518379 8.71064 8.38089
494.955 4285.03 177.711 0.534647 8.73303 4.57554
496.035 4285.03 135.069 0.506037 10.0482 5.30153
497.115 4285.03 137.846 0.59557 8.26626 12.4448
498.195 4285.03 43.846 0.504024 8.93445 3.79343
499.275 4285.03 24.0334 0.339837 15.3127 0.546299
500.355 4285.03 35.4027 0.509574 9.24004 4.04541
501.435 4285.03 100.996 0.614382 7.99626 10.8667
502.515 4285.03 284.367 0.663132 7.01406 20.4439
503.595 4285.03 477.271 0.703724 7.24795 20.3193
504.675 4285.03 318.219 0.560387 9.45707 16.0589
505.755 4285.03 391.83 0.55069 10.4247 11.8468
506.835 4285.03 481.312 0.716483 8.03005 22.5892
507.915 4285.03 611.353 0.559353 9.48695 14.0014
508.995 4285.03 1069.94 0.514936 7.70027 11.2504
510.075 4285.03 952.995 0.527227 8.44048 3.52191
511.155 4285.03 769.428 0.611149 7.62725 29.2109
512.235 4285.03 492.055 0.434555 11.6497 12.7944
513.315 4285.03 729.322 0.59801 7.39622 23.7
514.395 4285.03 527.839 0.637944 7.4954 11.0078
515.475 4285.03 394.877 0.543688 8.54581 5.3339
516.555 4285.03 357.967 0.466357 12.3285 7.1853
517.635 4285.03 435.605 0.586499 8.95196 7.07194
518.715 4285.03 453.866 0.560668 8.5084 3.65522
519.795 4285.03 327.639 0.580655 8.86074 4.34333
520.875 4285.03 241.527 0.419781 12.0851 14.0927
521.955 4285.03 239.88 0.597847 8.86473 8.15111
523.035 4285.03 174.904 0.577899 8.94806 5.2814
524.115 4285.03 109.24 0.454487 13.7778 9.82736
525.195 4285.03 218.632 0.695375 7.41193 15.7637
526.275 4285.03 127.655 0.656726 7.77042 9.94877
527.355 4285.03 91.8119 0.65113 7.77435 10.3691
528.435 4285.03 48.3384 0.58089 9.6225 4.13983
529.515 4285.03 51.2063 0.578852 9.59881 2.19113
530.595 4285.03 28.0962 0.438778 14.3178 1.06049
531.675 4285.03 25.4943 0.481144 13.0255 1.1033
532.755 4285.03 47.0627 0.600621 9.34637 4.03679
533.835 4285.03 29.2783 0.382971 17.0491 0.328449
534.915 4285.03 39.5283 0.564956 10.6816 3.85998
535.995 4285.03 45.7126 0.579485 10.4084 3.11818
537.075 4285.03 38.5921 0.550853 11.0712 1.83751
538.155 4285.03 49.4927 0.620141 9.24744 3.97572
539.235 4285.03 42.5559 0.586362 9.34424 2.14444
540.315 4285.03 25.9362 0.477205 13.3355 0.281699
541.395 4285.03 27.2317 0.482766 13.1532 0.2642
542.475 4285.03 27.7787 0.486057 12.93 0.21721
543.555 4285.03 27.7847 0.491793 12.6423 0.198649
544.635 4285.03 28.4518 0.50058 12.2369 0.263724
545.715 4285.03 30.1811 0.51369 11.5437 0.341206
546.795 4285.03 31.5416 0.490193 12.2369 0.255877
547.875 4285.03 33.1791 0.537464 10.4451 0.423337
548.955 4285.03 34.325 0.505752 11.5437 0.4169
550.035 4285.03 36.6154 0.47877 12.2369 0.583563
551.115 4285.03 37.5656 0.366483 15.9942 0.184422
552.195 4285.03 40.0127 0.525209 10.4451 0.407753
553.275 4285.03 40.3563 0.521715 10.4451 0.369339
554.355 4285.03 41.9643 0.517267 10.4451 0.47762
555.435 4285.03 43.84 0.510208 10.4451 1.14162
556.515 4285.03 42.0262 0.335173 19.9697 0.626785
557.595 4285.03 50.2303 0.510039 10.202 1.20452
558.675 4285.03 50.4975 0.502766 10.4451 0.419178
559.755 4285.03 52.2559 0.501255 10.4451 0.28166
560.835 4285.03 55.6525 0.499845 10.4451 0.404628
561.915 4285.03 61.4424 0.493371 10.4451 0.751165
562.995 4285.03 67.0061 0.493154 10.4451 0.698588
564.075 4285.03 76.3733 0.49238 10.2062 1.13818
565.155 4285.03 115.875 0.502198 11.3449 7.10776
566.235 4285.03 206.005 0.540475 9.18195 12.3589
567.315 4285.03 359.387 0.509221 8.48845 6.80979
568.395 4285.03 390.496 0.51967 7.87181 10.9191
569.475 4285.03 314.83 0.480075 7.98153 17.4415
570.555 4285.03 183.803 0.456986 10.8468 8.61418
571.635 4285.03 201.917 0.486242 9.04428 6.97073
572.715 4285.03 204.186 0.446551 10.7414 3.60384
573.795 4285.03 169.822 0.479475 10.0777 2.35961
574.875 4285.03 154.122 0.480821 10.3417 2.231
575.955 4285.03 151.859 0.36475 13.7708 2.00773
577.035 4285.03 162.101 0.329682 14.7639 2.75746
578.115 4285.03 202.922 0.519531 8.60241 5.45503
579.195 4285.03 220.402 0.591795 7.4235 29.5014
580.275 4285.03 98.4268 0.355475 14.1587 0.582261
581.355 4285.03 98.4768 0.460668 10.4451 0.291624
582.435 4285.03 96.7065 0.363886 13.7773 0.412359
583.515 4285.03 93.7829 0.426389 11.5086 0.142062
584.595 4285.03 128.632 0.536187 8.48038 4.62925
585.675 4285.03 151.685 0.409422 12.7322 4.32004
586.755 4285.03 338.458 0.507999 8.12763 6.12012
587.835 4285.03 326.092 0.41475 11.9936 1.6866
588.915 4285.03 328.249 0.514452 9.25659 5.53771
589.995 4285.03 341.182 0.535411 8.67955 8.12939
591.075 4285.03 316.431 0.45757 10.7781 3.77735
592.155 4285.03 376.912 0.436894 10.4451 7.45065
593.235 4285.03 347.989 0.319864 13.7893 5.37344
594.315 4285.03 386.622 0.423174 13.2369 10.7413
595.395 4285.03 444.661 0.526821 8.83937 7.80255
596.475 4285.03 526.709 0.527119 9.1977 10.378
597.555 4285.03 660.443 0.496068 8.10408 2.68201
598.635 4285.03 688.714 0.50691 8.04976 13.3655
599.715 4285.03 621.767 0.368444 12.4642 1.94774
600.795 4285.03 656.814 0.42115 9.45756 8.81703
601.875 4285.03 584.419 0.372415 12.1022 2.95822
602.955 4285.03 580.564 0.338567 13.6014 0.739081
604.035 4285.03 587.52 0.480395 9.28393 3.87696
605.115 4285.03 563.726 0.379456 11.9809 1.95469

456.075 4283.95 -120 -0.06 0 0
457.155 4283.95 -120 -0.06 0 0
458.235 4283.95 -120 -0.06 0 0
459.315 4283.95 -120 -0.06 0 0
460.395 4283.95 -120 -0.06 0 0
461.475 4283.95 -120 -0.06 0 0
462.555 4283.95 -120 -0.06 0 0
463.635 4283.95 -120 -0.06 0 0
464.715 4283.95 -120 -0.06 0 0
465.795 4283.95 -120 -0.06 0 0
466.875 4283.95 -120 -0.06 0 0
467.955 4283.95 -120 -0.06 0 0
469.035 4283.95 -120 -0.06 0 0
470.115 4283.95 -120 -0.06 0 0
471.195 4283.95 -120 -0.06 0 0
472.275 4283.95 -120 -0.06 0 0
473.355 4283.95 -120 -0.06 0 0
474.435 4283.95 -120 -0.06 0 0
475.515 4283.95 -120 -0.06 0 0
476.595 4283.95 2.15681 0.448657 10.7566 3.31392
477.675 4283.95 147.46 0.580133 8.35357 12.9425
478.755 4283.95 120.472 0.582484 8.20768 10.2781
479.835 4283.95 173.757 0.495152 7.62618 9.31868
480.915 4283.95 232.149 0.606777 8.16664 13.6595
481.995 4283.95 89.0895 0.456803 10.0824 6.46854
483.075 4283.95 69.5981 0.50244 9.69703 3.4242
484.155 4283.95 56.6122 0.515977 9.48612 4.90122
485.235 4283.95 60.9553 0.437925 11.5437 2.01166
486.315 4283.95 93.2442 0.483047 10.3336 5.86383
487.395 4283.95 163.422 0.608385 7.4405 13.3743
488.475 4283.95 188.174 0.578101 8.19728 9.84146
489.555 4283.95 289.326 0.513471 8.32303 4.87703
490.635 4283.95 229.991 0.579317 7.51335 19.0227
491.715 4283.95 96.7004 0.492296 9.26802 7.92062
492.795 4283.95 141.525 0.475611 9.74793 8.40971
493.875 4283.95 201.744 0.609714 8.28909 12.0469
494.955 4283.95 125.518 0.488035 10.297 4.42166
496.035 4283.95 109.428 0.474138 11.091 4.29438
497.115 4283.95 111.468 0.566306 8.73058 7.9841
498.195 4283.95 48.7873 0.504072 9.677 1.89502
499.275 4283.95 20.1826 0.421893 12.391 0.355741
500.355 4283.95 23.8214 0.464119 11.0159 0.559108
501.435 4283.95 33.9623 0.445755 11.4751 2.24232
502.515 4283.95 83.3746 0.556324 9.63735 9.72524
503.595 4283.95 173.825 0.64915 7.99921 14.9904
504.675 4283.95 193.425 0.538166 10.8954 11.6754
505.755 4283.95 262.439 0.489642 12.2567 10.5084
506.835 4283.95 436.829 0.603772 7.57466 13.3373
507.915 4283.95 535.058 0.485352 9.57705 11.9408
508.995 4283.95 847.615 0.695152 7.47498 23.9079
510.075 4283.95 852.596 0.662072 8.42278 17.6201
511.155 4283.95 750.153 0.670308 7.17836 21.4378
512.235 4283.95 674.419 0.578241 8.24217 26.1163
513.315 4283.95 730.808 0.688892 7.36164 24.9688
514.395 4283.95 493.839 0.490625 10.0317 15.7993
515.475 4283.95 492.348 0.559774 7.75358 11.9462
516.555 4283.95 406.698 0.474853 10.7472 3.83404
517.635 4283.95 416.759 0.50436 10.0072 4.44381
518.715 4283.95 363.085 0.60252 8.34794 6.97158
519.795 4283.95 266.734 0.496206 11.26 3.19276
520.875 4283.95 210.213 0.551026 11.1244 12.5708
521.955 4283.95 308.353 0.586829 8.60814 4.72247
523.035 4283.95 235.055 0.524071 9.96561 3.47739
524.115 4283.95 162.348 0.574394 8.32196 2.61648
525.195 4283.95 90.8349 0.379468 14.8347 4.60494
526.275 4283.95 98.6075 0.561481 8.66979 5.14296
527.355 4283.95 94.2746 0.57521 8.31927 5.13556
528.435 4283.95 42.2946 0.587403 9.37501 2.9369
529.515 4283.95 28.2646 0.514063 11.5437 0.649366
530.595 4283.95 22.8446 0.480719 12.93 0.326008
531.675 4283.95 21.1299 0.494906 12.6423 0.591512
532.755 4283.95 25.0926 0.508209 12.2369 0.151847
533.835 4283.95 26.0452 0.532652 11.5437 0.258872
534.915 4283.95 26.0143 0.554087 10.9921 0.773292
535.995 4283.95 30.5083 0.400609 17.9951 2.46957
537.075 4283.95 24.6847 0.399973 18.3214 0.734828
538.155 4283.95 25.2861 0.482251 13.5806 0.219248
539.235 4283.95 26.4717 0.483876 13.4409 0.226232
540.315 4283.95 27.2825 0.487442 13.2783 0.227398
541.395 4283.95 28.004 0.489997 13.0842 0.338497
542.475 4283.95 27.3398 0.494189 12.843 0.224507
543.555 4283.95 26.2892 0.500556 12.5246 0.326182
544.635 4283.95 30.6395 0.509806 12.0546 0.533868
545.715 4283.95 30.1383 0.531723 11.1383 0.245755
546.795 4283.95 31.51 0.454302 13.7032 0.198348
547.875 4283.95 34.2767 0.541568 10.4451 0.319142
548.955 4283.95 35.3157 0.535912 10.4451 0.585492
550.035 4283.95 37.0858 0.536422 10.4451 0.325684
551.115 4283.95 38.8647 0.53163 10.4451 0.189427
552.195 4283.95 39.7783 0.456243 12.7477 0.703767
553.275 4283.95 55.2063 0.53946 9.63221 2.92306
554.355 4283.95 48.2411 0.515133 10.3198 1.64379
555.435 4283.95 59.8969 0.433457 13.0442 1.42162
556.515 4283.95 75.7608 0.541922 8.76969 3.62098
557.595 4283.95 72.9359 0.485667 10.8665 2.42026
558.675 4283.95 63.3549 0.450735 12.2142 1.10372
559.755 4283.95 61.2248 0.433391 12.7604 0.570378
560.835 4283.95 62.5524 0.46562 11.4806 1.33277
561.915 4283.95 66.9504 0.496621 10.4451 0.778239
562.995 4283.95 72.3535 0.49553 10.4451 0.26034
564.075 4283.95 79.8658 0.494316 10.4451 0.478163
565.155 4283.95 84.655 0.498045 10.2338 1.08398
566.235 4283.95 181.314 0.557094 9.24802 6.22686
567.315 4283.95 285.178 0.540225 9.05017 2.67365
568.395 4283.95 351.072 0.562817 8.69469 6.91786
569.475 4283.95 294.354 0.552859 8.59608 7.9117
570.555 4283.95 291.278 0.616311 8.65296 15.4204
571.635 4283.95 341.945 0.492065 8.9764 5.3935
572.715 4283.95 376.495 0.559823 8.04158 19.6757
573.795 4283.95 309.24 0.601473 7.41208 41.4488
574.875 4283.95 171.206 0.462002 10.1539 3.23062
575.955 4283.95 173.353 0.460157 10.3234 2.5316
577.035 4283.95 192.402 0.495624 9.6003 3.48549
578.115 4283.95 185.784 0.379729 13.2887 1.05341
579.195 4283.95 225.496 0.539195 8.68214 8.42574
580.275 4283.95 143.693 0.494576 7.73518 13.5309
581.355 4283.95 95.1046 0.440893 11.1383 0.218459
582.435 4283.95 91.5509 0.318561 15.2654 0.127513
583.515 4283.95 90.5273 0.418752 11.8314 0.362231
584.595 4283.95 98.5232 0.504063 9.55259 5.60429
585.675 4283.95 190.371 0.542426 8.21959 10.0397
586.755 4283.95 234.315 0.507483 9.28712 4.17813
587.835 4283.95 267.778 0.470448 10.4414 3.50071
588.915 4283.95 270.552 0.511685 9.56205 6.50985
589.995 4283.95 315.597 0.475109 9.4603 5.18804
591.075 4283.95 275.126 0.510139 8.69891 2.45017
592.155 4283.95 313.162 0.600094 8.34031 15.5559
593.235 4283.95 375.594 0.574672 9.48187 15.9151
594.315 4283.95 452.152 0.515595 9.76769 11.0485
595.395 4283.95 426.444 0.361081 12.8864 3.24719
596.475 4283.95 487.444 0.487143 10.4604 10.9363
597.555 4283.95 544.132 0.407038 11.0299 3.46314
598.635 4283.95 715.319 0.450927 8.98947 11.6071
599.715 4283.95 631.204 0.434541 10.3915 1.66962
600.795 4283.95 656.576 0.53923 8.48659 8.72536
601.875 4283.95 626.052 0.396498 10.6836 6.77484
602.955 4283.95 626.511 0.465652 9.12498 6.40219
604.035 4283.95 652.973 0.451903 9.12234 6.2818
605.115 4283.95 591.611 0.398139 11.398 4.92822

456.075 4282.88 -120 -0.06 0 0
457.155 4282.88 -120 -0.06 0 0
458.235 4282.88 -120 -0.06 0 0
459.315 4282.88 -120 -0.06 0 0
460.395 4282.88 -120 -0.06 0 0
461.475 4282.88 -120 -0.06 0 0
462.555 4282.88 -120 -0.06 0 0
463.635 4282.88 -120 -0.06 0 0
464.715 4282.88 -120 -0.06 0 0
465.795 4282.88 -120 -0.06 0 0
466.875 4282.88 -120 -0.06 0 0
467.955 4282.88 -120 -0.06 0 0
469.035 4282.88 -120 -0.06 0 0
470.115 4282.88 -120 -0.06 0 0
471.195 4282.88 -120 -0.06 0 0
472.275 4282.88 -120 -0.06 0 0
473.355 4282.88 -120 -0.06 0 0
474.435 4282.88 -120 -0.06 0 0
475.515 4282.88 9.37486 0.485932 9.14019 2.41036
476.595 4282.88 1.82396 0.381656 13.3065 3.25479
477.675 4282.88 24.3407 0.463286 10.5473 2.83389
478.755 4282.88 214.564 0.5341 8.75046 4.55567
479.835 4282.88 208.787 0.520478 8.34391 13.5073
480.915 4282.88 310.173 0.643008 7.64758 22.3571
481.995 4282.88 105.672 0.458173 10.6059 4.7893
483.075 4282.88 64.385 0.470824 9.8601 2.18794
484.155 4282.88 39.1302 0.36386 14.2075 1.40626
485.235 4282.88 40.3978 0.389641 13.3561 1.96928
486.315 4282.88 74.2095 0.50974 9.22516 3.78188
487.395 4282.88 97.0345 0.550325 8.30911 9.94475
488.475 4282.88 70.5181 0.441343 11.6796 4.32458
489.555 4282.88 255.627 0.546992 8.42157 10.5194
490.635 4282.88 106.399 0.536551 9.88355 8.85719
491.715 4282.88 101.853 0.514368 9.15787 3.31974
492.795 4282.88 91.8979 0.466828 10.7884 6.26305
493.875 4282.88 120.503 0.562401 8.55872 7.12356
494.955 4282.88 81.791 0.522629 9.18988 2.29683
496.035 4282.88 93.0669 0.521683 9.61451 3.71615
497.115 4282.88 55.6268 0.524065 9.55873 3.47212
498.195 4282.88 36.5122 0.514978 10.3126 7.97825
499.275 4282.88 15.3375 0.482178 10.4451 0.246671
500.355 4282.88 24.1591 0.457732 11.381 0.839598
501.435 4282.88 38.0174 0.465416 11.2446 1.51691
502.515 4282.88 62.3411 0.48229 10.7746 2.26574
503.595 4282.88 177.473 0.56079 8.2507 3.08957
504.675 4282.88 322.663 0.514839 7.73634 22.2859
505.755 4282.88 348.532 0.510835 7.82044 13.3558
506.835 4282.88 423.156 0.528301 7.2632 22.828
507.915 4282.88 599.068 0.542457 8.13123 24.6366
508.995 4282.88 670.929 0.526426 10.0025 4.53711
510.075 4282.88 639.961 0.500772 10.405 2.40999
511.155 4282.88 630.519 0.509721 10.766 5.7282
512.235 4282.88 760.199 0.565119 8.10649 3.01559
513.315 4282.88 691.985 0.528687 8.84167 12.3362
514.395 4282.88 659.361 0.645235 7.71246 12.4006
515.475 4282.88 618.405 0.586247 8.36565 5.0262
516.555 4282.88 561.069 0.546757 7.99539 7.70941
517.635 4282.88 475.062 0.548925 8.40976 11.5742
518.715 4282.88 339.448 0.582277 8.15824 6.68523
519.795 4282.88 279.596 0.594227 8.58006 5.20806
520.875 4282.88 213.844 0.542909 9.17561 6.46525
521.955 4282.88 205.623 0.543451 8.73991 5.1086
523.035 4282.88 227.406 0.549933 9.13268 2.52384
524.115 4282.88 129.588 0.521243 11.6274 4.86527
525.195 4282.88 182.111 0.600987 9.00894 6.4368
526.275 4282.88 155.359 0.584887 9.1323 10.9446
527.355 4282.88 110.284 0.670393 7.84747 10.739
528.435 4282.88 25.8195 0.483735 12.652 0.371285
529.515 4282.88 23.4364 0.378008 20.0202 0.181857
530.595 4282.88 22.5277 0.380779 20.02 0.26883
531.675 4282.88 22.6577 0.385738 20.0198 0.314597
532.755 4282.88 23.3201 0.390838 20.0196 0.368303
533.835 4282.88 23.9254 0.39731 20.0194 0.161124
534.915 4282.88 24.0305 0.402526 20.0192 0.277307
535.995 4282.88 24.0511 0.401666 20.019 0.629174
537.075 4282.88 25.2753 0.409297 20.0188 0.419276
538.155 4282.88 25.1214 0.403558 20.0186 0.881355
539.235 4282.88 26.2594 0.408964 20.0184 0.332534
540.315 4282.88 26.9715 0.496791 13.2783 0.0802142
541.395 4282.88 27.3645 0.499273 13.0842 0.30337
542.475 4282.88 28.588 0.500041 12.843 0.408202
543.555 4282.88 28.7416 0.506883 12.5246 0.024417
544.635 4282.88 29.145 0.513441 12.0546 0.500498
545.715 4282.88 30.2671 0.534579 11.1383 0.472962
546.795 4282.88 31.7136 0.552143 10.4451 0.292334
547.875 4282.88 33.142 0.526213 11.1383 0.308711
548.955 4282.88 35.6665 0.543298 10.4451 0.366178
550.035 4282.88 37.2558 0.538751 10.4451 0.249089
551.115 4282.88 57.0506 0.551508 9.51576 2.24043
552.195 4282.88 72.6908 0.552283 9.15187 3.07644
553.275 4282.88 75.0027 0.501787 10.878 1.97136
554.355 4282.88 84.263 0.541898 9.21535 3.47459
555.435 4282.88 82.6248 0.4447 12.7226 1.28266
556.515 4282.88 114.753 0.508161 10.2035 2.40729
557.595 4282.88 129.842 0.535482 9.16131 4.68984
558.675 4282.88 111.764 0.478745 10.7384 3.91554
559.755 4282.88 91.7694 0.459089 11.4203 3.24536
560.835 4282.88 84.3012 0.446686 12.1796 1.17122
561.915 4282.88 73.8787 0.449185 12.0754 0.495016
562.995 4282.88 80.255 0.507853 9.9749 0.416733
564.075 4282.88 82.8331 0.493612 10.4451 0.815698
565.155 4282.88 92.1283 0.330125 15.9665 0.848426
566.235 4282.88 132.38 0.550892 8.68518 7.30616
567.315 4282.88 232.745 0.618695 7.9495 10.5324
568.395 4282.88 238.553 0.512846 9.04414 2.57164
569.475 4282.88 219.379 0.507891 9.94534 2.54564
570.555 4282.88 253.895 0.535099 9.08863 2.98531
571.635 4282.88 287.852 0.500965 9.31484 6.10641
572.715 4282.88 426.894 0.520799 8.38388 3.39773
573.795 4282.88 567.472 0.634603 7.6776 14.2956
574.875 4282.88 479.654 0.549489 7.39509 24.7474
575.955 4282.88 385.407 0.496254 7.14711 15.5447
577.035 4282.88 221.978 0.458824 9.58415 9.24722
578.115 4282.88 212.844 0.478312 8.81013 10.8104
579.195 4282.88 219.578 0.478183 9.36894 3.44238
580.275 4282.88 252.287 0.545281 7.87499 3.44352
581.355 4282.88 93.3638 0.382436 13.1459 0.510771
582.435 4282.88 90.9333 0.461438 10.4451 0.491303
583.515 4282.88 88.8607 0.459969 10.4451 0.477315
584.595 4282.88 87.2961 0.415076 11.8314 0.113299
585.675 4282.88 89.4787 0.450809 11.1323 3.84741
586.755 4282.88 170.33 0.511893 9.19472 9.16661
587.835 4282.88 150.037 0.499239 11.1489 11.4457
588.915 4282.88 178.934 0.392949 12.2429 8.62529
589.995 4282.88 205.755 0.491688 9.89066 6.83721
591.075 4282.88 199.918 0.384356 13.8438 7.98981
592.155 4282.88 298.257 0.518673 8.22382 14.1522
593.235 4282.88 439.204 0.465683 9.92946 9.09482
594.315 4282.88 470.14 0.467237 8.51418 6.32284
595.395 4282.88 496.764 0.463869 9.15368 4.83853
596.475 4282.88 500.293 0.424409 10.3684 6.20227
597.555 4282.88 656.693 0.473087 7.55838 12.959
598.635 4282.88 721.008 0.463975 9.18128 8.39126
599.715 4282.88 655.417 0.486194 8.69736 3.85388
600.795 4282.88 610.861 0.359816 12.1238 8.1184
601.875 4282.88 641.96 0.553003 8.40676 14.9008
602.955 4282.88 616.245 0.3743 12.3005 1.27136
604.035 4282.88 629.805 0.426846 10.0175 4.02175
605.115 4282.88 655.263 0.441062 8.74772 8.38315

456.075 4281.8 -120 -0.06 0 0
457.155 4281.8 -120 -0.06 0 0
458.235 4281.8 -120 -0.06 0 0
459.315 4281.8 -120 -0.06 0 0
460.395 4281.8 -120 -0.06 0 0
461.475 4281.8 -120 -0.06 0 0
462.555 4281.8 -120 -0.06 0 0
463.635 4281.8 -120 -0.06 0 0
464.715 4281.8 -120 -0.06 0 0
465.795 4281.8 -120 -0.06 0 0
466.875 4281.8 -120 -0.06 0 0
467.955 4281.8 -120 -0.06 0 0
469.035 4281.8 -120 -0.06 0 0
470.115 4281.8 -120 -0.06 0 0
471.195 4281.8 -120 -0.06 0 0
472.275 4281.8 -120 -0.06 0 0
473.355 4281.8 -120 -0.06 0 0
474.435 4281.8 -120 -0.06 0 0
475.515 4281.8 -120 -0.06 0 0
476.595 4281.8 5.65276 0.458574 10.4451 0.388647
477.675 4281.8 9.29952 0.470415 10.3164 3.31824
478.755 4281.8 148.847 0.588991 7.72943 10.9132
479.835 4281.8 251.608 0.632998 8.03488 16.0317
480.915 4281.8 316.015 0.554622 7.96674 3.7634
481.995 4281.8 207.096 0.512036 8.68861 9.56026
483.075 4281.8 136.953 0.542528 8.37299 9.91289
484.155 4281.8 72.176 0.493852 8.40035 7.51866
485.235 4281.8 27.0545 0.348124 14.6751 0.746953
486.315 4281.8 101.981 0.552038 8.59022 5.86987
487.395 4281.8 47.7863 0.498945 9.6589 3.29838
488.475 4281.8 48.8472 0.538601 8.41831 2.06858
489.555 4281.8 136.755 0.593881 7.60678 6.95753
490.635 4281.8 49.5821 0.524288 10.5084 9.79482
491.715 4281.8 78.0997 0.565541 8.16447 8.40998
492.795 4281.8 81.5183 0.560738 8.72546 9.06847
493.875 4281.8 59.8233 0.4212 12.6287 1.37608
494.955 4281.8 56.5609 0.393977 13.4831 0.563226
496.035 4281.8 53.5607 0.464393 10.7243 1.91897
497.115 4281.8 20.957 0.410907 12.9194 3.18903
498.195 4281.8 8.95232 0.449266 11.6592 0.279317
499.275 4281.8 11.3015 0.445291 11.8314 0.267831
500.355 4281.8 17.9216 0.459124 11.5287 1.10372
501.435 4281.8 25.4343 0.434082 12.3301 0.591039
502.515 4281.8 31.889 0.517946 9.68815 1.66244
503.595 4281.8 77.02 0.586081 8.08025 16.9033
504.675 4281.8 271.492 0.623897 8.38298 12.663
505.755 4281.8 340.419 0.676475 8.29894 18.5812
506.835 4281.8 580.902 0.666919 7.43776 14.4803
507.915 4281.8 659.68 0.739785 7.73933 29.4557
508.995 4281.8 757.054 0.658871 7.6386 15.2881
510.075 4281.8 670.754 0.521457 8.02981 11.9926
511.155 4281.8 626.808 0.410077 13.0474 1.1106
512.235 4281.8 739.999 0.638294 7.87556 14.895
513.315 4281.8 540.579 0.695453 7.57539 22.7383
514.395 4281.8 467.561 0.595525 9.1135 10.3396
515.475 4281.8 599.495 0.54283 8.24169 7.92791
516.555 4281.8 558.885 0.664284 7.76656 14.8146
517.635 4281.8 432.867 0.590239 8.35054 4.07739
518.715 4281.8 335.165 0.610518 8.20669 8.88959
519.795 4281.8 251.335 0.569911 8.28643 9.13195
520.875 4281.8 171.087 0.491168 13.0814 8.90557
521.955 4281.8 143.314 0.432258 14.4637 6.40768
523.035 4281.8 189.021 0.639762 8.5286 10.2162
524.115 4281.8 108.116 0.540204 10.4667 3.68544
525.195 4281.8 86.7558 0.446615 12.9954 4.92383
526.275 4281.8 91.1304 0.558311 10.3831 4.31455
527.355 4281.8 38.1343 0.589681 8.82275 4.33163
528.435 4281.8 24.045 0.441361 14.1587 0.086279
529.515 4281.8 22.148 0.449764 14.0827 0.275509
530.595 4281.8 21.6864 0.456791 14.0005 0.277605
531.675 4281.8 23.0111 0.465524 13.9109 0.11965
532.755 4281.8 23.5954 0.475345 13.8124 0.372346
533.835 4281.8 24.5282 0.481003 13.7032 0.515351
534.915 4281.8 22.9007 0.490823 13.5806 0.157
535.995 4281.8 24.981 0.495395 13.4409 0.553025
537.075 4281.8 24.683 0.501105 13.2783 0.177958
538.155 4281.8 25.7723 0.506624 13.0842 0.427894
539.235 4281.8 24.7087 0.512041 12.843 0.183559
540.315 4281.8 30.5603 0.522777 12.391 1.52978
541.395 4281.8 25.8209 0.541579 11.8314 0.327966
542.475 4281.8 31.2744 0.580279 10.4451 0.371744
543.555 4281.8 29.5905 0.514227 12.6423 0.795325
544.635 4281.8 30.3823 0.515129 12.2369 0.239329
545.715 4281.8 31.1329 0.491891 12.843 0.393306
546.795 4281.8 32.4846 0.55643 10.4451 0.0929818
547.875 4281.8 32.9701 0.548209 10.4451 0.560118
548.955 4281.8 35.0552 0.545405 10.4451 0.215141
550.035 4281.8 35.5807 0.490803 12.2369 0.690467
551.115 4281.8 52.9303 0.526006 11.0394 1.58839
552.195 4281.8 82.4255 0.539488 10.038 1.6603
553.275 4281.8 101.543 0.539284 10.3296 2.29045
554.355 4281.8 106.401 0.532377 10.0031 0.619546
555.435 4281.8 112.969 0.497271 10.8064 2.19744
556.515 4281.8 150.681 0.5339 9.31162 5.22138
557.595 4281.8 180.659 0.471452 10.7888 5.85294
558.675 4281.8 210.124 0.508399 8.18171 14.8117
559.755 4281.8 169.419 0.508573 9.3664 5.52731
560.835 4281.8 147.988 0.474853 10.6075 4.44274
561.915 4281.8 134.349 0.500489 9.32363 6.21122
562.995 4281.8 120.845 0.537756 8.63219 3.16032
564.075 4281.8 100.403 0.490366 9.72978 4.76694
565.155 4281.8 106.235 0.471093 10.9852 0.854935
566.235 4281.8 111.462 0.501274 9.8671 1.07119
567.315 4281.8 133.738 0.532715 9.31732 2.98592
568.395 4281.8 165.657 0.51058 9.88085 3.23651
569.475 4281.8 182.505 0.514524 9.7152 3.10839
570.555 4281.8 202.733 0.426395 12.9221 3.36128
571.635 4281.8 252.288 0.460208 11.7717 4.85894
572.715 4281.8 378.512 0.592096 8.64506 11.1217
573.795 4281.8 605.106 0.547825 8.34279 4.68675
574.875 4281.8 616.695 0.506032 8.92328 1.91946
575.955 4281.8 479.822 0.504729 9.69617 3.16207
577.035 4281.8 330.267 0.445628 9.27785 13.3632
578.115 4281.8 229.83 0.391139 12.3889 3.51402
579.195 4281.8 247.911 0.450177 10.4402 2.77494
580.275 4281.8 246.005 0.506705 8.77034 10.4489
581.355 4281.8 159.032 0.528537 8.78584 7.39053
582.435 4281.8 89.4622 0.403091 12.3277 0.303158
583.515 4281.8 87.5802 0.456877 10.4451 0.168379
584.595 4281.8 84.9349 0.435191 11.1383 0.327229
585.675 4281.8 84.7127 0.454313 10.4451 0.12315
586.755 4281.8 83.4638 0.425115 11.306 0.662834
587.835 4281.8 83.0626 0.457131 10.2868 0.282554
588.915 4281.8 130.894 0.540936 8.16715 12.0719
589.995 4281.8 176.744 0.528785 8.49347 5.58357
591.075 4281.8 251.245 0.511027 7.92335 9.20621
592.155 4281.8 281.826 0.445463 12.0998 10.0366
593.235 4281.8 383.329 0.536076 9.36515 11.4619
594.315 4281.8 427.975 0.374616 12.5834 1.30597
595.395 4281.8 499.195 0.4699 9.3042 3.3357
596.475 4281.8 492.753 0.53916 8.03418 13.9417
597.555 4281.8 466.52 0.594822 9.48097 19.0156
598.635 4281.8 617.741 0.652873 7.07383 19.6019
599.715 4281.8 582.639 0.533447 8.46523 7.87399
600.795 4281.8 517.28 0.38576 12.4039 9.15029
601.875 4281.8 606.137 0.525067 9.34768 10.0762
602.955 4281.8 644.981 0.448271 9.64553 2.48483
604.035 4281.8 656.913 0.38338 11.626 5.20652
605.115 4281.8 749.195 0.478097 8.15405 9.77982

456.075 4280.72 -120 -0.06 0 0
457.155 4280.72 -120 -0.06 0 0
458.235 4280.72 -120 -0.06 0 0
459.315 4280.72 -120 -0.06 0 0
460.395 4280.72 -120 -0.06 0 0
461.475 4280.72 -120 -0.06 0 0
462.555 4280.72 -120 -0.06 0 0
463.635 4280.72 -120 -0.06 0 0
464.715 4280.72 -120 -0.06 0 0
465.795 4280.72 -120 -0.06 0 0
466.875 4280.72 -120 -0.06 0 0
467.955 4280.72 -120 -0.06 0 0
469.035 4280.72 -120 -0.06 0 0
470.115 4280.72 -120 -0.06 0 0
471.195 4280.72 -120 -0.06 0 0
472.275 4280.72 -120 -0.06 0 0
473.355 4280.72 -120 -0.06 0 0
474.435 4280.72 -120 -0.06 0 0
475.515 4280.72 1 0.4593 10.4451 0.665551
476.595 4280.72 3.92453 0.470283 10.0666 0.178947
477.675 4280.72 -120 -0.06 0 0
478.755 4280.72 6.36948 0.42098 11.9369 0.827997
479.835 4280.72 128.902 0.591585 8.71718 13.3777
480.915 4280.72 193.905 0.565842 8.38788 7.69596
481.995 4280.72 200.926 0.564086 8.84758 11.8925
483.075 4280.72 230.16 0.509061 8.48364 9.98731
484.155 4280.72 97.3005 0.542878 7.84307 7.90364
485.235 4280.72 47.4812 0.548211 8.99966 6.68563
486.315 4280.72 18.4198 0.328252 15.5004 0.808375
487.395 4280.72 20.9223 0.460592 11.0193 0.99422
488.475 4280.72 18.3961 0.49418 10.2176 2.98845
489.555 4280.72 20.491 0.466211 10.9727 1.35295
490.635 4280.72 21.5074 0.466849 10.936 1.49547
491.715 4280.72 32.2158 0.432996 11.8445 3.64702
492.795 4280.72 118.398 0.564804 8.09959 10.4214
493.875 4280.72 64.6417 0.520421 8.99369 8.94563
494.955 4280.72 61.4278 0.504391 9.34767 2.63279
496.035 4280.72 146.291 0.525686 8.3022 3.60704
497.115 4280.72 78.8771 0.538441 8.22392 6.80619
498.195 4280.72 8.24359 0.383503 13.9273 0.419681
499.275 4280.72 8.3717 0.487303 10.4451 0.722618
500.355 4280.72 10.0813 0.39483 13.664 0.285248
501.435 4280.72 15.4025 0.491233 10.4451 0.551119
502.515 4280.72 13.1142 0.395571 13.741 0.534614
503.595 4280.72 64.7888 0.568251 8.45401 4.34138
504.675 4280.72 33.1782 0.608094 8.45391 14.5201
505.755 4280.72 188.057 0.650311 7.22211 16.8999
506.835 4280.72 264.185 0.592253 9.43486 11.6333
507.915 4280.72 388.274 0.561187 9.4827 14.1918
508.995 4280.72 481.618 0.605974 7.88985 17.5527
510.075 4280.72 623.955 0.646146 7.86049 13.1345
511.155 4280.72 618.422 0.604606 8.41805 9.21287
512.235 4280.72 580.172 0.656668 8.37138 16.316
513.315 4280.72 362.883 0.616376 8.9943 15.3714
514.395 4280.72 336.801 0.605581 8.34302 9.67325
515.475 4280.72 408.884 0.650108 8.09764 13.8097
516.555 4280.72 373.558 0.617614 8.52802 9.92471
517.635 4280.72 341.981 0.623613 7.98512 8.40644
518.715 4280.72 379.753 0.504495 10.1984 4.47415
519.795 4280.72 288.849 0.535689 8.86048 6.68402
520.875 4280.72 277.12 0.542155 9.54333 1.73341
521.955 4280.72 217.364 0.60755 8.6934 8.83418
523.035 4280.72 167.94 0.635618 8.47866 9.35069
524.115 4280.72 132.765 0.608202 9.835 10.4877
525.195 4280.72 54.082 0.525235 9.90989 5.88216
526.275 4280.72 24.1489 0.584719 9.49439 3.07952
527.355 4280.72 19.8105 0.462563 13.4583 1.04127
528.435 4280.72 19.0103 0.440319 14.3571 0.406707
529.515 4280.72 21.3736 0.445306 14.2953 0.229904
530.595 4280.72 22.5959 0.453662 14.2293 0.350447
531.675 4280.72 21.9399 0.464475 14.1587 0.129546
532.755 4280.72 23.4161 0.476524 14.0827 0.620865
533.835 4280.72 24.1889 0.478844 14.0005 0.207528
534.915 4280.72 24.6296 0.482442 13.9109 0.437115
535.995 4280.72 25.0778 0.484329 13.8124 0.263359
537.075 4280.72 24.9328 0.488093 13.7032 0.0913623
538.155 4280.72 24.2263 0.490992 13.5806 0.123265
539.235 4280.72 25.4616 0.497785 13.4409 0.460271
540.315 4280.72 27.4165 0.501219 13.2783 0.193872
541.395 4280.72 27.1234 0.506352 13.0842 0.106263
542.475 4280.72 27.3701 0.515033 12.843 0.394675
543.555 4280.72 28.1314 0.518349 12.5246 0.345997
544.635 4280.72 29.5909 0.526986 12.0546 0.0736222
545.715 4280.72 31.3151 0.539904 11.5437 0.986084
546.795 4280.72 32.074 0.560159 10.4451 0.324192
547.875 4280.72 33.3116 0.534646 11.1383 0.363845
548.955 4280.72 34.3718 0.548049 10.4451 0.198296
550.035 4280.72 34.5615 0.543651 10.4451 0.265339
551.115 4280.72 35.9209 0.543045 10.5446 1.69934
552.195 4280.72 52.1176 0.571549 9.34748 2.88939
553.275 4280.72 68.6699 0.52449 10.7479 2.03262
554.355 4280.72 97.4118 0.533124 10.0404 3.10874
555.435 4280.72 138.196 0.565565 9.0254 2.14694
556.515 4280.72 178.766 0.490144 11.1658 4.5999
557.595 4280.72 252.255 0.56301 8.31514 7.05358
558.675 4280.72 327.348 0.589385 8.7666 9.12862
559.755 4280.72 400.059 0.534031 7.26532 15.9431
560.835 4280.72 259.326 0.478407 9.10356 13.7728
561.915 4280.72 326.09 0.552256 7.896 6.58694
562.995 4280.72 239.7 0.500937 9.37928 8.06647
564.075 4280.72 232.169 0.532773 7.96611 7.48875
565.155 4280.72 157.286 0.525792 8.37701 5.33915
566.235 4280.72 147.467 0.484302 10.0879 2.94805
567.315 4280.72 146.248 0.426056 12.1401 2.23605
568.395 4280.72 187.661 0.570306 8.70225 9.46316
569.475 4280.72 200.33 0.473099 10.0767 6.06575
570.555 4280.72 191.702 0.343564 14.6957 2.58583
571.635 4280.72 256.955 0.516336 8.94835 3.07037
572.715 4280.72 316.127 0.501582 9.83689 6.57713
573.795 4280.72 499.615 0.543594 8.90696 4.64632
574.875 4280.72 518.155 0.566824 9.68094 12.0785
575.955 4280.72 564.07 0.517993 10.0925 7.209
577.035 4280.72 506.964 0.553579 7.64379 18.4398
578.115 4280.72 330.155 0.424539 10.3975 9.30485
579.195 4280.72 258.699 0.400372 12.6423 0.0642032
580.275 4280.72 201.043 0.455805 10.9988 6.15026
581.355 4280.72 230.419 0.548278 8.65929 8.31057
582.435 4280.72 128.399 0.508146 8.00658 12.5999
583.515 4280.72 87.2377 0.457875 10.4451 0.188781
584.595 4280.72 83.0955 0.456333 10.4451 0.137071
585.675 4280.72 82.125 0.453555 10.4451 0.243842
586.755 4280.72 81.2076 0.454656 10.4451 0.292801
587.835 4280.72 78.7856 0.277308 16.4901 0.195638
588.915 4280.72 81.9586 0.488997 9.86782 3.92897
589.995 4280.72 107.629 0.521224 8.69533 11.6732
591.075 4280.72 248.189 0.499462 8.68409 12.8061
592.155 4280.72 335.882 0.496021 8.48383 2.84081
593.235 4280.72 348.367 0.377684 12.2973 3.13391
594.315 4280.72 449.622 0.418749 11.4131 4.92242
595.395 4280.72 522.501 0.425989 9.04848 12.3438
596.475 4280.72 529.429 0.638626 7.71015 19.1322
597.555 4280.72 337.862 0.43832 11.656 5.95102
598.635 4280.72 383.156 0.407153 11.1119 8.57016
599.715 4280.72 518.395 0.544116 8.30206 8.03694
600.795 4280.72 452.239 0.549564 8.55395 13.4362
601.875 4280.72 551.142 0.435726 8.10524 16.2768
602.955 4280.72 635.079 0.506995 8.63759 4.88841
604.035 4280.72 704.46 0.480555 8.76921 2.5969
605.115 4280.72 875.096 0.572205 7.51012 27.3666

456.075 4279.64 19.0501 0.476042 9.3688 3.27704
457.155 4279.64 -120 -0.06 0 0
458.235 4279.64 -120 -0.06 0 0
459.315 4279.64 -120 -0.06 0 0
460.395 4279.64 -120 -0.06 0 0
461.475 4279.64 -120 -0.06 0 0
462.555 4279.64 -120 -0.06 0 0
463.635 4279.64 -120 -0.06 0 0
464.715 4279.64 -120 -0.06 0 0
465.795 4279.64 -120 -0.06 0 0
466.875 4279.64 -120 -0.06 0 0
467.955 4279.64 -120 -0.06 0 0
469.035 4279.64 -120 -0.06 0 0
470.115 4279.64 -120 -0.06 0 0
471.195 4279.64 -120 -0.06 0 0
472.275 4279.64 -120 -0.06 0 0
473.355 4279.64 -120 -0.06 0 0
474.435 4279.64 -120 -0.06 0 0
475.515 4279.64 -120 -0.06 0 0
476.595 4279.64 4.68116 0.424704 11.5437 0.544726
477.675 4279.64 13.5395 0.498824 9.48988 1.9176
478.755 4279.64 7.29121 0.386585 12.8816 1.38281
479.835 4279.64 76.7628 0.513658 8.69511 12.6551
480.915 4279.64 87.1097 0.469227 11.9888 8.80188
481.995 4279.64 187.979 0.510519 10.0606 8.04841
483.075 4279.64 90.4417 0.498076 10.048 5.09411
484.155 4279.64 142.522 0.598333 7.64975 9.32966
485.235 4279.64 33.3892 0.480839 10.0922 0.748547
486.315 4279.64 15.8861 0.476351 10.4695 2.18898
487.395 4279.64 10.7633 0.313445 15.9864 0.572746
488.475 4279.64 7.77994 0.479723 10.4451 0.898832
489.555 4279.64 6.26988 0.396798 13.2783 0.511565
490.635 4279.64 8.52076 0.371057 14.2931 1.21084
491.715 4279.64 26.4152 0.46678 11.0361 2.5364
492.795 4279.64 116.794 0.595752 8.58531 13.3374
493.875 4279.64 49.9818 0.502465 10.3965 3.62635
494.955 4279.64 82.3141 0.542108 8.59748 8.01445
496.035 4279.64 106.806 0.612849 9.0783 14.4023
497.115 4279.64 69.655 0.553143 9.12804 5.91762
498.195 4279.64 11.5277 0.48203 10.5115 1.35112
499.275 4279.64 7.04367 0.486867 10.4451 0.306248
500.355 4279.64 7.64427 0.489259 10.4451 0.08898
501.435 4279.64 8.55937 0.386371 14.0286 0.248021
502.515 4279.64 64.6154 0.633925 8.51355 13.851
503.595 4279.64 9.03608 0.515082 9.65464 0.355468
504.675 4279.64 8.18906 0.491684 10.4451 0.48989
505.755 4279.64 13.137 0.491286 10.9362 3.63089
506.835 4279.64 184.391 0.628779 7.47455 17.9021
507.915 4279.64 192.719 0.518855 10.8919 7.58019
508.995 4279.64 285.825 0.659252 9.05919 18.3434
510.075 4279.64 524.179 0.57934 7.94211 5.54331
511.155 4279.64 483.482 0.673031 7.70873 20.5829
512.235 4279.64 344.791 0.62761 7.29295 20.9204
513.315 4279.64 261.049 0.612892 7.90742 16.8603
514.395 4279.64 251.615 0.610793 7.66082 5.987
515.475 4279.64 242.244 0.640932 8.3483 12.7436
516.555 4279.64 288.996 0.654072 8.39196 14.6813
517.635 4279.64 183.381 0.500388 11.6169 5.0995
518.715 4279.64 234.097 0.53694 10.2433 7.52326
519.795 4279.64 300.671 0.609005 8.66049 8.06948
520.875 4279.64 274.699 0.574751 8.71176 3.86888
521.955 4279.64 235.545 0.634686 7.98101 9.79359
523.035 4279.64 156.996 0.692338 7.89006 18.8297
524.115 4279.64 117.18 0.646336 8.04011 9.37908
525.195 4279.64 19.802 0.530012 10.8188 0.566573
526.275 4279.64 20.3135 0.429208 14.3769 0.264688
527.355 4279.64 20.7821 0.434615 14.3163 0.511538
528.435 4279.64 20.9323 0.443398 14.2518 0.180198
529.515 4279.64 24.2069 0.450596 14.1828 0.577131
530.595 4279.64 25.2431 0.459791 14.1087 0.467662
531.675 4279.64 27.0292 0.470194 14.0286 0.654765
532.755 4279.64 25.8806 0.477206 13.9416 0.816213
533.835 4279.64 24.841 0.482119 13.8463 0.370626
534.915 4279.64 24.854 0.486502 13.741 0.247179
535.995 4279.64 24.7741 0.48941 13.6232 0.236896
537.075 4279.64 25.1456 0.493568 13.4896 0.228494
538.155 4279.64 23.4077 0.499485 13.3355 0.132159
539.235 4279.64 25.2492 0.502739 13.1532 0.249745
540.315 4279.64 27.5 0.510024 12.93 0.140727
541.395 4279.64 26.7404 0.515748 12.6423 0.657306
542.475 4279.64 29.4003 0.530649 12.2369 0.101861
543.555 4279.64 27.8663 0.5509 11.5437 0.0903095
544.635 4279.64 30.2123 0.537419 11.8314 0.371097
545.715 4279.64 32.6677 0.572338 10.4451 0.464864
546.795 4279.64 30.4176 0.461731 13.9416 0.136035
547.875 4279.64 31.4282 0.518432 11.8314 0.461241
548.955 4279.64 32.4747 0.550996 10.4451 0.353333
550.035 4279.64 32.0527 0.546737 10.4451 0.440099
551.115 4279.64 30.6565 0.408772 14.9449 0.277294
552.195 4279.64 33.9156 0.537709 10.4451 0.658652
553.275 4279.64 49.2279 0.534888 10.3208 1.70144
554.355 4279.64 82.6085 0.561732 9.45485 2.46252
555.435 4279.64 105.17 0.529339 10.5632 3.31526
556.515 4279.64 223.769 0.562957 8.69696 2.07053
557.595 4279.64 264.624 0.604291 8.5899 6.68078
558.675 4279.64 321.428 0.598394 8.62202 8.68274
559.755 4279.64 413.005 0.643032 7.87723 11.5787
560.835 4279.64 395.684 0.509957 9.12417 9.6625
561.915 4279.64 431.975 0.581218 7.76218 7.97194
562.995 4279.64 429.543 0.509063 7.99127 20.1827
564.075 4279.64 463.342 0.525753 7.24202 19.1831
565.155 4279.64 306.054 0.519619 7.81414 11.8815
566.235 4279.64 218.585 0.456958 10.7853 4.86292
567.315 4279.64 215.005 0.487321 9.43967 5.59836
568.395 4279.64 248.382 0.492077 8.62008 9.89978
569.475 4279.64 243.589 0.490007 10.0576 1.42371
570.555 4279.64 226.157 0.504084 9.41672 1.86901
571.635 4279.64 242.03 0.540244 9.12576 4.72452
572.715 4279.64 302.087 0.540158 8.78129 6.90336
573.795 4279.64 380.534 0.565286 9.06369 9.14797
574.875 4279.64 387.814 0.458665 11.3077 12.0505
575.955 4279.64 522.886 0.548219 8.45283 12.8647
577.035 4279.64 587.262 0.510154 7.81625 10.3284
578.115 4279.64 371.328 0.482734 9.26136 12.2397
579.195 4279.64 283.533 0.534571 8.36317 3.34933
580.275 4279.64 196.793 0.515261 8.48836 5.22542
581.355 4279.64 121.523 0.487247 10.1697 3.28956
582.435 4279.64 84.3046 0.466389 10.3306 0.762608
583.515 4279.64 84.4121 0.458809 10.4451 0.155683
584.595 4279.64 81.1556 0.437723 11.1383 0.397483
585.675 4279.64 80.7918 0.455422 10.4451 0.184835
586.755 4279.64 81.6338 0.455414 10.4451 0.388366
587.835 4279.64 79.1959 0.452888 10.4451 0.176322
588.915 4279.64 79.3663 0.450934 10.4451 0.262245
589.995 4279.64 78.9816 0.431949 11.0687 0.167459
591.075 4279.64 173.214 0.610297 8.31511 17.77
592.155 4279.64 239.649 0.538071 8.03927 7.27504
593.235 4279.64 376.978 0.622789 7.3886 15.8668
594.315 4279.64 495.509 0.482816 8.9284 0.933977
595.395 4279.64 527.504 0.564102 7.59396 7.22187
596.475 4279.64 360.229 0.534769 7.93951 15.4762
597.555 4279.64 268.485 0.382141 12.9657 3.3918
598.635 4279.64 338.194 0.509007 8.54891 2.77058
599.715 4279.64 426.357 0.669399 7.72978 22.5013
600.795 4279.64 342.789 0.408235 12.9276 8.6622
601.875 4279.64 483.975 0.568224 8.12589 15.1659
602.955 4279.64 683.514 0.439524 8.02958 16.3981
604.035 4279.64 722.574 0.411344 10.0228 6.86644
605.115 4279.64 919.437 0.453138 7.61125 16.6897

456.075 4278.56 49.8829 0.516436 7.92612 4.44097
457.155 4278.56 1.36758 0.37637 13.0842 0.931661
458.235 4278.56 1.8004 0.439646 10.9786 1.34246
459.315 4278.56 -120 -0.06 0 0
460.395 4278.56 -120 -0.06 0 0
461.475 4278.56 -120 -0.06 0 0
462.555 4278.56 -120 -0.06 0 0
463.635 4278.56 -120 -0.06 0 0
464.715 4278.56 -120 -0.06 0 0
465.795 4278.56 -120 -0.06 0 0
466.875 4278.56 -120 -0.06 0 0
467.955 4278.56 -120 -0.06 0 0
469.035 4278.56 -120 -0.06 0 0
470.115 4278.56 -120 -0.06 0 0
471.195 4278.56 -120 -0.06 0 0
472.275 4278.56 -120 -0.06 0 0
473.355 4278.56 -120 -0.06 0 0
474.435 4278.56 -120 -0.06 0 0
475.515 4278.56 -120 -0.06 0 0
476.595 4278.56 15.6281 0.525935 8.97736 4.18244
477.675 4278.56 88.4402 0.567505 8.39825 10.4294
478.755 4278.56 124.194 0.462571 8.1136 15.5599
479.835 4278.56 78.7262 0.505276 9.02902 9.53182
480.915 4278.56 67.0511 0.455367 11.9099 11.1817
481.995 4278.56 56.0117 0.547008 8.90842 6.25131
483.075 4278.56 73.5741 0.488734 8.95838 6.24861
484.155 4278.56 52.9271 0.382723 13.1968 1.49676
485.235 4278.56 38.8158 0.484057 9.45464 5.61096
486.315 4278.56 6.90839 0.349828 14.7759 0.564456
487.395 4278.56 36.5119 0.508708 8.75524 10.0256
488.475 4278.56 3.95896 0.313728 16.0089 0.223119
489.555 4278.56 2.85298 0.320718 15.8962 0.224174
490.635 4278.56 3.52522 0.391655 13.4896 0.218959
491.715 4278.56 45.7122 0.486052 9.06411 11.5121
492.795 4278.56 24.2845 0.499029 10.4028 2.83356
493.875 4278.56 13.4126 0.375764 14.378 1.23512
494.955 4278.56 79.1239 0.543282 8.95432 3.09987
496.035 4278.56 46.8441 0.528093 8.90784 8.4575
497.115 4278.56 4.84298 0.428834 12.6326 0.888476
498.195 4278.56 6.17497 0.457445 11.6572 0.664126
499.275 4278.56 7.1954 0.490324 10.4451 0.114323
500.355 4278.56 7.72626 0.494034 10.4451 0.49363
501.435 4278.56 7.42536 0.475065 11.1383 0.47726
502.515 4278.56 9.31749 0.494752 10.4451 0.518173
503.595 4278.56 6.63338 0.400808 13.7032 0.0915887
504.675 4278.56 7.2906 0.372187 14.7356 0.416053
505.755 4278.56 7.84567 0.369587 14.7492 0.482569
506.835 4278.56 16.4027 0.455811 12.2765 4.84061
507.915 4278.56 91.8287 0.645361 8.25344 13.866
508.995 4278.56 257.596 0.641883 7.25688 10.5723
510.075 4278.56 327.859 0.712605 7.0613 18.3963
511.155 4278.56 168.163 0.58204 9.14002 10.1791
512.235 4278.56 198.897 0.667693 7.51312 13.6558
513.315 4278.56 142.964 0.581083 8.38511 5.47929
514.395 4278.56 96.8011 0.621462 8.83128 12.3262
515.475 4278.56 180.757 0.57068 7.90634 13.2181
516.555 4278.56 170.71 0.630043 8.30435 10.5686
517.635 4278.56 185.194 0.544421 8.05543 8.86899
518.715 4278.56 212.452 0.544214 9.89814 3.76561
519.795 4278.56 170.397 0.539254 9.90338 15.0628
520.875 4278.56 158.85 0.648096 7.5982 16.3675
521.955 4278.56 170.813 0.585929 8.37077 1.23502
523.035 4278.56 78.891 0.487953 10.112 14.0374
524.115 4278.56 45.2341 0.586054 8.78549 3.59946
525.195 4278.56 20.8824 0.451666 13.3896 0.407359
526.275 4278.56 21.3554 0.46209 13.2177 0.413194
527.355 4278.56 23.5084 0.473276 13.0101 0.774038
528.435 4278.56 31.1218 0.48122 12.7477 2.70229
529.515 4278.56 34.2738 0.560904 10.4451 0.583038
530.595 4278.56 34.0265 0.513889 12.391 0.391585
531.675 4278.56 35.9365 0.495735 13.2177 0.842374
532.755 4278.56 35.6114 0.557543 11.1383 0.952699
533.835 4278.56 33.2959 0.561306 11.1383 0.233331
534.915 4278.56 26.8219 0.404749 20.4378 0.85246
535.995 4278.56 24.2661 0.488934 13.664 0.0712139
537.075 4278.56 25.6406 0.492825 13.5362 0.339957
538.155 4278.56 25.5374 0.496611 13.3896 0.24484
539.235 4278.56 26.8563 0.501306 13.2177 0.17589
540.315 4278.56 27.1519 0.509221 13.0101 0.241619
541.395 4278.56 27.2434 0.514607 12.7477 0.220669
542.475 4278.56 27.9064 0.525625 12.391 0.11087
543.555 4278.56 31.1165 0.539056 11.8314 0.624124
544.635 4278.56 31.6383 0.582225 10.4451 0.546804
545.715 4278.56 30.6739 0.402286 16.5763 0.324307
546.795 4278.56 30.2065 0.390202 16.5566 0.531894
547.875 4278.56 29.7627 0.506548 12.2369 0.134248
548.955 4278.56 32.1263 0.551101 10.4451 0.335412
550.035 4278.56 31.3796 0.373493 16.3229 0.385557
551.115 4278.56 33.2405 0.539704 10.4451 0.15503
552.195 4278.56 32.6589 0.536768 10.4451 0.295471
553.275 4278.56 44.3386 0.530875 10.5138 1.11042
554.355 4278.56 61.6593 0.455651 13.0576 1.14009
555.435 4278.56 91.3251 0.535836 10.2225 2.70022
556.515 4278.56 182.325 0.564669 8.62081 2.99688
557.595 4278.56 203.792 0.500595 11.3072 2.58027
558.675 4278.56 317.944 0.608161 8.35545 7.74874
559.755 4278.56 344.087 0.56484 8.94157 6.70723
560.835 4278.56 407.602 0.624962 8.15088 9.61532
561.915 4278.56 485.658 0.602913 8.06942 9.01573
562.995 4278.56 651.304 0.564939 8.16942 12.0027
564.075 4278.56 672.215 0.542186 7.89335 6.68426
565.155 4278.56 722.344 0.624075 7.09099 23.1715
566.235 4278.56 502.007 0.43693 9.91518 15.4217
567.315 4278.56 515.394 0.58613 6.85579 25.2771
568.395 4278.56 351.212 0.545749 7.67643 11.1765
569.475 4278.56 285.336 0.520886 8.74234 3.72405
570.555 4278.56 249.041 0.450318 11.3238 1.66265
571.635 4278.56 251.231 0.497866 9.74132 1.72712
572.715 4278.56 276.181 0.489328 9.83924 4.25778
573.795 4278.56 334.844 0.539633 8.44931 5.88688
574.875 4278.56 304.504 0.498441 9.88716 4.18277
575.955 4278.56 396.184 0.539693 9.83559 11.5111
577.035 4278.56 493.8 0.541177 8.91868 5.22743
578.115 4278.56 507.833 0.518859 8.22133 19.1439
579.195 4278.56 301.066 0.542487 8.25357 11.1748
580.275 4278.56 147.471 0.496481 9.1005 4.64283
581.355 4278.56 86.4884 0.492112 9.63228 4.41057
582.435 4278.56 80.4605 0.386827 13.0101 0.394497
583.515 4278.56 80.3555 0.384422 13.0101 0.394477
584.595 4278.56 78.6252 0.384768 12.93 0.106868
585.675 4278.56 76.1437 0.30686 15.5691 0.105402
586.755 4278.56 77.4549 0.408521 12.0546 0.418738
587.835 4278.56 79.1998 0.453715 10.4451 0.34759
588.915 4278.56 75.6693 0.276764 16.7009 0.305451
589.995 4278.56 74.1489 0.3752 13.0842 0.5335
591.075 4278.56 74.3039 0.470246 9.7802 0.569566
592.155 4278.56 188.596 0.519717 7.99317 15.0386
593.235 4278.56 160.359 0.545163 8.28487 8.50896
594.315 4278.56 278.863 0.617505 8.12238 16.5319
595.395 4278.56 267.918 0.638595 7.79621 20.607
596.475 4278.56 229.843 0.508972 8.60333 5.18332
597.555 4278.56 211.848 0.361174 13.7404 3.05909
598.635 4278.56 258.522 0.516963 9.06824 7.47863
599.715 4278.56 274.184 0.510264 8.84771 4.80087
600.795 4278.56 313.457 0.467357 9.18259 5.90183
601.875 4278.56 427.393 0.497528 9.04744 11.5807
602.955 4278.56 814.519 0.540872 7.68869 12.286
604.035 4278.56 815.479 0.649929 7.06849 23.0208
605.115 4278.56 824.095 0.571513 8.03949 12.3749

456.075 4277.48 161.656 0.487707 7.512 13.7523
457.155 4277.48 72.9892 0.482516 8.2654 9.99091
458.235 4277.48 75.4081 0.535355 9.6588 10.8677
459.315 4277.48 -120 -0.06 0 0
460.395 4277.48 -120 -0.06 0 0
461.475 4277.48 -120 -0.06 0 0
462.555 4277.48 -120 -0.06 0 0
463.635 4277.48 -120 -0.06 0 0
464.715 4277.48 -120 -0.06 0 0
465.795 4277.48 -120 -0.06 0 0
466.875 4277.48 -120 -0.06 0 0
467.955 4277.48 -120 -0.06 0 0
469.035 4277.48 -120 -0.06 0 0
470.115 4277.48 -120 -0.06 0 0
471.195 4277.48 -120 -0.06 0 0
472.275 4277.48 -120 -0.06 0 0
473.355 4277.48 -120 -0.06 0 0
474.435 4277.48 -120 -0.06 0 0
475.515 4277.48 -120 -0.06 0 0
476.595 4277.48 3.97435 0.49636 9.41123 1.78913
477.675 4277.48 8.78218 0.449189 10.9415 9.63571
478.755 4277.48 158.725 0.559196 8.08912 7.6262
479.835 4277.48 27.4036 0.562391 8.86917 9.11106
480.915 4277.48 25.0517 0.479678 8.93285 6.85633
481.995 4277.48 44.1059 0.45985 10.0125 4.10044
483.075 4277.48 87.8405 0.556815 8.50825 5.36645
484.155 4277.48 65.4597 0.486 10.4824 4.87884
485.235 4277.48 135.345 0.655213 7.51358 18.5569
486.315 4277.48 3.2654 0.413415 12.461 0.542354
487.395 4277.48 2.63964 0.3017 16.9449 0.183304
488.475 4277.48 3.36142 0.457674 11.1383 0.392037
489.555 4277.48 3.65405 0.481371 10.4451 0.414428
490.635 4277.48 4.46693 0.482772 10.4451 0.358964
491.715 4277.48 4.25661 0.48773 10.4451 1.11959
492.795 4277.48 9.60359 0.472199 10.4451 2.24745
493.875 4277.48 4.45835 0.484949 10.4451 0.0941129
494.955 4277.48 20.6421 0.576339 8.77457 9.00911
496.035 4277.48 4.5536 0.430129 12.5246 0.433126
497.115 4277.48 5.93354 0.490467 10.4451 0.593558
498.195 4277.48 6.36308 0.490584 10.4451 0.40404
499.275 4277.48 7.80888 0.491821 10.4451 0.514804
500.355 4277.48 6.62199 0.425316 12.7477 0.618367
501.435 4277.48 6.58758 0.430691 12.6423 0.187005
502.515 4277.48 7.09469 0.438981 12.391 0.360618
503.595 4277.48 9.39866 0.497428 10.4451 0.065706
504.675 4277.48 7.45259 0.350059 15.4885 0.522798
505.755 4277.48 11.0851 0.499982 10.4451 0.231381
506.835 4277.48 10.3662 0.514711 10.0214 0.402947
507.915 4277.48 10.5385 0.432913 12.9671 1.4758
508.995 4277.48 141.913 0.544491 7.82402 8.82983
510.075 4277.48 96.9208 0.6392 8.04472 11.4588
511.155 4277.48 76.5409 0.583808 8.30828 15.0365
512.235 4277.48 33.6309 0.538993 9.88161 4.04555
513.315 4277.48 72.2109 0.624346 8.05639 9.26351
514.395 4277.48 35.597 0.405416 14.1198 1.67458
515.475 4277.48 36.2245 0.440377 13.5298 4.65792
516.555 4277.48 140.812 0.492433 8.53954 16.6266
517.635 4277.48 216.408 0.605697 8.48128 7.47203
518.715 4277.48 119.282 0.564331 7.6876 6.48338
519.795 4277.48 108.927 0.727942 7.5991 21.4706
520.875 4277.48 77.4224 0.52678 8.09425 22.2634
521.955 4277.48 103.218 0.555093 7.91677 20.1886
523.035 4277.48 77.7757 0.528303 8.22347 15.3412
524.115 4277.48 21.9176 0.388301 15.3987 0.648893
525.195 4277.48 21.8197 0.475883 12.5246 0.699146
526.275 4277.48 24.1232 0.49402 12.0546 0.902122
527.355 4277.48 31.2466 0.529907 11.1137 0.661037
528.435 4277.48 35.9205 0.536313 11.1383 0.51787
529.515 4277.48 41.1286 0.562402 10.4451 0.850823
530.595 4277.48 46.7832 0.556241 10.9564 0.589974
531.675 4277.48 46.3722 0.518964 12.4967 0.801414
532.755 4277.48 46.5205 0.578759 10.4451 0.700642
533.835 4277.48 41.7725 0.575642 10.4451 1.28306
534.915 4277.48 33.5926 0.57862 10.4451 0.725809
535.995 4277.48 27.2538 0.403632 20.409 1.0933
537.075 4277.48 26.8679 0.492807 13.5362 0.0318935
538.155 4277.48 26.6142 0.495548 13.3896 0.36732
539.235 4277.48 27.5013 0.500975 13.2177 0.49575
540.315 4277.48 27.4742 0.507355 13.0101 0.203188
541.395 4277.48 28.0985 0.514541 12.7477 0.263656
542.475 4277.48 28.8782 0.526194 12.391 0.248331
543.555 4277.48 29.2081 0.543747 11.8314 0.453552
544.635 4277.48 31.8127 0.581383 10.4451 0.218827
545.715 4277.48 31.2085 0.575687 10.4451 0.172529
546.795 4277.48 31.6336 0.567462 10.4451 0.173901
547.875 4277.48 31.981 0.560022 10.4451 0.309911
548.955 4277.48 31.7113 0.53078 11.1383 0.612497
550.035 4277.48 32.5844 0.544805 10.4451 0.419691
551.115 4277.48 33.5496 0.538879 10.4451 0.473701
552.195 4277.48 33.2435 0.390919 15.408 0.34964
553.275 4277.48 37.962 0.514288 11.112 1.27701
554.355 4277.48 53.839 0.543598 9.93393 1.06337
555.435 4277.48 86.6776 0.538322 9.85802 3.66308
556.515 4277.48 125.809 0.579417 8.98737 3.38577
557.595 4277.48 192.227 0.550598 8.78427 5.01025
558.675 4277.48 221.627 0.538541 9.69843 5.58422
559.755 4277.48 278.106 0.486325 11.9373 5.08232
560.835 4277.48 388.46 0.556733 8.1961 7.54915
561.915 4277.48 513.15 0.595552 8.03874 7.43395
562.995 4277.48 572.132 0.516732 9.79734 0.740751
564.075 4277.48 636.601 0.542158 8.78113 11.5521
565.155 4277.48 817.777 0.60032 8.76644 14.9662
566.235 4277.48 779.092 0.515347 7.50326 13.2619
567.315 4277.48 671.742 0.585228 8.46132 22.3002
568.395 4277.48 514.704 0.50901 8.03228 16.771
569.475 4277.48 432.404 0.585127 7.63026 26.0389
570.555 4277.48 309.532 0.468616 9.1891 10.2855
571.635 4277.48 265.392 0.499719 9.46562 2.75048
572.715 4277.48 238.611 0.461732 11.2844 2.29871
573.795 4277.48 300.706 0.550373 8.83532 5.28829
574.875 4277.48 251.911 0.407039 13.0212 3.08757
575.955 4277.48 272.921 0.466883 11.2106 3.48548
577.035 4277.48 307.164 0.541323 9.73212 9.27995
578.115 4277.48 470.882 0.655687 7.42095 16.232
579.195 4277.48 348.766 0.542171 7.4561 17.4228
580.275 4277.48 152.452 0.51992 7.97211 14.6837
581.355 4277.48 79.4406 0.463348 10.4451 0.380066
582.435 4277.48 76.2941 0.342877 14.5227 0.247699
583.515 4277.48 74.9007 0.372158 13.4896 0.618542
584.595 4277.48 74.5667 0.411534 12.0546 0.386382
585.675 4277.48 74.0819 0.303278 15.7078 0.292642
586.755 4277.48 76.0676 0.405982 12.0546 0.251172
587.835 4277.48 74.9146 0.372712 13.1532 0.178666
588.915 4277.48 77.4731 0.44992 10.4451 0.465438
589.995 4277.48 74 0.275751 17.0665 0
591.075 4277.48 74 0.401245 12.0546 0
592.155 4277.48 83.7869 0.511761 9.35798 7.51331
593.235 4277.48 78.8682 0.409673 11.9076 1.23944
594.315 4277.48 93.1504 0.432053 11.4876 3.52699
595.395 4277.48 150.235 0.536071 8.57375 7.09885
596.475 4277.48 159.895 0.510296 9.56508 7.86861
597.555 4277.48 208.716 0.477162 9.56989 2.11583
598.635 4277.48 187.712 0.427133 11.1529 4.72831
599.715 4277.48 236.806 0.433208 11.1939 6.41642
600.795 4277.48 278.02 0.511235 8.53934 6.57075
601.875 4277.48 320.157 0.487159 9.97328 6.86178
602.955 4277.48 574.528 0.566573 7.50319 13.2684
604.035 4277.48 598.442 0.658063 7.18289 24.1827
605.115 4277.48 593.505 0.572821 9.0284 16.4925

456.075 4276.4 333.491 0.543414 7.6379 8.74145
457.155 4276.4 72.0816 0.477904 11.2108 7.26027
458.235 4276.4 24.4765 0.463978 9.2035 6.15029
459.315 4276.4 -120 -0.06 0 0
460.395 4276.4 -120 -0.06 0 0
461.475 4276.4 -120 -0.06 0 0
462.555 4276.4 -120 -0.06 0 0
463.635 4276.4 -120 -0.06 0 0
464.715 4276.4 -120 -0.06 0 0
465.795 4276.4 -120 -0.06 0 0
466.875 4276.4 -120 -0.06 0 0
467.955 4276.4 -120 -0.06 0 0
469.035 4276.4 -120 -0.06 0 0
470.115 4276.4 -120 -0.06 0 0
471.195 4276.4 -120 -0.06 0 0
472.275 4276.4 -120 -0.06 0 0
473.355 4276.4 -120 -0.06 0 0
474.435 4276.4 -120 -0.06 0 0
475.515 4276.4 -120 -0.06 0 0
476.595 4276.4 -120 -0.06 0 0
477.675 4276.4 2.28396 0.471175 10.4322 2.98594
478.755 4276.4 9.13683 0.378469 13.4834 0.463642
479.835 4276.4 1.2056 0.449766 11.0336 0.0453267
480.915 4276.4 227.668 0.604418 7.65285 20.598
481.995 4276.4 80.6273 0.524451 9.28604 10.0727
483.075 4276.4 26.2816 0.417194 12.9867 3.51915
484.155 4276.4 44.4732 0.530365 9.10472 3.46595
485.235 4276.4 2.01981 0.431587 12.0444 0.714022
486.315 4276.4 2.7795 0.474828 10.4451 0.257984
487.395 4276.4 2.44928 0.457738 11.1383 0.161855
488.475 4276.4 3.55801 0.47878 10.4451 0.0709068
489.555 4276.4 4.44717 0.480947 10.4451 0.167478
490.635 4276.4 3.5128 0.48439 10.4451 0.482174
491.715 4276.4 3.86163 0.443944 11.8314 0.293745
492.795 4276.4 4.22923 0.485577 10.4451 0.635542
493.875 4276.4 4.70395 0.488763 10.4451 0.290055
494.955 4276.4 3.89606 0.490152 10.4451 0.818212
496.035 4276.4 3.74303 0.422908 12.843 0.353207
497.115 4276.4 4.33808 0.492663 10.4451 0.21777
498.195 4276.4 4.79387 0.493997 10.4451 0.341733
499.275 4276.4 6.07988 0.492344 10.4451 0.512944
500.355 4276.4 7.20415 0.49593 10.4451 0.137928
501.435 4276.4 6.80289 0.497816 10.4451 0.02111
502.515 4276.4 6.73705 0.466583 11.5437 0.427985
503.595 4276.4 10.8953 0.503046 10.4451 0.469568
504.675 4276.4 7.3856 0.327723 21.1602 0.306345
505.755 4276.4 6.49529 0.330326 21.1554 0.263508
506.835 4276.4 8.09901 0.328593 21.155 0.361556
507.915 4276.4 10.5491 0.483553 11.1383 0.1589
508.995 4276.4 12.904 0.572864 8.88809 4.09468
510.075 4276.4 12.3253 0.460788 12.0546 0.378327
511.155 4276.4 11.0009 0.328743 21.1431 0.751219
512.235 4276.4 13.7038 0.410182 13.7032 0.267519
513.315 4276.4 12.8953 0.332463 21.138 0.667933
514.395 4276.4 16.589 0.514255 10.2673 0.615247
515.475 4276.4 26.2209 0.571838 8.81405 3.67327
516.555 4276.4 135.997 0.620866 8.13648 9.26833
517.635 4276.4 118.385 0.667986 8.19912 15.8915
518.715 4276.4 47.4277 0.469875 9.9254 12.8332
519.795 4276.4 98.4439 0.536472 8.12845 21.2717
520.875 4276.4 192.999 0.593099 8.59522 11.1239
521.955 4276.4 193.653 0.566771 8.67079 6.89472
523.035 4276.4 73.6369 0.548757 10.4186 5.98189
524.115 4276.4 67.9345 0.536331 8.39166 13.6002
525.195 4276.4 35.4577 0.54789 10.0757 0.8303
526.275 4276.4 39.2663 0.557769 9.87313 0.943204
527.355 4276.4 38.2483 0.439002 14.3964 0.235497
528.435 4276.4 47.0489 0.559078 10.4451 0.336883
529.515 4276.4 50.8495 0.531834 11.5953 0.32906
530.595 4276.4 59.3891 0.557011 10.7937 1.68533
531.675 4276.4 61.4127 0.566757 10.8182 1.3093
532.755 4276.4 56.8416 0.554824 11.2354 1.05637
533.835 4276.4 50.971 0.499355 13.2583 0.356512
534.915 4276.4 38.3332 0.557293 11.2231 0.923926
535.995 4276.4 31.8708 0.579144 10.4451 0.793687
537.075 4276.4 28.7382 0.407054 20.3764 0.365226
538.155 4276.4 26.5906 0.491503 13.4896 0.576675
539.235 4276.4 27.6457 0.498849 13.3355 0.150105
540.315 4276.4 28.744 0.503872 13.1532 0.104375
541.395 4276.4 28.6538 0.510132 12.93 0.200992
542.475 4276.4 27.8069 0.518672 12.6423 0.0365674
543.555 4276.4 30.7841 0.531127 12.2369 0.0974864
544.635 4276.4 32.3527 0.584955 10.4451 0.593043
545.715 4276.4 32.4702 0.581092 10.4451 0.565557
546.795 4276.4 31.3437 0.565849 10.4451 0.660847
547.875 4276.4 33.1257 0.562164 10.4451 0.194372
548.955 4276.4 33.5209 0.554764 10.4451 0.357459
550.035 4276.4 32.6226 0.46125 13.3896 0.211598
551.115 4276.4 35.8872 0.542349 10.4451 0.232071
552.195 4276.4 35.2237 0.535918 10.4451 0.0989528
553.275 4276.4 37.5121 0.508733 11.1383 0.958482
554.355 4276.4 54.3004 0.543311 9.90714 1.07457
555.435 4276.4 69.6748 0.474487 12.2137 1.6999
556.515 4276.4 108.803 0.574768 9.12167 3.73093
557.595 4276.4 160.54 0.592602 8.67059 4.70909
558.675 4276.4 198.645 0.58541 8.74868 7.32073
559.755 4276.4 274.815 0.583497 8.36992 7.59163
560.835 4276.4 358.501 0.600197 8.7717 12.3656
561.915 4276.4 453.748 0.587328 8.48545 11.8723
562.995 4276.4 502.061 0.684575 7.77162 22.0361
564.075 4276.4 609.129 0.620295 7.56861 16.8488
565.155 4276.4 729.95 0.545149 8.32737 16.5697
566.235 4276.4 904.899 0.623909 8.54629 18.7143
567.315 4276.4 888.758 0.563768 7.19317 10.3972
568.395 4276.4 677.698 0.475756 9.24653 8.98965
569.475 4276.4 758.065 0.512694 7.72978 15.6025
570.555 4276.4 568.004 0.523775 7.61719 20.5671
571.635 4276.4 372.118 0.533494 7.39174 15.1351
572.715 4276.4 236.498 0.483286 10.1044 2.57979
573.795 4276.4 230.346 0.56728 8.35354 8.06894
574.875 4276.4 210.667 0.37799 14.0355 2.86303
575.955 4276.4 222.242 0.511133 9.09268 4.66408
577.035 4276.4 205.352 0.465595 11.0824 2.80085
578.115 4276.4 221.594 0.529874 9.37841 5.69843
579.195 4276.4 212.466 0.557207 8.95814 12.9083
580.275 4276.4 152.281 0.511623 8.61304 8.29158
581.355 4276.4 76.6737 0.433041 11.3924 0.931857
582.435 4276.4 74 0.367661 13.6232 0
583.515 4276.4 74 0.362641 13.741 0
584.595 4276.4 74 0.35802 13.8463 0
585.675 4276.4 74 0.353726 13.9416 0
586.755 4276.4 74 0.349707 14.0286 0
587.835 4276.4 74 0.368341 13.3355 0
588.915 4276.4 75.6399 0.450483 10.4451 0.34043
589.995 4276.4 74 0.27578 17.0784 6.86887e-05
591.075 4276.4 74 0.387646 12.5246 0
592.155 4276.4 74 0.406398 11.8314 0
593.235 4276.4 74 0.368759 13.0842 0
594.315 4276.4 74 0.342536 13.9416 0.161698
595.395 4276.4 83.4508 0.42571 11.159 0.675728
596.475 4276.4 94.1276 0.480236 9.97661 5.69216
597.555 4276.4 146.966 0.521831 8.45827 4.64781
598.635 4276.4 157.865 0.506584 9.04232 6.66927
599.715 4276.4 185.988 0.382815 12.4174 12.73
600.795 4276.4 222.332 0.478812 9.41727 2.62887
601.875 4276.4 246.037 0.479704 9.37367 2.34664
602.955 4276.4 383.572 0.671579 7.25494 20.8151
604.035 4276.4 311.521 0.563362 9.13011 15.6444
605.115 4276.4 425.009 0.587723 7.44063 12.7826

456.075 4275.31 295.348 0.430232 9.23364 21.2781
457.155 4275.31 152.859 0.435505 10.1778 15.8896
458.235 4275.31 52.0182 0.447486 9.73906 6.38569
459.315 4275.31 4.47897 0.382396 13.0086 1.80034
460.395 4275.31 -120 -0.06 0 0
461.475 4275.31 -120 -0.06 0 0
462.555 4275.31 -120 -0.06 0 0
463.635 4275.31 -120 -0.06 0 0
464.715 4275.31 -120 -0.06 0 0
465.795 4275.31 -120 -0.06 0 0
466.875 4275.31 -120 -0.06 0 0
467.955 4275.31 -120 -0.06 0 0
469.035 4275.31 -120 -0.06 0 0
470.115 4275.31 -120 -0.06 0 0
471.195 4275.31 -120 -0.06 0 0
472.275 4275.31 -120 -0.06 0 0
473.355 4275.31 -120 -0.06 0 0
474.435 4275.31 -120 -0.06 0 0
475.515 4275.31 -120 -0.06 0 0
476.595 4275.31 -120 -0.06 0 0
477.675 4275.31 -120 -0.06 0 0
478.755 4275.31 6.14546 0.502724 9.22583 1.08314
479.835 4275.31 25.3953 0.456572 10.5961 3.18348
480.915 4275.31 156.139 0.585443 7.75283 8.32303
481.995 4275.31 90.6189 0.453055 10.8281 4.11552
483.075 4275.31 54.2812 0.440605 9.69558 13.0675
484.155 4275.31 7.3267 0.491447 10.3933 3.12666
485.235 4275.31 1.38991 0.47536 10.4451 0.230261
486.315 4275.31 2.70639 0.477132 10.4451 0.124869
487.395 4275.31 1.87349 0.458726 11.1383 0.0282408
488.475 4275.31 3.20102 0.481306 10.4451 0.129731
489.555 4275.31 1.3127 0.399512 13.1532 0.786268
490.635 4275.31 3.13906 0.462837 11.1383 0.236568
491.715 4275.31 4.66118 0.471344 10.8433 0.521186
492.795 4275.31 90.499 0.50903 9.01854 6.04392
493.875 4275.31 4.73103 0.502566 9.83012 3.98731
494.955 4275.31 5.31492 0.470857 11.1383 0.289238
496.035 4275.31 3.49753 0.492764 10.4451 0.333233
497.115 4275.31 3.85631 0.493214 10.4451 0.561393
498.195 4275.31 4.32601 0.496735 10.4451 0.164015
499.275 4275.31 3.03977 0.416849 13.2783 0.310899
500.355 4275.31 5.00044 0.448811 12.2369 0.375972
501.435 4275.31 7.39941 0.498471 10.4451 0.373324
502.515 4275.31 8.07043 0.502281 10.4451 0.1977
503.595 4275.31 10.1263 0.502394 10.4451 0.493689
504.675 4275.31 7.30824 0.329539 21.1608 0.309678
505.755 4275.31 10.009 0.50527 10.4451 0.110267
506.835 4275.31 8.70518 0.444196 12.5246 0.460192
507.915 4275.31 10.3214 0.50727 10.4451 0.0540007
508.995 4275.31 10.6068 0.505244 10.4451 0.551488
510.075 4275.31 9.33724 0.339021 21.1471 0.820964
511.155 4275.31 13.254 0.509959 10.4451 0.162015
512.235 4275.31 16.7044 0.484861 11.1383 0.829137
513.315 4275.31 19.645 0.430308 13.0673 0.580242
514.395 4275.31 21.241 0.540036 9.21021 0.971208
515.475 4275.31 17.7683 0.334262 19.6478 1.07343
516.555 4275.31 163.982 0.70184 7.65893 20.3522
517.635 4275.31 75.7183 0.508617 8.28567 19.5907
518.715 4275.31 201.213 0.505517 8.95905 12.8381
519.795 4275.31 219.806 0.560223 8.99707 3.35465
520.875 4275.31 225.636 0.52674 10.545 2.14054
521.955 4275.31 205.183 0.542983 8.63499 8.49718
523.035 4275.31 206.715 0.568727 8.19295 5.54771
524.115 4275.31 116.265 0.57794 8.55363 8.59281
525.195 4275.31 105.21 0.601792 8.18589 3.49833
526.275 4275.31 59.1156 0.580778 9.13359 1.41454
527.355 4275.31 43.434 0.436706 14.3265 0.581517
528.435 4275.31 52.5569 0.460781 13.7433 0.581443
529.515 4275.31 63.2305 0.549789 10.9526 0.462066
530.595 4275.31 77.0193 0.585329 10.0481 1.62057
531.675 4275.31 74.2471 0.56312 10.9421 0.971681
532.755 4275.31 73.109 0.592048 9.9527 1.24513
533.835 4275.31 66.1658 0.593704 9.75801 2.02559
534.915 4275.31 51.3818 0.531048 12.0576 1.1946
535.995 4275.31 42.7329 0.591366 10.0175 0.752191
537.075 4275.31 40.4162 0.537978 11.898 0.563992
538.155 4275.31 41.3033 0.596937 9.81213 0.753609
539.235 4275.31 28.3767 0.408668 20.2649 0.148719
540.315 4275.31 28.8291 0.507343 13.0101 0.201675
541.395 4275.31 28.7182 0.518252 12.7477 0.537604
542.475 4275.31 29.1155 0.52865 12.391 0.472567
543.555 4275.31 30.8788 0.543109 11.8314 0.434785
544.635 4275.31 31.2423 0.583603 10.4451 0.18964
545.715 4275.31 30.9419 0.406927 20.3492 0.472281
546.795 4275.31 32.5659 0.571288 10.4451 0.464316
547.875 4275.31 33.4772 0.561904 10.4451 0.2882
548.955 4275.31 32.6232 0.386643 16.0727 0.893738
550.035 4275.31 35.0349 0.549732 10.4451 0.40168
551.115 4275.31 35.0246 0.523956 11.1383 0.43356
552.195 4275.31 35.2033 0.495569 11.8314 0.148499
553.275 4275.31 36.8294 0.478978 12.2369 0.501319
554.355 4275.31 47.6064 0.536797 10.1448 0.544832
555.435 4275.31 62.7445 0.544895 9.79302 1.35403
556.515 4275.31 86.0822 0.554395 9.47011 1.41351
557.595 4275.31 134.205 0.593127 8.59091 4.42004
558.675 4275.31 180.168 0.567512 8.59851 5.53986
559.755 4275.31 206.768 0.502373 11.6481 6.84466
560.835 4275.31 273.346 0.604183 8.17091 6.80077
561.915 4275.31 333.724 0.632743 7.94136 10.3996
562.995 4275.31 373.388 0.612537 8.89884 11.5689
564.075 4275.31 466.489 0.551864 10.2205 9.80539
565.155 4275.31 647.127 0.599167 7.49642 12.8535
566.235 4275.31 745.025 0.651454 8.11225 14.9142
567.315 4275.31 893.186 0.576027 7.868 10.2585
568.395 4275.31 758.79 0.583177 8.70558 12.3379
569.475 4275.31 738.81 0.594406 8.16024 8.52702
570.555 4275.31 676.717 0.64089 8.0351 16.71
571.635 4275.31 425.314 0.543928 9.07814 12.1759
572.715 4275.31 275.546 0.413744 11.5722 5.75745
573.795 4275.31 228.048 0.506976 8.68135 3.87923
574.875 4275.31 165.757 0.356567 14.6554 1.32002
575.955 4275.31 179.305 0.509994 9.62567 5.14874
577.035 4275.31 163.052 0.385145 13.5164 1.86544
578.115 4275.31 151.834 0.516232 9.06089 2.04389
579.195 4275.31 123.958 0.431736 12.102 2.71493
580.275 4275.31 128.207 0.551513 8.82038 7.78072
581.355 4275.31 108.201 0.488759 8.572 15.5861
582.435 4275.31 74 0.392664 12.7477 0.0712534
583.515 4275.31 74 0.383832 13.0101 0
584.595 4275.31 74 0.376245 13.2177 0
585.675 4275.31 74 0.369732 13.3896 0
586.755 4275.31 74 0.363986 13.5362 0
587.835 4275.31 74 0.358816 13.664 0
588.915 4275.31 74 0.418857 11.5437 0
589.995 4275.31 74 0.27578 17.0824 0
591.075 4275.31 74 0.378414 12.843 0
592.155 4275.31 74 0.390173 12.391 0
593.235 4275.31 74 0.36313 13.2783 0
594.315 4275.31 74.0008 0.329946 14.3571 0.162501
595.395 4275.31 76.1284 0.409267 11.5437 0.315106
596.475 4275.31 75.984 0.285902 15.8158 0.0632639
597.555 4275.31 87.0366 0.308629 15.0629 0.965527
598.635 4275.31 118.378 0.490289 9.29624 3.2671
599.715 4275.31 160.94 0.471687 9.58407 2.50013
600.795 4275.31 170.909 0.391752 12.5996 4.4247
601.875 4275.31 200.201 0.409075 11.5461 1.3003
602.955 4275.31 229.355 0.473899 9.14388 3.06823
604.035 4275.31 240.298 0.48966 8.83691 2.61229
605.115 4275.31 245.291 0.492986 8.91313 2.90481

456.075 4274.23 503.361 0.488241 9.09979 3.61412
457.155 4274.23 504.221 0.491034 9.48257 6.52786
458.235 4274.23 172.464 0.446766 10.4675 8.89195
459.315 4274.23 194.989 0.508759 8.59553 4.81859
460.395 4274.23 3.90882 0.461496 10.1767 3.19401
461.475 4274.23 -120 -0.06 0 0
462.555 4274.23 -120 -0.06 0 0
463.635 4274.23 -120 -0.06 0 0
464.715 4274.23 -120 -0.06 0 0
465.795 4274.23 -120 -0.06 0 0
466.875 4274.23 -120 -0.06 0 0
467.955 4274.23 -120 -0.06 0 0
469.035 4274.23 -120 -0.06 0 0
470.115 4274.23 -120 -0.06 0 0
471.195 4274.23 -120 -0.06 0 0
472.275 4274.23 -120 -0.06 0 0
473.355 4274.23 -120 -0.06 0 0
474.435 4274.23 -120 -0.06 0 0
475.515 4274.23 -120 -0.06 0 0
476.595 4274.23 -120 -0.06 0 0
477.675 4274.23 -120 -0.06 0 0
478.755 4274.23 3.75205 0.502165 9.33744 2.36117
479.835 4274.23 18.4408 0.541574 9.28795 7.16575
480.915 4274.23 13.2207 0.549609 9.22591 8.77043
481.995 4274.23 115.414 0.588923 7.9599 8.16678
483.075 4274.23 49.3063 0.489656 9.45548 12.614
484.155 4274.23 2.06164 0.479678 10.4451 0.988863
485.235 4274.23 -120 -0.06 0 0
486.315 4274.23 2.64957 0.479108 10.4451 0.169529
487.395 4274.23 3.14485 0.479397 10.4451 0.18989
488.475 4274.23 1.95058 0.460814 11.1383 0.431351
489.555 4274.23 3.84391 0.483809 10.4451 0.16762
490.635 4274.23 2.8735 0.484662 10.4451 0.207121
491.715 4274.23 3.0508 0.439877 12.1191 0.39062
492.795 4274.23 26.6427 0.58595 8.99254 9.62077
493.875 4274.23 32.8984 0.534875 9.24903 2.3594
494.955 4274.23 3.11792 0.474772 11.0226 0.316386
496.035 4274.23 3.14039 0.433626 12.5246 0.229312
497.115 4274.23 2.99077 0.476168 11.1383 0.623731
498.195 4274.23 5.22893 0.499047 10.4451 0.244826
499.275 4274.23 5.77663 0.500725 10.4451 0.208578
500.355 4274.23 3.94443 0.448504 12.2369 0.626906
501.435 4274.23 6.05871 0.50613 10.4451 0.541079
502.515 4274.23 8.07543 0.503547 10.4451 0.252608
503.595 4274.23 7.9733 0.504331 10.4451 0.351155
504.675 4274.23 7.9855 0.506712 10.4451 0.148353
505.755 4274.23 10.1189 0.506983 10.4451 0.386434
506.835 4274.23 11.7365 0.512664 10.4451 0.51428
507.915 4274.23 11.2814 0.510522 10.4451 0.360511
508.995 4274.23 17.4469 0.524819 9.81657 1.63779
510.075 4274.23 12.2123 0.514385 10.1967 1.95994
511.155 4274.23 23.4916 0.519594 9.04914 8.06188
512.235 4274.23 58.2404 0.533219 8.35877 8.00533
513.315 4274.23 28.9022 0.478813 11.4925 0.780643
514.395 4274.23 36.9796 0.389903 14.2983 2.40384
515.475 4274.23 142.414 0.635237 8.65615 13.4202
516.555 4274.23 60.9836 0.521224 11.4759 9.07448
517.635 4274.23 161.819 0.52052 7.64626 20.8038
518.715 4274.23 209.754 0.577032 8.17213 20.2671
519.795 4274.23 256.086 0.57001 9.02607 3.03268
520.875 4274.23 315.507 0.559228 8.17067 5.35823
521.955 4274.23 250.025 0.627851 8.83962 15.2144
523.035 4274.23 309.94 0.618005 7.7373 10.1664
524.115 4274.23 234.512 0.672655 7.41681 16.8034
525.195 4274.23 213.722 0.578467 8.83493 2.28423
526.275 4274.23 108.737 0.440029 14.7152 3.26779
527.355 4274.23 83.7733 0.516556 10.9038 5.75403
528.435 4274.23 87.8846 0.613274 8.24222 9.16133
529.515 4274.23 77.947 0.543766 10.5611 3.78083
530.595 4274.23 90.6459 0.545446 11.2127 1.44175
531.675 4274.23 94.5256 0.420838 15.7195 2.08484
532.755 4274.23 93.841 0.561365 10.8793 1.627
533.835 4274.23 90.1425 0.562073 10.8539 1.68277
534.915 4274.23 73.7609 0.537385 11.7029 1.70455
535.995 4274.23 58.0089 0.509961 12.7507 1.11607
537.075 4274.23 66.3752 0.562782 11.006 0.66752
538.155 4274.23 77.912 0.611389 9.105 1.86249
539.235 4274.23 53.5706 0.560234 10.8668 1.88544
540.315 4274.23 51.1218 0.590937 9.82586 2.53413
541.395 4274.23 28.9699 0.417874 16.0691 0.645342
542.475 4274.23 29.2907 0.537954 12.0546 0.529114
543.555 4274.23 29.2099 0.563908 11.1383 0.322774
544.635 4274.23 29.6739 0.536194 12.0546 0.314559
545.715 4274.23 30.7156 0.554452 11.1383 0.403132
546.795 4274.23 32.1428 0.392794 20.3483 0.868081
547.875 4274.23 31.8089 0.469476 13.6232 0.505737
548.955 4274.23 34.582 0.555681 10.4451 0.462884
550.035 4274.23 33.4239 0.38356 16.0286 0.305047
551.115 4274.23 35.4292 0.541599 10.4451 0.465474
552.195 4274.23 35.6231 0.466423 12.7477 0.528544
553.275 4274.23 37.9333 0.530289 10.4451 0.224998
554.355 4274.23 38.2022 0.480357 12.0546 0.325429
555.435 4274.23 54.4096 0.525407 10.4468 0.640752
556.515 4274.23 71.5648 0.549713 9.57744 1.62744
557.595 4274.23 89.1901 0.519912 10.4496 2.15512
558.675 4274.23 127.842 0.464353 12.2392 1.71906
559.755 4274.23 168.691 0.54095 9.65966 4.9318
560.835 4274.23 234.616 0.59208 8.65296 6.45344
561.915 4274.23 299.69 0.541782 8.84935 8.72047
562.995 4274.23 291.476 0.58202 9.05971 9.02386
564.075 4274.23 361.616 0.605121 8.14609 8.27449
565.155 4274.23 448.961 0.572284 10.0108 11.2157
566.235 4274.23 627.674 0.660555 9.92015 21.6467
567.315 4274.23 791.188 0.627561 7.38947 12.9443
568.395 4274.23 632.919 0.690741 6.99777 17.7311
569.475 4274.23 584.703 0.677677 7.99076 21.1285
570.555 4274.23 603.045 0.662166 7.85486 19.7982
571.635 4274.23 458.639 0.519544 8.52651 17.7693
572.715 4274.23 371.902 0.459304 8.99864 12.476
573.795 4274.23 287.464 0.539529 8.01212 2.99853
574.875 4274.23 191.394 0.529375 8.58929 4.71209
575.955 4274.23 137.073 0.339751 15.3975 2.35966
577.035 4274.23 145.465 0.48618 9.81607 1.65956
578.115 4274.23 128.925 0.495488 9.67733 1.77338
579.195 4274.23 110.106 0.478424 10.0704 1.12298
580.275 4274.23 98.8608 0.464176 10.4451 0.212277
581.355 4274.23 94.2585 0.439028 11.3355 0.734246
582.435 4274.23 94.2757 0.428142 11.107 2.36646
583.515 4274.23 74 0.439683 11.0793 0.0221579
584.595 4274.23 74 0.400177 12.391 0
585.675 4274.23 74 0.388307 12.7477 0
586.755 4274.23 74 0.379206 13.0101 0
587.835 4274.23 74 0.371724 13.2177 0
588.915 4274.23 74 0.365311 13.3896 0
589.995 4274.23 74 0.275751 17.0863 0
591.075 4274.23 74 0.371394 13.0842 0
592.155 4274.23 74 0.379806 12.7477 0
593.235 4274.23 74 0.314148 14.9669 0
594.315 4274.23 75.5202 0.443339 10.4451 0.143025
595.395 4274.23 75.7416 0.383952 12.5246 0.354672
596.475 4274.23 77.1432 0.440522 10.4451 0.340049
597.555 4274.23 84.1503 0.441547 10.4451 0.264519
598.635 4274.23 92.1217 0.470989 9.7927 3.15655
599.715 4274.23 130.775 0.469645 9.6501 2.74284
600.795 4274.23 138.877 0.351861 13.4628 4.23441
601.875 4274.23 179.259 0.46373 9.47992 2.31243
602.955 4274.23 200.273 0.445332 9.66428 3.68968
604.035 4274.23 207.119 0.470841 9.63367 2.52637
605.115 4274.23 210.811 0.439719 10.5327 1.866

456.075 4273.15 712.267 0.496569 8.35237 11.398
457.155 4273.15 551.528 0.441271 10.8785 2.3015
458.235 4273.15 547.764 0.537021 6.99903 9.55846
459.315 4273.15 167.559 0.460757 9.05467 16.2741
460.395 4273.15 34.5128 0.483794 8.0601 10.0093
461.475 4273.15 1 0.465559 9.9187 1.48824
462.555 4273.15 -120 -0.06 0 0
463.635 4273.15 -120 -0.06 0 0
464.715 4273.15 -120 -0.06 0 0
465.795 4273.15 -120 -0.06 0 0
466.875 4273.15 -120 -0.06 0 0
467.955 4273.15 -120 -0.06 0 0
469.035 4273.15 -120 -0.06 0 0
470.115 4273.15 -120 -0.06 0 0
471.195 4273.15 -120 -0.06 0 0
472.275 4273.15 -120 -0.06 0 0
473.355 4273.15 -120 -0.06 0 0
474.435 4273.15 -120 -0.06 0 0
475.515 4273.15 -120 -0.06 0 0
476.595 4273.15 -120 -0.06 0 0
477.675 4273.15 -120 -0.06 0 0
478.755 4273.15 -120 -0.06 0 0
479.835 4273.15 2.97345 0.484426 10.2343 1.59654
480.915 4273.15 1.41602 0.468262 10.7616 1.22617
481.995 4273.15 28.1779 0.50454 9.69149 2.39247
483.075 4273.15 -120 -0.06 0 0
484.155 4273.15 -120 -0.06 0 0
485.235 4273.15 -120 -0.06 0 0
486.315 4273.15 0.647677 0.459514 11.1383 0.623571
487.395 4273.15 -120 -0.06 0 0
488.475 4273.15 1.35638 0.40324 13.1532 0.309304
489.555 4273.15 3.21507 0.484213 10.4451 0.250248
490.635 4273.15 2.26656 0.487015 10.4451 0.24479
491.715 4273.15 3.10842 0.437445 12.2893 0.367512
492.795 4273.15 72.2991 0.496913 9.08592 6.49419
493.875 4273.15 43.3918 0.548853 9.04201 2.73964
494.955 4273.15 4.38439 0.494718 10.4451 0.130891
496.035 4273.15 2.92117 0.477064 11.1383 0.452122
497.115 4273.15 3.92915 0.500527 10.4451 0.65122
498.195 4273.15 4.88681 0.49991 10.4451 0.252171
499.275 4273.15 3.63333 0.470641 11.5437 0.191344
500.355 4273.15 3.31007 0.434139 12.93 0.514882
501.435 4273.15 6.28784 0.505134 10.4451 0.207412
502.515 4273.15 5.14887 0.451833 12.391 0.133978
503.595 4273.15 7.02862 0.509729 10.4451 0.347697
504.675 4273.15 8.36917 0.512518 10.4451 0.35062
505.755 4273.15 11.5194 0.516715 10.4081 0.719786
506.835 4273.15 17.7872 0.372958 15.0886 1.05278
507.915 4273.15 20.3465 0.513841 10.2142 2.65166
508.995 4273.15 34.3434 0.505084 10.4282 1.99328
510.075 4273.15 57.9824 0.533219 9.51216 10.4886
511.155 4273.15 125.407 0.55449 8.5203 10.4098
512.235 4273.15 74.0523 0.537812 9.0399 9.19613
513.315 4273.15 146.907 0.496692 9.71128 8.34567
514.395 4273.15 206.17 0.551568 7.76566 14.8062
515.475 4273.15 118.641 0.504502 8.42753 17.7091
516.555 4273.15 264.655 0.529952 9.10663 13.8563
517.635 4273.15 339.308 0.623424 7.74945 13.6671
518.715 4273.15 323.279 0.471462 11.909 0.248836
519.795 4273.15 402.722 0.540551 7.84195 11.9667
520.875 4273.15 419.878 0.538842 8.06139 11.1717
521.955 4273.15 374.864 0.535366 7.77197 19.996
523.035 4273.15 433.459 0.562575 7.70925 10.6728
524.115 4273.15 345.432 0.574137 7.61409 13.4411
525.195 4273.15 194.913 0.483076 12.4587 25.2809
526.275 4273.15 367.327 0.609431 6.98186 19.9215
527.355 4273.15 276.73 0.587789 6.86838 22.4408
528.435 4273.15 147.48 0.486349 11.4591 9.58351
529.515 4273.15 222.812 0.603947 8.08453 21.4511
530.595 4273.15 218.248 0.613608 8.57722 8.26843
531.675 4273.15 132.927 0.503781 12.2863 5.80925
532.755 4273.15 167.173 0.620571 7.89925 7.7029
533.835 4273.15 177.629 0.590338 8.35581 14.9457
534.915 4273.15 160 0.545401 9.93382 10.865
535.995 4273.15 131.519 0.595613 7.93559 22.4111
537.075 4273.15 152.069 0.624402 7.31263 22.5852
538.155 4273.15 160.022 0.543883 10.7299 7.45617
539.235 4273.15 231.319 0.609408 7.35383 15.4741
540.315 4273.15 113.555 0.521438 11.195 19.1734
541.395 4273.15 70.63 0.587256 8.95533 7.60469
542.475 4273.15 32.2171 0.542688 11.2578 5.17748
543.555 4273.15 30.5335 0.550481 11.5437 0.285576
544.635 4273.15 29.613 0.563542 11.1383 0.204416
545.715 4273.15 31.326 0.433324 15.2573 0.229718
546.795 4273.15 33.4721 0.564787 10.4451 0.243534
547.875 4273.15 34.1861 0.556263 10.4451 0.526295
548.955 4273.15 33.0059 0.505933 12.0546 0.140355
550.035 4273.15 34.5548 0.523068 11.1383 0.584921
551.115 4273.15 36.4738 0.54084 10.4451 0.223885
552.195 4273.15 38.9212 0.534627 10.4451 0.209724
553.275 4273.15 35.3918 0.37704 15.773 0.393674
554.355 4273.15 38.7693 0.526096 10.4451 1.06148
555.435 4273.15 44.6903 0.527305 10.3322 0.945969
556.515 4273.15 55.0839 0.42742 13.5395 0.517994
557.595 4273.15 80.8368 0.546907 9.56544 1.33668
558.675 4273.15 105.59 0.410625 13.5926 2.87038
559.755 4273.15 143.513 0.503163 10.9785 6.06898
560.835 4273.15 201.975 0.60757 8.55326 8.75868
561.915 4273.15 236.073 0.566413 9.07203 5.67791
562.995 4273.15 231.405 0.410378 13.6035 6.16254
564.075 4273.15 332.033 0.589474 8.08253 5.40755
565.155 4273.15 350.554 0.570406 8.29686 12.4339
566.235 4273.15 590.493 0.609437 7.5987 6.68631
567.315 4273.15 583.737 0.59295 7.9732 13.9424
568.395 4273.15 607.346 0.548701 8.22168 8.9522
569.475 4273.15 514.398 0.629683 7.6179 15.2685
570.555 4273.15 489.26 0.563225 8.14559 9.69321
571.635 4273.15 485.348 0.542143 9.22431 8.57909
572.715 4273.15 550.035 0.610948 7.98745 13.8444
573.795 4273.15 441.925 0.511503 7.7123 14.4308
574.875 4273.15 291.058 0.535528 7.96515 3.54251
575.955 4273.15 143.482 0.478697 9.6818 3.94279
577.035 4273.15 118.731 0.498045 9.97082 3.21179
578.115 4273.15 107.24 0.466159 10.578 0.649436
579.195 4273.15 100.747 0.443662 11.2555 1.27527
580.275 4273.15 94.6245 0.462567 10.4451 0.0841915
581.355 4273.15 94.1418 0.380679 13.2177 0.677576
582.435 4273.15 100.206 0.386399 13.0101 0.803884
583.515 4273.15 115.188 0.493669 8.72256 5.01471
584.595 4273.15 74.17 0.405125 12.1629 0.303529
585.675 4273.15 74 0.382952 12.93 0
586.755 4273.15 74 0.374991 13.1532 0
587.835 4273.15 77.8344 0.466191 9.54364 2.24757
588.915 4273.15 80.0024 0.435824 10.6133 2.12398
589.995 4273.15 74 0.385515 12.6423 0.000329706
591.075 4273.15 74 0.365709 13.2783 0
592.155 4273.15 74 0.372146 13.0101 0
593.235 4273.15 74.5369 0.271055 16.8748 0.161661
594.315 4273.15 75.5605 0.44394 10.4451 0.0969828
595.395 4273.15 77.4419 0.443877 10.4451 0.285868
596.475 4273.15 76.996 0.420844 11.1383 0.179696
597.555 4273.15 80.5186 0.440565 10.4451 0.486759
598.635 4273.15 90.767 0.450662 10.0003 0.485524
599.715 4273.15 102.711 0.308982 14.996 0.880472
600.795 4273.15 133.96 0.437173 9.83375 3.73192
601.875 4273.15 155.755 0.440314 9.77775 3.01271
602.955 4273.15 173.655 0.476455 9.47212 3.17687
604.035 4273.15 172.287 0.443809 10.0164 4.65281
605.115 4273.15 186.484 0.468168 9.84967 4.40883

456.075 4272.07 649.312 0.379225 12.9322 4.52533
457.155 4272.07 739.06 0.495209 7.30858 13.0351
458.235 4272.07 688.038 0.516847 7.81789 24.029
459.315 4272.07 405.896 0.490553 8.76409 21.5335
460.395 4272.07 168.904 0.521748 7.15806 23.6668
461.475 4272.07 73.5629 0.520487 7.80296 11.0598
462.555 4272.07 -120 -0.06 0 0
463.635 4272.07 -120 -0.06 0 0
464.715 4272.07 -120 -0.06 0 0
465.795 4272.07 -120 -0.06 0 0
466.875 4272.07 -120 -0.06 0 0
467.955 4272.07 -120 -0.06 0 0
469.035 4272.07 -120 -0.06 0 0
470.115 4272.07 -120 -0.06 0 0
471.195 4272.07 -120 -0.06 0 0
472.275 4272.07 -120 -0.06 0 0
473.355 4272.07 -120 -0.06 0 0
474.435 4272.07 -120 -0.06 0 0
475.515 4272.07 -120 -0.06 0 0
476.595 4272.07 -120 -0.06 0 0
477.675 4272.07 -120 -0.06 0 0
478.755 4272.07 -120 -0.06 0 0
479.835 4272.07 -120 -0.06 0 0
480.915 4272.07 -120 -0.06 0 0
481.995 4272.07 3.18943 0.498927 9.75914 1.21251
483.075 4272.07 6.56487 0.480285 10.4451 0.937049
484.155 4272.07 -120 -0.06 0 0
485.235 4272.07 1.52068 0.480026 10.4451 0.233054
486.315 4272.07 -120 -0.06 0 0
487.395 4272.07 1.23042 0.485657 10.4451 0.515048
488.475 4272.07 0.763494 0.445118 11.8314 0.23256
489.555 4272.07 1.80765 0.488245 10.4451 1.90258
490.635 4272.07 1.76089 0.468559 11.1383 0.235504
491.715 4272.07 6.30075 0.457512 11.3426 3.92527
492.795 4272.07 79.1657 0.51637 8.26197 8.7439
493.875 4272.07 53.3346 0.565138 8.38453 3.75745
494.955 4272.07 4.12184 0.451844 12.0546 0.441455
496.035 4272.07 4.56001 0.497235 10.4451 0.28738
497.115 4272.07 4.94624 0.499607 10.4451 0.397734
498.195 4272.07 3.35106 0.327809 17.6214 0.507845
499.275 4272.07 4.07241 0.502789 10.4451 0.400341
500.355 4272.07 1.95007 0.48803 11.1383 0.284106
501.435 4272.07 4.62401 0.333911 21.1632 0.26346
502.515 4272.07 5.44792 0.509886 10.4451 0.580007
503.595 4272.07 6.12632 0.338326 21.1624 0.0768731
504.675 4272.07 41.4849 0.535809 8.70969 9.00937
505.755 4272.07 63.0284 0.512553 10.0957 2.60878
506.835 4272.07 29.4941 0.37332 15.1813 1.13407
507.915 4272.07 46.5227 0.565066 9.4389 3.46786
508.995 4272.07 148.846 0.534309 8.51883 8.01249
510.075 4272.07 158.857 0.558027 7.882 11.9057
511.155 4272.07 226.113 0.550712 7.89154 10.9486
512.235 4272.07 132.642 0.619841 9.19263 15.1973
513.315 4272.07 272.308 0.575249 7.52911 7.22627
514.395 4272.07 375.16 0.529771 8.24197 12.7824
515.475 4272.07 357.617 0.62255 7.34012 24.084
516.555 4272.07 143.057 0.471861 13.1392 15.4319
517.635 4272.07 385.015 0.567722 8.59252 16.7406
518.715 4272.07 525.254 0.518545 8.8242 11.4993
519.795 4272.07 520.663 0.513158 7.9607 19.0158
520.875 4272.07 522.562 0.584752 8.34553 13.9375
521.955 4272.07 393.617 0.458169 11.3213 9.43702
523.035 4272.07 572.217 0.535349 7.65233 18.0634
524.115 4272.07 425.968 0.566788 7.86777 23.339
525.195 4272.07 521.529 0.675221 6.50778 35.3214
526.275 4272.07 724.281 0.574148 8.0562 8.95622
527.355 4272.07 646.438 0.620346 7.24293 23.7132
528.435 4272.07 401.662 0.540693 8.94225 21.0238
529.515 4272.07 402.341 0.616789 7.86907 15.3459
530.595 4272.07 229.763 0.620276 9.16703 8.5595
531.675 4272.07 279.028 0.608846 7.6354 11.9096
532.755 4272.07 332.824 0.718706 7.32359 20.7561
533.835 4272.07 307.555 0.535881 11.2695 10.601
534.915 4272.07 435.998 0.603376 7.7261 22.4941
535.995 4272.07 523.895 0.72 6.75619 27.5367
537.075 4272.07 425.026 0.599377 11.2781 29.5344
538.155 4272.07 399.196 0.536002 10.0355 12.3445
539.235 4272.07 306.987 0.527798 10.9459 11.604
540.315 4272.07 462.829 0.708227 7.52372 28.7009
541.395 4272.07 457.14 0.556284 8.81192 19.5594
542.475 4272.07 487.756 0.713003 7.35899 39.0726
543.555 4272.07 224.95 0.72 7.08652 33.5278
544.635 4272.07 35.4256 0.578512 10.1897 1.38856
545.715 4272.07 31.8709 0.539649 11.4452 0.345084
546.795 4272.07 32.344 0.522783 11.8314 0.13165
547.875 4272.07 33.4269 0.384807 20.346 0.544538
548.955 4272.07 34.0282 0.474334 13.0842 0.125173
550.035 4272.07 36.3903 0.543861 10.4451 0.112751
551.115 4272.07 35.0618 0.428878 14.2518 0.177594
552.195 4272.07 36.1212 0.467579 12.7477 0.356232
553.275 4272.07 40.0282 0.52837 10.4451 0.372413
554.355 4272.07 39.9494 0.523957 10.4451 0.37223
555.435 4272.07 38.3461 0.403205 14.604 0.665977
556.515 4272.07 48.3307 0.529464 10.0894 0.861079
557.595 4272.07 66.8267 0.570074 9.14755 3.38311
558.675 4272.07 70.3626 0.47433 11.8838 3.15618
559.755 4272.07 109.855 0.557341 9.73719 5.33184
560.835 4272.07 138.156 0.556173 8.89878 6.47554
561.915 4272.07 181.472 0.558145 9.00337 5.40666
562.995 4272.07 174.419 0.439268 12.8006 3.72067
564.075 4272.07 244.302 0.564977 8.60671 4.58094
565.155 4272.07 281.546 0.570399 8.45506 4.35673
566.235 4272.07 369.63 0.727236 7.91189 26.4837
567.315 4272.07 473.813 0.606756 7.59732 6.69568
568.395 4272.07 425.177 0.533307 9.93564 7.06016
569.475 4272.07 372.166 0.607924 7.93762 9.69803
570.555 4272.07 297.162 0.483986 11.3856 9.27318
571.635 4272.07 401.119 0.582016 7.64347 15.909
572.715 4272.07 397.05 0.552665 8.12104 2.13439
573.795 4272.07 290.751 0.493201 10.5243 5.59034
574.875 4272.07 242.573 0.549583 8.81692 8.53753
575.955 4272.07 201.936 0.511452 8.28991 10.337
577.035 4272.07 114.829 0.448175 10.3272 4.98897
578.115 4272.07 94.8484 0.305916 16.0316 0.639715
579.195 4272.07 94.3513 0.47903 9.53236 2.2372
580.275 4272.07 102.702 0.408156 12.3148 0.896307
581.355 4272.07 139.518 0.514379 9.08007 4.7098
582.435 4272.07 126.308 0.471908 9.97318 2.39207
583.515 4272.07 150.146 0.493603 8.95807 2.66619
584.595 4272.07 115.977 0.473513 9.44341 5.3189
585.675 4272.07 100.565 0.448642 9.82346 4.73871
586.755 4272.07 98.6101 0.466978 9.08265 6.11871
587.835 4272.07 128.979 0.480316 8.79513 3.88676
588.915 4272.07 147.553 0.476424 9.44822 0.933309
589.995 4272.07 122.034 0.483405 9.16821 2.6632
591.075 4272.07 103.334 0.494398 9.15203 5.28838
592.155 4272.07 73.1625 0.273625 17.483 0.143199
593.235 4272.07 75.4244 0.445055 10.4451 0.0972866
594.315 4272.07 75.8929 0.442697 10.4451 0.473374
595.395 4272.07 77.1488 0.441069 10.4451 0.332152
596.475 4272.07 78.4753 0.441686 10.4451 0.0679136
597.555 4272.07 79.4251 0.273982 16.204 0.161352
598.635 4272.07 82.2273 0.298014 15.3651 0.339172
599.715 4272.07 106.805 0.47238 9.61741 1.97148
600.795 4272.07 117.808 0.458408 10.0923 2.64746
601.875 4272.07 120.274 0.366252 12.9178 0.51697
602.955 4272.07 135.554 0.33443 14.0205 0.694421
604.035 4272.07 146.462 0.411008 11.2672 0.838901
605.115 4272.07 160.443 0.425102 10.5029 1.31928

456.075 4270.99 699.57 0.419485 11.1318 9.55686
457.155 4270.99 986.11 0.530261 7.71778 7.299
458.235 4270.99 891.25 0.506138 7.85727 15.4291
459.315 4270.99 625.298 0.559002 7.00366 14.5617
460.395 4270.99 277.516 0.598717 6.86325 27.4779
461.475 4270.99 41.5091 0.432002 12.0222 4.54745
462.555 4270.99 21.3599 0.463508 10.1696 2.55601
463.635 4270.99 -120 -0.06 0 0
464.715 4270.99 -120 -0.06 0 0
465.795 4270.99 -120 -0.06 0 0
466.875 4270.99 -120 -0.06 0 0
467.955 4270.99 -120 -0.06 0 0
469.035 4270.99 -120 -0.06 0 0
470.115 4270.99 -120 -0.06 0 0
471.195 4270.99 -120 -0.06 0 0
472.275 4270.99 -120 -0.06 0 0
473.355 4270.99 -120 -0.06 0 0
474.435 4270.99 -120 -0.06 0 0
475.515 4270.99 -120 -0.06 0 0
476.595 4270.99 -120 -0.06 0 0
477.675 4270.99 -120 -0.06 0 0
478.755 4270.99 -120 -0.06 0 0
479.835 4270.99 -120 -0.06 0 0
480.915 4270.99 -120 -0.06 0 0
481.995 4270.99 -120 -0.06 0 0
483.075 4270.99 -120 -0.06 0 0
484.155 4270.99 1.40484 0.480471 10.4451 0.49823
485.235 4270.99 -120 -0.06 0 0
486.315 4270.99 1.78372 0.487285 10.4451 0.952385
487.395 4270.99 -120 -0.06 0 0
488.475 4270.99 -120 -0.06 0 0
489.555 4270.99 1.45656 0.488686 10.4451 0.20165
490.635 4270.99 0.707051 0.420623 12.93 0.620543
491.715 4270.99 41.8939 0.555401 8.60124 2.83456
492.795 4270.99 31.0839 0.566308 9.65758 8.79464
493.875 4270.99 3.84976 0.515171 10.005 1.06094
494.955 4270.99 3.38135 0.40073 13.8463 0.414584
496.035 4270.99 4.85533 0.499512 10.4451 0.260092
497.115 4270.99 4.04315 0.503218 10.4451 0.314024
498.195 4270.99 3.84192 0.505947 10.4451 0.191243
499.275 4270.99 2.24316 0.334026 17.6589 0.106807
500.355 4270.99 2.68097 0.449501 12.5246 0.160731
501.435 4270.99 3.97612 0.468722 11.8314 0.548428
502.515 4270.99 3.07141 0.492361 11.1383 0.273309
503.595 4270.99 3.10765 0.441798 13.0101 0.201177
504.675 4270.99 4.50891 0.469643 12.2354 1.06127
505.755 4270.99 17.969 0.520931 10.4294 0.759883
506.835 4270.99 42.9998 0.561536 9.30526 4.10932
507.915 4270.99 58.9769 0.475389 12.754 9.96353
508.995 4270.99 119.604 0.574225 8.60094 6.44207
510.075 4270.99 163.469 0.529986 8.75914 10.2846
511.155 4270.99 383.863 0.548725 7.84791 10.4728
512.235 4270.99 184.753 0.569044 7.6628 16.3901
513.315 4270.99 346.419 0.60602 7.68059 17.1732
514.395 4270.99 539.417 0.565823 8.64346 10.841
515.475 4270.99 359.853 0.73073 8.04322 20.1007
516.555 4270.99 248.553 0.582484 7.32614 12.705
517.635 4270.99 410.998 0.531303 9.6067 16.0015
518.715 4270.99 688.438 0.57374 8.89088 1.54516
519.795 4270.99 644.769 0.44481 10.6598 15.8201
520.875 4270.99 652.673 0.571958 7.59986 6.0273
521.955 4270.99 632.399 0.501618 9.59187 11.645
523.035 4270.99 819.46 0.681367 8.67343 16.022
524.115 4270.99 522.526 0.66893 7.051 35.9779
525.195 4270.99 517.128 0.565792 7.74155 10.5902
526.275 4270.99 559.099 0.679453 10.4553 20.1876
527.355 4270.99 578.003 0.487319 12.0438 3.53412
528.435 4270.99 622.136 0.593839 8.64189 3.11035
529.515 4270.99 447.517 0.726052 7.88239 17.4098
530.595 4270.99 221.11 0.515981 13.974 18.1301
531.675 4270.99 465.836 0.632582 7.2862 19.3406
532.755 4270.99 349.426 0.510593 11.0445 10.8056
533.835 4270.99 499.418 0.543042 10.317 12.5636
534.915 4270.99 704.41 0.650443 7.70044 2.24512
535.995 4270.99 827.937 0.682312 7.50332 18.4238
537.075 4270.99 639.089 0.485004 12.1999 12.1942
538.155 4270.99 654.06 0.542192 9.42928 21.7854
539.235 4270.99 736.983 0.713325 7.34787 43.2628
540.315 4270.99 1128.08 0.580068 8.15156 16.3212
541.395 4270.99 1213 0.60943 6.74882 16.9223
542.475 4270.99 941.835 0.731535 7.66411 25.4723
543.555 4270.99 440.198 0.584454 10.9053 12.2387
544.635 4270.99 379.14 0.710716 6.8831 29.0546
545.715 4270.99 58.4443 0.58396 9.12605 8.76634
546.795 4270.99 33.7015 0.443666 14.4525 0.0588
547.875 4270.99 34.4748 0.553051 10.4451 0.592794
548.955 4270.99 35.4214 0.545851 10.4451 0.428492
550.035 4270.99 34.4342 0.368594 20.3429 0.408866
551.115 4270.99 36.0104 0.536987 10.4451 0.587804
552.195 4270.99 37.2922 0.513247 11.1383 0.346295
553.275 4270.99 37.7864 0.471121 12.391 0.149228
554.355 4270.99 40.5563 0.525039 10.4451 0.633757
555.435 4270.99 39.0583 0.370534 15.5631 0.21626
556.515 4270.99 39.22 0.406332 14.3369 0.543675
557.595 4270.99 41.4314 0.415584 13.8124 0.132268
558.675 4270.99 48.3206 0.475964 11.763 1.28217
559.755 4270.99 87.644 0.544722 9.1379 6.34625
560.835 4270.99 93.221 0.463505 11.957 3.7646
561.915 4270.99 100.23 0.496291 11.0659 2.57585
562.995 4270.99 133.534 0.541431 9.11589 2.36425
564.075 4270.99 156.637 0.562947 8.75329 3.83107
565.155 4270.99 192.517 0.559825 8.51484 3.52824
566.235 4270.99 218.785 0.491667 11.1377 4.31568
567.315 4270.99 317.282 0.599347 7.89971 10.8212
568.395 4270.99 305.929 0.53877 10.5144 10.5574
569.475 4270.99 250.727 0.591341 8.19055 7.96442
570.555 4270.99 208.147 0.480804 11.1706 4.89212
571.635 4270.99 227.182 0.569859 9.14433 9.88791
572.715 4270.99 241.659 0.615185 7.78627 10.655
573.795 4270.99 244.767 0.560798 7.96934 2.82141
574.875 4270.99 167.427 0.47775 11.3664 5.80192
575.955 4270.99 143.166 0.491875 10.4345 3.89294
577.035 4270.99 129.12 0.493016 10.0146 2.264
578.115 4270.99 87.3381 0.47566 10.2178 0.779108
579.195 4270.99 105.332 0.51303 8.76541 1.49113
580.275 4270.99 135.341 0.484889 9.86772 1.19765
581.355 4270.99 130.653 0.487068 10.024 2.98175
582.435 4270.99 131.385 0.466349 10.9722 3.96985
583.515 4270.99 139.294 0.481209 9.86308 1.19654
584.595 4270.99 150.823 0.478688 9.33195 3.85287
585.675 4270.99 164.277 0.517947 9.92262 8.7245
586.755 4270.99 148.381 0.45345 10.2515 3.55336
587.835 4270.99 161.331 0.492818 8.55681 2.56899
588.915 4270.99 179.526 0.468567 9.63423 1.99244
589.995 4270.99 123.775 0.452935 10.6018 1.97928
591.075 4270.99 99.1297 0.466688 10.0792 2.40886
592.155 4270.99 74.2151 0.266557 17.8745 1.80657
593.235 4270.99 76.3318 0.446217 10.4451 0.225721
594.315 4270.99 75.8698 0.442139 10.4451 0.292023
595.395 4270.99 75.8099 0.367163 13.0101 0.245031
596.475 4270.99 77.1246 0.33653 14.0827 0.351529
597.555 4270.99 80.7568 0.441492 10.4451 0.366876
598.635 4270.99 82.1875 0.290224 15.5984 0.179781
599.715 4270.99 96.4879 0.455989 9.62919 3.00178
600.795 4270.99 102.912 0.320348 14.5801 0.678013
601.875 4270.99 117.348 0.483836 9.20454 2.44862
602.955 4270.99 116.667 0.427862 10.9516 2.81237
604.035 4270.99 144.734 0.486055 9.19405 3.2959
605.115 4270.99 161.145 0.486953 9.14687 3.92421

456.075 4269.91 782.157 0.45273 10.5385 9.82419
457.155 4269.91 1011.49 0.466836 9.33907 6.20431
458.235 4269.91 899.613 0.591432 8.26594 10.7471
459.315 4269.91 633.419 0.539952 8.26142 16.032
460.395 4269.91 362.38 0.686778 6.69215 29.575
461.475 4269.91 40.4364 0.409087 11.7489 2.88453
462.555 4269.91 16.4263 0.463966 10.3503 3.63943
463.635 4269.91 -120 -0.06 0 0
464.715 4269.91 -120 -0.06 0 0
465.795 4269.91 -120 -0.06 0 0
466.875 4269.91 -120 -0.06 0 0
467.955 4269.91 -120 -0.06 0 0
469.035 4269.91 -120 -0.06 0 0
470.115 4269.91 -120 -0.06 0 0
471.195 4269.91 -120 -0.06 0 0
472.275 4269.91 -120 -0.06 0 0
473.355 4269.91 -120 -0.06 0 0
474.435 4269.91 -120 -0.06 0 0
475.515 4269.91 -120 -0.06 0 0
476.595 4269.91 -120 -0.06 0 0
477.675 4269.91 -120 -0.06 0 0
478.755 4269.91 -120 -0.06 0 0
479.835 4269.91 -120 -0.06 0 0
480.915 4269.91 -120 -0.06 0 0
481.995 4269.91 -120 -0.06 0 0
483.075 4269.91 -120 -0.06 0 0
484.155 4269.91 -120 -0.06 0 0
485.235 4269.91 -120 -0.06 0 0
486.315 4269.91 -120 -0.06 0 0
487.395 4269.91 -120 -0.06 0 0
488.475 4269.91 0.553576 0.486104 10.4451 0.627248
489.555 4269.91 1.80605 0.488948 10.4451 0.142409
490.635 4269.91 1.3611 0.529241 9.20946 1.41257
491.715 4269.91 100.738 0.62381 7.91989 10.2564
492.795 4269.91 13.5098 0.540346 9.13272 4.68024
493.875 4269.91 3.96556 0.499472 10.4451 0.225116
494.955 4269.91 4.16339 0.502039 10.4451 0.454268
496.035 4269.91 4.08973 0.505135 10.4451 0.602853
497.115 4269.91 3.42814 0.485359 11.1383 0.0991105
498.195 4269.91 4.01728 0.506848 10.4451 0.305232
499.275 4269.91 2.74491 0.490075 11.1383 0.0885784
500.355 4269.91 3.70194 0.479356 11.5437 0.61541
501.435 4269.91 3.88548 0.462288 12.2369 0.0834191
502.515 4269.91 3.96876 0.377896 15.343 0.901349
503.595 4269.91 4.69208 0.378879 15.2814 0.579237
504.675 4269.91 7.21583 0.519909 10.4451 0.37639
505.755 4269.91 21.5591 0.523588 10.1529 1.42643
506.835 4269.91 55.6681 0.525468 8.83581 9.14409
507.915 4269.91 128.856 0.609577 7.88449 13.937
508.995 4269.91 107.94 0.451543 12.6503 7.0028
510.075 4269.91 160.58 0.495673 10.5891 7.06239
511.155 4269.91 380.186 0.677326 7.56507 17.2761
512.235 4269.91 328.327 0.519359 8.92352 16.7607
513.315 4269.91 296.527 0.458762 11.6968 17.378
514.395 4269.91 572.848 0.605676 8.22877 10.6065
515.475 4269.91 444.092 0.685439 7.34967 15.9579
516.555 4269.91 275.172 0.550001 7.66291 12.3563
517.635 4269.91 492.73 0.661878 8.58404 18.5623
518.715 4269.91 794.35 0.591935 7.83233 5.06261
519.795 4269.91 870.227 0.539734 7.76711 13.2772
520.875 4269.91 821.414 0.463413 9.97762 18.002
521.955 4269.91 922.312 0.64498 7.29009 26.4821
523.035 4269.91 777.361 0.587173 8.57027 1.58426
524.115 4269.91 567.352 0.697759 7.51129 34.1457
525.195 4269.91 607.056 0.580281 7.25599 16.6452
526.275 4269.91 634.83 0.581327 8.14153 15.3094
527.355 4269.91 708.489 0.534864 8.4655 14.77
528.435 4269.91 528.41 0.703262 8.26582 17.6948
529.515 4269.91 315.426 0.681033 7.71848 8.72136
530.595 4269.91 252.495 0.48969 12.8324 18.9914
531.675 4269.91 473.836 0.749863 7.90781 18.6748
532.755 4269.91 657.605 0.619805 7.71524 6.49669
533.835 4269.91 803.361 0.577005 9.81126 15.591
534.915 4269.91 936.007 0.627975 7.96851 19.127
535.995 4269.91 1071.49 0.630609 7.42934 14.9148
537.075 4269.91 814.453 0.699161 9.0531 24.4045
538.155 4269.91 1129.43 0.72 6.39678 44.1114
539.235 4269.91 1370.76 0.701177 7.76687 27.9547
540.315 4269.91 1208.35 0.824815 8.0271 23.322
541.395 4269.91 1352.08 0.696255 7.80481 6.70209
542.475 4269.91 862.487 0.649772 8.3569 25.5842
543.555 4269.91 626.159 0.652223 7.95902 12.4297
544.635 4269.91 426.088 0.550626 9.00075 22.449
545.715 4269.91 481.593 0.69505 7.26002 29.24
546.795 4269.91 107.758 0.67144 7.87488 42.0262
547.875 4269.91 36.2783 0.457339 13.6232 0.264247
548.955 4269.91 38.1436 0.475378 12.7477 0.575089
550.035 4269.91 36.2349 0.363784 20.3394 0.541957
551.115 4269.91 37.3599 0.533737 10.4451 0.326922
552.195 4269.91 38.2666 0.530972 10.4451 0.00989492
553.275 4269.91 37.4116 0.491234 11.5437 0.765582
554.355 4269.91 38.2521 0.521344 10.4451 0.311865
555.435 4269.91 39.1433 0.488646 11.5437 0.519776
556.515 4269.91 40.7229 0.5176 10.4451 0.4498
557.595 4269.91 41.1366 0.355088 15.773 0.490938
558.675 4269.91 40.3577 0.359033 15.5926 0.105593
559.755 4269.91 49.6989 0.531193 9.92583 5.05669
560.835 4269.91 75.1314 0.559732 8.99795 3.74297
561.915 4269.91 73.7577 0.530568 9.54313 2.08552
562.995 4269.91 78.9707 0.412702 13.5337 1.21023
564.075 4269.91 101.582 0.525679 9.77415 2.46672
565.155 4269.91 114.97 0.478938 11.3702 2.66843
566.235 4269.91 140.165 0.443442 12.1481 4.3536
567.315 4269.91 179.774 0.567504 8.72106 6.70661
568.395 4269.91 178.747 0.458006 11.8085 3.12528
569.475 4269.91 166.952 0.445254 12.5562 4.42531
570.555 4269.91 128.003 0.433719 12.5071 2.54409
571.635 4269.91 139.457 0.532462 8.88955 3.57631
572.715 4269.91 117.528 0.530195 9.68707 6.52747
573.795 4269.91 94.3183 0.47696 10.9768 3.91498
574.875 4269.91 104.65 0.547351 8.9954 6.11051
575.955 4269.91 153.603 0.581064 8.25555 10.1719
577.035 4269.91 168.722 0.454542 9.0947 10.812
578.115 4269.91 76.2518 0.495824 9.69244 2.7654
579.195 4269.91 81.1122 0.492135 9.56193 2.81697
580.275 4269.91 90.8441 0.489664 10.0352 2.97092
581.355 4269.91 106.18 0.474445 9.80411 2.60469
582.435 4269.91 123.369 0.512517 9.16839 3.98507
583.515 4269.91 133.96 0.484839 9.25879 2.59885
584.595 4269.91 169.872 0.475665 9.39622 2.1284
585.675 4269.91 131.925 0.46684 9.87783 1.41617
586.755 4269.91 119.53 0.49461 9.31395 2.67733
587.835 4269.91 155.337 0.490695 9.29756 1.07314
588.915 4269.91 133.887 0.513484 9.33825 5.53598
589.995 4269.91 137.574 0.482168 9.70819 2.4583
591.075 4269.91 151.582 0.423011 9.75077 9.05797
592.155 4269.91 74.7638 0.396177 12.1678 0.0236684
593.235 4269.91 74.7448 0.413873 11.5437 0.170841
594.315 4269.91 76.8512 0.444788 10.4451 0.239693
595.395 4269.91 77.4015 0.443007 10.4451 0.339292
596.475 4269.91 78.6899 0.44114 10.4451 0.132229
597.555 4269.91 79.8215 0.394634 12.0546 0.276131
598.635 4269.91 83.8374 0.440336 10.4451 0.362915
599.715 4269.91 86.2297 0.40462 11.5437 0.304573
600.795 4269.91 91.7505 0.439961 10.4451 0.646174
601.875 4269.91 92.3312 0.346649 13.6175 0.639112
602.955 4269.91 108.659 0.478736 9.29543 2.83612
604.035 4269.91 113.181 0.458698 9.31223 4.55056
605.115 4269.91 114.531 0.452599 10.1117 2.12118

456.075 4268.84 894.322 0.455896 9.32799 18.2334
457.155 4268.84 1067.03 0.493872 8.39633 6.41625
458.235 4268.84 864.784 0.53529 8.24396 15.8685
459.315 4268.84 528.108 0.440204 10.6915 14.9426
460.395 4268.84 199.351 0.475076 10.783 11.3819
461.475 4268.84 63.5795 0.360056 12.4259 8.91628
462.555 4268.84 3.54264 0.382185 13.1519 1.38882
463.635 4268.84 -120 -0.06 0 0
464.715 4268.84 -120 -0.06 0 0
465.795 4268.84 -120 -0.06 0 0
466.875 4268.84 -120 -0.06 0 0
467.955 4268.84 -120 -0.06 0 0
469.035 4268.84 -120 -0.06 0 0
470.115 4268.84 -120 -0.06 0 0
471.195 4268.84 -120 -0.06 0 0
472.275 4268.84 -120 -0.06 0 0
473.355 4268.84 -120 -0.06 0 0
474.435 4268.84 -120 -0.06 0 0
475.515 4268.84 -120 -0.06 0 0
476.595 4268.84 -120 -0.06 0 0
477.675 4268.84 -120 -0.06 0 0
478.755 4268.84 -120 -0.06 0 0
479.835 4268.84 -120 -0.06 0 0
480.915 4268.84 -120 -0.06 0 0
481.995 4268.84 -120 -0.06 0 0
483.075 4268.84 -120 -0.06 0 0
484.155 4268.84 -120 -0.06 0 0
485.235 4268.84 -120 -0.06 0 0
486.315 4268.84 -120 -0.06 0 0
487.395 4268.84 3.64552 0.486399 10.4451 0.590929
488.475 4268.84 3.41344 0.486864 10.0357 2.58317
489.555 4268.84 -120 -0.06 0 0
490.635 4268.84 1.7784 0.422189 12.911 0.315334
491.715 4268.84 3.60805 0.533171 9.15306 0.0669011
492.795 4268.84 3.74042 0.496807 10.4451 0.305051
493.875 4268.84 3.29842 0.469052 11.5437 0.196521
494.955 4268.84 3.63519 0.470218 11.5437 0.259684
496.035 4268.84 3.81487 0.481806 11.1383 0.852451
497.115 4268.84 4.13356 0.504635 10.4451 0.607795
498.195 4268.84 4.60449 0.506105 10.4451 0.754042
499.275 4268.84 3.29977 0.337424 21.1955 0.518567
500.355 4268.84 5.4365 0.513356 10.4451 0.379064
501.435 4268.84 4.308 0.518147 10.4451 0.133862
502.515 4268.84 4.88269 0.5187 10.4451 0.339181
503.595 4268.84 5.99243 0.521373 10.4451 0.381329
504.675 4268.84 8.23162 0.520492 10.4369 1.35621
505.755 4268.84 39.4314 0.520587 9.94647 4.8508
506.835 4268.84 85.5686 0.619809 8.28386 9.18693
507.915 4268.84 171.372 0.530467 8.43514 16.4884
508.995 4268.84 193.493 0.561667 9.04765 15.6594
510.075 4268.84 237.179 0.411118 12.4176 15.648
511.155 4268.84 490.058 0.650299 7.23349 14.2019
512.235 4268.84 634.104 0.574733 7.39644 12.3665
513.315 4268.84 487.798 0.506536 8.95867 16.5364
514.395 4268.84 638.161 0.546202 8.26743 12.7732
515.475 4268.84 479.882 0.531598 8.10032 17.0479
516.555 4268.84 373.098 0.58726 8.29273 22.2124
517.635 4268.84 551.375 0.644511 7.63755 17.0706
518.715 4268.84 742.36 0.673246 8.16713 16.0119
519.795 4268.84 951.87 0.605653 8.19378 4.20667
520.875 4268.84 956.452 0.557262 7.69663 10.1065
521.955 4268.84 907.803 0.505785 8.86764 14.2839
523.035 4268.84 796.658 0.583568 9.80125 34.5686
524.115 4268.84 531.357 0.517436 11.8123 19.7135
525.195 4268.84 735.185 0.564825 7.85889 12.8776
526.275 4268.84 677.557 0.632013 9.21841 10.3481
527.355 4268.84 646.377 0.768198 6.92028 19.2159
528.435 4268.84 338.855 0.638073 8.94295 15.9088
529.515 4268.84 349.334 0.614214 7.4394 19.8376
530.595 4268.84 263.06 0.446878 13.6797 3.22808
531.675 4268.84 440.333 0.607747 7.47052 18.8739
532.755 4268.84 596.765 0.557721 10.0842 15.2521
533.835 4268.84 971.142 0.704024 8.20125 21.1202
534.915 4268.84 1149.53 0.702002 7.47548 30.2454
535.995 4268.84 1401.41 0.595342 7.68163 13.8023
537.075 4268.84 1178.5 0.72266 7.13499 18.3591
538.155 4268.84 1102.55 0.762511 7.95811 30.8869
539.235 4268.84 1434.34 0.618506 7.80787 16.5406
540.315 4268.84 1280.99 0.781379 6.75464 24.7258
541.395 4268.84 1000.12 0.866765 6.90467 28.6466
542.475 4268.84 715.081 0.660367 9.04115 15.076
543.555 4268.84 570.801 0.658139 9.9037 14.995
544.635 4268.84 545.399 0.588787 9.54047 6.16886
545.715 4268.84 472.635 0.648927 7.86172 9.5686
546.795 4268.84 357.834 0.741814 7.24448 17.9412
547.875 4268.84 49.6381 0.540143 10.0951 3.29351
548.955 4268.84 50.6842 0.528755 10.688 1.21977
550.035 4268.84 45.5136 0.529568 10.6597 0.860715
551.115 4268.84 37.3469 0.532433 10.4451 0.481336
552.195 4268.84 37.1655 0.35476 20.3146 0.290454
553.275 4268.84 37.483 0.351699 20.2998 0.270532
554.355 4268.84 37.4639 0.348111 20.2853 0.273567
555.435 4268.84 38.7005 0.517248 10.4451 0.107254
556.515 4268.84 39.878 0.514469 10.4451 0.283905
557.595 4268.84 41.4236 0.509342 10.4451 0.421073
558.675 4268.84 43.5843 0.505976 10.4451 0.357684
559.755 4268.84 44.3054 0.504112 10.4451 0.296152
560.835 4268.84 47.2606 0.498826 10.4451 0.527988
561.915 4268.84 48.6764 0.479804 11.223 0.925427
562.995 4268.84 49.6058 0.483903 11.0556 1.18517
564.075 4268.84 62.5774 0.532786 9.34256 1.72801
565.155 4268.84 73.6111 0.532105 9.68949 4.12194
566.235 4268.84 81.3406 0.462354 11.7565 2.21452
567.315 4268.84 105.635 0.520939 9.56451 2.37217
568.395 4268.84 122.343 0.517315 9.86001 3.13183
569.475 4268.84 112.252 0.522695 9.4711 2.79265
570.555 4268.84 85.9938 0.406116 13.2302 1.43477
571.635 4268.84 79.9674 0.527641 9.13825 2.45307
572.715 4268.84 63.0021 0.457332 11.389 1.81073
573.795 4268.84 57.5011 0.390783 13.4128 0.824755
574.875 4268.84 64.2815 0.453053 11.315 1.36043
575.955 4268.84 69.8361 0.456812 11.0372 0.866882
577.035 4268.84 61.9123 0.464013 10.6673 0.812119
578.115 4268.84 61.7267 0.467812 10.4451 0.4123
579.195 4268.84 61.551 0.433217 11.5437 0.245272
580.275 4268.84 70.6093 0.480525 9.89836 3.15803
581.355 4268.84 84.3037 0.508345 9.38685 3.21494
582.435 4268.84 99.5903 0.518154 9.34749 6.10448
583.515 4268.84 99.0454 0.502505 9.24616 2.06044
584.595 4268.84 107.461 0.450616 10.4516 2.52687
585.675 4268.84 131.053 0.496721 9.60415 3.20716
586.755 4268.84 99.9821 0.460367 10.1614 2.40858
587.835 4268.84 102.633 0.450128 10.7512 1.56958
588.915 4268.84 93.3933 0.410715 11.938 1.83604
589.995 4268.84 90.2151 0.391342 12.5507 1.13273
591.075 4268.84 84.6154 0.487978 9.62824 3.05482
592.155 4268.84 72.3146 0.275764 18.526 0.639682
593.235 4268.84 74.7032 0.393368 12.2369 0.243935
594.315 4268.84 75.1656 0.281498 16.0582 0.296516
595.395 4268.84 76.794 0.280109 16.0286 0.299639
596.475 4268.84 79.2165 0.282931 15.8568 0.435939
597.555 4268.84 79.9768 0.284452 15.8342 0.327453
598.635 4268.84 82.5729 0.283452 15.7778 0.388338
599.715 4268.84 85.948 0.290128 15.495 0.310929
600.795 4268.84 88.425 0.41628 11.1383 0.0767796
601.875 4268.84 91.1223 0.311698 14.6646 0.2716
602.955 4268.84 94.4535 0.433494 10.4451 0.285483
604.035 4268.84 95.7169 0.34476 13.4409 0.305482
605.115 4268.84 97.7693 0.43253 10.4451 0.0472498

456.075 4267.76 1155.18 0.474484 7.9289 18.2085
457.155 4267.76 1096.23 0.54671 8.38452 6.5984
458.235 4267.76 916.996 0.572368 7.10865 19.3886
459.315 4267.76 556.144 0.499911 8.57511 12.3871
460.395 4267.76 337.5 0.532141 10.1862 19.4771
461.475 4267.76 87.2984 0.370392 12.2697 8.9372
462.555 4267.76 26.0637 0.437913 9.4865 10.783
463.635 4267.76 -120 -0.06 0 0
464.715 4267.76 -120 -0.06 0 0
465.795 4267.76 -120 -0.06 0 0
466.875 4267.76 -120 -0.06 0 0
467.955 4267.76 -120 -0.06 0 0
469.035 4267.76 -120 -0.06 0 0
470.115 4267.76 -120 -0.06 0 0
471.195 4267.76 -120 -0.06 0 0
472.275 4267.76 -120 -0.06 0 0
473.355 4267.76 -120 -0.06 0 0
474.435 4267.76 -120 -0.06 0 0
475.515 4267.76 -120 -0.06 0 0
476.595 4267.76 -120 -0.06 0 0
477.675 4267.76 -120 -0.06 0 0
478.755 4267.76 -120 -0.06 0 0
479.835 4267.76 -120 -0.06 0 0
480.915 4267.76 -120 -0.06 0 0
481.995 4267.76 -120 -0.06 0 0
483.075 4267.76 -120 -0.06 0 0
484.155 4267.76 -120 -0.06 0 0
485.235 4267.76 0.967376 0.483617 10.4451 0.206662
486.315 4267.76 -120 -0.06 0 0
487.395 4267.76 2.21189 0.4914 10.2715 1.04399
488.475 4267.76 6.46834 0.492355 10.4451 0.50523
489.555 4267.76 -120 -0.06 0 0
490.635 4267.76 1.05998 0.462683 11.5437 0.312245
491.715 4267.76 7.54291 0.564345 9.12098 5.08242
492.795 4267.76 4.32789 0.498431 10.4451 0.200696
493.875 4267.76 3.26603 0.501893 10.4451 0.079222
494.955 4267.76 4.04667 0.50528 10.4451 0.132117
496.035 4267.76 4.09114 0.506855 10.4451 0.309222
497.115 4267.76 2.56747 0.457151 12.2369 0.174421
498.195 4267.76 5.02286 0.513068 10.4451 0.15782
499.275 4267.76 3.09222 0.496008 11.1383 0.203613
500.355 4267.76 2.13264 0.369364 15.6709 0.560605
501.435 4267.76 3.67923 0.519097 10.4451 0.535152
502.515 4267.76 3.8509 0.492443 11.5437 0.216136
503.595 4267.76 4.54951 0.486424 11.8314 0.292432
504.675 4267.76 51.3684 0.603812 8.13392 7.62619
505.755 4267.76 104.054 0.555315 9.52691 5.60796
506.835 4267.76 112.421 0.465169 10.6087 13.7976
507.915 4267.76 238.212 0.577998 8.54237 10.3654
508.995 4267.76 426.687 0.611023 7.55265 12.23
510.075 4267.76 508.286 0.590557 7.71055 8.52483
511.155 4267.76 504.081 0.53629 8.25903 19.0974
512.235 4267.76 773.967 0.586198 7.70561 6.2778
513.315 4267.76 827.864 0.564288 7.51872 12.8592
514.395 4267.76 784.843 0.71221 7.59303 19.1947
515.475 4267.76 483.424 0.546351 9.92435 10.5586
516.555 4267.76 445.05 0.570336 7.95513 22.2595
517.635 4267.76 510.062 0.509933 10.3197 10.9231
518.715 4267.76 808.603 0.589589 8.38176 8.43371
519.795 4267.76 939.02 0.557852 8.59855 13.5918
520.875 4267.76 937.144 0.672071 8.40207 13.7926
521.955 4267.76 903.62 0.610542 7.63228 18.6363
523.035 4267.76 790.957 0.759047 7.45351 21.2014
524.115 4267.76 657.808 0.598755 8.03688 12.3073
525.195 4267.76 610.383 0.65893 8.54164 12.509
526.275 4267.76 545.53 0.55619 10.4323 7.14916
527.355 4267.76 457.261 0.761938 8.64466 24.1894
528.435 4267.76 401.925 0.524622 10.0234 5.9661
529.515 4267.76 465.518 0.59093 8.45366 13.8595
530.595 4267.76 404.807 0.590659 8.07559 6.54547
531.675 4267.76 559.386 0.618225 8.26827 9.22673
532.755 4267.76 791.92 0.641504 6.87198 16.9535
533.835 4267.76 1198.55 0.615532 7.53131 6.59208
534.915 4267.76 1233.22 0.624202 9.25754 5.4021
535.995 4267.76 1314.51 0.599421 9.88652 2.43451
537.075 4267.76 1187.51 0.546014 9.26495 16.273
538.155 4267.76 1273.48 0.643669 7.92073 8.56703
539.235 4267.76 1245.49 0.600922 9.67796 1.38468
540.315 4267.76 1287.92 0.591957 7.77471 19.4403
541.395 4267.76 948.718 0.625237 9.14711 21.4605
542.475 4267.76 842.153 0.555629 9.4327 7.69386
543.555 4267.76 649.197 0.711822 6.77241 18.0128
544.635 4267.76 397.412 0.648338 9.4147 10.9173
545.715 4267.76 386.243 0.639257 9.03122 10.9923
546.795 4267.76 352.531 0.642953 7.90604 8.08861
547.875 4267.76 188.028 0.541568 8.71707 11.3867
548.955 4267.76 71.4037 0.580423 8.52333 4.21232
550.035 4267.76 52.6948 0.387207 15.5177 1.17603
551.115 4267.76 42.6386 0.490124 11.8359 0.394194
552.195 4267.76 41.8303 0.528616 10.4451 0.553286
553.275 4267.76 38.8413 0.52338 10.4451 0.0640869
554.355 4267.76 39.1184 0.518778 10.4451 0.120901
555.435 4267.76 37.8537 0.343304 20.2716 0.283087
556.515 4267.76 40.6489 0.512012 10.4451 0.120035
557.595 4267.76 41.6638 0.511438 10.4451 0.383898
558.675 4267.76 42.3575 0.459815 12.0546 0.0525487
559.755 4267.76 46.9539 0.505014 10.4451 0.323267
560.835 4267.76 44.5021 0.328708 19.7926 0.389461
561.915 4267.76 48.3118 0.49963 10.4451 0.446606
562.995 4267.76 46.991 0.493565 10.4451 0.339163
564.075 4267.76 47.3416 0.405591 13.4409 0.0266173
565.155 4267.76 49.043 0.490927 10.4451 0.273482
566.235 4267.76 51.3653 0.455393 11.7174 0.886138
567.315 4267.76 66.4376 0.509973 10.0368 2.39679
568.395 4267.76 66.6148 0.482985 10.8966 2.42992
569.475 4267.76 62.8434 0.479752 10.827 1.8245
570.555 4267.76 56.2364 0.473018 10.9378 1.58529
571.635 4267.76 51.3773 0.32951 15.6325 0.687546
572.715 4267.76 54.2328 0.430433 12.0546 0.470897
573.795 4267.76 55.0868 0.454899 11.1383 1.0938
574.875 4267.76 58.5261 0.471483 10.4451 0.180986
575.955 4267.76 58.2864 0.468785 10.4451 0.416273
577.035 4267.76 58.4213 0.294281 19.558 0.295959
578.115 4267.76 55.6553 0.295002 19.5327 0.595224
579.195 4267.76 61.086 0.46222 10.4451 0.254787
580.275 4267.76 60.013 0.290316 19.4519 0.427166
581.355 4267.76 61.1239 0.287041 19.4491 0.0942502
582.435 4267.76 63.433 0.292307 18.7732 1.30138
583.515 4267.76 65.4964 0.455537 10.3844 0.755878
584.595 4267.76 74.5754 0.502636 9.66899 5.51564
585.675 4267.76 93.5316 0.497156 9.45925 2.97202
586.755 4267.76 78.8909 0.387199 12.9166 1.22863
587.835 4267.76 90.5476 0.504223 9.12263 3.06035
588.915 4267.76 78.8376 0.479467 9.80893 2.04756
589.995 4267.76 78.1186 0.463161 9.92607 2.05763
591.075 4267.76 72.532 0.273898 18.5364 0.189456
592.155 4267.76 73.5645 0.423248 11.1383 0.879368
593.235 4267.76 74.7644 0.443488 10.4451 0.36296
594.315 4267.76 75.7988 0.389501 12.2369 0.38614
595.395 4267.76 77.4489 0.356679 13.3355 0.318417
596.475 4267.76 81.3193 0.441578 10.4451 0.143219
597.555 4267.76 82.2787 0.351202 13.5362 0.433416
598.635 4267.76 84.7588 0.437075 10.4451 0.494115
599.715 4267.76 86.5806 0.387892 12.0546 0.550044
600.795 4267.76 90.7638 0.436136 10.4451 0.31638
601.875 4267.76 92.6066 0.434499 10.4451 0.19246
602.955 4267.76 95.0485 0.431644 10.4451 0.423477
604.035 4267.76 95.6081 0.439313 10.4451 1.17228
605.115 4267.76 97.3179 0.429888 10.4451 0.592918

456.075 4266.68 1102.58 0.461078 10.5562 3.43181
457.155 4266.68 1075.44 0.511328 9.31525 5.66213
458.235 4266.68 914.977 0.600818 7.27505 40.0186
459.315 4266.68 513.387 0.426316 10.5897 7.04217
460.395 4266.68 344.432 0.578881 7.20968 14.7728
461.475 4266.68 183.495 0.521977 8.66376 2.23523
462.555 4266.68 82.9955 0.454542 12.3533 10.0367
463.635 4266.68 51.2676 0.498116 7.60924 9.25413
464.715 4266.68 2.33567 0.493616 8.86327 2.06929
465.795 4266.68 -120 -0.06 0 0
466.875 4266.68 -120 -0.06 0 0
467.955 4266.68 -120 -0.06 0 0
469.035 4266.68 -120 -0.06 0 0
470.115 4266.68 -120 -0.06 0 0
471.195 4266.68 -120 -0.06 0 0
472.275 4266.68 -120 -0.06 0 0
473.355 4266.68 -120 -0.06 0 0
474.435 4266.68 -120 -0.06 0 0
475.515 4266.68 -120 -0.06 0 0
476.595 4266.68 -120 -0.06 0 0
477.675 4266.68 -120 -0.06 0 0
478.755 4266.68 -120 -0.06 0 0
479.835 4266.68 -120 -0.06 0 0
480.915 4266.68 -120 -0.06 0 0
481.995 4266.68 -120 -0.06 0 0
483.075 4266.68 -120 -0.06 0 0
484.155 4266.68 -120 -0.06 0 0
485.235 4266.68 -120 -0.06 0 0
486.315 4266.68 -120 -0.06 0 0
487.395 4266.68 3.34982 0.500645 10.123 3.30277
488.475 4266.68 -120 -0.06 0 0
489.555 4266.68 -120 -0.06 0 0
490.635 4266.68 2.0211 0.496569 10.4451 0.149667
491.715 4266.68 2.35185 0.499699 10.4451 0.411895
492.795 4266.68 2.3972 0.49979 10.4451 0.242085
493.875 4266.68 2.8048 0.5039 10.4451 0.297988
494.955 4266.68 2.59162 0.507085 10.4451 0.156711
496.035 4266.68 3.78194 0.508853 10.4451 0.131003
497.115 4266.68 3.60678 0.511711 10.4451 0.0591678
498.195 4266.68 2.2112 0.342983 21.2066 0.312407
499.275 4266.68 4.15977 0.518426 10.4451 0.13045
500.355 4266.68 3.94516 0.520821 10.4451 0.120125
501.435 4266.68 -120 -0.06 0 0
502.515 4266.68 3.33106 0.44386 13.2783 0.0949249
503.595 4266.68 4.96026 0.502027 11.4505 0.539332
504.675 4266.68 51.13 0.575721 9.60032 3.6266
505.755 4266.68 82.9928 0.484057 11.02 7.00651
506.835 4266.68 147.786 0.572004 11.1035 10.8563
507.915 4266.68 282.378 0.673406 9.33167 15.9118
508.995 4266.68 460.083 0.58905 9.10629 2.08555
510.075 4266.68 495.536 0.585528 9.27446 7.35417
511.155 4266.68 597.29 0.696159 7.86677 13.5574
512.235 4266.68 700.502 0.727214 8.16445 19.1929
513.315 4266.68 811.445 0.708756 7.1783 15.39
514.395 4266.68 862.178 0.629169 8.42634 6.99982
515.475 4266.68 633.069 0.5394 9.51709 14.973
516.555 4266.68 579.607 0.576068 10.4204 18.5609
517.635 4266.68 730.395 0.550595 8.43943 13.0718
518.715 4266.68 906.51 0.578106 7.9716 22.8233
519.795 4266.68 979.644 0.674621 7.64346 10.6633
520.875 4266.68 922.635 0.664848 7.1688 12.7009
521.955 4266.68 702.894 0.573323 11.0374 11.4438
523.035 4266.68 689.087 0.549686 9.68633 0.181065
524.115 4266.68 625.969 0.636731 8.40663 11.3419
525.195 4266.68 513.539 0.523435 11.0104 3.39791
526.275 4266.68 601.491 0.548761 7.81296 12.9611
527.355 4266.68 609.836 0.526609 8.49955 14.1222
528.435 4266.68 585.147 0.53975 8.11146 16.1555
529.515 4266.68 523.158 0.588885 8.78231 19.4996
530.595 4266.68 456.989 0.570901 7.7451 11.2638
531.675 4266.68 592.553 0.537809 10.1697 8.73593
532.755 4266.68 972.319 0.724144 6.89589 26.7452
533.835 4266.68 1028.94 0.680856 8.65258 12.5776
534.915 4266.68 1173.24 0.799337 6.92851 25.0101
535.995 4266.68 1247.56 0.705965 7.32844 23.5786
537.075 4266.68 1238.37 0.703639 7.80299 12.4229
538.155 4266.68 1139.43 0.72394 8.09754 17.6447
539.235 4266.68 1206.55 0.649333 9.00964 7.98315
540.315 4266.68 1140.93 0.633077 8.53697 8.50602
541.395 4266.68 1172.51 0.697903 7.04908 29.4611
542.475 4266.68 999.426 0.594026 8.64433 10.3306
543.555 4266.68 928.278 0.692063 6.98533 31.0195
544.635 4266.68 353.471 0.666314 7.88428 28.2074
545.715 4266.68 209.041 0.456203 13.444 2.00957
546.795 4266.68 231.471 0.628082 7.99223 5.56428
547.875 4266.68 160.147 0.634661 8.05091 4.57846
548.955 4266.68 135.943 0.560374 8.933 5.55797
550.035 4266.68 66.8343 0.549185 9.7324 1.71709
551.115 4266.68 50.6557 0.495392 11.4888 0.719737
552.195 4266.68 41.6004 0.502623 11.1383 0.32972
553.275 4266.68 39.9671 0.358401 15.9626 0.476074
554.355 4266.68 39.8058 0.457766 12.5246 0.0954689
555.435 4266.68 40.1023 0.493653 11.1383 0.0893384
556.515 4266.68 40.6152 0.513125 10.4451 0.482946
557.595 4266.68 41.1698 0.335631 19.9047 0.273848
558.675 4266.68 43.702 0.504721 10.4451 0.175014
559.755 4266.68 45.4444 0.503972 10.4451 0.406865
560.835 4266.68 45.0908 0.481739 11.1383 0.538836
561.915 4266.68 46.3412 0.498885 10.4451 0.409811
562.995 4266.68 46.4054 0.497208 10.4451 0.715547
564.075 4266.68 48.0925 0.490929 10.4451 0.165626
565.155 4266.68 49.1585 0.489963 10.4451 0.193777
566.235 4266.68 49.541 0.490579 10.4451 0.771405
567.315 4266.68 48.8497 0.309834 17.509 0.235907
568.395 4266.68 49.8002 0.451065 11.5437 0.14333
569.475 4266.68 52.8055 0.479003 10.4451 0.291404
570.555 4266.68 51.7723 0.303004 19.6342 0.396856
571.635 4266.68 53.4361 0.452434 11.1383 0.725676
572.715 4266.68 53.6007 0.298508 19.601 0.365735
573.795 4266.68 54.0839 0.298198 19.5999 0.0713918
574.875 4266.68 55.7487 0.296432 19.5666 0.0743209
575.955 4266.68 57.7118 0.468334 10.4451 0.20908
577.035 4266.68 57.0466 0.292024 19.5626 0.205162
578.115 4266.68 63.3035 0.459799 10.4451 0.958381
579.195 4266.68 61.1122 0.416186 12.0546 0.362637
580.275 4266.68 62.1622 0.41444 12.0546 0.125316
581.355 4266.68 64.9735 0.404411 12.391 0.525352
582.435 4266.68 64.8101 0.366913 13.4896 0.840081
583.515 4266.68 65.3059 0.40006 12.391 0.192158
584.595 4266.68 65.3966 0.457343 10.4451 0.376022
585.675 4266.68 67.1251 0.336822 14.5395 0.315593
586.755 4266.68 69.2395 0.433451 11.1383 0.237817
587.835 4266.68 68.3997 0.278512 19.1753 0.297956
588.915 4266.68 68.7262 0.275725 19.1638 0.100437
589.995 4266.68 68.1443 0.275674 18.5731 0.175182
591.075 4266.68 73.1904 0.447444 10.4451 0.327397
592.155 4266.68 75.1776 0.444278 10.4451 0.248873
593.235 4266.68 76.6686 0.443554 10.4451 0.250492
594.315 4266.68 80.2424 0.447333 10.4451 0.773252
595.395 4266.68 79.3147 0.409544 11.5437 0.288293
596.475 4266.68 80.8506 0.371054 12.843 0.203674
597.555 4266.68 83.3827 0.436358 10.4451 0.601412
598.635 4266.68 85.8086 0.437597 10.4451 0.126442
599.715 4266.68 88.2669 0.357276 13.1532 0.304519
600.795 4266.68 90.8915 0.435555 10.4451 0.0846014
601.875 4266.68 92.8437 0.403016 11.5437 0.0876793
602.955 4266.68 92.4178 0.335533 13.741 0.801054
604.035 4266.68 96.4157 0.434005 10.4451 0.315389
605.115 4266.68 97.9556 0.433978 10.4451 0.281336

456.075 4265.6 1113.61 0.489417 9.85838 1.46182
457.155 4265.6 1000.76 0.569735 8.79169 18.4558
458.235 4265.6 655.007 0.610903 9.06188 23.9175
459.315 4265.6 470.696 0.536843 8.16959 12.7731
460.395 4265.6 247.889 0.50481 9.82166 9.3945
461.475 4265.6 202.309 0.496992 7.76462 8.99333
462.555 4265.6 209.754 0.472239 8.72508 7.93042
463.635 4265.6 139.974 0.337561 13.214 23.2255
464.715 4265.6 58.9597 0.492435 8.70054 7.08176
465.795 4265.6 8.53016 0.460711 10.131 2.45324
466.875 4265.6 -120 -0.06 0 0
467.955 4265.6 -120 -0.06 0 0
469.035 4265.6 -120 -0.06 0 0
470.115 4265.6 -120 -0.06 0 0
471.195 4265.6 -120 -0.06 0 0
472.275 4265.6 -120 -0.06 0 0
473.355 4265.6 -120 -0.06 0 0
474.435 4265.6 8.15053 0.520674 8.85872 6.07398
475.515 4265.6 5.76019 0.508609 9.27007 3.49905
476.595 4265.6 -120 -0.06 0 0
477.675 4265.6 -120 -0.06 0 0
478.755 4265.6 -120 -0.06 0 0
479.835 4265.6 -120 -0.06 0 0
480.915 4265.6 -120 -0.06 0 0
481.995 4265.6 -120 -0.06 0 0
483.075 4265.6 -120 -0.06 0 0
484.155 4265.6 0.926885 0.485526 10.4451 0.619227
485.235 4265.6 -120 -0.06 0 0
486.315 4265.6 -120 -0.06 0 0
487.395 4265.6 -120 -0.06 0 0
488.475 4265.6 1.04449 0.490481 10.4451 0.418608
489.555 4265.6 -120 -0.06 0 0
490.635 4265.6 -120 -0.06 0 0
491.715 4265.6 1.56698 0.496853 10.4451 0.574581
492.795 4265.6 2.08553 0.503674 10.4451 0.636748
493.875 4265.6 1.74214 0.485637 11.1383 0.381828
494.955 4265.6 2.75455 0.508054 10.4451 0.152353
496.035 4265.6 0.63824 0.39542 14.4705 0.395174
497.115 4265.6 2.57452 0.405992 14.1587 0.216585
498.195 4265.6 2.07401 0.462795 12.2369 0.768094
499.275 4265.6 4.8691 0.52076 10.4451 0.109367
500.355 4265.6 3.63953 0.462246 12.5246 0.312352
501.435 4265.6 2.97108 0.437983 13.5362 0.297643
502.515 4265.6 0.9305 0.384399 15.2814 1.14658
503.595 4265.6 53.0515 0.59352 8.55357 5.78751
504.675 4265.6 40.9037 0.555692 10.1168 7.31811
505.755 4265.6 182.021 0.603069 7.75332 4.92799
506.835 4265.6 249.87 0.538467 8.96519 9.43999
507.915 4265.6 397.118 0.61066 8.84258 4.13699
508.995 4265.6 521.564 0.625727 7.31352 15.5272
510.075 4265.6 695.571 0.568766 8.28923 8.93061
511.155 4265.6 508.231 0.699642 8.16211 15.0963
512.235 4265.6 482.952 0.676844 9.92542 17.019
513.315 4265.6 538.522 0.758322 8.96049 22.4824
514.395 4265.6 645.812 0.785989 7.83971 22.4498
515.475 4265.6 784.518 0.597283 7.77304 10.7705
516.555 4265.6 899.814 0.550949 7.71682 20.6547
517.635 4265.6 992.273 0.721066 7.97333 16.0515
518.715 4265.6 889.847 0.719636 7.32385 16.6762
519.795 4265.6 850.564 0.659487 7.61109 15.8383
520.875 4265.6 770.84 0.717987 7.57331 16.4055
521.955 4265.6 679.457 0.633397 8.08659 6.92875
523.035 4265.6 597.28 0.682027 7.61376 11.6057
524.115 4265.6 562.789 0.564851 8.33972 12.5079
525.195 4265.6 563.597 0.596843 7.73201 15.8763
526.275 4265.6 642.867 0.56853 9.09882 5.63216
527.355 4265.6 710.113 0.641528 8.11989 7.74825
528.435 4265.6 700.537 0.602709 9.27128 6.25684
529.515 4265.6 731.83 0.566947 7.6913 18.1273
530.595 4265.6 623.745 0.537364 8.57361 14.958
531.675 4265.6 821.884 0.6338 7.94608 7.97578
532.755 4265.6 903.403 0.622065 7.98187 9.87678
533.835 4265.6 906.511 0.613735 9.16093 5.89689
534.915 4265.6 917.748 0.635594 7.31742 24.8205
535.995 4265.6 946.268 0.558271 8.75835 16.2163
537.075 4265.6 939.116 0.7134 8.81664 16.9676
538.155 4265.6 947.579 0.592354 11.0567 21.4217
539.235 4265.6 1074.37 0.661065 8.67633 11.2978
540.315 4265.6 1192 0.670006 7.22332 24.0675
541.395 4265.6 1225.34 0.667793 8.48194 13.8588
542.475 4265.6 1039.98 0.793657 7.15709 23.6672
543.555 4265.6 731.794 0.647888 9.65118 14.5845
544.635 4265.6 649.263 0.632303 7.27424 7.77389
545.715 4265.6 320.757 0.611626 8.07372 5.13814
546.795 4265.6 244.055 0.53937 8.92296 13.6957
547.875 4265.6 198.845 0.626182 9.12707 10.8348
548.955 4265.6 136.162 0.508342 8.89192 17.4201
550.035 4265.6 91.5299 0.558829 9.2211 4.83146
551.115 4265.6 51.0258 0.490311 11.676 0.745408
552.195 4265.6 43.9232 0.413084 14.2518 0.316929
553.275 4265.6 43.8253 0.368473 15.6762 0.422758
554.355 4265.6 44.6689 0.512961 10.4451 0.564152
555.435 4265.6 42.0075 0.338149 19.0298 0.164501
556.515 4265.6 41.6939 0.490441 11.1383 0.268065
557.595 4265.6 41.1974 0.449682 12.391 0.176721
558.675 4265.6 44.9856 0.328635 17.0585 0.285184
559.755 4265.6 45.8289 0.500139 10.4451 0.312044
560.835 4265.6 44.998 0.39737 13.9109 0.085028
561.915 4265.6 45.9361 0.323272 16.5828 0.224634
562.995 4265.6 45.4648 0.318042 16.5182 0.458947
564.075 4265.6 46.8067 0.411053 13.2177 0.248817
565.155 4265.6 48.4037 0.490838 10.4451 0.474233
566.235 4265.6 51.1873 0.486241 10.4451 0.0688354
567.315 4265.6 51.2988 0.450808 11.5437 0.314377
568.395 4265.6 49.9029 0.308532 17.4978 0.211037
569.475 4265.6 53.2251 0.445232 11.5437 0.442538
570.555 4265.6 56.1441 0.42269 12.2369 0.509816
571.635 4265.6 58.7055 0.454022 11.1383 0.439046
572.715 4265.6 57.7979 0.439464 11.5437 0.457766
573.795 4265.6 55.4016 0.450584 11.1383 0.17848
574.875 4265.6 53.9281 0.334031 15.0798 0.499375
575.955 4265.6 58.814 0.393374 12.93 0.513786
577.035 4265.6 65.0392 0.446901 11.0236 0.784778
578.115 4265.6 71.3756 0.461172 10.4451 0.881965
579.195 4265.6 68.776 0.442814 10.9102 1.21582
580.275 4265.6 66.5768 0.313967 15.469 0.295468
581.355 4265.6 69.8074 0.437806 11.1383 0.379066
582.435 4265.6 69.7983 0.457019 10.4451 0.189685
583.515 4265.6 68.378 0.283461 17.136 0.3517
584.595 4265.6 66.5562 0.28026 19.307 0.440035
585.675 4265.6 66.6382 0.280909 19.3033 0.547842
586.755 4265.6 68.06 0.453139 10.4451 0.271727
587.835 4265.6 71.1662 0.450208 10.4451 0.113962
588.915 4265.6 69.7496 0.340817 14.1828 0.187629
589.995 4265.6 73.2026 0.446599 10.4451 0.262815
591.075 4265.6 76.0129 0.447216 10.4451 0.184556
592.155 4265.6 75.6024 0.426561 11.1383 0.232768
593.235 4265.6 77.4792 0.444046 10.4451 0.166192
594.315 4265.6 78.7945 0.441597 10.4451 0.523357
595.395 4265.6 79.24 0.379207 12.5246 0.46911
596.475 4265.6 82.4745 0.440267 10.4451 0.114923
597.555 4265.6 84.9553 0.438319 10.4451 0.185468
598.635 4265.6 86.3677 0.437775 10.4451 0.159626
599.715 4265.6 88.3541 0.436641 10.4451 0.260834
600.795 4265.6 90.8757 0.434956 10.4451 0.312781
601.875 4265.6 91.6631 0.43413 10.4451 0.143776
602.955 4265.6 92.3545 0.435585 10.4451 0.443601
604.035 4265.6 94.7878 0.432012 10.4451 0.163494
605.115 4265.6 96.2864 0.432216 10.4451 0.304003

456.075 4264.52 1135.14 0.476933 8.36491 12.4254
457.155 4264.52 946.383 0.645245 7.81865 26.5431
458.235 4264.52 480.937 0.522492 10.4689 18.7833
459.315 4264.52 378.629 0.554645 8.11838 4.12034
460.395 4264.52 226.444 0.394382 13.0733 3.33633
461.475 4264.52 206.265 0.492065 8.91833 6.75492
462.555 4264.52 224.297 0.465995 8.58938 10.8903
463.635 4264.52 297.148 0.530636 8.25307 3.77539
464.715 4264.52 110.854 0.44797 10.1169 8.01134
465.795 4264.52 57.8235 0.473326 8.47242 9.69689
466.875 4264.52 27.2794 0.492884 9.18763 5.99748
467.955 4264.52 -120 -0.06 0 0
469.035 4264.52 -120 -0.06 0 0
470.115 4264.52 -120 -0.06 0 0
471.195 4264.52 -120 -0.06 0 0
472.275 4264.52 -120 -0.06 0 0
473.355 4264.52 -120 -0.06 0 0
474.435 4264.52 57.7767 0.527086 7.98742 4.68117
475.515 4264.52 85.8786 0.571656 8.45661 11.6683
476.595 4264.52 2.54148 0.502268 9.3205 2.30111
477.675 4264.52 -120 -0.06 0 0
478.755 4264.52 -120 -0.06 0 0
479.835 4264.52 -120 -0.06 0 0
480.915 4264.52 -120 -0.06 0 0
481.995 4264.52 -120 -0.06 0 0
483.075 4264.52 -120 -0.06 0 0
484.155 4264.52 -120 -0.06 0 0
485.235 4264.52 -120 -0.06 0 0
486.315 4264.52 -120 -0.06 0 0
487.395 4264.52 -120 -0.06 0 0
488.475 4264.52 -120 -0.06 0 0
489.555 4264.52 0.838988 0.496336 10.4451 0.328333
490.635 4264.52 -120 -0.06 0 0
491.715 4264.52 -120 -0.06 0 0
492.795 4264.52 -120 -0.06 0 0
493.875 4264.52 -120 -0.06 0 0
494.955 4264.52 2.33408 0.51075 10.4451 0.208556
496.035 4264.52 2.03762 0.514312 10.4451 0.567985
497.115 4264.52 3.56619 0.515583 10.4451 0.112132
498.195 4264.52 0.620181 0.417935 13.9416 0.298258
499.275 4264.52 5.99324 0.522798 10.4451 0.276788
500.355 4264.52 4.22502 0.486032 11.8314 0.0777895
501.435 4264.52 3.52018 0.528994 10.4451 0.508983
502.515 4264.52 1.79471 0.410428 14.6083 0.630573
503.595 4264.52 26.1512 0.55748 9.18463 4.7395
504.675 4264.52 71.6161 0.591942 8.00977 13.6014
505.755 4264.52 207.041 0.587512 8.39222 7.36615
506.835 4264.52 256.406 0.669131 8.68796 12.1015
507.915 4264.52 301.429 0.537562 10.7411 11.1057
508.995 4264.52 527.129 0.559955 8.87886 23.4622
510.075 4264.52 657.573 0.663726 8.45405 11.2093
511.155 4264.52 349.355 0.639125 9.73823 13.381
512.235 4264.52 298.976 0.548365 12.1967 9.34699
513.315 4264.52 385.607 0.597922 8.54008 13.9303
514.395 4264.52 465.422 0.640032 9.62774 10.2208
515.475 4264.52 786.516 0.86249 7.1909 27.251
516.555 4264.52 980.639 0.717076 7.99174 14.6542
517.635 4264.52 975.472 0.720405 7.77102 15.4433
518.715 4264.52 736.897 0.595473 7.76284 20.2105
519.795 4264.52 757.109 0.64461 7.46443 19.5296
520.875 4264.52 719.207 0.645698 8.11755 6.77689
521.955 4264.52 675.798 0.612532 8.45802 3.02333
523.035 4264.52 543.93 0.66462 8.00083 20.5373
524.115 4264.52 497.173 0.56957 9.33844 10.2261
525.195 4264.52 519.528 0.579411 7.95847 14.6435
526.275 4264.52 587.907 0.615653 8.79148 7.75371
527.355 4264.52 601.123 0.6135 9.33787 11.5708
528.435 4264.52 632.072 0.653605 8.47646 14.7942
529.515 4264.52 683.761 0.624146 8.06625 9.1475
530.595 4264.52 617.296 0.655077 8.44983 10.3165
531.675 4264.52 648.951 0.620761 10.0753 11.5841
532.755 4264.52 754.846 0.688003 8.38437 13.8944
533.835 4264.52 793.752 0.773875 7.08621 31.8878
534.915 4264.52 680.229 0.542732 12.012 33.3972
535.995 4264.52 843.762 0.480632 10.6764 14.5477
537.075 4264.52 888.355 0.770419 8.03661 23.8068
538.155 4264.52 867.146 0.68184 7.7584 11.1573
539.235 4264.52 966.237 0.542587 9.76625 5.64957
540.315 4264.52 1242.71 0.637482 7.07633 20.2023
541.395 4264.52 1277.64 0.616973 7.92916 16.6818
542.475 4264.52 859.519 0.692046 7.10989 16.2113
543.555 4264.52 655.907 0.63082 7.49992 15.8608
544.635 4264.52 475.16 0.761792 7.73792 20.8065
545.715 4264.52 361.095 0.670089 7.40159 15.0744
546.795 4264.52 221.927 0.531007 9.45889 6.73174
547.875 4264.52 227.357 0.553523 9.27424 3.46197
548.955 4264.52 194.817 0.557426 10.532 5.45653
550.035 4264.52 114.2 0.544941 10.3163 5.18864
551.115 4264.52 65.0008 0.549429 9.31055 1.66179
552.195 4264.52 48.1302 0.48056 11.6549 1.8209
553.275 4264.52 47.9276 0.515685 10.4451 0.186119
554.355 4264.52 47.7006 0.339006 19.024 0.282068
555.435 4264.52 44.9478 0.458777 12.2369 0.343862
556.515 4264.52 44.8155 0.507993 10.4451 0.337005
557.595 4264.52 45.8218 0.443825 12.391 1.49645
558.675 4264.52 49.6864 0.32621 17.0531 0.459099
559.755 4264.52 51.1567 0.432982 12.6423 0.556968
560.835 4264.52 50.7043 0.40099 13.7032 0.394757
561.915 4264.52 51.1804 0.459303 11.5437 0.69205
562.995 4264.52 47.6617 0.45761 11.5437 0.550203
564.075 4264.52 47.5801 0.488292 10.4451 0.252971
565.155 4264.52 46.5591 0.399425 13.5806 0.597523
566.235 4264.52 49.4768 0.412369 12.93 0.576269
567.315 4264.52 54.1426 0.417219 12.6423 0.37673
568.395 4264.52 58.3773 0.477522 10.4451 0.842104
569.475 4264.52 58.1928 0.473306 10.4451 1.21663
570.555 4264.52 61.7117 0.475115 10.4451 0.449309
571.635 4264.52 65.8114 0.471144 10.4451 0.815844
572.715 4264.52 64.8883 0.46925 10.4451 0.673482
573.795 4264.52 60.9907 0.332113 15.1725 0.538767
574.875 4264.52 62.9753 0.435584 11.5437 0.569583
575.955 4264.52 69.5528 0.464781 10.4323 0.578619
577.035 4264.52 79.3837 0.473153 10.1185 1.11513
578.115 4264.52 81.7688 0.42694 11.5118 1.28684
579.195 4264.52 83.9368 0.438021 11.1345 0.809834
580.275 4264.52 75.312 0.330288 14.8436 0.676992
581.355 4264.52 74.9975 0.457991 10.4451 0.233631
582.435 4264.52 75.737 0.455983 10.4451 0.641672
583.515 4264.52 70.9186 0.281307 17.1057 0.326736
584.595 4264.52 77.8405 0.464494 10.0459 0.393817
585.675 4264.52 76.0568 0.444247 10.5354 1.34312
586.755 4264.52 68.8486 0.35812 13.5806 0.780076
587.835 4264.52 70.7206 0.451211 10.4451 0.147077
588.915 4264.52 71.7282 0.448347 10.4451 0.140581
589.995 4264.52 71.9578 0.377858 12.843 0.284815
591.075 4264.52 74.6583 0.447215 10.4451 0.326236
592.155 4264.52 75.9485 0.446144 10.4451 0.269938
593.235 4264.52 76.8632 0.424858 11.1383 0.334003
594.315 4264.52 79.0176 0.445207 10.4451 0.483309
595.395 4264.52 80.665 0.442394 10.4451 0.314922
596.475 4264.52 82.3472 0.44115 10.4451 0.273832
597.555 4264.52 84.0823 0.441592 10.4451 0.555926
598.635 4264.52 85.6126 0.441348 10.4451 0.632687
599.715 4264.52 86.2666 0.418214 11.1383 0.290685
600.795 4264.52 86.154 0.297409 15.3724 0.850984
601.875 4264.52 89.4516 0.433843 10.4451 0.127264
602.955 4264.52 91.1797 0.435852 10.4451 0.446989
604.035 4264.52 90.7771 0.356738 13.0842 0.146853
605.115 4264.52 94.8271 0.434503 10.4451 0.359194

456.075 4263.44 936.737 0.72615 8.35571 24.9707
457.155 4263.44 899.179 0.680196 7.31576 28.5992
458.235 4263.44 406.168 0.45941 11.1339 8.79937
459.315 4263.44 391.246 0.532292 7.6377 7.64713
460.395 4263.44 232.406 0.454093 11.1555 2.41214
461.475 4263.44 268.436 0.537145 7.92765 10.8778
462.555 4263.44 377.618 0.517733 8.73236 5.272
463.635 4263.44 327.907 0.518239 7.52497 10.2177
464.715 4263.44 128.533 0.428658 11.9535 7.2217
465.795 4263.44 60.803 0.369872 11.9577 9.15007
466.875 4263.44 28.4268 0.480075 9.08522 4.51891
467.955 4263.44 -120 -0.06 0 0
469.035 4263.44 -120 -0.06 0 0
470.115 4263.44 -120 -0.06 0 0
471.195 4263.44 -120 -0.06 0 0
472.275 4263.44 -120 -0.06 0 0
473.355 4263.44 1.97002 0.490383 9.46965 1.91786
474.435 4263.44 30.3594 0.545962 8.53894 12.2083
475.515 4263.44 134.944 0.494609 8.2603 11.5025
476.595 4263.44 5.60888 0.477323 10.0819 3.54041
477.675 4263.44 -120 -0.06 0 0
478.755 4263.44 -120 -0.06 0 0
479.835 4263.44 -120 -0.06 0 0
480.915 4263.44 -120 -0.06 0 0
481.995 4263.44 -120 -0.06 0 0
483.075 4263.44 -120 -0.06 0 0
484.155 4263.44 -120 -0.06 0 0
485.235 4263.44 -120 -0.06 0 0
486.315 4263.44 0.651745 0.491634 10.4451 0.671315
487.395 4263.44 -120 -0.06 0 0
488.475 4263.44 -120 -0.06 0 0
489.555 4263.44 -120 -0.06 0 0
490.635 4263.44 -120 -0.06 0 0
491.715 4263.44 -120 -0.06 0 0
492.795 4263.44 -120 -0.06 0 0
493.875 4263.44 1.48493 0.511045 10.4451 0.559213
494.955 4263.44 1.76389 0.490662 11.1383 0.151504
496.035 4263.44 1.75742 0.427162 13.3355 0.714138
497.115 4263.44 4.69113 0.51776 10.4451 0.545526
498.195 4263.44 2.59012 0.434845 13.2783 0.86609
499.275 4263.44 3.87103 0.525051 10.4451 0.240457
500.355 4263.44 2.94445 0.471125 12.391 0.539016
501.435 4263.44 6.71191 0.537689 10.4451 1.11597
502.515 4263.44 6.23646 0.536726 10.4451 0.0784966
503.595 4263.44 8.27569 0.491771 12.2076 0.493364
504.675 4263.44 139.221 0.629694 7.92322 4.3598
505.755 4263.44 257.002 0.69584 8.44877 19.439
506.835 4263.44 397.694 0.661939 7.42396 10.7678
507.915 4263.44 414.329 0.711074 8.04601 13.8334
508.995 4263.44 586.288 0.666991 7.94151 6.75893
510.075 4263.44 439.72 0.80736 7.7614 23.8864
511.155 4263.44 286.553 0.701912 7.70942 10.1758
512.235 4263.44 227.11 0.568239 12.9381 13.5354
513.315 4263.44 377.779 0.681322 8.37498 9.80556
514.395 4263.44 417.197 0.6024 10.7658 8.48503
515.475 4263.44 576.228 0.60873 8.56121 3.93918
516.555 4263.44 703.803 0.706314 8.65939 16.2966
517.635 4263.44 593.632 0.666353 9.20514 17.661
518.715 4263.44 691.558 0.638973 7.63269 10.2781
519.795 4263.44 502.072 0.720522 11.5088 25.8075
520.875 4263.44 605.626 0.692241 7.4978 10.3872
521.955 4263.44 555.135 0.611021 8.74656 4.83511
523.035 4263.44 480.716 0.614634 8.83263 6.27924
524.115 4263.44 381.208 0.418016 14.4142 9.48186
525.195 4263.44 533.873 0.640934 8.37024 9.00924
526.275 4263.44 451.848 0.574729 10.5001 8.80077
527.355 4263.44 496.638 0.632108 8.1609 7.44379
528.435 4263.44 521.687 0.598915 9.15486 5.96406
529.515 4263.44 628.549 0.669511 7.79495 10.6178
530.595 4263.44 482.142 0.51391 11.9573 4.81637
531.675 4263.44 727.66 0.597262 8.29461 2.51809
532.755 4263.44 697.439 0.694217 7.73491 14.9271
533.835 4263.44 495.538 0.655838 11.0942 20.3399
534.915 4263.44 603.094 0.762297 7.65991 25.8855
535.995 4263.44 725.502 0.641637 7.71963 21.5792
537.075 4263.44 632.853 0.736394 8.59281 30.3611
538.155 4263.44 903.073 0.670821 7.48303 34.3886
539.235 4263.44 985.794 0.608281 8.43185 8.78406
540.315 4263.44 1034.47 0.769432 7.7734 28.5192
541.395 4263.44 1168.28 0.543719 10.0568 3.75228
542.475 4263.44 917.974 0.710413 7.67345 22.8095
543.555 4263.44 614.202 0.514359 9.90839 19.6365
544.635 4263.44 441.481 0.46739 11.2572 10.0863
545.715 4263.44 344.368 0.626169 8.60929 7.09066
546.795 4263.44 276.165 0.558927 9.54405 4.5548
547.875 4263.44 217.607 0.548538 9.6426 2.2001
548.955 4263.44 174.243 0.486399 12.0132 2.60668
550.035 4263.44 142.037 0.4573 13.4959 6.74412
551.115 4263.44 96.3458 0.533874 9.41827 3.68696
552.195 4263.44 52.2509 0.433804 13.2566 1.15371
553.275 4263.44 50.2241 0.511272 10.4451 0.533022
554.355 4263.44 49.3662 0.333555 19.0225 0.789914
555.435 4263.44 49.9784 0.506923 10.4451 0.317644
556.515 4263.44 47.2382 0.415115 13.4409 0.933327
557.595 4263.44 49.2018 0.445514 12.2369 1.49882
558.675 4263.44 57.136 0.419676 13.1532 0.5009
559.755 4263.44 60.5018 0.472018 11.1383 1.10224
560.835 4263.44 61.5244 0.416916 12.93 1.24682
561.915 4263.44 60.6305 0.491325 10.4242 0.48622
562.995 4263.44 53.6311 0.412967 13.0101 0.810564
564.075 4263.44 51.4719 0.485111 10.4451 0.667184
565.155 4263.44 44.0127 0.409619 13.0101 0.604616
566.235 4263.44 50.3812 0.371888 14.2518 1.88401
567.315 4263.44 56.711 0.483184 10.4451 0.571559
568.395 4263.44 63.8785 0.477105 10.4451 0.540125
569.475 4263.44 62.9688 0.441977 11.461 1.2118
570.555 4263.44 68.4953 0.475005 10.3828 0.588582
571.635 4263.44 72.1394 0.298847 17.3608 0.558675
572.715 4263.44 70.1134 0.393905 13.1532 0.148578
573.795 4263.44 70.6476 0.446804 11.1383 0.662585
574.875 4263.44 73.2517 0.466141 10.4451 0.684425
575.955 4263.44 82.2986 0.358967 14.073 0.526106
577.035 4263.44 93.1322 0.475775 9.8351 1.67
578.115 4263.44 102.23 0.456305 10.4928 1.10925
579.195 4263.44 98.2072 0.34787 14.2643 0.799796
580.275 4263.44 93.8501 0.405641 11.9842 1.94334
581.355 4263.44 86.1774 0.452528 10.4119 1.36178
582.435 4263.44 88.5948 0.454029 9.40416 6.48448
583.515 4263.44 91.6017 0.453225 9.99474 3.0182
584.595 4263.44 96.5126 0.414532 11.5877 1.32621
585.675 4263.44 102.353 0.472258 9.52987 1.37952
586.755 4263.44 85.2035 0.330045 14.4118 1.20294
587.835 4263.44 74.4807 0.443837 10.2486 2.44098
588.915 4263.44 71.7524 0.273248 16.8201 0.428592
589.995 4263.44 78.8875 0.42633 11.1383 0.192329
591.075 4263.44 80.7669 0.420815 11.1383 1.12814
592.155 4263.44 79.8757 0.444869 10.4451 0.0243609
593.235 4263.44 80.2487 0.392414 12.0546 0.837223
594.315 4263.44 79.9431 0.440828 10.4451 0.34918
595.395 4263.44 79.3315 0.347796 13.664 0.372111
596.475 4263.44 80.467 0.265079 17.8929 0.300016
597.555 4263.44 82.9203 0.265609 17.7422 0.26682
598.635 4263.44 84.6352 0.438034 10.4451 0.0793334
599.715 4263.44 86.138 0.354484 13.2783 0.315508
600.795 4263.44 88.5332 0.43409 10.4451 0.244486
601.875 4263.44 90.2485 0.436738 10.4451 0.439531
602.955 4263.44 91.3882 0.434296 10.4451 0.192563
604.035 4263.44 91.0359 0.364579 12.7477 0.555945
605.115 4263.44 94.1177 0.433679 10.4451 0.236492

456.075 4262.35 789.917 0.590189 8.19611 14.0226
457.155 4262.35 907.445 0.65871 7.63674 26.0773
458.235 4262.35 679.026 0.60885 7.08601 27.042
459.315 4262.35 537.366 0.64729 7.47174 26.1918
460.395 4262.35 332.896 0.509454 8.97969 2.81437
461.475 4262.35 279.42 0.39997 11.5411 6.85948
462.555 4262.35 444.544 0.473757 7.94392 16.4447
463.635 4262.35 405.307 0.524606 7.89579 12.2018
464.715 4262.35 203.147 0.468104 8.59964 16.1241
465.795 4262.35 73.8961 0.491582 9.54786 7.38695
466.875 4262.35 27.0903 0.377462 13.2885 1.98756
467.955 4262.35 3.24823 0.366643 13.6234 0.851581
469.035 4262.35 -120 -0.06 0 0
470.115 4262.35 -120 -0.06 0 0
471.195 4262.35 -120 -0.06 0 0
472.275 4262.35 -120 -0.06 0 0
473.355 4262.35 3.64485 0.505407 9.37712 2.45283
474.435 4262.35 66.4928 0.484804 8.22098 9.45562
475.515 4262.35 80.9232 0.485903 8.34279 8.83367
476.595 4262.35 5.54243 0.482332 10.0407 3.00824
477.675 4262.35 -120 -0.06 0 0
478.755 4262.35 -120 -0.06 0 0
479.835 4262.35 -120 -0.06 0 0
480.915 4262.35 -120 -0.06 0 0
481.995 4262.35 -120 -0.06 0 0
483.075 4262.35 -120 -0.06 0 0
484.155 4262.35 -120 -0.06 0 0
485.235 4262.35 -120 -0.06 0 0
486.315 4262.35 -120 -0.06 0 0
487.395 4262.35 -120 -0.06 0 0
488.475 4262.35 -120 -0.06 0 0
489.555 4262.35 -120 -0.06 0 0
490.635 4262.35 -120 -0.06 0 0
491.715 4262.35 -120 -0.06 0 0
492.795 4262.35 -120 -0.06 0 0
493.875 4262.35 0.863185 0.511381 10.4451 0.288225
494.955 4262.35 -120 -0.06 0 0
496.035 4262.35 2.16422 0.494755 11.1383 0.632299
497.115 4262.35 3.86966 0.520028 10.4451 0.31372
498.195 4262.35 5.52969 0.522901 10.4451 0.839942
499.275 4262.35 3.74681 0.529452 10.4451 0.482989
500.355 4262.35 2.50973 0.488505 11.8314 0.617865
501.435 4262.35 6.6402 0.540717 10.4451 0.953928
502.515 4262.35 4.77197 0.542683 10.4451 1.15653
503.595 4262.35 3.98419 0.542487 10.4451 0.978049
504.675 4262.35 86.6383 0.660407 7.93181 7.45022
505.755 4262.35 163.948 0.650921 7.89952 11.3979
506.835 4262.35 252.499 0.688792 7.76806 11.4716
507.915 4262.35 324.334 0.700253 7.53009 10.133
508.995 4262.35 374.447 0.658806 7.54049 16.8252
510.075 4262.35 223.705 0.654202 8.87411 8.86665
511.155 4262.35 154.652 0.443683 13.1956 15.4676
512.235 4262.35 385.305 0.664738 8.02698 11.9964
513.315 4262.35 261.214 0.590923 11.9572 10.4653
514.395 4262.35 389.758 0.616949 8.1541 13.2406
515.475 4262.35 686.038 0.72611 7.74575 12.6928
516.555 4262.35 726.446 0.69281 7.75201 10.3378
517.635 4262.35 492.046 0.717515 7.84023 25.0389
518.715 4262.35 535.904 0.650016 7.50795 2.17014
519.795 4262.35 410.926 0.715946 7.37828 12.0079
520.875 4262.35 412.441 0.47344 10.718 18.6546
521.955 4262.35 483.346 0.63421 8.78077 7.0963
523.035 4262.35 386.543 0.581724 10.7508 8.99889
524.115 4262.35 412.728 0.641682 8.2088 7.28516
525.195 4262.35 403.172 0.639667 8.18264 7.3137
526.275 4262.35 337.632 0.497178 12.007 2.46204
527.355 4262.35 379.469 0.59053 9.25187 7.51656
528.435 4262.35 381.498 0.569521 10.5238 8.56586
529.515 4262.35 461.704 0.637253 8.50915 9.65436
530.595 4262.35 381.741 0.495154 12.4089 4.33823
531.675 4262.35 476.528 0.684454 8.22572 14.1835
532.755 4262.35 501.569 0.638225 7.80266 6.25099
533.835 4262.35 489.989 0.63886 8.17959 13.238
534.915 4262.35 498.007 0.608333 8.68788 15.0925
535.995 4262.35 557.911 0.634713 7.95379 6.944
537.075 4262.35 492.278 0.472699 12.6009 6.26446
538.155 4262.35 818.59 0.757529 8.27005 24.1708
539.235 4262.35 934.91 0.713558 7.36714 17.1547
540.315 4262.35 848.035 0.690362 7.53561 16.9564
541.395 4262.35 1134.66 0.720975 7.19609 16.6442
542.475 4262.35 1021.57 0.676934 6.99386 18.6173
543.555 4262.35 745.835 0.684205 7.26832 20.5689
544.635 4262.35 505.679 0.57582 11.0183 14.6171
545.715 4262.35 354.981 0.574611 8.49264 7.23644
546.795 4262.35 262.661 0.58015 8.68074 3.90047
547.875 4262.35 215.716 0.547656 9.8896 2.31665
548.955 4262.35 183.707 0.515165 10.6126 1.29214
550.035 4262.35 154.787 0.509507 10.796 1.19555
551.115 4262.35 120.532 0.468605 11.7655 3.50818
552.195 4262.35 89.2435 0.520969 9.58559 3.46623
553.275 4262.35 55.9027 0.510862 10.4451 0.376457
554.355 4262.35 55.1022 0.508913 10.4451 0.848488
555.435 4262.35 50.012 0.508548 10.4451 0.492112
556.515 4262.35 50.0332 0.501326 10.4451 0.527342
557.595 4262.35 55.2122 0.419518 13.1532 1.00025
558.675 4262.35 65.4692 0.496975 10.2878 1.34688
559.755 4262.35 74.5424 0.500716 10.0904 1.15703
560.835 4262.35 73.7121 0.443962 11.9419 1.31335
561.915 4262.35 71.9852 0.438017 12.1597 0.824165
562.995 4262.35 65.1108 0.489669 10.2124 1.43489
564.075 4262.35 60.4009 0.493191 10.0676 0.961327
565.155 4262.35 53.2732 0.453169 11.4092 0.827875
566.235 4262.35 54.578 0.377272 14.0286 0.571858
567.315 4262.35 59.9255 0.422502 12.391 0.673586
568.395 4262.35 70.2887 0.444848 11.5437 0.573733
569.475 4262.35 76.6268 0.480997 10.2638 1.06047
570.555 4262.35 79.9764 0.433359 11.7226 0.896514
571.635 4262.35 78.5625 0.417126 12.2369 0.809288
572.715 4262.35 82.5636 0.470008 10.4451 0.354083
573.795 4262.35 81.955 0.417406 12.0546 1.11218
574.875 4262.35 82.8784 0.427431 11.7895 0.930787
575.955 4262.35 98.1039 0.442798 11.126 1.17119
577.035 4262.35 114.014 0.455433 10.6254 0.928899
578.115 4262.35 127.502 0.48013 9.64118 1.2663
579.195 4262.35 132.588 0.486102 9.6589 1.72569
580.275 4262.35 129.29 0.444457 10.4644 2.98427
581.355 4262.35 128.069 0.478687 9.25581 3.34116
582.435 4262.35 126.369 0.481077 9.04868 7.28185
583.515 4262.35 199.089 0.484434 8.07115 7.89052
584.595 4262.35 165.944 0.466606 9.318 3.88102
585.675 4262.35 143.891 0.481326 8.62824 7.14353
586.755 4262.35 121.277 0.3885 12.2608 2.07625
587.835 4262.35 108.408 0.41491 11.3262 1.95592
588.915 4262.35 81.5555 0.389543 12.3037 0.968879
589.995 4262.35 87.4847 0.424302 11.1207 0.958258
591.075 4262.35 89.5229 0.424014 11.1383 0.337391
592.155 4262.35 84.0345 0.268699 16.8861 0.481004
593.235 4262.35 86.7252 0.439026 10.4451 0.795345
594.315 4262.35 83.9446 0.295231 15.4219 0.484627
595.395 4262.35 87.3841 0.438402 10.4451 0.701161
596.475 4262.35 85.6655 0.374696 12.6423 0.250679
597.555 4262.35 86.0462 0.40516 11.5437 0.324738
598.635 4262.35 83.654 0.264748 17.7368 0.262196
599.715 4262.35 86.0092 0.26158 17.0612 0.225801
600.795 4262.35 87.7701 0.262106 17.0174 0.192872
601.875 4262.35 89.5069 0.260432 16.9991 0.175886
602.955 4262.35 90.0133 0.28901 15.4423 0.233112
604.035 4262.35 91.6963 0.375171 12.391 0.416815
605.115 4262.35 95.0807 0.431494 10.4451 0.197173

456.075 4261.27 611.25 0.6894 8.84806 22.8427
457.155 4261.27 715.282 0.6933 7.04257 24.024
458.235 4261.27 648.307 0.745156 6.96193 25.1844
459.315 4261.27 455.51 0.58642 7.54787 19.6911
460.395 4261.27 347.833 0.528228 8.58643 1.23294
461.475 4261.27 428.829 0.535198 7.98871 3.68463
462.555 4261.27 642.178 0.547943 8.4614 4.87724
463.635 4261.27 379.011 0.658667 7.70092 22.5858
464.715 4261.27 237.377 0.449528 9.83763 19.181
465.795 4261.27 160.665 0.539031 8.50724 26.1044
466.875 4261.27 47.1543 0.452599 10.4617 3.11891
467.955 4261.27 1.69802 0.376644 13.1464 0.486227
469.035 4261.27 -120 -0.06 0 0
470.115 4261.27 -120 -0.06 0 0
471.195 4261.27 -120 -0.06 0 0
472.275 4261.27 -120 -0.06 0 0
473.355 4261.27 6.99846 0.518092 8.99391 4.47617
474.435 4261.27 62.9648 0.483725 9.83705 3.11746
475.515 4261.27 159.644 0.572036 8.25011 12.8132
476.595 4261.27 5.73467 0.502287 9.24417 2.21552
477.675 4261.27 -120 -0.06 0 0
478.755 4261.27 -120 -0.06 0 0
479.835 4261.27 -120 -0.06 0 0
480.915 4261.27 -120 -0.06 0 0
481.995 4261.27 -120 -0.06 0 0
483.075 4261.27 -120 -0.06 0 0
484.155 4261.27 -120 -0.06 0 0
485.235 4261.27 -120 -0.06 0 0
486.315 4261.27 -120 -0.06 0 0
487.395 4261.27 -120 -0.06 0 0
488.475 4261.27 -120 -0.06 0 0
489.555 4261.27 -120 -0.06 0 0
490.635 4261.27 -120 -0.06 0 0
491.715 4261.27 -120 -0.06 0 0
492.795 4261.27 -120 -0.06 0 0
493.875 4261.27 -120 -0.06 0 0
494.955 4261.27 2.68102 0.510015 10.4451 0.826923
496.035 4261.27 2.93552 0.515179 10.4451 0.97048
497.115 4261.27 3.59201 0.522979 10.4451 0.777968
498.195 4261.27 3.28336 0.505998 11.1383 0.12986
499.275 4261.27 3.01579 0.529127 10.4451 0.211259
500.355 4261.27 6.0561 0.534424 10.4451 0.648219
501.435 4261.27 6.36657 0.537872 10.4451 0.15771
502.515 4261.27 -120 -0.06 0 0
503.595 4261.27 3.45309 0.528464 11.1383 0.398586
504.675 4261.27 4.47701 0.559762 10.1195 1.60771
505.755 4261.27 20.9281 0.501465 13.0287 3.53133
506.835 4261.27 78.75 0.548332 12.2165 9.00825
507.915 4261.27 204.124 0.703609 7.94756 11.5326
508.995 4261.27 167.341 0.772546 7.80564 18.7885
510.075 4261.27 94.1271 0.641655 8.86351 4.32995
511.155 4261.27 133.873 0.741409 8.72747 17.0636
512.235 4261.27 162.727 0.498891 13.8121 6.94424
513.315 4261.27 206.967 0.666983 8.49915 5.16623
514.395 4261.27 341.871 0.636536 8.76141 14.3044
515.475 4261.27 506.302 0.785611 7.22243 17.4739
516.555 4261.27 423.435 0.791165 8.846 23.928
517.635 4261.27 431.041 0.695545 8.03953 11.2374
518.715 4261.27 354.679 0.552037 9.07865 11.6918
519.795 4261.27 294.503 0.655106 8.43622 6.39856
520.875 4261.27 411.898 0.610011 8.25947 12.2465
521.955 4261.27 524.23 0.556269 8.87949 10.7482
523.035 4261.27 432.279 0.640546 7.93529 14.5761
524.115 4261.27 340.618 0.546191 9.07537 12.8955
525.195 4261.27 301.481 0.412566 15.1056 2.31917
526.275 4261.27 312.21 0.572166 9.16481 3.40621
527.355 4261.27 319.201 0.597345 8.89894 4.36386
528.435 4261.27 312.312 0.498402 11.7538 4.51171
529.515 4261.27 318.47 0.593339 9.2197 7.22903
530.595 4261.27 333.626 0.55053 9.3591 1.21049
531.675 4261.27 405.705 0.638919 8.33451 9.03799
532.755 4261.27 378.311 0.569857 9.33959 13.5302
533.835 4261.27 356.936 0.476853 13.3605 18.8294
534.915 4261.27 413.412 0.601415 8.00753 6.42869
535.995 4261.27 429.67 0.638421 7.89044 12.6576
537.075 4261.27 483.149 0.629134 7.91211 17.5889
538.155 4261.27 586.513 0.643251 8.1126 10.9323
539.235 4261.27 657.719 0.729865 7.23218 16.1033
540.315 4261.27 706.253 0.588042 9.50549 23.8971
541.395 4261.27 942.605 0.638386 7.235 19.9575
542.475 4261.27 999.829 0.531413 8.27858 15.0307
543.555 4261.27 801.877 0.53685 7.57504 19.3822
544.635 4261.27 688.408 0.582773 7.62448 12.9187
545.715 4261.27 387.531 0.554045 9.09971 5.82758
546.795 4261.27 248.541 0.568559 10.1235 7.24204
547.875 4261.27 191.815 0.529871 10.4782 2.16595
548.955 4261.27 168.314 0.503288 11.2044 1.34263
550.035 4261.27 151.557 0.537026 9.84883 0.893064
551.115 4261.27 147.083 0.512884 10.4451 2.42967
552.195 4261.27 96.7256 0.505405 11.3179 3.36456
553.275 4261.27 59.489 0.334058 18.9858 0.950601
554.355 4261.27 67.4378 0.524861 9.25807 3.13982
555.435 4261.27 52.9483 0.492437 10.6483 1.41264
556.515 4261.27 56.0825 0.499305 10.4289 0.615085
557.595 4261.27 61.4116 0.380964 14.5614 0.24644
558.675 4261.27 77.3673 0.504893 10.025 1.16234
559.755 4261.27 89.0737 0.502917 10.0071 1.40682
560.835 4261.27 96.1631 0.499236 9.94302 1.51478
561.915 4261.27 91.2468 0.498935 9.96413 1.09179
562.995 4261.27 89.8697 0.509164 9.39745 1.79164
564.075 4261.27 91.8704 0.47602 10.0998 4.00069
565.155 4261.27 98.6601 0.510189 8.70281 4.81815
566.235 4261.27 88.3988 0.428581 11.6681 3.53511
567.315 4261.27 88.6648 0.428283 11.7312 2.80198
568.395 4261.27 101.41 0.435497 11.1573 4.18599
569.475 4261.27 85.3935 0.389326 13.3239 0.722763
570.555 4261.27 95.4622 0.471996 10.3663 1.0916
571.635 4261.27 91.5212 0.476714 10.2872 0.579171
572.715 4261.27 92.5196 0.446708 11.1202 0.844659
573.795 4261.27 90.4387 0.453338 10.9386 0.493939
574.875 4261.27 89.9788 0.432231 11.6052 1.73343
575.955 4261.27 111.095 0.418103 12.0334 2.33934
577.035 4261.27 135.922 0.488711 9.44971 1.42599
578.115 4261.27 157.685 0.484835 9.35266 1.74583
579.195 4261.27 151.774 0.375576 12.7057 3.77883
580.275 4261.27 217.17 0.546762 8.10049 8.08014
581.355 4261.27 165.731 0.489365 9.56411 4.67889
582.435 4261.27 124.715 0.45823 11.5884 9.42621
583.515 4261.27 231.882 0.530746 8.39491 9.91291
584.595 4261.27 254.319 0.493971 7.5633 16.3525
585.675 4261.27 189.316 0.355 13.2623 3.11777
586.755 4261.27 183.43 0.430915 11.4264 11.1804
587.835 4261.27 179.431 0.470534 8.76056 5.49207
588.915 4261.27 132.401 0.449521 9.76833 4.98169
589.995 4261.27 101.592 0.409542 11.5241 1.12468
591.075 4261.27 96.3776 0.434198 10.9204 0.818262
592.155 4261.27 93.5262 0.421443 11.1383 0.559806
593.235 4261.27 92.3897 0.368606 12.93 0.558219
594.315 4261.27 90.7409 0.407052 11.507 0.729017
595.395 4261.27 96.7475 0.443256 10.1819 1.36448
596.475 4261.27 94.7766 0.390151 12.036 0.789878
597.555 4261.27 94.2585 0.262188 16.6873 0.473577
598.635 4261.27 86.7091 0.26072 16.9976 0.585017
599.715 4261.27 93.204 0.433964 10.4451 0.693833
600.795 4261.27 94.6937 0.364047 12.7477 0.792492
601.875 4261.27 97.374 0.429686 10.4451 0.875971
602.955 4261.27 96.1419 0.433251 10.4451 0.1731
604.035 4261.27 95.2435 0.357467 12.93 0.666021
605.115 4261.27 94.2392 0.314987 14.4341 0.362951

456.075 4260.19 390.732 0.39774 11.3986 10.5019
457.155 4260.19 558.16 0.638946 7.45054 15.8128
458.235 4260.19 421.717 0.530843 9.60783 5.95532
459.315 4260.19 543.59 0.588849 7.25578 21.5198
460.395 4260.19 298.455 0.382062 13.5199 0.396606
461.475 4260.19 405.498 0.549998 7.62943 9.70326
462.555 4260.19 513.01 0.587322 8.73283 14.7385
463.635 4260.19 420.306 0.498084 8.17562 7.77599
464.715 4260.19 397.306 0.524731 8.15209 17.5134
465.795 4260.19 290.215 0.554867 7.53785 13.8429
466.875 4260.19 75.8533 0.472523 9.25662 4.32694
467.955 4260.19 15.5974 0.447433 10.5317 3.20321
469.035 4260.19 1.73229 0.461221 10.3717 1.35029
470.115 4260.19 -120 -0.06 0 0
471.195 4260.19 -120 -0.06 0 0
472.275 4260.19 -120 -0.06 0 0
473.355 4260.19 0.805977 0.481437 9.94321 0.201398
474.435 4260.19 69.2525 0.499499 8.48085 9.45348
475.515 4260.19 81.851 0.511379 9.28261 2.5574
476.595 4260.19 38.6779 0.487825 9.6385 4.15214
477.675 4260.19 3.91071 0.501325 9.25504 1.34516
478.755 4260.19 -120 -0.06 0 0
479.835 4260.19 -120 -0.06 0 0
480.915 4260.19 -120 -0.06 0 0
481.995 4260.19 -120 -0.06 0 0
483.075 4260.19 -120 -0.06 0 0
484.155 4260.19 -120 -0.06 0 0
485.235 4260.19 -120 -0.06 0 0
486.315 4260.19 -120 -0.06 0 0
487.395 4260.19 -120 -0.06 0 0
488.475 4260.19 -120 -0.06 0 0
489.555 4260.19 -120 -0.06 0 0
490.635 4260.19 -120 -0.06 0 0
491.715 4260.19 -120 -0.06 0 0
492.795 4260.19 -120 -0.06 0 0
493.875 4260.19 -120 -0.06 0 0
494.955 4260.19 1.39636 0.518863 10.4451 0.62967
496.035 4260.19 2.46572 0.521441 10.4451 0.422406
497.115 4260.19 2.32076 0.492601 11.5437 0.229668
498.195 4260.19 2.05875 0.527641 10.4451 0.160389
499.275 4260.19 2.1392 0.533878 10.4451 0.41212
500.355 4260.19 0.762418 0.537122 10.4451 0.206577
501.435 4260.19 1.89627 0.542196 10.4451 0.413718
502.515 4260.19 -120 -0.06 0 0
503.595 4260.19 3.11142 0.550378 10.4451 0.732089
504.675 4260.19 3.31311 0.53909 11.1383 0.578061
505.755 4260.19 6.94954 0.582109 10.0807 1.53436
506.835 4260.19 18.5275 0.636556 8.51281 8.04209
507.915 4260.19 59.0747 0.618959 9.94357 5.28472
508.995 4260.19 33.9885 0.619965 9.64381 5.18611
510.075 4260.19 40.0071 0.495558 13.7007 2.92834
511.155 4260.19 165.776 0.667397 8.11784 14.9951
512.235 4260.19 109.478 0.517466 13.0798 4.74415
513.315 4260.19 157.081 0.615675 9.06947 8.39496
514.395 4260.19 423.632 0.655011 8.41005 5.51502
515.475 4260.19 270.384 0.768277 8.34544 18.976
516.555 4260.19 172.599 0.719218 8.17786 12.0907
517.635 4260.19 197.362 0.46758 12.6839 11.0971
518.715 4260.19 313.44 0.677246 8.12311 6.72213
519.795 4260.19 213.933 0.631334 8.39053 8.40627
520.875 4260.19 303.823 0.667881 9.04488 11.3031
521.955 4260.19 305.83 0.674906 8.42052 12.1008
523.035 4260.19 291.913 0.607068 8.90497 3.04514
524.115 4260.19 380.756 0.649422 8.02307 6.33068
525.195 4260.19 379.432 0.581958 9.0262 0.421232
526.275 4260.19 288.605 0.452427 11.4983 11.302
527.355 4260.19 297.723 0.47863 14.7109 12.514
528.435 4260.19 270.709 0.457849 13.1117 1.75533
529.515 4260.19 271.785 0.531289 10.4016 1.98826
530.595 4260.19 274.501 0.578728 9.40837 4.87681
531.675 4260.19 306.5 0.590275 8.68277 2.87911
532.755 4260.19 337.978 0.589383 8.31699 5.62954
533.835 4260.19 293.839 0.443802 13.5572 6.36254
534.915 4260.19 303.307 0.535375 10.9386 5.61156
535.995 4260.19 374.433 0.603309 8.84546 5.16965
537.075 4260.19 364.724 0.608057 9.05256 7.4258
538.155 4260.19 393.562 0.615246 8.8366 7.26782
539.235 4260.19 458.431 0.611014 7.68126 16.3381
540.315 4260.19 521.046 0.602718 10.0327 11.1932
541.395 4260.19 668.053 0.79055 7.72645 24.1923
542.475 4260.19 877.419 0.698951 7.26174 13.0379
543.555 4260.19 861.86 0.75788 7.38781 32.6659
544.635 4260.19 689.095 0.660991 6.97967 26.8519
545.715 4260.19 393.479 0.546134 8.01361 9.37179
546.795 4260.19 248.819 0.520771 9.95517 7.73973
547.875 4260.19 184.863 0.563454 9.11471 2.27846
548.955 4260.19 153.96 0.541898 9.52797 1.98198
550.035 4260.19 133.978 0.474668 11.8453 1.14677
551.115 4260.19 134.36 0.572112 9.1305 6.34832
552.195 4260.19 112.952 0.565206 8.56148 1.37567
553.275 4260.19 61.8236 0.332207 18.9845 0.642919
554.355 4260.19 79.7772 0.474489 10.8781 3.33736
555.435 4260.19 88.3825 0.428756 13.0824 1.71937
556.515 4260.19 96.9534 0.517207 9.39291 3.71204
557.595 4260.19 81.8661 0.396378 13.2272 4.13543
558.675 4260.19 103.035 0.504924 9.96799 1.46529
559.755 4260.19 120.816 0.516761 9.01791 3.41284
560.835 4260.19 108.728 0.329419 16.1463 0.653269
561.915 4260.19 114.565 0.518288 9.16654 4.63076
562.995 4260.19 122.592 0.528774 8.70146 1.90159
564.075 4260.19 135.851 0.421679 12.0906 4.28213
565.155 4260.19 169.179 0.505608 8.85748 4.46828
566.235 4260.19 177.145 0.44146 10.9692 6.28579
567.315 4260.19 176.291 0.428272 11.2538 6.16376
568.395 4260.19 196.108 0.452152 10.4481 6.90235
569.475 4260.19 141.108 0.505876 8.11604 8.14143
570.555 4260.19 103.271 0.494251 9.47257 1.39358
571.635 4260.19 99.3798 0.471329 10.4337 0.724828
572.715 4260.19 108.47 0.491046 8.67283 6.37919
573.795 4260.19 220.435 0.487777 7.89003 18.9156
574.875 4260.19 356.654 0.529433 7.99625 4.64817
575.955 4260.19 364.422 0.623349 7.40693 17.5422
577.035 4260.19 306.068 0.494214 7.63082 10.7728
578.115 4260.19 234.792 0.410041 12.0769 14.9703
579.195 4260.19 211.523 0.51688 8.3884 5.79831
580.275 4260.19 217.664 0.516788 8.99483 6.24236
581.355 4260.19 231.98 0.487256 9.79556 10.2804
582.435 4260.19 167.874 0.466298 8.77633 12.0115
583.515 4260.19 315.373 0.513681 7.78952 5.34288
584.595 4260.19 263.885 0.479117 10.1965 12.9155
585.675 4260.19 269.608 0.372393 12.8529 12.4793
586.755 4260.19 239.51 0.479486 9.57923 8.66597
587.835 4260.19 294.807 0.477095 9.05501 11.3364
588.915 4260.19 258.958 0.464734 8.08402 16.2295
589.995 4260.19 126.574 0.300295 15.6043 3.84088
591.075 4260.19 124.671 0.462961 8.85923 5.50987
592.155 4260.19 102.299 0.446781 10.2494 0.628578
593.235 4260.19 102.634 0.401578 11.6181 1.37345
594.315 4260.19 100.207 0.332597 14.1087 0.592407
595.395 4260.19 115.306 0.450613 9.93518 1.1442
596.475 4260.19 111.811 0.431586 10.4558 1.34353
597.555 4260.19 105.68 0.446775 10.2157 0.386446
598.635 4260.19 106.492 0.324303 14.1262 1.31902
599.715 4260.19 101.286 0.324596 14.1087 0.915404
600.795 4260.19 108.434 0.403858 11.3865 0.840655
601.875 4260.19 104.156 0.367938 12.6423 0.691139
602.955 4260.19 103.147 0.429784 10.4451 0.519068
604.035 4260.19 104.85 0.430058 10.4045 0.682001
605.115 4260.19 104.653 0.32293 14.1182 0.580904

456.075 4259.11 402.326 0.524966 9.20184 2.26323
457.155 4259.11 411.342 0.499499 8.78936 4.64223
458.235 4259.11 375.126 0.361971 14.2427 0.898914
459.315 4259.11 393.033 0.629327 7.64066 16.2146
460.395 4259.11 291.871 0.37081 13.8879 1.02631
461.475 4259.11 326.098 0.525536 8.94104 10.0608
462.555 4259.11 273.436 0.599158 8.51192 19.0465
463.635 4259.11 89.7472 0.576598 8.56703 9.99786
464.715 4259.11 123.254 0.525366 8.85376 3.12358
465.795 4259.11 159.286 0.750976 7.54226 25.8136
466.875 4259.11 129.379 0.519923 8.53917 4.50926
467.955 4259.11 52.4497 0.516145 8.05521 7.89887
469.035 4259.11 3.44222 0.393134 12.7057 1.3676
470.115 4259.11 -120 -0.06 0 0
471.195 4259.11 -120 -0.06 0 0
472.275 4259.11 -120 -0.06 0 0
473.355 4259.11 5.01793 0.46616 10.804 3.34059
474.435 4259.11 32.7329 0.571249 8.21868 10.2581
475.515 4259.11 6.07356 0.461618 10.6805 0.839579
476.595 4259.11 57.4575 0.537867 8.46791 9.96877
477.675 4259.11 27.1567 0.533219 9.46833 5.86028
478.755 4259.11 -120 -0.06 0 0
479.835 4259.11 -120 -0.06 0 0
480.915 4259.11 -120 -0.06 0 0
481.995 4259.11 -120 -0.06 0 0
483.075 4259.11 -120 -0.06 0 0
484.155 4259.11 -120 -0.06 0 0
485.235 4259.11 -120 -0.06 0 0
486.315 4259.11 -120 -0.06 0 0
487.395 4259.11 -120 -0.06 0 0
488.475 4259.11 -120 -0.06 0 0
489.555 4259.11 -120 -0.06 0 0
490.635 4259.11 -120 -0.06 0 0
491.715 4259.11 -120 -0.06 0 0
492.795 4259.11 -120 -0.06 0 0
493.875 4259.11 -120 -0.06 0 0
494.955 4259.11 -120 -0.06 0 0
496.035 4259.11 1.07512 0.479822 11.8314 0.169735
497.115 4259.11 0.747339 0.435917 13.3896 0.911077
498.195 4259.11 1.13413 0.475296 12.2369 0.298624
499.275 4259.11 0.844327 0.475847 12.5246 0.604509
500.355 4259.11 0.973016 0.53601 10.4451 0.520545
501.435 4259.11 -120 -0.06 0 0
502.515 4259.11 1.06207 0.548612 10.4451 0.413478
503.595 4259.11 0.54717 0.53387 11.1383 0.712431
504.675 4259.11 2.79943 0.563413 10.4451 0.449951
505.755 4259.11 3.10246 0.566798 10.4451 0.491217
506.835 4259.11 2.51809 0.572497 10.4451 0.552607
507.915 4259.11 4.33891 0.591788 10.1422 0.254842
508.995 4259.11 58.2945 0.613603 8.75948 11.806
510.075 4259.11 22.0996 0.438797 15.4547 0.429587
511.155 4259.11 46.9403 0.503476 13.4117 1.82308
512.235 4259.11 102.288 0.67025 8.55737 9.65901
513.315 4259.11 149.249 0.744888 8.29935 16.5194
514.395 4259.11 173.809 0.614052 9.69857 4.59714
515.475 4259.11 96.8933 0.610452 10.5908 6.99775
516.555 4259.11 85.5426 0.537088 12.5292 8.60754
517.635 4259.11 159.21 0.649205 9.42754 6.82752
518.715 4259.11 218.564 0.654024 8.50394 3.75937
519.795 4259.11 130.083 0.657143 8.48392 5.12712
520.875 4259.11 131.739 0.572288 11.6996 8.35905
521.955 4259.11 159.94 0.561287 11.3959 5.39878
523.035 4259.11 214.656 0.589342 9.10474 5.75667
524.115 4259.11 261.474 0.585548 10.7834 9.76253
525.195 4259.11 341.593 0.565157 9.7754 3.75215
526.275 4259.11 346.661 0.601067 8.64563 3.24092
527.355 4259.11 336.158 0.579897 8.95156 6.24197
528.435 4259.11 248.572 0.576979 8.93058 1.58669
529.515 4259.11 243.825 0.55103 9.70334 1.23136
530.595 4259.11 237.087 0.448143 13.1568 1.93715
531.675 4259.11 243.032 0.470265 12.5163 2.37761
532.755 4259.11 265.12 0.551477 9.73692 3.20847
533.835 4259.11 254.405 0.536347 10.2482 3.88384
534.915 4259.11 246.887 0.470712 12.9304 3.56262
535.995 4259.11 257.44 0.599371 8.57778 5.37379
537.075 4259.11 281.19 0.602808 8.64451 5.12723
538.155 4259.11 283.617 0.474145 12.5575 6.93227
539.235 4259.11 325.825 0.574951 9.73096 6.37603
540.315 4259.11 346.28 0.546892 10.8417 6.18083
541.395 4259.11 401.132 0.666665 8.39693 14.3959
542.475 4259.11 546.834 0.711557 8.19239 18.4752
543.555 4259.11 636.729 0.675102 7.03542 14.0494
544.635 4259.11 625.869 0.76805 7.35354 24.1283
545.715 4259.11 511.635 0.620732 7.41118 14.9628
546.795 4259.11 240.191 0.555947 8.6668 8.57845
547.875 4259.11 162.147 0.487049 11.5745 1.75075
548.955 4259.11 136.964 0.507454 10.9408 2.1429
550.035 4259.11 122.447 0.545131 9.63201 1.96354
551.115 4259.11 114.834 0.526789 9.82359 0.571762
552.195 4259.11 69.48 0.334785 18.5016 0.749331
553.275 4259.11 85.8222 0.527083 9.13314 3.32849
554.355 4259.11 116.168 0.520843 10.4451 3.28214
555.435 4259.11 104.923 0.511432 9.86083 2.07433
556.515 4259.11 109.824 0.463287 11.8124 2.11389
557.595 4259.11 114.114 0.496361 9.98501 3.37648
558.675 4259.11 132 0.527255 9.03097 1.90932
559.755 4259.11 157.944 0.516864 9.39419 2.25262
560.835 4259.11 121.954 0.319295 16.2523 2.1887
561.915 4259.11 148.736 0.5106 9.53055 9.87483
562.995 4259.11 183.049 0.473258 11.1458 6.38185
564.075 4259.11 232.599 0.507419 8.50016 6.7043
565.155 4259.11 246.168 0.425865 11.7257 4.55485
566.235 4259.11 277.789 0.512237 9.44631 5.01691
567.315 4259.11 281.451 0.456596 10.2444 7.02536
568.395 4259.11 282.735 0.465733 10.0667 4.769
569.475 4259.11 232.678 0.483868 9.58206 5.76571
570.555 4259.11 269.813 0.546637 7.77091 1.37588
571.635 4259.11 166.469 0.542946 9.02005 6.60346
572.715 4259.11 279.453 0.49844 7.92612 13.9146
573.795 4259.11 176.686 0.377361 14.5584 17.3496
574.875 4259.11 404.985 0.48154 7.48226 21.8641
575.955 4259.11 424.196 0.511787 7.71473 7.90089
577.035 4259.11 341.727 0.572732 8.14189 11.6957
578.115 4259.11 269.389 0.405602 11.761 3.51724
579.195 4259.11 291.671 0.471478 8.63747 10.0174
580.275 4259.11 296.705 0.495982 8.09323 6.35544
581.355 4259.11 207.953 0.477854 9.63414 19.5546
582.435 4259.11 318.759 0.482085 7.60853 13.2383
583.515 4259.11 432.925 0.53006 8.48428 5.08251
584.595 4259.11 455.871 0.483106 7.78989 15.2857
585.675 4259.11 315.696 0.542711 9.26653 10.9337
586.755 4259.11 272.269 0.552627 8.20859 7.13307
587.835 4259.11 265.405 0.561364 7.83863 6.844
588.915 4259.11 204.935 0.55602 8.03961 11.4367
589.995 4259.11 175.006 0.477318 8.32663 7.28594
591.075 4259.11 387.906 0.505274 8.85553 2.77025
592.155 4259.11 145.374 0.499851 8.15467 5.92717
593.235 4259.11 125.637 0.467497 9.30917 1.47968
594.315 4259.11 118.829 0.408775 11.2994 1.414
595.395 4259.11 125.74 0.371864 12.5556 1.45397
596.475 4259.11 135.106 0.306184 14.7336 1.56604
597.555 4259.11 175.105 0.444716 8.31629 11.4869
598.635 4259.11 164.583 0.314363 12.7358 14.1875
599.715 4259.11 137.033 0.457119 8.93688 5.4216
600.795 4259.11 121.99 0.379332 12.1673 1.25221
601.875 4259.11 118.503 0.260318 16.255 0.946519
602.955 4259.11 122.616 0.460315 9.15712 1.91945
604.035 4259.11 120.807 0.35813 12.8413 0.933991
605.115 4259.11 121.181 0.399426 11.4642 0.838688

456.075 4258.03 377.44 0.521531 8.05695 5.9356
457.155 4258.03 423.443 0.472604 9.32757 7.35271
458.235 4258.03 434.844 0.511093 8.59978 4.58097
459.315 4258.03 411.804 0.523279 7.63127 6.04975
460.395 4258.03 352.508 0.561961 8.40652 8.80636
461.475 4258.03 266.359 0.42334 13.3439 7.00282
462.555 4258.03 156.842 0.598924 8.53281 19.9022
463.635 4258.03 11.4584 0.298596 15.486 4.50145
464.715 4258.03 5.02197 0.371232 14.0262 2.10731
465.795 4258.03 5.37949 0.501141 9.31752 1.94063
466.875 4258.03 4.57978 0.396312 12.0182 3.66389
467.955 4258.03 43.3643 0.519396 8.76741 6.28973
469.035 4258.03 6.19309 0.459913 10.4451 1.2748
470.115 4258.03 -120 -0.06 0 0
471.195 4258.03 -120 -0.06 0 0
472.275 4258.03 -120 -0.06 0 0
473.355 4258.03 1.756 0.472577 10.3593 0.746648
474.435 4258.03 -120 -0.06 0 0
475.515 4258.03 1.02042 0.361931 14.0005 1.0188
476.595 4258.03 58.1029 0.535914 8.77046 11.6355
477.675 4258.03 16.7345 0.505904 9.81448 2.61095
478.755 4258.03 -120 -0.06 0 0
479.835 4258.03 -120 -0.06 0 0
480.915 4258.03 -120 -0.06 0 0
481.995 4258.03 -120 -0.06 0 0
483.075 4258.03 -120 -0.06 0 0
484.155 4258.03 -120 -0.06 0 0
485.235 4258.03 -120 -0.06 0 0
486.315 4258.03 -120 -0.06 0 0
487.395 4258.03 -120 -0.06 0 0
488.475 4258.03 -120 -0.06 0 0
489.555 4258.03 -120 -0.06 0 0
490.635 4258.03 -120 -0.06 0 0
491.715 4258.03 -120 -0.06 0 0
492.795 4258.03 -120 -0.06 0 0
493.875 4258.03 -120 -0.06 0 0
494.955 4258.03 -120 -0.06 0 0
496.035 4258.03 1.74643 0.519443 10.4451 0.381796
497.115 4258.03 0.547705 0.473343 12.2369 0.130069
498.195 4258.03 -120 -0.06 0 0
499.275 4258.03 -120 -0.06 0 0
500.355 4258.03 -120 -0.06 0 0
501.435 4258.03 -120 -0.06 0 0
502.515 4258.03 -120 -0.06 0 0
503.595 4258.03 1.52736 0.559849 10.4451 0.674504
504.675 4258.03 -120 -0.06 0 0
505.755 4258.03 -120 -0.06 0 0
506.835 4258.03 5.97492 0.585027 10.4451 0.927026
507.915 4258.03 6.23078 0.579233 10.4451 0.627196
508.995 4258.03 12.9797 0.416571 16.3586 0.990067
510.075 4258.03 17.5152 0.603229 9.79575 0.420507
511.155 4258.03 44.7947 0.580448 9.52759 6.07671
512.235 4258.03 86.2322 0.604587 10.0983 4.72298
513.315 4258.03 74.663 0.778936 7.64738 18.4308
514.395 4258.03 96.0848 0.725976 7.47167 10.1784
515.475 4258.03 18.5489 0.643908 9.48383 8.80551
516.555 4258.03 21.4811 0.506014 13.6091 2.72745
517.635 4258.03 60.3505 0.710673 8.0469 10.1574
518.715 4258.03 58.2373 0.652129 9.40438 7.3249
519.795 4258.03 74.3304 0.605954 9.98934 3.06582
520.875 4258.03 107.403 0.671415 8.23034 7.02105
521.955 4258.03 134.704 0.654569 8.54956 6.95446
523.035 4258.03 139.154 0.530902 12.0927 4.27257
524.115 4258.03 201.596 0.570341 9.99843 5.85459
525.195 4258.03 272.114 0.634082 9.13923 10.404
526.275 4258.03 367.175 0.630325 7.73074 8.2772
527.355 4258.03 442.877 0.597801 8.62343 2.78445
528.435 4258.03 254.306 0.5568 9.99584 7.48585
529.515 4258.03 224.932 0.366936 15.8671 0.998977
530.595 4258.03 220.101 0.492257 11.4813 0.828257
531.675 4258.03 215.846 0.425394 13.7635 1.0539
532.755 4258.03 211.239 0.54065 9.92685 1.6034
533.835 4258.03 223.712 0.524019 10.539 1.61904
534.915 4258.03 219.307 0.528281 10.385 1.42549
535.995 4258.03 209.135 0.513377 10.8896 1.23115
537.075 4258.03 210.478 0.548745 9.78364 1.76557
538.155 4258.03 232.039 0.557074 9.58492 3.06281
539.235 4258.03 236.955 0.514676 11.1777 3.02871
540.315 4258.03 238.182 0.518192 11.5132 5.36288
541.395 4258.03 228.319 0.531927 10.8098 4.28015
542.475 4258.03 311.722 0.67627 7.59284 12.9201
543.555 4258.03 403.937 0.628653 8.05564 14.0444
544.635 4258.03 360.535 0.65951 8.07611 18.4935
545.715 4258.03 298.146 0.720271 7.99643 19.5997
546.795 4258.03 187.274 0.52764 10.2254 4.11442
547.875 4258.03 129.154 0.480435 11.6433 2.55781
548.955 4258.03 117.582 0.546089 9.41718 2.11093
550.035 4258.03 93.3013 0.490046 11.3402 3.33817
551.115 4258.03 77.2488 0.330168 18.2652 0.458548
552.195 4258.03 77.016 0.328981 16.87 1.29006
553.275 4258.03 104.391 0.52744 9.50564 1.52888
554.355 4258.03 116.881 0.516614 10.2933 3.26246
555.435 4258.03 107.566 0.364775 14.7005 2.89981
556.515 4258.03 122.677 0.439242 12.5937 3.34891
557.595 4258.03 145.814 0.521104 9.41534 2.24178
558.675 4258.03 143.1 0.448914 12.5641 5.54405
559.755 4258.03 185.66 0.495758 8.94338 7.54454
560.835 4258.03 158.591 0.500155 9.20622 8.53206
561.915 4258.03 190.411 0.526965 8.64464 4.89959
562.995 4258.03 215.958 0.47188 9.66268 8.12535
564.075 4258.03 270.115 0.488679 9.45199 5.60104
565.155 4258.03 326.494 0.460092 10.1731 5.69309
566.235 4258.03 369.419 0.487265 8.99286 7.53636
567.315 4258.03 421.525 0.478221 8.90837 9.65252
568.395 4258.03 428.844 0.484324 8.18151 12.3442
569.475 4258.03 271.805 0.542816 8.69093 9.53438
570.555 4258.03 201.97 0.46766 12.2783 11.7833
571.635 4258.03 147.257 0.417592 11.0673 8.00688
572.715 4258.03 269.642 0.511213 8.78232 11.7118
573.795 4258.03 312.792 0.528317 7.40409 14.2248
574.875 4258.03 236.732 0.51851 11.653 15.2846
575.955 4258.03 413.392 0.535943 7.36342 24.4371
577.035 4258.03 504.357 0.519681 7.42306 13.1478
578.115 4258.03 423.836 0.447785 8.28192 20.884
579.195 4258.03 484.989 0.483898 7.18501 16.3117
580.275 4258.03 483.733 0.467056 8.30196 10.8649
581.355 4258.03 408.411 0.5736 7.80854 37.8989
582.435 4258.03 506.348 0.442449 8.5173 19.7688
583.515 4258.03 500.35 0.465681 8.30164 10.2971
584.595 4258.03 453.423 0.498587 8.24259 7.81531
585.675 4258.03 442.104 0.556123 7.889 12.4588
586.755 4258.03 292.901 0.423898 13.2239 11.5823
587.835 4258.03 198.188 0.303969 13.4151 12.2324
588.915 4258.03 178.261 0.425117 10.0069 7.1045
589.995 4258.03 208.368 0.435243 10.4516 5.04692
591.075 4258.03 213.885 0.509163 9.52735 6.91726
592.155 4258.03 155.561 0.383757 11.2735 7.60971
593.235 4258.03 207.581 0.47995 8.39044 8.1494
594.315 4258.03 215.928 0.433061 8.41397 18.1269
595.395 4258.03 233.528 0.473054 7.88119 13.0608
596.475 4258.03 269.117 0.534294 8.05989 8.24511
597.555 4258.03 348.136 0.457205 9.07774 3.75222
598.635 4258.03 198.075 0.369326 13.266 13.8474
599.715 4258.03 232.982 0.434953 9.20187 8.36089
600.795 4258.03 188.975 0.469613 7.97871 10.8365
601.875 4258.03 210.959 0.463496 7.47699 14.1657
602.955 4258.03 207.796 0.441396 8.75393 8.76415
604.035 4258.03 181.358 0.38428 11.2392 5.38116
605.115 4258.03 160.875 0.414512 9.03739 12.6802

456.075 4256.95 287.412 0.76424 7.71244 26.1652
457.155 4256.95 435.012 0.528156 7.98431 9.54758
458.235 4256.95 468.827 0.566569 7.75809 25.7554
459.315 4256.95 437.31 0.684505 7.9382 21.8838
460.395 4256.95 458.618 0.616849 7.40435 12.6738
461.475 4256.95 252.709 0.507574 8.75412 18.4622
462.555 4256.95 172.372 0.484693 8.31233 9.51302
463.635 4256.95 53.9167 0.477592 8.69987 10.5591
464.715 4256.95 2.114 0.464092 10.419 0.199617
465.795 4256.95 -120 -0.06 0 0
466.875 4256.95 -120 -0.06 0 0
467.955 4256.95 8.33614 0.459832 10.4451 0.473718
469.035 4256.95 1.52494 0.472785 10.0811 0.90793
470.115 4256.95 -120 -0.06 0 0
471.195 4256.95 -120 -0.06 0 0
472.275 4256.95 -120 -0.06 0 0
473.355 4256.95 -120 -0.06 0 0
474.435 4256.95 -120 -0.06 0 0
475.515 4256.95 -120 -0.06 0 0
476.595 4256.95 20.9035 0.541542 9.06041 5.58212
477.675 4256.95 4.58738 0.4938 9.83285 0.606617
478.755 4256.95 -120 -0.06 0 0
479.835 4256.95 5.97056 0.486918 9.9446 1.15059
480.915 4256.95 -120 -0.06 0 0
481.995 4256.95 -120 -0.06 0 0
483.075 4256.95 -120 -0.06 0 0
484.155 4256.95 -120 -0.06 0 0
485.235 4256.95 -120 -0.06 0 0
486.315 4256.95 -120 -0.06 0 0
487.395 4256.95 -120 -0.06 0 0
488.475 4256.95 -120 -0.06 0 0
489.555 4256.95 -120 -0.06 0 0
490.635 4256.95 -120 -0.06 0 0
491.715 4256.95 -120 -0.06 0 0
492.795 4256.95 -120 -0.06 0 0
493.875 4256.95 -120 -0.06 0 0
494.955 4256.95 -120 -0.06 0 0
496.035 4256.95 2.20339 0.521781 10.4451 0.291531
497.115 4256.95 1.7969 0.525447 10.4451 0.715919
498.195 4256.95 0.848637 0.530893 10.4451 0.152373
499.275 4256.95 -120 -0.06 0 0
500.355 4256.95 -120 -0.06 0 0
501.435 4256.95 -120 -0.06 0 0
502.515 4256.95 -120 -0.06 0 0
503.595 4256.95 -120 -0.06 0 0
504.675 4256.95 -120 -0.06 0 0
505.755 4256.95 -120 -0.06 0 0
506.835 4256.95 3.96578 0.583925 10.4451 0.274981
507.915 4256.95 8.64292 0.587223 10.4451 0.915833
508.995 4256.95 7.05958 0.535691 12.0546 0.894665
510.075 4256.95 14.3343 0.583709 10.4451 0.768821
511.155 4256.95 3.39978 0.500752 13.2783 1.85105
512.235 4256.95 14.3027 0.590086 10.4149 1.20478
513.315 4256.95 13.8906 0.592826 10.4451 1.84957
514.395 4256.95 2.93631 0.456695 14.8518 0.361597
515.475 4256.95 5.35023 0.41638 16.3312 1.07524
516.555 4256.95 14.1803 0.580623 10.4451 1.11556
517.635 4256.95 21.501 0.551304 11.5551 1.64804
518.715 4256.95 39.3823 0.607319 9.7494 0.834203
519.795 4256.95 39.7668 0.568387 10.9598 0.577352
520.875 4256.95 49.7875 0.58085 10.2636 1.21835
521.955 4256.95 66.4267 0.596901 9.49091 1.30273
523.035 4256.95 93.0471 0.644226 8.4759 5.47156
524.115 4256.95 130.592 0.612271 9.99079 9.01438
525.195 4256.95 188.276 0.605389 10.2081 9.57501
526.275 4256.95 314.851 0.670511 7.8228 10.9904
527.355 4256.95 256.429 0.602732 8.73644 13.8738
528.435 4256.95 306.88 0.599918 7.94319 7.21099
529.515 4256.95 244.788 0.528184 8.89247 8.224
530.595 4256.95 230.645 0.546988 8.01059 9.582
531.675 4256.95 206.27 0.336254 16.8184 1.26838
532.755 4256.95 196.154 0.340934 17.0692 0.537759
533.835 4256.95 198.564 0.547675 9.64434 1.83208
534.915 4256.95 201.777 0.548089 9.714 2.15208
535.995 4256.95 191.141 0.375136 15.5117 1.52278
537.075 4256.95 187.813 0.500146 11.3412 1.83321
538.155 4256.95 190.972 0.53592 10.0564 1.60008
539.235 4256.95 195.694 0.531344 10.3197 2.1939
540.315 4256.95 182.911 0.44942 12.9661 1.27862
541.395 4256.95 179.998 0.519562 10.8942 3.35505
542.475 4256.95 184 0.580242 8.69357 3.1342
543.555 4256.95 215.125 0.630508 7.91051 8.69101
544.635 4256.95 241.385 0.603593 7.88242 9.02061
545.715 4256.95 181.192 0.597793 8.3906 4.7539
546.795 4256.95 143.615 0.576359 9.18034 5.23778
547.875 4256.95 123.448 0.558693 8.99109 3.00772
548.955 4256.95 88.0398 0.331567 18.5886 0.636827
550.035 4256.95 85.2495 0.381032 14.2114 4.23368
551.115 4256.95 87.2895 0.429822 12.8105 1.01587
552.195 4256.95 90.1425 0.508093 10.0955 0.71742
553.275 4256.95 92.0105 0.341925 15.8347 0.905046
554.355 4256.95 115.124 0.492059 10.4451 1.31455
555.435 4256.95 121.358 0.493885 10.4451 1.1816
556.515 4256.95 137.871 0.521569 9.59397 1.3597
557.595 4256.95 158.934 0.501578 10.1284 2.56616
558.675 4256.95 189.36 0.487433 10.2951 1.67703
559.755 4256.95 197.341 0.505145 10.3801 4.25311
560.835 4256.95 231.907 0.53572 9.09961 2.51131
561.915 4256.95 159.102 0.42615 12.601 4.3785
562.995 4256.95 212.4 0.494365 9.97756 3.68233
564.075 4256.95 311.926 0.540395 8.06237 6.20444
565.155 4256.95 436.025 0.481943 8.79416 9.1384
566.235 4256.95 472.678 0.490651 8.82732 7.72741
567.315 4256.95 602.745 0.538825 8.81604 10.707
568.395 4256.95 350.747 0.496208 9.95061 8.10673
569.475 4256.95 303.099 0.479687 8.48921 10.0588
570.555 4256.95 294.896 0.504528 7.89797 10.5629
571.635 4256.95 222.659 0.311794 13.8775 15.9873
572.715 4256.95 404.571 0.480066 7.8158 17.6993
573.795 4256.95 497.712 0.514876 7.34699 15.1364
574.875 4256.95 453.756 0.601852 6.94027 27.3045
575.955 4256.95 460.245 0.532842 10.6613 14.4637
577.035 4256.95 730.827 0.606022 8.11146 13.0514
578.115 4256.95 734.134 0.503121 7.55118 9.48728
579.195 4256.95 800.267 0.476895 7.39596 16.0803
580.275 4256.95 751.575 0.50471 7.62479 13.5402
581.355 4256.95 539.218 0.488167 10.7345 36.6688
582.435 4256.95 799.267 0.582655 7.7841 10.8404
583.515 4256.95 655.984 0.548096 7.45771 14.618
584.595 4256.95 522.914 0.45151 9.18186 7.27339
585.675 4256.95 485.368 0.463595 7.86209 13.4639
586.755 4256.95 463.612 0.444726 10.6932 10.2808
587.835 4256.95 500.264 0.451661 7.72691 19.2216
588.915 4256.95 444.818 0.564346 7.78894 28.6407
589.995 4256.95 358.584 0.457668 8.35384 13.8692
591.075 4256.95 249.191 0.273743 14.0279 14.8415
592.155 4256.95 242.941 0.419397 11.9967 8.13971
593.235 4256.95 347.26 0.463928 7.70514 17.5691
594.315 4256.95 374.431 0.640371 7.91449 21.4644
595.395 4256.95 347.686 0.492629 8.59494 9.37586
596.475 4256.95 333.481 0.527366 8.31818 17.3739
597.555 4256.95 253.847 0.456272 8.83123 7.60922
598.635 4256.95 257.972 0.402686 12.5763 20.5462
599.715 4256.95 376.778 0.482541 8.30952 11.1795
600.795 4256.95 302.175 0.488229 7.68724 5.25124
601.875 4256.95 360.54 0.515078 7.4749 14.7522
602.955 4256.95 334.501 0.455175 7.56217 15.2234
604.035 4256.95 301.303 0.494837 7.89262 7.2199
605.115 4256.95 249.793 0.461435 8.38271 10.3854

456.075 4255.88 41.1196 0.524453 10.718 9.64457
457.155 4255.88 232.108 0.643743 7.2325 17.858
458.235 4255.88 458.094 0.72354 7.50378 23.9437
459.315 4255.88 319.058 0.507707 9.17114 1.75064
460.395 4255.88 250.763 0.513209 11.2059 19.8781
461.475 4255.88 170.882 0.496307 10.4041 6.96054
462.555 4255.88 174.419 0.525639 9.30281 5.5274
463.635 4255.88 207.394 0.52879 9.2253 8.70756
464.715 4255.88 70.1139 0.613385 7.95742 12.6215
465.795 4255.88 2.62513 0.390483 12.7319 1.28569
466.875 4255.88 -120 -0.06 0 0
467.955 4255.88 -120 -0.06 0 0
469.035 4255.88 -120 -0.06 0 0
470.115 4255.88 -120 -0.06 0 0
471.195 4255.88 -120 -0.06 0 0
472.275 4255.88 -120 -0.06 0 0
473.355 4255.88 -120 -0.06 0 0
474.435 4255.88 -120 -0.06 0 0
475.515 4255.88 -120 -0.06 0 0
476.595 4255.88 -120 -0.06 0 0
477.675 4255.88 -120 -0.06 0 0
478.755 4255.88 7.48364 0.472576 10.5699 0.974604
479.835 4255.88 48.6524 0.567167 9.15833 9.59674
480.915 4255.88 -120 -0.06 0 0
481.995 4255.88 -120 -0.06 0 0
483.075 4255.88 -120 -0.06 0 0
484.155 4255.88 -120 -0.06 0 0
485.235 4255.88 -120 -0.06 0 0
486.315 4255.88 -120 -0.06 0 0
487.395 4255.88 -120 -0.06 0 0
488.475 4255.88 -120 -0.06 0 0
489.555 4255.88 -120 -0.06 0 0
490.635 4255.88 -120 -0.06 0 0
491.715 4255.88 -120 -0.06 0 0
492.795 4255.88 -120 -0.06 0 0
493.875 4255.88 -120 -0.06 0 0
494.955 4255.88 1.46489 0.523434 10.4451 0.984158
496.035 4255.88 1.34663 0.522249 10.4451 0.393584
497.115 4255.88 -120 -0.06 0 0
498.195 4255.88 -120 -0.06 0 0
499.275 4255.88 -120 -0.06 0 0
500.355 4255.88 -120 -0.06 0 0
501.435 4255.88 -120 -0.06 0 0
502.515 4255.88 -120 -0.06 0 0
503.595 4255.88 -120 -0.06 0 0
504.675 4255.88 -120 -0.06 0 0
505.755 4255.88 -120 -0.06 0 0
506.835 4255.88 -120 -0.06 0 0
507.915 4255.88 -120 -0.06 0 0
508.995 4255.88 3.45301 0.57345 11.0551 1.58596
510.075 4255.88 3.32275 0.589254 10.3715 1.19262
511.155 4255.88 -120 -0.06 0 0
512.235 4255.88 -120 -0.06 0 0
513.315 4255.88 -120 -0.06 0 0
514.395 4255.88 -120 -0.06 0 0
515.475 4255.88 3.96008 0.520913 12.391 1.02405
516.555 4255.88 6.35044 0.491527 13.5806 0.0251839
517.635 4255.88 13.4239 0.523412 12.5246 0.345228
518.715 4255.88 21.3502 0.515791 12.7477 0.663672
519.795 4255.88 27.5141 0.457178 14.8271 0.967409
520.875 4255.88 39.8821 0.568535 10.4451 1.21199
521.955 4255.88 52.6937 0.562836 10.4451 0.481856
523.035 4255.88 66.2027 0.490581 12.9529 1.29944
524.115 4255.88 91.3789 0.525246 12.2409 4.74721
525.195 4255.88 122.613 0.56257 10.3334 2.88491
526.275 4255.88 156.965 0.537111 9.11719 10.6822
527.355 4255.88 172.821 0.461665 13.9636 7.98033
528.435 4255.88 321.927 0.552395 7.17704 20.6109
529.515 4255.88 601.735 0.585852 7.69837 10.198
530.595 4255.88 370.919 0.527559 8.24662 14.967
531.675 4255.88 229.897 0.4625 11.213 10.7838
532.755 4255.88 202.759 0.499285 10.9554 1.32169
533.835 4255.88 195.86 0.52389 9.87302 0.645793
534.915 4255.88 183.031 0.471362 11.3769 2.4469
535.995 4255.88 171.764 0.344985 17.2331 1.30475
537.075 4255.88 169.832 0.391566 14.9522 1.85313
538.155 4255.88 159.525 0.459387 12.3847 0.918149
539.235 4255.88 159.176 0.496514 11.2712 1.47089
540.315 4255.88 151.682 0.497038 11.2664 1.73072
541.395 4255.88 145.826 0.54809 9.51004 1.72137
542.475 4255.88 131.972 0.452799 12.8369 2.28395
543.555 4255.88 123.605 0.441542 13.2591 2.43726
544.635 4255.88 127.065 0.535541 10.2552 3.69842
545.715 4255.88 104.016 0.340236 16.8515 1.11708
546.795 4255.88 101.904 0.504925 10.4451 0.87602
547.875 4255.88 98.4783 0.504185 10.4451 0.389232
548.955 4255.88 104.131 0.503896 10.4451 0.437351
550.035 4255.88 99.4304 0.499041 10.4451 0.677031
551.115 4255.88 101.7 0.5019 10.3387 0.496381
552.195 4255.88 99.8119 0.323417 16.7199 0.505575
553.275 4255.88 103.232 0.427855 12.6508 1.10538
554.355 4255.88 108.406 0.33152 16.0881 0.409115
555.435 4255.88 123.307 0.454149 11.7846 0.461645
556.515 4255.88 139.652 0.435333 12.2788 1.00668
557.595 4255.88 156.708 0.477406 10.7217 1.53338
558.675 4255.88 176.503 0.486355 10.7611 2.06638
559.755 4255.88 209.499 0.513668 9.48202 2.33876
560.835 4255.88 200.004 0.482618 9.91471 5.88442
561.915 4255.88 203.217 0.51023 8.24102 7.74414
562.995 4255.88 214.767 0.529901 8.97992 7.609
564.075 4255.88 378.891 0.584597 8.45307 12.7039
565.155 4255.88 509.424 0.452823 9.03348 16.0084
566.235 4255.88 476.606 0.555252 9.03547 7.7166
567.315 4255.88 530.561 0.600653 8.01945 9.75037
568.395 4255.88 478.705 0.526189 8.0099 7.69269
569.475 4255.88 426.388 0.497956 8.37717 7.04634
570.555 4255.88 412.87 0.456787 9.81952 6.1563
571.635 4255.88 287.461 0.431741 13.9004 17.6195
572.715 4255.88 509.851 0.536834 9.36763 8.77705
573.795 4255.88 545.325 0.514978 8.28482 12.1389
574.875 4255.88 465.056 0.566877 11.2478 19.2044
575.955 4255.88 594.168 0.457903 11.5978 6.65548
577.035 4255.88 663.318 0.428213 11.6093 4.89812
578.115 4255.88 843.998 0.55045 8.24669 10.2919
579.195 4255.88 812.285 0.506073 8.27148 6.88083
580.275 4255.88 735.093 0.379691 12.143 6.69548
581.355 4255.88 828.373 0.52304 7.28351 24.142
582.435 4255.88 578.769 0.554264 8.38634 30.9457
583.515 4255.88 729.506 0.488922 8.30901 15.3023
584.595 4255.88 701.531 0.477915 7.77759 10.7015
585.675 4255.88 652.27 0.47613 8.94729 7.59703
586.755 4255.88 642.75 0.441793 10.4888 22.0982
587.835 4255.88 739.532 0.50616 8.01415 16.2584
588.915 4255.88 712.138 0.491864 7.91298 15.0473
589.995 4255.88 439.392 0.600391 6.93413 30.7569
591.075 4255.88 421.029 0.456742 7.98684 17.573
592.155 4255.88 431.48 0.463785 8.39443 11.2043
593.235 4255.88 388.176 0.39394 10.4125 10.236
594.315 4255.88 476.44 0.455946 8.48508 10.2274
595.395 4255.88 559.002 0.504429 7.79722 12.8776
596.475 4255.88 381.815 0.491826 8.38198 8.30873
597.555 4255.88 313.733 0.468671 8.20694 12.5123
598.635 4255.88 291.511 0.37037 12.5043 1.98943
599.715 4255.88 385.789 0.539823 8.05294 14.2959
600.795 4255.88 286.34 0.454743 7.90933 11.1121
601.875 4255.88 317.153 0.558676 8.09772 13.8837
602.955 4255.88 409.478 0.447665 8.00085 11.7924
604.035 4255.88 317.583 0.520866 8.61221 13.3817
605.115 4255.88 357.66 0.54253 8.02358 13.6017

456.075 4254.8 0.563779 0.442591 12.0186 2.20418
457.155 4254.8 43.0461 0.530172 8.99148 2.08774
458.235 4254.8 257.787 0.778541 7.04275 26.0048
459.315 4254.8 198.191 0.606424 8.23792 11.4721
460.395 4254.8 210.402 0.717631 7.37248 22.0948
461.475 4254.8 109.823 0.483812 11.2654 7.32466
462.555 4254.8 130.246 0.448416 11.7092 3.19113
463.635 4254.8 132.04 0.584089 7.68618 16.2925
464.715 4254.8 102.628 0.553957 8.01705 11.5178
465.795 4254.8 10.9193 0.464566 10.4451 1.81047
466.875 4254.8 -120 -0.06 0 0
467.955 4254.8 -120 -0.06 0 0
469.035 4254.8 -120 -0.06 0 0
470.115 4254.8 -120 -0.06 0 0
471.195 4254.8 -120 -0.06 0 0
472.275 4254.8 -120 -0.06 0 0
473.355 4254.8 -120 -0.06 0 0
474.435 4254.8 -120 -0.06 0 0
475.515 4254.8 -120 -0.06 0 0
476.595 4254.8 -120 -0.06 0 0
477.675 4254.8 -120 -0.06 0 0
478.755 4254.8 4.3127 0.509063 9.39811 1.02823
479.835 4254.8 36.9156 0.600094 8.29695 10.2388
480.915 4254.8 -120 -0.06 0 0
481.995 4254.8 -120 -0.06 0 0
483.075 4254.8 -120 -0.06 0 0
484.155 4254.8 -120 -0.06 0 0
485.235 4254.8 -120 -0.06 0 0
486.315 4254.8 -120 -0.06 0 0
487.395 4254.8 -120 -0.06 0 0
488.475 4254.8 -120 -0.06 0 0
489.555 4254.8 -120 -0.06 0 0
490.635 4254.8 -120 -0.06 0 0
491.715 4254.8 -120 -0.06 0 0
492.795 4254.8 -120 -0.06 0 0
493.875 4254.8 -120 -0.06 0 0
494.955 4254.8 -120 -0.06 0 0
496.035 4254.8 -120 -0.06 0 0
497.115 4254.8 -120 -0.06 0 0
498.195 4254.8 -120 -0.06 0 0
499.275 4254.8 -120 -0.06 0 0
500.355 4254.8 -120 -0.06 0 0
501.435 4254.8 -120 -0.06 0 0
502.515 4254.8 -120 -0.06 0 0
503.595 4254.8 -120 -0.06 0 0
504.675 4254.8 -120 -0.06 0 0
505.755 4254.8 -120 -0.06 0 0
506.835 4254.8 -120 -0.06 0 0
507.915 4254.8 -120 -0.06 0 0
508.995 4254.8 -120 -0.06 0 0
510.075 4254.8 -120 -0.06 0 0
511.155 4254.8 -120 -0.06 0 0
512.235 4254.8 -120 -0.06 0 0
513.315 4254.8 0.654661 0.560678 11.1383 0.810176
514.395 4254.8 -120 -0.06 0 0
515.475 4254.8 5.56144 0.578263 10.4451 1.09634
516.555 4254.8 7.0373 0.40262 17.3618 1.18746
517.635 4254.8 15.0044 0.579416 10.4451 0.581175
518.715 4254.8 18.5588 0.55709 11.1383 1.10463
519.795 4254.8 25.494 0.40276 16.5342 1.24424
520.875 4254.8 36.7505 0.505383 12.843 0.811822
521.955 4254.8 49.8299 0.545707 11.0971 0.295214
523.035 4254.8 68.4912 0.542246 11.1156 1.15871
524.115 4254.8 90.248 0.566549 9.99727 0.604424
525.195 4254.8 103.482 0.581251 9.5507 1.75686
526.275 4254.8 179.254 0.602344 7.67076 10.412
527.355 4254.8 376.929 0.620837 7.76914 3.86365
528.435 4254.8 397.71 0.605221 7.23813 21.7824
529.515 4254.8 531.356 0.544317 9.54188 1.40286
530.595 4254.8 381.599 0.691098 9.5918 21.3208
531.675 4254.8 379.835 0.61053 7.93007 9.81824
532.755 4254.8 225.083 0.535543 8.90438 6.12456
533.835 4254.8 216.35 0.528575 9.50522 1.62821
534.915 4254.8 195.89 0.485625 10.9818 1.93533
535.995 4254.8 177.098 0.368761 15.1245 0.789492
537.075 4254.8 164.649 0.353897 15.6734 0.706952
538.155 4254.8 152.734 0.488085 11.1383 0.246566
539.235 4254.8 147.491 0.509863 10.4451 0.444106
540.315 4254.8 137.086 0.467928 11.8314 0.362037
541.395 4254.8 131.383 0.505679 10.3228 1.33382
542.475 4254.8 124.581 0.505242 10.2592 1.47144
543.555 4254.8 117.454 0.331922 18.0996 0.486673
544.635 4254.8 110.706 0.33182 16.345 0.583281
545.715 4254.8 112.599 0.501375 10.4451 0.697794
546.795 4254.8 110.697 0.330452 16.4564 0.182833
547.875 4254.8 107.316 0.471211 11.5038 0.178566
548.955 4254.8 111.403 0.495875 10.4451 1.07533
550.035 4254.8 110.713 0.466815 11.3925 1.13462
551.115 4254.8 111.733 0.371618 14.682 0.771609
552.195 4254.8 114.609 0.497128 10.3036 0.722833
553.275 4254.8 116.297 0.470524 11.22 0.43147
554.355 4254.8 120.9 0.474059 11.0083 0.615907
555.435 4254.8 127.809 0.321968 16.2197 0.599202
556.515 4254.8 144.218 0.455283 11.662 1.15718
557.595 4254.8 170.284 0.465745 11.1156 1.07024
558.675 4254.8 196.735 0.447828 11.4418 2.15613
559.755 4254.8 218.498 0.488928 9.98767 2.64398
560.835 4254.8 247.244 0.533222 8.61549 13.4273
561.915 4254.8 331.502 0.514443 8.16007 8.64413
562.995 4254.8 276.029 0.497047 7.6932 13.8056
564.075 4254.8 299.625 0.631733 7.4993 13.4135
565.155 4254.8 413.615 0.528984 8.44381 12.7281
566.235 4254.8 382.868 0.460223 11.0665 8.78553
567.315 4254.8 418.956 0.448358 11.5722 6.03297
568.395 4254.8 516.835 0.528792 9.09744 10.32
569.475 4254.8 430.728 0.371599 15.0748 7.47733
570.555 4254.8 519.816 0.473042 8.51479 11.3759
571.635 4254.8 531.745 0.544448 7.34235 9.59704
572.715 4254.8 553.347 0.507674 8.22221 4.45861
573.795 4254.8 599.639 0.514171 7.76847 6.20743
574.875 4254.8 652.758 0.555215 7.4708 2.96165
575.955 4254.8 729.434 0.498444 7.87422 9.50337
577.035 4254.8 852.557 0.544986 9.09997 8.40874
578.115 4254.8 910.823 0.483087 7.735 13.0714
579.195 4254.8 951.983 0.499597 7.68415 11.4521
580.275 4254.8 885.536 0.45628 9.66062 18.5816
581.355 4254.8 603.088 0.355712 13.91 19.8613
582.435 4254.8 818.112 0.51909 7.9489 7.81492
583.515 4254.8 750.201 0.405171 11.2259 6.8197
584.595 4254.8 747.905 0.341588 12.8092 19.3403
585.675 4254.8 820.995 0.484992 8.08602 6.56516
586.755 4254.8 836.912 0.477297 9.81981 13.5612
587.835 4254.8 869.379 0.580712 7.94516 21.4898
588.915 4254.8 644.041 0.582842 6.65364 40.8342
589.995 4254.8 698.081 0.573865 7.38593 30.9644
591.075 4254.8 741.647 0.469063 7.78897 11.395
592.155 4254.8 673.435 0.476029 7.41168 11.1241
593.235 4254.8 640.251 0.398609 9.53212 17.2592
594.315 4254.8 722.711 0.466952 7.2225 17.2274
595.395 4254.8 722.804 0.493633 7.38845 15.4803
596.475 4254.8 465.434 0.455336 7.41638 16.1519
597.555 4254.8 575.549 0.470073 7.30805 19.3447
598.635 4254.8 502.562 0.369332 11.3534 20.8657
599.715 4254.8 453.406 0.427563 8.78259 12.9409
600.795 4254.8 378.516 0.452376 10.6325 7.62271
601.875 4254.8 287.699 0.319443 11.9991 17.4402
602.955 4254.8 405.846 0.458935 9.35271 8.45235
604.035 4254.8 510.149 0.586862 8.16671 21.0077
605.115 4254.8 319.966 0.343022 12.7359 10.1863

456.075 4253.72 -120 -0.06 0 0
457.155 4253.72 11.3832 0.488655 10.4451 2.68468
458.235 4253.72 60.5852 0.398094 11.6477 14.313
459.315 4253.72 142.13 0.48554 9.16154 6.67309
460.395 4253.72 171.405 0.540494 7.99059 3.48489
461.475 4253.72 49.2136 0.370203 12.8541 11.1943
462.555 4253.72 93.1366 0.572512 7.99118 6.14472
463.635 4253.72 30.271 0.582096 8.15681 8.77956
464.715 4253.72 1.5386 0.439827 11.0861 1.24278
465.795 4253.72 2.43316 0.481503 9.92808 1.04797
466.875 4253.72 -120 -0.06 0 0
467.955 4253.72 -120 -0.06 0 0
469.035 4253.72 -120 -0.06 0 0
470.115 4253.72 -120 -0.06 0 0
471.195 4253.72 -120 -0.06 0 0
472.275 4253.72 -120 -0.06 0 0
473.355 4253.72 -120 -0.06 0 0
474.435 4253.72 20.849 0.512313 9.11646 4.6395
475.515 4253.72 8.28117 0.462938 10.4451 2.93133
476.595 4253.72 15.4918 0.501494 9.31023 3.39656
477.675 4253.72 -120 -0.06 0 0
478.755 4253.72 -120 -0.06 0 0
479.835 4253.72 -120 -0.06 0 0
480.915 4253.72 -120 -0.06 0 0
481.995 4253.72 -120 -0.06 0 0
483.075 4253.72 -120 -0.06 0 0
484.155 4253.72 -120 -0.06 0 0
485.235 4253.72 -120 -0.06 0 0
486.315 4253.72 -120 -0.06 0 0
487.395 4253.72 -120 -0.06 0 0
488.475 4253.72 -120 -0.06 0 0
489.555 4253.72 -120 -0.06 0 0
490.635 4253.72 -120 -0.06 0 0
491.715 4253.72 -120 -0.06 0 0
492.795 4253.72 -120 -0.06 0 0
493.875 4253.72 -120 -0.06 0 0
494.955 4253.72 -120 -0.06 0 0
496.035 4253.72 -120 -0.06 0 0
497.115 4253.72 -120 -0.06 0 0
498.195 4253.72 -120 -0.06 0 0
499.275 4253.72 -120 -0.06 0 0
500.355 4253.72 -120 -0.06 0 0
501.435 4253.72 -120 -0.06 0 0
502.515 4253.72 -120 -0.06 0 0
503.595 4253.72 -120 -0.06 0 0
504.675 4253.72 -120 -0.06 0 0
505.755 4253.72 -120 -0.06 0 0
506.835 4253.72 -120 -0.06 0 0
507.915 4253.72 -120 -0.06 0 0
508.995 4253.72 -120 -0.06 0 0
510.075 4253.72 -120 -0.06 0 0
511.155 4253.72 -120 -0.06 0 0
512.235 4253.72 15.1091 0.580477 10.4451 0.433775
513.315 4253.72 6.51562 0.557919 11.0745 1.3478
514.395 4253.72 2.86781 0.531638 12.2369 0.365992
515.475 4253.72 6.04643 0.579646 10.4451 0.536225
516.555 4253.72 11.121 0.582945 10.4451 0.197637
517.635 4253.72 21.2968 0.580833 10.4451 0.984278
518.715 4253.72 24.2756 0.562151 11.0417 0.573392
519.795 4253.72 38.7295 0.593065 10.042 0.658419
520.875 4253.72 44.1634 0.555193 10.9267 1.01377
521.955 4253.72 46.9204 0.549577 10.9999 0.788868
523.035 4253.72 62.4021 0.558102 10.3852 0.955159
524.115 4253.72 99.2853 0.593463 8.70596 3.35786
525.195 4253.72 206.598 0.605587 7.60031 11.9053
526.275 4253.72 218.757 0.525586 8.46775 18.348
527.355 4253.72 368.839 0.612631 8.72827 5.16112
528.435 4253.72 292.165 0.493315 11.9508 21.7213
529.515 4253.72 487.659 0.632626 7.84604 9.51197
530.595 4253.72 577.079 0.573272 7.50719 6.71896
531.675 4253.72 473.619 0.619609 7.57027 25.9741
532.755 4253.72 360.847 0.712713 7.46165 18.4163
533.835 4253.72 340.556 0.520242 7.62492 17.0075
534.915 4253.72 235.329 0.455007 10.3674 11.1225
535.995 4253.72 185.53 0.532218 9.27108 1.87218
537.075 4253.72 179.918 0.526509 9.52673 1.35418
538.155 4253.72 157.929 0.519076 9.92412 0.878007
539.235 4253.72 146.858 0.503017 10.4451 0.809049
540.315 4253.72 145.038 0.488314 10.8779 0.929141
541.395 4253.72 142.643 0.504351 10.3636 0.591409
542.475 4253.72 134.33 0.48619 10.9463 0.700959
543.555 4253.72 125.185 0.333405 16.2329 0.553841
544.635 4253.72 119.904 0.425524 13.0101 0.576333
545.715 4253.72 119.193 0.459768 11.8314 0.468464
546.795 4253.72 119.161 0.44087 12.5246 0.0590898
547.875 4253.72 122.454 0.515615 9.92558 2.30601
548.955 4253.72 126.25 0.499032 10.2337 1.11119
550.035 4253.72 123.943 0.387859 14.1087 0.739062
551.115 4253.72 123.686 0.382094 14.2497 0.983735
552.195 4253.72 129.014 0.484093 10.6704 0.938333
553.275 4253.72 136.189 0.50596 9.84151 1.04713
554.355 4253.72 135.209 0.378517 14.2098 0.746198
555.435 4253.72 141.618 0.458618 11.2663 1.40542
556.515 4253.72 145.588 0.335545 15.6344 1.07576
557.595 4253.72 171.188 0.496578 10.261 1.88549
558.675 4253.72 247.203 0.5372 8.50611 0.790639
559.755 4253.72 294.285 0.5673 8.09511 3.87558
560.835 4253.72 305.14 0.533795 8.7755 11.6204
561.915 4253.72 274.134 0.524298 9.22272 7.94337
562.995 4253.72 389.312 0.464948 9.03998 13.0794
564.075 4253.72 268.601 0.377579 12.9926 4.99911
565.155 4253.72 398.207 0.494557 7.45837 15.5306
566.235 4253.72 450.416 0.513602 8.28863 7.99373
567.315 4253.72 522.758 0.496776 8.72648 7.81332
568.395 4253.72 507.716 0.347205 14.1704 2.98852
569.475 4253.72 553.33 0.505253 8.9808 2.97948
570.555 4253.72 558.518 0.509906 9.23269 2.06075
571.635 4253.72 534.664 0.593769 7.7103 14.5891
572.715 4253.72 556.058 0.495722 10.245 7.46136
573.795 4253.72 668.369 0.525257 8.2876 0.191803
574.875 4253.72 709.131 0.535752 7.4508 6.91844
575.955 4253.72 636.872 0.43192 11.827 25.6616
577.035 4253.72 835.445 0.591297 7.87143 15.624
578.115 4253.72 871.099 0.463151 8.25677 12.2153
579.195 4253.72 992.065 0.4827 8.659 15.9889
580.275 4253.72 1008.62 0.522918 7.36829 13.1437
581.355 4253.72 731.032 0.486642 7.91916 20.9841
582.435 4253.72 904.703 0.48165 8.57693 4.98081
583.515 4253.72 861.214 0.493674 8.13439 4.65568
584.595 4253.72 876.967 0.479412 8.56605 6.87203
585.675 4253.72 946.195 0.514775 8.10175 18.006
586.755 4253.72 933.243 0.522967 7.61237 22.419
587.835 4253.72 1008.12 0.481023 7.37491 15.2657
588.915 4253.72 576.467 0.40673 13.1743 43.0044
589.995 4253.72 955.955 0.474359 7.83418 12.2369
591.075 4253.72 810.508 0.473803 10.7801 30.2558
592.155 4253.72 923.859 0.483581 6.96685 22.6829
593.235 4253.72 983.803 0.458985 7.80262 21.9984
594.315 4253.72 984.02 0.449813 8.05266 12.9813
595.395 4253.72 631.902 0.546805 8.10719 31.2447
596.475 4253.72 740.431 0.471852 7.35083 15.2603
597.555 4253.72 720.586 0.488095 8.09016 10.718
598.635 4253.72 728.503 0.449113 11.3661 28.4947
599.715 4253.72 706.466 0.392125 9.41797 16.9432
600.795 4253.72 568.081 0.438668 7.94547 15.6884
601.875 4253.72 561.022 0.434898 7.83878 17.7396
602.955 4253.72 609.849 0.432692 9.58863 8.0368
604.035 4253.72 656.812 0.430099 8.02701 18.2269
605.115 4253.72 516.722 0.338612 12.4265 12.9125

456.075 4252.64 -120 -0.06 0 0
457.155 4252.64 16.197 0.510255 9.09858 2.37994
458.235 4252.64 127.044 0.540656 8.26083 4.63038
459.315 4252.64 185.087 0.437382 11.5431 1.28514
460.395 4252.64 218.267 0.469686 8.8176 17.1227
461.475 4252.64 240.383 0.51502 9.41469 6.99715
462.555 4252.64 26.4087 0.502167 8.81243 5.05378
463.635 4252.64 37.8345 0.496102 8.01537 10.7914
464.715 4252.64 1.88754 0.477183 9.93926 0.624703
465.795 4252.64 4.81285 0.462217 9.87097 3.40517
466.875 4252.64 -120 -0.06 0 0
467.955 4252.64 -120 -0.06 0 0
469.035 4252.64 -120 -0.06 0 0
470.115 4252.64 -120 -0.06 0 0
471.195 4252.64 -120 -0.06 0 0
472.275 4252.64 -120 -0.06 0 0
473.355 4252.64 9.83397 0.500247 9.56987 5.68668
474.435 4252.64 40.9052 0.452382 9.69037 8.18664
475.515 4252.64 19.8352 0.464915 9.81439 4.55116
476.595 4252.64 7.76782 0.471468 10.4754 2.84264
477.675 4252.64 -120 -0.06 0 0
478.755 4252.64 -120 -0.06 0 0
479.835 4252.64 -120 -0.06 0 0
480.915 4252.64 -120 -0.06 0 0
481.995 4252.64 -120 -0.06 0 0
483.075 4252.64 -120 -0.06 0 0
484.155 4252.64 -120 -0.06 0 0
485.235 4252.64 -120 -0.06 0 0
486.315 4252.64 -120 -0.06 0 0
487.395 4252.64 -120 -0.06 0 0
488.475 4252.64 -120 -0.06 0 0
489.555 4252.64 -120 -0.06 0 0
490.635 4252.64 -120 -0.06 0 0
491.715 4252.64 -120 -0.06 0 0
492.795 4252.64 -120 -0.06 0 0
493.875 4252.64 -120 -0.06 0 0
494.955 4252.64 -120 -0.06 0 0
496.035 4252.64 -120 -0.06 0 0
497.115 4252.64 -120 -0.06 0 0
498.195 4252.64 2 0.531555 10.4451 0.025257
499.275 4252.64 1.96485 0.535984 10.4451 0.249288
500.355 4252.64 -120 -0.06 0 0
501.435 4252.64 1 0.546947 10.4451 0.0999361
502.515 4252.64 -120 -0.06 0 0
503.595 4252.64 -120 -0.06 0 0
504.675 4252.64 -120 -0.06 0 0
505.755 4252.64 -120 -0.06 0 0
506.835 4252.64 -120 -0.06 0 0
507.915 4252.64 -120 -0.06 0 0
508.995 4252.64 -120 -0.06 0 0
510.075 4252.64 -120 -0.06 0 0
511.155 4252.64 2.94868 0.525019 12.3334 0.677099
512.235 4252.64 13.246 0.61271 9.5485 1.6812
513.315 4252.64 12.2946 0.399261 16.5576 2.45833
514.395 4252.64 13.5811 0.565912 10.6551 2.2507
515.475 4252.64 77.1182 0.615306 8.44937 5.12165
516.555 4252.64 57.283 0.580626 9.01908 10.3485
517.635 4252.64 51.2767 0.57217 9.50082 7.42378
518.715 4252.64 76.3357 0.558241 9.88565 8.01224
519.795 4252.64 60.1728 0.587391 9.12842 6.57292
520.875 4252.64 59.9152 0.589602 9.72674 0.812486
521.955 4252.64 58.939 0.569451 10.0447 1.64792
523.035 4252.64 100.016 0.555251 8.8733 11.0674
524.115 4252.64 197.112 0.533906 9.47491 19.692
525.195 4252.64 242.346 0.479202 10.5625 15.7867
526.275 4252.64 435.403 0.603411 8.15229 10.2211
527.355 4252.64 394.216 0.517916 8.68696 18.3906
528.435 4252.64 474.05 0.604311 7.55044 24.7894
529.515 4252.64 525.526 0.590899 7.1196 22.4498
530.595 4252.64 545.096 0.760476 7.30226 23.2468
531.675 4252.64 361.566 0.396226 12.2028 15.9881
532.755 4252.64 377.569 0.494156 10.0414 9.17144
533.835 4252.64 599.99 0.578866 7.07595 17.5826
534.915 4252.64 462.919 0.560879 9.63039 24.5728
535.995 4252.64 323.686 0.598962 8.63284 7.86317
537.075 4252.64 322.826 0.603787 7.03186 25.3892
538.155 4252.64 164.608 0.487237 10.7271 2.16064
539.235 4252.64 158.504 0.511877 9.99117 0.978808
540.315 4252.64 160.32 0.508077 10.1077 0.716937
541.395 4252.64 154.517 0.476197 11.2462 0.515313
542.475 4252.64 142.836 0.476357 11.2088 0.541959
543.555 4252.64 132.222 0.468042 11.4537 0.644943
544.635 4252.64 129.619 0.44909 11.9673 1.29747
545.715 4252.64 130.12 0.412911 13.2854 0.729412
546.795 4252.64 129.198 0.477212 11.0172 0.900652
547.875 4252.64 131.587 0.485096 10.8464 1.1491
548.955 4252.64 142.879 0.457888 11.5386 1.30729
550.035 4252.64 137.02 0.427234 12.5615 1.33145
551.115 4252.64 143.314 0.387527 13.864 1.28642
552.195 4252.64 145.279 0.483358 10.5278 1.58798
553.275 4252.64 149.879 0.321866 16.2862 2.75405
554.355 4252.64 161.189 0.388853 13.4491 2.53782
555.435 4252.64 169.218 0.506624 9.52974 1.63603
556.515 4252.64 175.337 0.400227 13.0574 2.0814
557.595 4252.64 180.987 0.363322 14.0272 3.36047
558.675 4252.64 215.479 0.434115 12.3917 5.36071
559.755 4252.64 287.862 0.38216 12.9204 5.44299
560.835 4252.64 505.394 0.499585 8.27623 11.7738
561.915 4252.64 320.015 0.379401 12.5086 8.02474
562.995 4252.64 456.332 0.523759 7.58015 12.7065
564.075 4252.64 359.772 0.395808 13.3153 23.3655
565.155 4252.64 455.665 0.544273 8.41686 25.65
566.235 4252.64 593.653 0.515907 7.65995 7.41235
567.315 4252.64 585.663 0.476231 8.68067 9.55145
568.395 4252.64 599.963 0.498363 8.45203 5.71879
569.475 4252.64 587.375 0.506305 9.01892 6.08694
570.555 4252.64 593.466 0.417412 12.0546 2.01676
571.635 4252.64 513.192 0.444132 11.2208 23.0675
572.715 4252.64 587.52 0.445333 10.1915 23.4906
573.795 4252.64 693.21 0.49635 9.27748 2.74861
574.875 4252.64 779.269 0.542256 8.29162 9.9647
575.955 4252.64 698.508 0.436894 13.2265 24.8122
577.035 4252.64 868.69 0.467538 8.45719 12.0556
578.115 4252.64 950.471 0.542271 7.6621 11.5202
579.195 4252.64 1106.39 0.478741 8.35444 9.53662
580.275 4252.64 744.257 0.46563 13.1285 24.138
581.355 4252.64 900.715 0.475349 7.4521 14.1113
582.435 4252.64 905.692 0.473582 9.12586 3.18473
583.515 4252.64 929.974 0.496746 8.78161 4.07718
584.595 4252.64 908.234 0.650503 7.57402 19.1744
585.675 4252.64 1060.73 0.487151 7.90417 9.04257
586.755 4252.64 985.944 0.479937 9.70099 18.3432
587.835 4252.64 1070.55 0.514391 8.07517 3.87166
588.915 4252.64 671.209 0.672959 8.34487 29.2366
589.995 4252.64 948.266 0.58064 6.8291 33.08
591.075 4252.64 1049.87 0.503923 7.10077 15.8145
592.155 4252.64 1187.13 0.461356 7.20129 17.9566
593.235 4252.64 1221.62 0.595757 7.13342 23.8565
594.315 4252.64 1052.81 0.624474 7.54215 26.2549
595.395 4252.64 739.3 0.376295 11.5186 20.4324
596.475 4252.64 905.878 0.4034 10.6024 19.5356
597.555 4252.64 1007.34 0.468982 7.26937 22.2811
598.635 4252.64 906.479 0.509214 8.01426 18.3965
599.715 4252.64 883.56 0.521102 7.27854 23.1299
600.795 4252.64 821.308 0.489026 7.10264 17.0723
601.875 4252.64 864.422 0.463735 7.21474 17.0352
602.955 4252.64 857.961 0.46404 7.2385 13.903
604.035 4252.64 849.294 0.443769 7.98685 14.829
605.115 4252.64 655.504 0.32243 12.1039 13.7032

456.075 4251.56 1.45922 0.439815 11.7487 1.04102
457.155 4251.56 91.3555 0.577918 7.83882 11.4336
458.235 4251.56 156.66 0.462252 9.33523 10.4863
459.315 4251.56 235.696 0.466393 9.92663 5.06445
460.395 4251.56 220.245 0.47351 10.2479 1.283
461.475 4251.56 214.332 0.46832 10.9092 6.68809
462.555 4251.56 183.08 0.529599 7.17762 19.8087
463.635 4251.56 69.4284 0.592154 9.18374 16.9953
464.715 4251.56 83.4549 0.500632 7.64771 12.3621
465.795 4251.56 27.2256 0.525543 9.36807 5.36339
466.875 4251.56 3.7197 0.464809 10.2853 0.600291
467.955 4251.56 -120 -0.06 0 0
469.035 4251.56 -120 -0.06 0 0
470.115 4251.56 -120 -0.06 0 0
471.195 4251.56 -120 -0.06 0 0
472.275 4251.56 9.03954 0.50641 9.10661 1.5787
473.355 4251.56 76.8426 0.535206 8.96652 16.0837
474.435 4251.56 135.857 0.476352 7.96926 14.1269
475.515 4251.56 126.057 0.553178 8.09056 8.68085
476.595 4251.56 23.1078 0.511343 9.03113 1.9336
477.675 4251.56 -120 -0.06 0 0
478.755 4251.56 -120 -0.06 0 0
479.835 4251.56 2 0.47622 10.4451 0.437862
480.915 4251.56 -120 -0.06 0 0
481.995 4251.56 10.5761 0.487846 10.1917 5.11306
483.075 4251.56 -120 -0.06 0 0
484.155 4251.56 -120 -0.06 0 0
485.235 4251.56 -120 -0.06 0 0
486.315 4251.56 -120 -0.06 0 0
487.395 4251.56 -120 -0.06 0 0
488.475 4251.56 -120 -0.06 0 0
489.555 4251.56 -120 -0.06 0 0
490.635 4251.56 -120 -0.06 0 0
491.715 4251.56 -120 -0.06 0 0
492.795 4251.56 -120 -0.06 0 0
493.875 4251.56 -120 -0.06 0 0
494.955 4251.56 -120 -0.06 0 0
496.035 4251.56 -120 -0.06 0 0
497.115 4251.56 -120 -0.06 0 0
498.195 4251.56 -120 -0.06 0 0
499.275 4251.56 -120 -0.06 0 0
500.355 4251.56 -120 -0.06 0 0
501.435 4251.56 5.27865 0.546319 10.4451 0.0933686
502.515 4251.56 7.83635 0.546069 10.4451 1.25635
503.595 4251.56 1.65487 0.538459 11.1163 0.521495
504.675 4251.56 2.36501 0.573304 10.4451 1.37339
505.755 4251.56 -120 -0.06 0 0
506.835 4251.56 -120 -0.06 0 0
507.915 4251.56 -120 -0.06 0 0
508.995 4251.56 9.95342 0.508104 12.5945 2.28825
510.075 4251.56 20.7587 0.606199 9.2027 2.53838
511.155 4251.56 72.0878 0.619848 7.94399 7.54043
512.235 4251.56 144.34 0.59311 8.64126 8.92025
513.315 4251.56 128.287 0.744277 7.80013 19.4239
514.395 4251.56 99.1388 0.648297 7.89302 4.92768
515.475 4251.56 152.169 0.581105 8.86686 10.6519
516.555 4251.56 184.185 0.604218 8.09772 9.62814
517.635 4251.56 255.382 0.642203 7.25704 14.21
518.715 4251.56 223.093 0.612968 8.90584 2.80012
519.795 4251.56 159.666 0.649598 10.3134 15.7958
520.875 4251.56 78.2854 0.453023 14.2505 3.93384
521.955 4251.56 117.518 0.546687 10.6922 4.87785
523.035 4251.56 412.736 0.638644 6.94051 22.0071
524.115 4251.56 498.385 0.687062 6.74257 28.1059
525.195 4251.56 505.645 0.525736 8.52706 19.271
526.275 4251.56 597.881 0.577404 6.91477 20.5881
527.355 4251.56 623.016 0.669377 7.40206 21.1383
528.435 4251.56 657.32 0.559777 7.54291 13.0308
529.515 4251.56 709.497 0.611276 7.87145 24.4817
530.595 4251.56 664.978 0.642149 7.03658 18.3261
531.675 4251.56 710.914 0.52649 8.58076 12.4427
532.755 4251.56 768.845 0.516765 8.72656 9.88577
533.835 4251.56 862.873 0.624121 7.89594 29.3698
534.915 4251.56 642.043 0.627501 6.92638 22.7334
535.995 4251.56 538.974 0.515466 7.39234 19.5931
537.075 4251.56 386.5 0.625653 8.40809 14.1136
538.155 4251.56 207.13 0.474456 11.3004 4.01959
539.235 4251.56 175.558 0.428657 12.7492 1.60868
540.315 4251.56 183.097 0.513808 10.3692 3.94034
541.395 4251.56 175.583 0.516874 9.58353 1.66409
542.475 4251.56 174.3 0.488809 10.6244 3.14283
543.555 4251.56 204.205 0.508394 8.41781 10.1627
544.635 4251.56 143.274 0.478526 10.8598 1.48178
545.715 4251.56 141.593 0.434998 12.4316 0.735434
546.795 4251.56 143.097 0.486321 10.4534 1.70561
547.875 4251.56 153.382 0.440001 11.9449 2.2311
548.955 4251.56 178.84 0.506297 9.37345 3.67044
550.035 4251.56 171.036 0.480536 10.3599 3.72674
551.115 4251.56 174.501 0.400327 13.1006 2.62261
552.195 4251.56 171.699 0.48644 9.8792 3.78088
553.275 4251.56 176.745 0.362441 14.4499 2.17723
554.355 4251.56 211.434 0.406621 11.972 7.4906
555.435 4251.56 241.223 0.469566 9.52582 12.1005
556.515 4251.56 250.036 0.405486 11.4361 11.7619
557.595 4251.56 322.914 0.509201 7.63562 12.3205
558.675 4251.56 303.586 0.517129 7.93472 12.2354
559.755 4251.56 335.028 0.434627 10.8943 6.90014
560.835 4251.56 410.247 0.438369 11.6677 7.55887
561.915 4251.56 500.753 0.556664 7.46145 14.7739
562.995 4251.56 656.804 0.539007 7.22394 19.0794
564.075 4251.56 403.36 0.360977 13.1532 10.6885
565.155 4251.56 731.72 0.489372 8.32489 11.4082
566.235 4251.56 470.44 0.380354 12.6908 14.6906
567.315 4251.56 641.944 0.481703 9.26338 4.29416
568.395 4251.56 646.491 0.519869 8.63146 7.91749
569.475 4251.56 611.814 0.443549 10.7817 5.81926
570.555 4251.56 637.899 0.450554 9.5998 8.59553
571.635 4251.56 704.056 0.581056 7.35415 9.70711
572.715 4251.56 706.673 0.639819 7.43917 18.1076
573.795 4251.56 720.422 0.42594 10.9344 4.47492
574.875 4251.56 754.592 0.48115 8.73288 5.86181
575.955 4251.56 748.791 0.393697 11.6453 6.32864
577.035 4251.56 904.389 0.57889 7.45502 12.7494
578.115 4251.56 1003.6 0.567703 8.34542 10.0752
579.195 4251.56 1021.54 0.579893 8.06793 11.1462
580.275 4251.56 893.346 0.590414 7.54977 10.8145
581.355 4251.56 864.574 0.515811 7.74341 3.02855
582.435 4251.56 904.093 0.484452 9.8963 6.38483
583.515 4251.56 973.091 0.49401 8.98943 5.84574
584.595 4251.56 1034.46 0.514431 7.72434 5.09871
585.675 4251.56 1081.33 0.576167 7.42347 10.6239
586.755 4251.56 1094.47 0.487594 7.81741 20.3973
587.835 4251.56 1045.56 0.562556 8.03057 13.7814
588.915 4251.56 697.404 0.563403 7.73347 31.4677
589.995 4251.56 1078.86 0.720415 6.64386 28.0171
591.075 4251.56 1201.74 0.468443 8.10171 8.25282
592.155 4251.56 1287.33 0.633773 7.55483 28.2296
593.235 4251.56 1297 0.605523 7.20218 27.0074
594.315 4251.56 1060.93 0.6435 8.29211 28.2961
595.395 4251.56 1088.52 0.464498 7.80875 22.9385
596.475 4251.56 1147.5 0.387632 10.2306 15.7162
597.555 4251.56 1208.31 0.485726 7.31117 16.9809
598.635 4251.56 1053.14 0.411564 8.92546 14.8145
599.715 4251.56 1084.59 0.409405 8.64428 19.6894
600.795 4251.56 925.806 0.561003 8.09455 33.6483
601.875 4251.56 1149.83 0.499279 7.27745 11.6895
602.955 4251.56 1142.03 0.437966 8.5066 10.5722
604.035 4251.56 1052.23 0.425593 9.49404 11.5418
605.115 4251.56 939.299 0.383137 10.1096 13.4794

456.075 4250.48 18.4951 0.491339 8.78605 8.31825
457.155 4250.48 88.4623 0.541491 9.25717 9.4277
458.235 4250.48 238.133 0.562704 8.50611 10.5807
459.315 4250.48 318.197 0.504813 8.58854 5.16762
460.395 4250.48 259.817 0.518069 9.57052 4.2615
461.475 4250.48 249.522 0.562685 8.97102 8.74178
462.555 4250.48 202.923 0.528242 8.08481 19.5234
463.635 4250.48 87.5727 0.537544 8.5538 17.8228
464.715 4250.48 131.853 0.497594 8.55564 4.56752
465.795 4250.48 85.5489 0.575979 7.97564 15.0353
466.875 4250.48 6.04216 0.386188 13.1288 0.836183
467.955 4250.48 -120 -0.06 0 0
469.035 4250.48 -120 -0.06 0 0
470.115 4250.48 -120 -0.06 0 0
471.195 4250.48 -120 -0.06 0 0
472.275 4250.48 5.92128 0.453344 11.3307 4.81748
473.355 4250.48 135.872 0.501537 7.76279 8.68196
474.435 4250.48 227.615 0.517552 8.27981 8.80388
475.515 4250.48 261.296 0.500802 7.67067 22.9062
476.595 4250.48 41.1315 0.531449 8.36654 6.56549
477.675 4250.48 2.36942 0.485991 10.002 0.926497
478.755 4250.48 -120 -0.06 0 0
479.835 4250.48 -120 -0.06 0 0
480.915 4250.48 -120 -0.06 0 0
481.995 4250.48 -120 -0.06 0 0
483.075 4250.48 -120 -0.06 0 0
484.155 4250.48 -120 -0.06 0 0
485.235 4250.48 -120 -0.06 0 0
486.315 4250.48 -120 -0.06 0 0
487.395 4250.48 -120 -0.06 0 0
488.475 4250.48 -120 -0.06 0 0
489.555 4250.48 -120 -0.06 0 0
490.635 4250.48 -120 -0.06 0 0
491.715 4250.48 -120 -0.06 0 0
492.795 4250.48 -120 -0.06 0 0
493.875 4250.48 -120 -0.06 0 0
494.955 4250.48 -120 -0.06 0 0
496.035 4250.48 -120 -0.06 0 0
497.115 4250.48 -120 -0.06 0 0
498.195 4250.48 -120 -0.06 0 0
499.275 4250.48 7.0987 0.553442 9.70697 1.33498
500.355 4250.48 12.7116 0.552176 9.73941 1.43031
501.435 4250.48 12.2352 0.496496 11.9487 0.856062
502.515 4250.48 12.9872 0.547848 10.4451 0.618338
503.595 4250.48 12.9577 0.563595 10.0619 0.772361
504.675 4250.48 6.13665 0.561486 10.4451 0.437346
505.755 4250.48 3.55577 0.527285 12.0546 0.908527
506.835 4250.48 0.651064 0.584479 10.0379 1.07034
507.915 4250.48 3.30718 0.584193 10.963 3.48936
508.995 4250.48 61.2178 0.575965 9.54529 6.51223
510.075 4250.48 90.6322 0.622569 8.98723 1.01163
511.155 4250.48 93.7379 0.591471 10.0508 1.85855
512.235 4250.48 93.1444 0.696156 8.60768 15.6124
513.315 4250.48 111.99 0.664273 8.37909 11.0521
514.395 4250.48 142.618 0.635756 9.4012 4.19709
515.475 4250.48 190.911 0.611983 10.2901 4.78693
516.555 4250.48 222.694 0.601643 10.2488 5.18769
517.635 4250.48 318.58 0.698866 8.24341 9.31178
518.715 4250.48 309.275 0.709039 7.84885 13.325
519.795 4250.48 159.608 0.68362 8.4314 11.048
520.875 4250.48 162.85 0.642165 8.09576 7.60373
521.955 4250.48 244.738 0.689367 7.9227 13.0119
523.035 4250.48 583.095 0.630887 7.11462 16.8518
524.115 4250.48 742.253 0.589285 7.71697 8.50003
525.195 4250.48 843.418 0.614251 7.37525 12.085
526.275 4250.48 818.403 0.668232 7.33457 32.8122
527.355 4250.48 660.294 0.60126 9.4783 27.4253
528.435 4250.48 834.403 0.546344 8.00067 10.9806
529.515 4250.48 901.848 0.628518 7.68385 20.5957
530.595 4250.48 904.896 0.556067 6.97565 13.4734
531.675 4250.48 1152.32 0.548445 6.69974 21.1079
532.755 4250.48 1196.25 0.639676 7.45812 33.9261
533.835 4250.48 1098.44 0.557469 7.46716 12.0333
534.915 4250.48 771.966 0.624736 8.45338 24.8138
535.995 4250.48 732.814 0.547315 7.42145 13.3986
537.075 4250.48 486.737 0.582708 6.98462 21.5528
538.155 4250.48 265.842 0.502957 9.48166 8.8168
539.235 4250.48 202.04 0.521642 9.32964 2.72966
540.315 4250.48 219.977 0.504039 9.69167 2.67295
541.395 4250.48 190.233 0.513388 9.50437 5.7688
542.475 4250.48 191.467 0.521868 9.29764 1.36904
543.555 4250.48 190.748 0.525504 9.23625 2.69039
544.635 4250.48 189.338 0.550144 8.94247 6.51658
545.715 4250.48 175.447 0.460805 11.0303 7.0405
546.795 4250.48 217.366 0.535119 8.15307 9.34376
547.875 4250.48 250.978 0.451348 10.8821 12.3193
548.955 4250.48 295.502 0.519326 7.86298 9.60282
550.035 4250.48 324.591 0.484801 9.20741 8.37002
551.115 4250.48 256.337 0.437503 11.5622 8.23714
552.195 4250.48 419.292 0.52619 7.07799 18.9383
553.275 4250.48 221.728 0.339347 15.3103 14.5039
554.355 4250.48 389.166 0.609142 7.58855 32.7919
555.435 4250.48 429.147 0.573202 8.13567 13.7175
556.515 4250.48 408.243 0.574385 8.13986 23.5628
557.595 4250.48 549.045 0.543119 7.52702 7.21278
558.675 4250.48 334.616 0.389347 13.0541 5.64845
559.755 4250.48 582.661 0.499794 7.70912 12.8337
560.835 4250.48 604.348 0.447192 10.3496 23.3762
561.915 4250.48 554.637 0.389715 11.7079 22.9197
562.995 4250.48 865.223 0.50379 7.76393 11.7851
564.075 4250.48 679.31 0.585807 7.96736 28.5952
565.155 4250.48 798.226 0.614141 7.6353 22.783
566.235 4250.48 772.83 0.510211 7.76561 7.71442
567.315 4250.48 729.663 0.56685 7.33904 10.9974
568.395 4250.48 707.312 0.50025 8.19824 10.9182
569.475 4250.48 654.042 0.415669 11.3026 5.80951
570.555 4250.48 742.546 0.520259 8.14085 5.65152
571.635 4250.48 580.594 0.429664 13.4003 24.6312
572.715 4250.48 786.135 0.502053 7.93715 9.43957
573.795 4250.48 789.08 0.462211 9.85197 5.24916
574.875 4250.48 785.461 0.40738 11.6055 6.47921
575.955 4250.48 756.872 0.429737 11.3752 7.96978
577.035 4250.48 885.577 0.47453 8.60772 7.85018
578.115 4250.48 898.921 0.600284 8.49375 15.888
579.195 4250.48 813.34 0.493861 10.1357 6.20534
580.275 4250.48 766.991 0.328422 14.5136 1.44243
581.355 4250.48 793.631 0.358395 13.89 7.3309
582.435 4250.48 874.934 0.440976 11.4079 4.952
583.515 4250.48 980.726 0.512174 8.60027 7.11151
584.595 4250.48 1028.18 0.589267 7.92916 14.7726
585.675 4250.48 1031.65 0.426572 9.37384 11.3119
586.755 4250.48 1036.02 0.666483 8.30881 25.7214
587.835 4250.48 1073.97 0.490385 8.12355 4.09137
588.915 4250.48 916.504 0.503259 9.30184 17.89
589.995 4250.48 1057.05 0.538446 6.73009 23.6628
591.075 4250.48 1299.68 0.628277 7.39322 28.8526
592.155 4250.48 1571 0.461637 7.32873 15.5549
593.235 4250.48 1388.44 0.586965 7.76219 22.0932
594.315 4250.48 1005.68 0.282609 14.7795 9.33277
595.395 4250.48 1287.29 0.536485 7.74285 23.9902
596.475 4250.48 1369.05 0.500354 7.4262 20.5574
597.555 4250.48 1421.9 0.47188 7.61912 11.2226
598.635 4250.48 1347.5 0.435158 7.87664 17.6379
599.715 4250.48 1297.24 0.654911 7.18681 31.7838
600.795 4250.48 1227.96 0.403826 9.38769 17.278
601.875 4250.48 1425.71 0.464985 7.30859 12.5318
602.955 4250.48 1335.55 0.435349 9.16287 10.899
604.035 4250.48 1208.91 0.383272 9.88135 16.3598
605.115 4250.48 1143.84 0.396807 10.0204 10.0769

456.075 4249.4 9.02084 0.43995 11.7458 1.23596
457.155 4249.4 142.646 0.550523 8.18687 10.2008
458.235 4249.4 210.429 0.607652 8.85244 14.9035
459.315 4249.4 277.863 0.506659 9.80725 2.29194
460.395 4249.4 287.519 0.518993 8.19741 6.75773
461.475 4249.4 168.334 0.429652 11.9775 6.76027
462.555 4249.4 126.775 0.556325 8.20373 19.9419
463.635 4249.4 214.731 0.542627 8.10272 16.4926
464.715 4249.4 185.918 0.517783 8.45159 2.12429
465.795 4249.4 124.739 0.518199 8.32096 1.40046
466.875 4249.4 8.96657 0.431074 11.5831 2.39841
467.955 4249.4 -120 -0.06 0 0
469.035 4249.4 -120 -0.06 0 0
470.115 4249.4 -120 -0.06 0 0
471.195 4249.4 -120 -0.06 0 0
472.275 4249.4 21.3757 0.398344 12.2402 2.70244
473.355 4249.4 120.147 0.620828 7.98226 13.8122
474.435 4249.4 226.36 0.590903 8.52282 16.9015
475.515 4249.4 275.219 0.531225 8.46379 1.07978
476.595 4249.4 78.5929 0.465735 9.60422 10.9371
477.675 4249.4 10.7357 0.424189 12.1122 2.31417
478.755 4249.4 -120 -0.06 0 0
479.835 4249.4 -120 -0.06 0 0
480.915 4249.4 -120 -0.06 0 0
481.995 4249.4 -120 -0.06 0 0
483.075 4249.4 -120 -0.06 0 0
484.155 4249.4 -120 -0.06 0 0
485.235 4249.4 -120 -0.06 0 0
486.315 4249.4 -120 -0.06 0 0
487.395 4249.4 -120 -0.06 0 0
488.475 4249.4 -120 -0.06 0 0
489.555 4249.4 -120 -0.06 0 0
490.635 4249.4 -120 -0.06 0 0
491.715 4249.4 -120 -0.06 0 0
492.795 4249.4 -120 -0.06 0 0
493.875 4249.4 10.1497 0.536608 9.26342 2.06796
494.955 4249.4 9.04567 0.537722 9.33287 2.09987
496.035 4249.4 3.75562 0.409181 14.1189 0.830111
497.115 4249.4 11.5905 0.552538 9.19531 1.72896
498.195 4249.4 24.581 0.506298 10.3374 4.80754
499.275 4249.4 49.723 0.531536 9.00786 8.54445
500.355 4249.4 43.3638 0.54673 9.82079 1.65196
501.435 4249.4 51.2356 0.532295 9.66063 8.24855
502.515 4249.4 27.5688 0.399233 15.2399 2.12474
503.595 4249.4 34.0978 0.539877 10.6478 1.4736
504.675 4249.4 26.7098 0.47744 12.9939 1.75488
505.755 4249.4 34.9764 0.573275 9.35391 6.90969
506.835 4249.4 16.5552 0.484134 13.1942 1.69636
507.915 4249.4 29.1011 0.621967 9.43401 5.10493
508.995 4249.4 100.376 0.623814 8.56693 7.37419
510.075 4249.4 139.014 0.647625 9.17208 6.0279
511.155 4249.4 107.372 0.642158 8.97035 3.13223
512.235 4249.4 62.3205 0.406263 17.5987 2.06482
513.315 4249.4 78.0071 0.631134 9.07478 2.53668
514.395 4249.4 92.3324 0.562187 11.5527 3.06644
515.475 4249.4 148.856 0.644682 8.62509 4.32012
516.555 4249.4 210.922 0.666869 8.57063 5.7111
517.635 4249.4 234.68 0.680991 9.52703 11.9973
518.715 4249.4 304.745 0.622039 8.51355 3.39006
519.795 4249.4 178.523 0.51559 10.5525 14.0822
520.875 4249.4 179.054 0.629807 7.8264 10.0543
521.955 4249.4 288.198 0.579316 7.88026 11.1126
523.035 4249.4 482.079 0.620172 8.39668 11.1822
524.115 4249.4 693.796 0.614261 8.22216 5.4176
525.195 4249.4 855.772 0.771217 7.1232 22.382
526.275 4249.4 1052.74 0.708699 7.33499 30.0713
527.355 4249.4 910.71 0.665198 7.79951 22.3578
528.435 4249.4 909.021 0.685002 8.06905 19.8673
529.515 4249.4 1150.52 0.654352 7.40678 16.3791
530.595 4249.4 1144.96 0.528826 8.05332 15.5534
531.675 4249.4 1393.04 0.563343 8.03709 8.1849
532.755 4249.4 1147.48 0.754292 7.32143 30.8379
533.835 4249.4 1020.57 0.715972 6.73065 32.985
534.915 4249.4 1007 0.542367 7.50867 14.2021
535.995 4249.4 900.647 0.627885 7.26813 13.6138
537.075 4249.4 553.522 0.745762 7.20254 21.8203
538.155 4249.4 334.658 0.506904 8.03098 12.5423
539.235 4249.4 214.631 0.364053 14.848 2.268
540.315 4249.4 215.036 0.391356 14.0603 3.30091
541.395 4249.4 266.627 0.514184 8.66605 5.96202
542.475 4249.4 283.198 0.511692 7.97832 12.98
543.555 4249.4 263.431 0.575039 9.54411 12.4714
544.635 4249.4 229.88 0.524413 8.64017 5.47038
545.715 4249.4 216.791 0.527654 8.62532 3.226
546.795 4249.4 239.761 0.589631 7.94479 12.2031
547.875 4249.4 354.464 0.548156 8.1105 15.3619
548.955 4249.4 523.559 0.52025 7.03854 19.2528
550.035 4249.4 589.753 0.514237 7.15299 16.2897
551.115 4249.4 344.963 0.428537 11.595 9.03565
552.195 4249.4 633.655 0.642696 7.80301 26.2481
553.275 4249.4 246.398 0.349559 15.0436 3.80019
554.355 4249.4 469.14 0.639044 7.51571 24.8249
555.435 4249.4 711.002 0.52613 8.28637 10.124
556.515 4249.4 501.297 0.49391 11.4089 30.7754
557.595 4249.4 579.471 0.521097 10.4271 28.1856
558.675 4249.4 680.904 0.506033 6.86945 16.5033
559.755 4249.4 744.24 0.500108 7.06837 20.4798
560.835 4249.4 742.053 0.528787 7.99655 15.143
561.915 4249.4 766.678 0.523464 8.54317 14.6248
562.995 4249.4 871.533 0.61698 6.9374 25.8491
564.075 4249.4 820.074 0.519653 6.80938 12.5944
565.155 4249.4 836.751 0.536927 7.84177 14.4244
566.235 4249.4 868.14 0.520884 7.56978 19.3696
567.315 4249.4 688.804 0.39199 10.8539 14.245
568.395 4249.4 791.898 0.471136 8.59632 9.90153
569.475 4249.4 750.582 0.465293 10.4781 16.4727
570.555 4249.4 788.234 0.449578 10.1115 4.63592
571.635 4249.4 599.261 0.343112 13.794 13.813
572.715 4249.4 865.429 0.503181 8.3301 3.66222
573.795 4249.4 930.994 0.500258 8.33308 11.7192
574.875 4249.4 878.429 0.430019 10.8472 3.82683
575.955 4249.4 907.29 0.434267 9.77326 12.2186
577.035 4249.4 971.69 0.489261 9.31642 4.75003
578.115 4249.4 818.676 0.420025 10.4287 6.82621
579.195 4249.4 782.475 0.32543 14.3215 4.97796
580.275 4249.4 804.531 0.430677 10.4502 4.59662
581.355 4249.4 862.534 0.502714 8.35582 8.0788
582.435 4249.4 914.833 0.496779 8.27312 2.97432
583.515 4249.4 987.018 0.509149 7.96104 6.37207
584.595 4249.4 1032.11 0.581118 7.99856 15.044
585.675 4249.4 1065.78 0.495876 9.23275 4.84885
586.755 4249.4 968.602 0.366011 13.4006 4.18861
587.835 4249.4 1092.86 0.469059 9.47249 9.8094
588.915 4249.4 1158.46 0.591327 7.36228 17.9742
589.995 4249.4 1106.56 0.565983 8.50526 24.5345
591.075 4249.4 1473.48 0.483104 7.43798 10.8275
592.155 4249.4 1566.08 0.563742 7.83518 13.1811
593.235 4249.4 1248.91 0.516663 9.12567 14.856
594.315 4249.4 1090.78 0.441198 13.3686 23.7673
595.395 4249.4 1361.13 0.529111 7.72227 18.9323
596.475 4249.4 1467.1 0.561854 7.61758 15.6606
597.555 4249.4 1564.83 0.462572 8.19611 13.6937
598.635 4249.4 1369.61 0.680258 7.94126 28.1442
599.715 4249.4 1406.64 0.538092 6.81827 22.9769
600.795 4249.4 1483.72 0.423096 9.94488 6.71462
601.875 4249.4 1594.31 0.48966 8.07039 8.57705
602.955 4249.4 1486.16 0.403146 9.71353 10.6995
604.035 4249.4 1277.86 0.411828 11.5415 12.4969
605.115 4249.4 1292.74 0.420528 9.99193 13.8159

456.075 4248.31 33.4846 0.475952 9.10267 9.10512
457.155 4248.31 45.1578 0.46148 9.45784 9.4502
458.235 4248.31 98.0774 0.602584 8.46344 11.7997
459.315 4248.31 115.147 0.503095 11.4288 9.82345
460.395 4248.31 201.883 0.559585 8.52897 5.50194
461.475 4248.31 126.935 0.400515 13.9109 7.38355
462.555 4248.31 242.602 0.499023 7.73298 10.2164
463.635 4248.31 228.326 0.485268 9.20968 11.8629
464.715 4248.31 203.836 0.472263 10.4436 2.41107
465.795 4248.31 175.314 0.562647 8.11732 11.8345
466.875 4248.31 31.7588 0.414085 11.9879 5.03101
467.955 4248.31 4.30395 0.475355 9.93621 0.115976
469.035 4248.31 -120 -0.06 0 0
470.115 4248.31 -120 -0.06 0 0
471.195 4248.31 -120 -0.06 0 0
472.275 4248.31 30.5393 0.535642 8.88062 4.78319
473.355 4248.31 44.038 0.411847 11.932 2.21848
474.435 4248.31 112.968 0.513678 10.3849 11.7419
475.515 4248.31 241.834 0.570834 8.244 6.75047
476.595 4248.31 211.894 0.545045 8.09133 3.18854
477.675 4248.31 33.4507 0.45252 10.8221 3.1003
478.755 4248.31 7.99602 0.487567 9.84319 2.3192
479.835 4248.31 0.952846 0.476165 10.4451 0.247191
480.915 4248.31 -120 -0.06 0 0
481.995 4248.31 -120 -0.06 0 0
483.075 4248.31 -120 -0.06 0 0
484.155 4248.31 -120 -0.06 0 0
485.235 4248.31 -120 -0.06 0 0
486.315 4248.31 -120 -0.06 0 0
487.395 4248.31 -120 -0.06 0 0
488.475 4248.31 -120 -0.06 0 0
489.555 4248.31 -120 -0.06 0 0
490.635 4248.31 -120 -0.06 0 0
491.715 4248.31 -120 -0.06 0 0
492.795 4248.31 2.69493 0.396858 14.2459 0.469959
493.875 4248.31 3.17612 0.452239 12.4535 0.298323
494.955 4248.31 31.6142 0.532637 8.47673 11.2753
496.035 4248.31 70.1886 0.550436 7.99313 8.31799
497.115 4248.31 94.0815 0.49683 9.57341 12.4013
498.195 4248.31 217.14 0.5392 8.71273 16.8465
499.275 4248.31 249.44 0.538366 8.63763 22.4483
500.355 4248.31 236.984 0.729009 7.0674 22.7785
501.435 4248.31 237.753 0.580127 7.39006 10.8212
502.515 4248.31 166.238 0.57494 7.16035 20.3195
503.595 4248.31 231.195 0.583665 7.15109 20.6185
504.675 4248.31 98.4968 0.586209 8.69555 8.12687
505.755 4248.31 160.014 0.632935 7.92231 11.5434
506.835 4248.31 110.9 0.643848 8.18769 12.7095
507.915 4248.31 32.1539 0.485186 13.0568 3.56791
508.995 4248.31 122.112 0.608552 8.47487 13.8241
510.075 4248.31 139.877 0.616187 8.79194 4.06703
511.155 4248.31 86.0735 0.615484 9.06686 3.12189
512.235 4248.31 61.8806 0.407851 17.4354 0.282622
513.315 4248.31 70.1892 0.611053 9.69332 2.4419
514.395 4248.31 78.0136 0.496284 13.9359 2.91305
515.475 4248.31 104.879 0.510111 13.1856 2.08602
516.555 4248.31 137.695 0.589198 10.3879 3.66566
517.635 4248.31 220.948 0.672609 8.4028 6.68945
518.715 4248.31 279.956 0.625168 8.89313 4.56574
519.795 4248.31 251.939 0.601351 8.54914 11.6639
520.875 4248.31 169.902 0.463333 13.3661 6.1216
521.955 4248.31 258.243 0.631882 8.36605 4.88299
523.035 4248.31 354.244 0.757812 7.52697 19.6331
524.115 4248.31 440.993 0.487513 11.58 22.711
525.195 4248.31 544.358 0.811798 7.57602 25.5077
526.275 4248.31 694.887 0.80845 6.84907 29.8598
527.355 4248.31 741.291 0.678847 7.15921 27.7068
528.435 4248.31 893.773 0.798655 7.46078 28.9582
529.515 4248.31 1094.76 0.613997 8.32867 21.1827
530.595 4248.31 1389.99 0.644744 8.12597 13.1161
531.675 4248.31 1294.58 0.553324 8.8188 12.9906
532.755 4248.31 912.99 0.652304 8.98962 24.9503
533.835 4248.31 685.685 0.496765 12.5345 9.14298
534.915 4248.31 895.716 0.561567 8.39386 25.0977
535.995 4248.31 484.002 0.531915 9.37198 12.578
537.075 4248.31 455.992 0.635598 7.0772 31.7111
538.155 4248.31 362.063 0.618058 7.31189 17.3523
539.235 4248.31 299.209 0.527309 8.35365 8.19338
540.315 4248.31 283.887 0.566696 8.21734 5.19399
541.395 4248.31 326.666 0.605444 8.51841 11.9454
542.475 4248.31 287.214 0.481352 11.0935 6.85563
543.555 4248.31 279.95 0.475674 9.34425 10.0891
544.635 4248.31 322.366 0.472698 9.59325 9.51206
545.715 4248.31 393.989 0.506579 7.75677 19.7976
546.795 4248.31 227.76 0.332319 14.9608 5.41868
547.875 4248.31 413.072 0.524739 9.81486 10.8816
548.955 4248.31 707.303 0.519934 8.18045 17.1991
550.035 4248.31 790.199 0.526314 7.8246 14.1135
551.115 4248.31 626.253 0.607654 7.61386 27.7484
552.195 4248.31 831.902 0.516105 7.31852 13.0401
553.275 4248.31 292.764 0.448404 14.0738 22.5123
554.355 4248.31 717.084 0.500047 7.54902 17.8232
555.435 4248.31 804.272 0.529944 7.32583 8.89779
556.515 4248.31 661.142 0.449603 11.8499 22.7732
557.595 4248.31 800.639 0.526847 9.82305 24.9491
558.675 4248.31 865.572 0.707031 7.02869 30.4052
559.755 4248.31 822.144 0.638185 7.26331 28.6493
560.835 4248.31 990.438 0.534254 7.04196 15.1575
561.915 4248.31 981.346 0.514154 7.21441 16.3959
562.995 4248.31 909.169 0.672585 7.03173 24.5648
564.075 4248.31 854.461 0.698965 6.91114 22.5729
565.155 4248.31 717.657 0.398556 11.569 9.1356
566.235 4248.31 969.842 0.493762 7.30975 14.8775
567.315 4248.31 924.852 0.553864 7.50859 11.2075
568.395 4248.31 928.185 0.563971 8.17258 5.80212
569.475 4248.31 917.649 0.504856 7.98326 10.4911
570.555 4248.31 860.396 0.63624 8.31841 17.4165
571.635 4248.31 659.216 0.450432 11.2196 6.98497
572.715 4248.31 736.946 0.443772 9.62363 15.997
573.795 4248.31 958.986 0.564016 9.11458 15.6482
574.875 4248.31 1038.04 0.47207 7.95842 13.6684
575.955 4248.31 1003.18 0.521289 8.11453 8.56426
577.035 4248.31 904.091 0.557782 8.71501 11.5979
578.115 4248.31 840.958 0.346808 13.9792 4.13453
579.195 4248.31 837.267 0.441314 10.0055 13.5956
580.275 4248.31 911.662 0.494189 8.4323 3.70854
581.355 4248.31 970.237 0.541726 7.82485 10.249
582.435 4248.31 892.589 0.516765 8.05829 13.1481
583.515 4248.31 991.62 0.440248 8.69464 14.234
584.595 4248.31 960.143 0.394907 11.9078 4.09429
585.675 4248.31 1026.14 0.434976 10.7784 1.7705
586.755 4248.31 991.917 0.460128 9.78764 5.77635
587.835 4248.31 1033.21 0.415099 12.4258 10.7073
588.915 4248.31 1211.02 0.511477 7.46891 8.00674
589.995 4248.31 1150.21 0.674268 7.56736 26.0831
591.075 4248.31 1472.71 0.488022 8.75286 6.23056
592.155 4248.31 1526.32 0.491986 7.77524 12.5243
593.235 4248.31 1431.18 0.575263 6.9991 27.4177
594.315 4248.31 1067.75 0.344254 13.8026 4.75923
595.395 4248.31 1460.81 0.604815 7.63828 22.592
596.475 4248.31 1371.36 0.384512 10.8067 8.24366
597.555 4248.31 1793.55 0.460951 7.82584 17.5023
598.635 4248.31 1380.75 0.557437 7.65906 39.9791
599.715 4248.31 1326.68 0.595757 8.08 21.2509
600.795 4248.31 1667.73 0.5146 7.4268 7.14084
601.875 4248.31 1740.32 0.459744 7.58194 17.1005
602.955 4248.31 1662.01 0.49117 7.21004 8.9055
604.035 4248.31 1584.48 0.479074 7.35622 9.45737
605.115 4248.31 1471.85 0.480382 7.97039 17.8698

456.075 4247.23 48.6913 0.453092 11.6804 3.03838
457.155 4247.23 226.399 0.590548 7.83494 11.3271
458.235 4247.23 118.031 0.476493 8.31078 14.499
459.315 4247.23 266.477 0.493439 9.62011 3.68785
460.395 4247.23 167.278 0.476425 10.0353 2.19204
461.475 4247.23 190.927 0.539989 8.68879 4.81639
462.555 4247.23 232.556 0.547903 8.75828 5.28941
463.635 4247.23 280.147 0.485195 9.50687 2.21078
464.715 4247.23 196.624 0.399107 12.0922 3.60709
465.795 4247.23 251.665 0.550272 7.7239 15.7141
466.875 4247.23 58.2942 0.469628 9.44451 8.18301
467.955 4247.23 45.3371 0.472021 8.39771 12.0611
469.035 4247.23 3 0.459855 10.474 0.341787
470.115 4247.23 -120 -0.06 0 0
471.195 4247.23 0.692392 0.462102 10.4509 1.21299
472.275 4247.23 5.60081 0.461054 10.2398 5.01861
473.355 4247.23 126.096 0.512245 8.87122 2.81572
474.435 4247.23 138.407 0.56449 8.74221 9.03877
475.515 4247.23 111.334 0.466449 11.4378 8.03644
476.595 4247.23 151.32 0.517042 9.22478 2.61936
477.675 4247.23 153.587 0.561794 7.87543 9.21317
478.755 4247.23 76.942 0.509641 7.88401 14.0327
479.835 4247.23 5.83971 0.490851 9.90916 1.583
480.915 4247.23 -120 -0.06 0 0
481.995 4247.23 -120 -0.06 0 0
483.075 4247.23 -120 -0.06 0 0
484.155 4247.23 -120 -0.06 0 0
485.235 4247.23 2.88576 0.484478 10.4451 0.765632
486.315 4247.23 7.01074 0.486473 10.4451 0.777682
487.395 4247.23 -120 -0.06 0 0
488.475 4247.23 2.33686 0.408656 13.3355 0.916529
489.555 4247.23 1.41529 0.469108 11.2786 0.983344
490.635 4247.23 13.5297 0.471041 11.2803 1.16721
491.715 4247.23 11.703 0.501946 10.257 1.59907
492.795 4247.23 68.4083 0.550884 8.29385 11.2517
493.875 4247.23 118.883 0.569622 7.58336 12.3469
494.955 4247.23 253.077 0.567974 7.41561 9.33621
496.035 4247.23 235.369 0.585652 8.02388 11.6108
497.115 4247.23 294.612 0.731626 7.44341 21.0447
498.195 4247.23 482.923 0.542413 7.95336 14.4564
499.275 4247.23 570.778 0.591307 8.09479 5.56048
500.355 4247.23 181.861 0.635151 8.82248 21.1632
501.435 4247.23 449.256 0.718401 7.34054 26.479
502.515 4247.23 365.605 0.580027 7.93338 12.9435
503.595 4247.23 204.383 0.766644 7.37727 29.2069
504.675 4247.23 216.173 0.609134 7.92894 22.4854
505.755 4247.23 138.831 0.543795 9.54185 14.62
506.835 4247.23 128.561 0.559059 9.63846 16.0651
507.915 4247.23 151.346 0.64228 8.26707 15.9606
508.995 4247.23 126.145 0.637433 8.21211 6.06916
510.075 4247.23 118.658 0.637586 9.12892 8.87552
511.155 4247.23 73.2716 0.495675 13.2143 1.21062
512.235 4247.23 68.3152 0.577416 10.3028 1.25903
513.315 4247.23 77.5554 0.586965 10.065 0.871321
514.395 4247.23 85.125 0.578687 10.3143 0.795933
515.475 4247.23 97.9879 0.574659 10.4602 0.56222
516.555 4247.23 132.319 0.527883 12.6543 4.12132
517.635 4247.23 157.796 0.514768 11.745 3.11028
518.715 4247.23 226.749 0.585304 9.6279 3.82219
519.795 4247.23 265.773 0.610613 9.28843 3.51147
520.875 4247.23 198.841 0.576206 8.65015 6.87115
521.955 4247.23 277.194 0.709196 8.19934 15.5275
523.035 4247.23 354.79 0.562304 8.92 7.8212
524.115 4247.23 397.187 0.565849 8.13231 14.7018
525.195 4247.23 518.477 0.635704 7.67308 19.9469
526.275 4247.23 853.871 0.63641 7.49654 14.4019
527.355 4247.23 879.492 0.531235 9.31028 8.4551
528.435 4247.23 924.814 0.615692 8.02419 21.7918
529.515 4247.23 1312.51 0.618231 7.45099 15.1751
530.595 4247.23 1193.22 0.594375 8.58313 14.2103
531.675 4247.23 1178.11 0.621562 7.48698 6.63637
532.755 4247.23 1153.25 0.667153 7.57787 23.499
533.835 4247.23 802.024 0.484024 9.5667 14.1489
534.915 4247.23 542.17 0.673017 11.4855 28.5771
535.995 4247.23 478.428 0.406869 12.5554 16.8677
537.075 4247.23 388.498 0.570871 12.1829 19.1916
538.155 4247.23 390.67 0.56004 7.45018 13.9591
539.235 4247.23 406.485 0.569617 7.31678 24.6076
540.315 4247.23 358.801 0.489749 9.06973 10.2627
541.395 4247.23 416.84 0.484723 8.49242 16.1642
542.475 4247.23 430.47 0.494628 7.72531 19.5232
543.555 4247.23 367.074 0.497153 10.997 20.1852
544.635 4247.23 638.854 0.558961 7.78259 24.9561
545.715 4247.23 615.413 0.665178 7.37876 29.791
546.795 4247.23 416.661 0.596703 8.03129 29.2833
547.875 4247.23 623.286 0.512121 7.74588 14.6544
548.955 4247.23 853.766 0.583764 7.05347 14.4792
550.035 4247.23 845.477 0.514303 8.99437 14.5506
551.115 4247.23 932.708 0.500703 7.74894 20.4715
552.195 4247.23 682.728 0.752368 6.51849 23.9858
553.275 4247.23 368.11 0.554954 9.17232 26.7035
554.355 4247.23 904.728 0.529962 7.18519 12.9867
555.435 4247.23 979.3 0.590625 7.16055 23.2393
556.515 4247.23 760.544 0.474837 11.4463 20.7563
557.595 4247.23 980.319 0.58032 7.3512 25.7698
558.675 4247.23 936.22 0.620527 7.37495 24.0889
559.755 4247.23 746.253 0.531207 8.80333 11.1751
560.835 4247.23 1085 0.676986 7.47668 33.8027
561.915 4247.23 984.868 0.708229 7.6369 26.5541
562.995 4247.23 967.459 0.647345 7.77626 23.472
564.075 4247.23 792.271 0.476503 8.84484 7.99016
565.155 4247.23 787.873 0.420141 11.409 11.8778
566.235 4247.23 1032.7 0.645228 7.99366 18.8722
567.315 4247.23 925.131 0.63171 7.34408 23.8447
568.395 4247.23 915.821 0.493576 11.2017 16.2903
569.475 4247.23 958.984 0.457301 9.72652 6.64752
570.555 4247.23 960.113 0.494693 8.06816 6.93569
571.635 4247.23 797.118 0.641627 7.43118 18.4502
572.715 4247.23 834.292 0.6223 7.39178 22.0392
573.795 4247.23 854.538 0.667091 9.24857 24.4407
574.875 4247.23 1068.87 0.514926 9.03699 5.28665
575.955 4247.23 935.789 0.480696 10.0579 10.772
577.035 4247.23 885.007 0.477175 9.04451 3.73236
578.115 4247.23 901.686 0.487051 8.60224 4.21474
579.195 4247.23 913.618 0.535002 8.98938 13.9551
580.275 4247.23 991.409 0.536458 8.14467 10.5533
581.355 4247.23 910.715 0.484087 8.79624 6.27075
582.435 4247.23 865.249 0.470594 9.87099 6.7424
583.515 4247.23 1052.19 0.495281 8.35376 3.78508
584.595 4247.23 982.667 0.406305 11.1975 3.39599
585.675 4247.23 977.693 0.322573 14.8098 2.78983
586.755 4247.23 1237.29 0.483378 7.61782 9.01591
587.835 4247.23 1071.42 0.343994 12.1765 12.6719
588.915 4247.23 1290.61 0.543293 8.09435 17.5407
589.995 4247.23 1039.14 0.405651 13.0785 14.6632
591.075 4247.23 1430.81 0.716163 7.08379 26.6145
592.155 4247.23 1492.79 0.503904 7.79872 5.40386
593.235 4247.23 1317.02 0.64053 7.59455 21.4181
594.315 4247.23 1103.52 0.359939 13.0783 4.26161
595.395 4247.23 1369.61 0.582324 7.50414 24.1892
596.475 4247.23 1477.05 0.443732 9.57484 15.9194
597.555 4247.23 1494.55 0.680414 8.17141 23.589
598.635 4247.23 1365.49 0.510958 8.10857 25.4521
599.715 4247.23 1371.35 0.551258 7.92247 18.4638
600.795 4247.23 1661.62 0.57955 8.35429 24.4418
601.875 4247.23 1867.95 0.502556 8.43449 18.544
602.955 4247.23 1593.89 0.663749 7.50925 27.6153
604.035 4247.23 1735.08 0.502132 8.13105 6.39053
605.115 4247.23 1495.53 0.562914 8.1793 29.8742

456.075 4246.15 90.6345 0.472136 9.9273 5.29889
457.155 4246.15 151.87 0.473464 9.14739 9.17711
458.235 4246.15 214.958 0.581494 8.54991 12.2632
459.315 4246.15 262.037 0.517265 9.1796 8.13597
460.395 4246.15 148.726 0.378219 13.6178 0.724267
461.475 4246.15 223.478 0.507416 8.62347 6.32891
462.555 4246.15 234.234 0.512163 8.43313 9.2443
463.635 4246.15 275.381 0.458277 10.3628 2.52012
464.715 4246.15 451.739 0.486832 8.1094 9.57783
465.795 4246.15 367.115 0.563642 7.64936 10.486
466.875 4246.15 90.3407 0.599259 9.32861 17.9414
467.955 4246.15 100.154 0.48999 8.38282 7.52289
469.035 4246.15 4.6235 0.47624 9.8762 0.275948
470.115 4246.15 -120 -0.06 0 0
471.195 4246.15 1.25388 0.457262 10.6083 1.09141
472.275 4246.15 9.90864 0.478963 9.86407 7.09509
473.355 4246.15 32.2407 0.428225 11.411 6.20696
474.435 4246.15 60.407 0.46386 10.753 10.3372
475.515 4246.15 145.932 0.480471 8.75836 12.6974
476.595 4246.15 168.407 0.573611 8.28836 10.4038
477.675 4246.15 174.371 0.518092 9.56304 8.87333
478.755 4246.15 83.5365 0.522938 9.65558 12.973
479.835 4246.15 3.89973 0.408237 12.65 1.89623
480.915 4246.15 0.670713 0.474782 10.4451 0.717938
481.995 4246.15 -120 -0.06 0 0
483.075 4246.15 -120 -0.06 0 0
484.155 4246.15 4.60835 0.487516 10.0539 1.69317
485.235 4246.15 51.3297 0.491837 9.05874 9.0105
486.315 4246.15 8.82841 0.485608 10.3258 2.45708
487.395 4246.15 47.233 0.533376 8.4202 4.02088
488.475 4246.15 11.2041 0.426512 12.6867 0.650322
489.555 4246.15 49.5493 0.546599 9.03957 3.15028
490.635 4246.15 41.9586 0.415424 12.9669 2.31595
491.715 4246.15 111.495 0.522961 7.59332 16.0747
492.795 4246.15 202.356 0.603931 7.77746 7.47081
493.875 4246.15 216.336 0.565731 7.71609 18.5203
494.955 4246.15 260.746 0.789391 7.68806 25.1422
496.035 4246.15 420.839 0.663194 7.68104 25.5958
497.115 4246.15 504.802 0.576642 6.82602 23.4152
498.195 4246.15 665.875 0.746873 7.86288 21.9772
499.275 4246.15 413.152 0.744017 7.04581 18.6963
500.355 4246.15 278.775 0.617629 7.74434 25.5442
501.435 4246.15 682.426 0.610555 7.36446 20.9472
502.515 4246.15 361.994 0.788533 7.41743 28.5162
503.595 4246.15 447.868 0.572754 7.33631 22.373
504.675 4246.15 166.455 0.494763 13.1869 14.8164
505.755 4246.15 366.225 0.702399 7.6228 22.6565
506.835 4246.15 279.612 0.609807 7.91244 7.51623
507.915 4246.15 233.022 0.571425 8.41581 14.0834
508.995 4246.15 127.74 0.602059 9.07242 5.89007
510.075 4246.15 174.491 0.577529 8.42873 9.7761
511.155 4246.15 103.267 0.603439 9.27244 9.18902
512.235 4246.15 72.2024 0.395214 17.311 1.44748
513.315 4246.15 86.9382 0.558075 10.6865 1.20083
514.395 4246.15 138.759 0.596402 7.90687 10.0382
515.475 4246.15 137.127 0.562911 12.373 9.03397
516.555 4246.15 170.138 0.575172 9.01232 7.99108
517.635 4246.15 190.71 0.482317 13.051 2.27988
518.715 4246.15 209.316 0.51662 11.9415 1.23913
519.795 4246.15 217.997 0.526442 11.5442 0.963096
520.875 4246.15 273.488 0.575375 8.90204 5.24024
521.955 4246.15 345.391 0.584175 9.16073 6.1338
523.035 4246.15 354.018 0.657964 8.24118 11.8249
524.115 4246.15 314.442 0.472502 12.8465 2.7412
525.195 4246.15 371.713 0.532139 12.1255 11.4568
526.275 4246.15 464.308 0.506757 11.8702 6.53433
527.355 4246.15 718.608 0.648454 6.91443 19.0865
528.435 4246.15 1117.06 0.578343 7.14128 23.0907
529.515 4246.15 1165.32 0.641736 7.59218 11.8339
530.595 4246.15 1052.69 0.544259 10.1051 5.5066
531.675 4246.15 1203.1 0.557802 7.42198 21.6304
532.755 4246.15 1323.84 0.601425 6.87124 24.2094
533.835 4246.15 860.823 0.584094 8.67419 24.891
534.915 4246.15 691.549 0.729682 7.37853 21.0684
535.995 4246.15 541.177 0.506752 8.12198 19.747
537.075 4246.15 494.024 0.546552 7.77158 19.7728
538.155 4246.15 631.467 0.619737 8.83531 16.4606
539.235 4246.15 386.713 0.49027 9.66648 5.5882
540.315 4246.15 497.068 0.627277 8.40032 16.6872
541.395 4246.15 821.686 0.510791 8.17172 9.65284
542.475 4246.15 720.581 0.492117 7.87027 15.7115
543.555 4246.15 567.356 0.439357 9.68963 15.7744
544.635 4246.15 1003.71 0.62206 6.62385 28.5207
545.715 4246.15 803.339 0.661896 8.22391 22.2429
546.795 4246.15 544.85 0.587061 8.28568 31.2142
547.875 4246.15 692.434 0.698787 7.45691 29.6496
548.955 4246.15 1030.41 0.679844 6.89028 27.9539
550.035 4246.15 1036.93 0.747448 7.13793 30.2208
551.115 4246.15 879.039 0.794042 6.71428 26.7227
552.195 4246.15 419.025 0.394691 12.8058 5.94483
553.275 4246.15 453.645 0.518145 10.0458 16.7865
554.355 4246.15 861.126 0.656092 7.47032 33.9299
555.435 4246.15 938.757 0.70214 7.75623 24.5821
556.515 4246.15 902.453 0.604707 7.8269 27.4314
557.595 4246.15 1215.68 0.639026 7.42196 22.0447
558.675 4246.15 958.407 0.622325 6.86694 19.1893
559.755 4246.15 741.088 0.41467 12.1037 11.3491
560.835 4246.15 939.036 0.595352 8.07232 23.6176
561.915 4246.15 1055.55 0.487435 7.64543 15.5856
562.995 4246.15 820.368 0.641617 7.37036 15.1271
564.075 4246.15 875.133 0.5189 8.07252 12.7166
565.155 4246.15 879.806 0.39702 11.8161 6.90545
566.235 4246.15 977.973 0.466956 11.1212 20.7836
567.315 4246.15 1031.86 0.480239 7.57735 17.4075
568.395 4246.15 1078.33 0.494 9.3259 4.44068
569.475 4246.15 1069.14 0.510531 9.00816 8.55587
570.555 4246.15 969.738 0.582538 7.59094 17.895
571.635 4246.15 714.412 0.493922 9.30499 9.45989
572.715 4246.15 813.694 0.473246 8.92603 23.9114
573.795 4246.15 1003.51 0.455267 11.1054 15.5867
574.875 4246.15 1046.8 0.480144 8.76814 4.64823
575.955 4246.15 983.126 0.455297 8.26262 13.6876
577.035 4246.15 952.124 0.487615 7.83404 9.74555
578.115 4246.15 1033.58 0.454438 8.04191 15.6094
579.195 4246.15 973.131 0.521763 8.36641 22.5204
580.275 4246.15 1015.99 0.589632 7.6107 21.2359
581.355 4246.15 1147.48 0.566961 8.10409 16.7908
582.435 4246.15 923.401 0.489027 8.41835 20.1745
583.515 4246.15 995.164 0.535456 9.21466 12.2489
584.595 4246.15 1146.85 0.457589 7.60682 16.1966
585.675 4246.15 974.577 0.424235 12.8965 14.6044
586.755 4246.15 1307.5 0.617971 7.52077 19.8764
587.835 4246.15 1085.33 0.403494 11.7233 6.37221
588.915 4246.15 1324.7 0.51423 7.70412 18.3058
589.995 4246.15 1037.4 0.454143 9.87067 11.6769
591.075 4246.15 1135.67 0.517371 10.5005 14.4219
592.155 4246.15 1319.7 0.6607 7.06015 22.8721
593.235 4246.15 1112.71 0.365563 13.3777 4.3724
594.315 4246.15 1106.61 0.402952 11.6468 4.15313
595.395 4246.15 1417.92 0.472972 8.21764 9.60712
596.475 4246.15 1470.95 0.451194 10.2266 2.39411
597.555 4246.15 1472.5 0.622773 7.7226 18.1799
598.635 4246.15 1417.87 0.526107 7.74253 20.1516
599.715 4246.15 1558.78 0.534027 7.37807 14.4664
600.795 4246.15 1753.74 0.561499 7.55997 27.7059
601.875 4246.15 1806.23 0.563482 7.04694 22.0129
602.955 4246.15 1491.14 0.504712 8.90081 6.64067
604.035 4246.15 1693.33 0.536331 8.90019 18.4618
605.115 4246.15 1535.36 0.442874 10.3249 13.3209

456.075 4245.07 140.789 0.496896 9.99992 4.64132
457.155 4245.07 272.944 0.550725 7.85356 13.9759
458.235 4245.07 244.611 0.568982 8.02897 4.03327
459.315 4245.07 232.644 0.537125 8.72139 8.22356
460.395 4245.07 218.474 0.54217 8.29309 11.7428
461.475 4245.07 242.438 0.556569 9.03779 9.51917
462.555 4245.07 260.89 0.513132 8.54515 6.03082
463.635 4245.07 340.176 0.617628 7.70055 12.9052
464.715 4245.07 253.578 0.615003 8.14917 13.646
465.795 4245.07 142.876 0.386041 13.2532 6.20884
466.875 4245.07 245.224 0.514189 8.74092 2.16435
467.955 4245.07 74.2194 0.44646 10.9112 10.3818
469.035 4245.07 3.73392 0.459899 9.89683 2.88034
470.115 4245.07 -120 -0.06 0 0
471.195 4245.07 1.02354 0.462342 10.4451 0.3468
472.275 4245.07 9.96346 0.485019 10.1209 5.2146
473.355 4245.07 14.5971 0.383914 13.4526 1.10727
474.435 4245.07 76.8288 0.5388 8.95563 7.01523
475.515 4245.07 132.904 0.474116 10.4451 2.16869
476.595 4245.07 94.1887 0.462442 12.0439 7.15677
477.675 4245.07 90.7148 0.476737 10.7303 2.30259
478.755 4245.07 50.298 0.51642 9.03029 6.35641
479.835 4245.07 7.60471 0.419556 12.2758 2.03403
480.915 4245.07 2.82731 0.341526 15.0991 0.305897
481.995 4245.07 1.3284 0.389075 13.6232 1.1734
483.075 4245.07 3.4524 0.481749 10.2765 1.07759
484.155 4245.07 46.4516 0.53167 8.64226 2.35479
485.235 4245.07 55.2703 0.510326 9.15371 5.3729
486.315 4245.07 106.402 0.575244 8.64764 16.3059
487.395 4245.07 23.3991 0.506857 10.1156 1.70787
488.475 4245.07 27.1121 0.523431 9.69788 2.1111
489.555 4245.07 64.0378 0.560758 7.8975 6.35946
490.635 4245.07 161.473 0.508469 7.54124 19.2017
491.715 4245.07 256.419 0.50423 8.27647 16.5675
492.795 4245.07 331.645 0.636249 7.84634 11.9066
493.875 4245.07 478.827 0.538438 7.30067 12.9869
494.955 4245.07 363.512 0.744118 7.98194 26.8261
496.035 4245.07 383.493 0.467562 10.7148 10.6247
497.115 4245.07 805.632 0.746053 7.95326 22.6231
498.195 4245.07 567.693 0.644047 7.61072 30.0378
499.275 4245.07 315.533 0.49678 11.3062 16.6208
500.355 4245.07 460.696 0.686953 7.03956 24.41
501.435 4245.07 723.092 0.630797 8.33573 7.40064
502.515 4245.07 291.887 0.442785 12.1928 8.45755
503.595 4245.07 544.163 0.56171 7.35826 16.6831
504.675 4245.07 378.769 0.590618 7.4879 21.5852
505.755 4245.07 356.951 0.756097 7.4985 19.0794
506.835 4245.07 334.963 0.533803 10.0789 5.40082
507.915 4245.07 213.366 0.543235 9.13464 13.0712
508.995 4245.07 129.717 0.514601 12.4655 3.11332
510.075 4245.07 112.613 0.43229 13.8519 6.24782
511.155 4245.07 108.108 0.595853 9.79877 3.62214
512.235 4245.07 88.9101 0.509163 12.3178 4.61753
513.315 4245.07 137.133 0.605008 8.28174 8.669
514.395 4245.07 229.465 0.625427 8.63214 3.20255
515.475 4245.07 242.668 0.586387 9.68479 3.93178
516.555 4245.07 265.906 0.607263 8.59263 0.950118
517.635 4245.07 223.854 0.569395 8.5871 8.08912
518.715 4245.07 246.848 0.56529 8.83098 6.86401
519.795 4245.07 223.783 0.469687 12.7796 2.234
520.875 4245.07 249.373 0.586212 9.45012 2.2126
521.955 4245.07 265.287 0.556576 10.3868 2.43164
523.035 4245.07 268.54 0.580571 9.37736 2.6751
524.115 4245.07 329.936 0.6423 8.0918 7.44901
525.195 4245.07 523.081 0.587487 8.18066 9.25562
526.275 4245.07 604.424 0.597068 7.45556 15.9098
527.355 4245.07 810.204 0.745368 7.2681 21.1523
528.435 4245.07 981.172 0.539365 8.02569 11.5206
529.515 4245.07 934.762 0.731697 8.90108 24.4906
530.595 4245.07 1010.12 0.607384 8.057 17.5237
531.675 4245.07 1191.2 0.803764 7.65035 27.1184
532.755 4245.07 1061.07 0.72064 7.7141 19.9444
533.835 4245.07 697.161 0.713091 7.0578 23.2947
534.915 4245.07 493.039 0.654103 7.63358 14.5432
535.995 4245.07 469.594 0.589804 7.43037 10.7804
537.075 4245.07 566.314 0.671834 7.38271 14.5747
538.155 4245.07 454.416 0.596129 8.81201 9.77969
539.235 4245.07 520.339 0.568353 7.73015 9.65017
540.315 4245.07 579.691 0.495019 8.35674 17.1066
541.395 4245.07 680.703 0.516109 8.77133 10.5097
542.475 4245.07 780.795 0.634875 8.45007 17.3053
543.555 4245.07 1029.77 0.503754 7.13836 19.739
544.635 4245.07 1165.48 0.549887 8.11947 2.82652
545.715 4245.07 834.695 0.613424 8.15647 22.3492
546.795 4245.07 688.246 0.653705 6.99459 25.4131
547.875 4245.07 601.041 0.571266 7.42673 17.8515
548.955 4245.07 1090.7 0.640245 7.30083 23.4049
550.035 4245.07 799.225 0.693995 6.8881 23.6632
551.115 4245.07 580.29 0.433366 13.2556 11.1422
552.195 4245.07 751.726 0.528763 7.66998 5.86133
553.275 4245.07 528.486 0.517342 9.21435 18.4043
554.355 4245.07 900.747 0.656008 7.62851 29.807
555.435 4245.07 1065.27 0.49087 8.8202 18.2176
556.515 4245.07 1038.45 0.488033 8.81379 19.766
557.595 4245.07 1240.95 0.633372 7.83851 16.4939
558.675 4245.07 882.295 0.553903 7.38556 14.7099
559.755 4245.07 784.136 0.468739 10.2397 7.08672
560.835 4245.07 962.872 0.540411 7.8864 18.4599
561.915 4245.07 956.037 0.713797 6.95441 24.1698
562.995 4245.07 682.529 0.415146 12.2497 2.12143
564.075 4245.07 893.834 0.563162 7.85436 14.2833
565.155 4245.07 968.76 0.480405 10.2909 11.4795
566.235 4245.07 1066.86 0.422113 11.5884 15.6264
567.315 4245.07 1195.39 0.52472 8.66295 12.4284
568.395 4245.07 1056.57 0.526698 7.93656 10.0509
569.475 4245.07 1066.88 0.584264 7.84363 12.1779
570.555 4245.07 863.703 0.752636 7.17746 25.3956
571.635 4245.07 698.753 0.467496 10.4543 4.21351
572.715 4245.07 854.664 0.603622 7.64782 22.8448
573.795 4245.07 1023.87 0.453117 10.2079 2.10596
574.875 4245.07 986.544 0.425803 10.8851 8.22874
575.955 4245.07 933.754 0.559953 8.23007 12.8808
577.035 4245.07 995.046 0.538022 7.8836 17.5109
578.115 4245.07 1053.02 0.44044 10.032 4.35492
579.195 4245.07 1089.85 0.547747 7.85267 17.7399
580.275 4245.07 1004.5 0.533734 8.44407 14.8433
581.355 4245.07 997.65 0.567119 7.40231 17.1195
582.435 4245.07 961.338 0.653876 6.91183 21.6028
583.515 4245.07 971.205 0.654723 7.51009 27.1209
584.595 4245.07 1193.5 0.525334 7.76216 12.9472
585.675 4245.07 985.933 0.435673 11.1608 20.5231
586.755 4245.07 1100.42 0.506071 8.08206 19.7375
587.835 4245.07 1151.61 0.430049 10.4261 8.15303
588.915 4245.07 1414.62 0.6016 7.75049 25.2965
589.995 4245.07 1067.41 0.46682 9.24451 9.2135
591.075 4245.07 1086.62 0.497958 9.03952 7.0908
592.155 4245.07 1268.94 0.59312 7.35813 23.4002
593.235 4245.07 1119.3 0.540471 7.82771 15.1576
594.315 4245.07 1119.76 0.405722 11.7015 4.92539
595.395 4245.07 1432.71 0.584363 7.66746 30.811
596.475 4245.07 1490.22 0.440868 9.62675 4.49586
597.555 4245.07 1351.08 0.400282 11.6702 6.9299
598.635 4245.07 1524.15 0.491001 8.04443 16.378
599.715 4245.07 1529.52 0.570707 7.89127 21.6144
600.795 4245.07 1755.18 0.624454 7.21238 24.4433
601.875 4245.07 1459.51 0.629198 9.95737 28.6326
602.955 4245.07 1407.27 0.634865 7.74236 27.5645
604.035 4245.07 1747.51 0.514084 7.78768 16.7853
605.115 4245.07 1815.55 0.556798 7.68666 28.8364

456.075 4243.99 137.397 0.47013 11.5231 5.35637
457.155 4243.99 200.721 0.559323 9.06786 8.32035
458.235 4243.99 260.303 0.510737 8.89872 6.70549
459.315 4243.99 295.657 0.506006 7.81172 12.2303
460.395 4243.99 341.841 0.500421 8.20491 7.43715
461.475 4243.99 215.07 0.441134 11.3772 1.41541
462.555 4243.99 215.309 0.584405 8.16495 11.6919
463.635 4243.99 190.746 0.533054 8.80478 5.09537
464.715 4243.99 213.838 0.521645 8.55884 7.83482
465.795 4243.99 339.944 0.479318 7.90053 14.7895
466.875 4243.99 234.781 0.470506 8.62235 10.1318
467.955 4243.99 95.7867 0.498143 8.59605 13.6751
469.035 4243.99 7.12233 0.460169 10.4451 0.438465
470.115 4243.99 -120 -0.06 0 0
471.195 4243.99 -120 -0.06 0 0
472.275 4243.99 -120 -0.06 0 0
473.355 4243.99 10.5686 0.491195 9.63373 4.61004
474.435 4243.99 38.9661 0.505174 9.83097 6.98549
475.515 4243.99 85.8312 0.556554 8.32729 9.03053
476.595 4243.99 95.8065 0.54486 9.21945 7.16741
477.675 4243.99 82.5714 0.494648 9.48383 0.973515
478.755 4243.99 43.97 0.43989 11.5603 7.62747
479.835 4243.99 27.2388 0.500535 9.70598 2.647
480.915 4243.99 10.7986 0.392274 13.1016 1.53814
481.995 4243.99 18.5898 0.461651 10.6656 2.18309
483.075 4243.99 45.4141 0.527513 8.84701 4.67112
484.155 4243.99 24.9919 0.48308 10.7782 2.53973
485.235 4243.99 100.921 0.513857 7.77017 12.6465
486.315 4243.99 64.4719 0.540899 9.36467 4.70503
487.395 4243.99 37.1504 0.522597 9.41897 2.54921
488.475 4243.99 51.6981 0.542342 9.14773 3.40179
489.555 4243.99 188.438 0.583555 7.43277 19.4682
490.635 4243.99 320.068 0.510239 8.04809 12.0683
491.715 4243.99 195.777 0.459738 12.1603 13.1906
492.795 4243.99 413.393 0.644138 8.0454 17.763
493.875 4243.99 579.907 0.605294 8.44252 9.91109
494.955 4243.99 529.493 0.546207 7.92531 17.1258
496.035 4243.99 749.946 0.558891 7.9065 17.726
497.115 4243.99 695.698 0.5724 7.77976 11.5099
498.195 4243.99 784.359 0.531455 8.03429 19.5168
499.275 4243.99 664.132 0.508827 8.7238 16.0245
500.355 4243.99 729.359 0.644752 7.73762 27.3582
501.435 4243.99 629.774 0.747721 6.9854 20.2692
502.515 4243.99 594.528 0.665163 6.83402 22.8264
503.595 4243.99 577.201 0.631135 7.11892 16.7634
504.675 4243.99 301.617 0.496771 11.6477 3.85456
505.755 4243.99 362.399 0.624303 7.96272 18.3726
506.835 4243.99 401.679 0.73251 7.84506 19.8949
507.915 4243.99 227.886 0.618785 10.7021 12.7165
508.995 4243.99 174.288 0.551735 9.35048 5.9375
510.075 4243.99 168.246 0.612574 8.92396 6.01328
511.155 4243.99 126.874 0.562153 10.1669 1.15243
512.235 4243.99 107.179 0.537829 11.0387 0.360588
513.315 4243.99 211.72 0.640587 8.18957 8.55672
514.395 4243.99 251.366 0.637798 8.62717 5.30524
515.475 4243.99 278.315 0.594805 9.52591 2.72436
516.555 4243.99 249.211 0.582379 9.51079 5.30627
517.635 4243.99 265.24 0.580714 8.82297 3.01019
518.715 4243.99 274.656 0.586803 9.35457 1.68238
519.795 4243.99 235.575 0.553196 10.0597 1.43302
520.875 4243.99 237.781 0.485088 12.391 0.35781
521.955 4243.99 233.957 0.522763 11.1317 1.06679
523.035 4243.99 256.325 0.559065 9.51032 3.50039
524.115 4243.99 278.084 0.480593 12.2652 1.47801
525.195 4243.99 388.755 0.525349 8.76517 12.7258
526.275 4243.99 419.435 0.502659 10.6189 13.7752
527.355 4243.99 780.771 0.657311 7.14513 10.6414
528.435 4243.99 853.261 0.770646 6.95047 23.4651
529.515 4243.99 707.973 0.541044 11.64 24.9098
530.595 4243.99 1058.03 0.713358 8.31428 25.4499
531.675 4243.99 1191.04 0.685562 7.50313 17.3505
532.755 4243.99 813.225 0.690505 9.20126 29.3394
533.835 4243.99 455.863 0.631674 9.46505 17.5485
534.915 4243.99 393.671 0.595199 8.65188 9.34716
535.995 4243.99 372.277 0.657275 7.97974 14.1805
537.075 4243.99 304.356 0.517559 10.3188 3.45283
538.155 4243.99 304.468 0.470186 11.6792 2.55831
539.235 4243.99 360.152 0.607564 9.25834 14.4206
540.315 4243.99 506.153 0.756174 7.23442 24.197
541.395 4243.99 592.147 0.748712 7.45281 28.9609
542.475 4243.99 704.932 0.776124 7.20895 28.3282
543.555 4243.99 1002.74 0.690413 6.50885 26.7704
544.635 4243.99 1123.24 0.736545 7.57938 25.1029
545.715 4243.99 1043.06 0.664078 7.27612 16.3779
546.795 4243.99 557.945 0.678508 8.96447 27.0133
547.875 4243.99 683.708 0.482578 8.08947 18.9579
548.955 4243.99 954.38 0.580525 8.367 16.8658
550.035 4243.99 671.15 0.517794 9.49267 8.94044
551.115 4243.99 815.134 0.580727 7.00555 23.084
552.195 4243.99 793.062 0.60269 7.47651 27.7196
553.275 4243.99 500.853 0.693291 8.80549 27.7122
554.355 4243.99 893.816 0.708776 6.74232 29.8308
555.435 4243.99 1053.61 0.668416 8.02432 23.6647
556.515 4243.99 1268.77 0.556562 7.10628 16.5181
557.595 4243.99 981.132 0.680554 7.11658 20.0254
558.675 4243.99 803.028 0.550186 8.13334 5.69028
559.755 4243.99 832.33 0.548871 8.07102 4.97861
560.835 4243.99 1065.55 0.497742 8.92605 15.1348
561.915 4243.99 756.001 0.471606 9.67542 14.5187
562.995 4243.99 673.871 0.539557 8.69206 20.3823
564.075 4243.99 857.816 0.618716 7.13386 13.7919
565.155 4243.99 1100.7 0.52085 8.12384 13.2314
566.235 4243.99 1111.56 0.47796 9.78795 10.7631
567.315 4243.99 1196.27 0.531033 8.47999 12.965
568.395 4243.99 1115.65 0.525714 8.18929 0.873189
569.475 4243.99 887.262 0.654743 8.23536 20.532
570.555 4243.99 689.305 0.524126 8.92361 7.18312
571.635 4243.99 663.168 0.362233 13.3938 2.22038
572.715 4243.99 738.954 0.567182 8.39809 12.8279
573.795 4243.99 1041.42 0.558703 7.66046 11.7597
574.875 4243.99 1044.65 0.456193 9.59918 4.27624
575.955 4243.99 881.027 0.526742 8.61948 6.87814
577.035 4243.99 1003.88 0.684879 7.21357 22.0103
578.115 4243.99 1189.56 0.493178 8.10365 13.6324
579.195 4243.99 1191.16 0.564504 8.42743 10.8442
580.275 4243.99 981.218 0.44268 10.6348 6.96247
581.355 4243.99 933.804 0.62861 8.36193 20.4695
582.435 4243.99 859.592 0.698638 7.11838 23.9005
583.515 4243.99 880.299 0.514744 9.14527 9.68523
584.595 4243.99 1113.29 0.525057 8.89883 7.61914
585.675 4243.99 1114.93 0.486413 8.40047 3.523
586.755 4243.99 1026.26 0.614155 7.4342 16.6471
587.835 4243.99 1219.24 0.480831 7.63937 12.9273
588.915 4243.99 1357.89 0.720087 7.04975 28.0523
589.995 4243.99 1063.18 0.507141 8.78862 6.71054
591.075 4243.99 1071.92 0.443654 9.53196 7.5245
592.155 4243.99 1373.97 0.48109 9.18248 0.558652
593.235 4243.99 1109.61 0.367005 12.5987 4.72606
594.315 4243.99 1183.36 0.48138 8.31492 10.951
595.395 4243.99 1365.12 0.645862 8.6372 25.4862
596.475 4243.99 1680.84 0.546855 7.37794 22.7612
597.555 4243.99 1420.71 0.381044 10.9992 9.64354
598.635 4243.99 1618.19 0.455662 7.69685 14.6671
599.715 4243.99 1699.12 0.576944 6.63439 27.7995
600.795 4243.99 1759.84 0.616173 6.78456 21.8726
601.875 4243.99 1381.22 0.705482 7.78219 24.7691
602.955 4243.99 1172.5 0.468061 11.0728 8.6846
604.035 4243.99 1445.81 0.562812 7.53278 32.7294
605.115 4243.99 1719.81 0.641511 7.55084 22.9082

456.075 4242.91 130.487 0.387564 13.6285 1.18975
457.155 4242.91 134.961 0.403492 12.9771 1.74239
458.235 4242.91 265.447 0.519506 7.4385 16.8731
459.315 4242.91 239.938 0.445896 11.6165 5.19713
460.395 4242.91 356.189 0.531373 8.51968 10.2017
461.475 4242.91 224.332 0.469164 10.3523 1.94531
462.555 4242.91 165.081 0.479165 10.5244 4.91985
463.635 4242.91 185.649 0.472497 10.2058 2.41423
464.715 4242.91 289.713 0.493621 7.93688 11.9403
465.795 4242.91 321.779 0.486455 9.15742 8.04703
466.875 4242.91 292.348 0.597013 7.43969 14.1693
467.955 4242.91 46.9246 0.511693 9.04476 6.08161
469.035 4242.91 18.9578 0.460713 10.3821 3.62655
470.115 4242.91 -120 -0.06 0 0
471.195 4242.91 -120 -0.06 0 0
472.275 4242.91 -120 -0.06 0 0
473.355 4242.91 1.95636 0.478083 10.1087 1.35163
474.435 4242.91 10.1941 0.509262 9.7103 5.24699
475.515 4242.91 46.3159 0.508282 9.67062 5.01667
476.595 4242.91 52.8975 0.53347 8.90458 4.06631
477.675 4242.91 79.4904 0.512415 9.33629 1.81033
478.755 4242.91 79.2123 0.493866 9.50364 1.7353
479.835 4242.91 52.2794 0.493389 9.17299 3.49213
480.915 4242.91 39.055 0.4817 9.51972 4.38652
481.995 4242.91 84.3258 0.4956 8.84833 5.89409
483.075 4242.91 52.7847 0.488944 9.563 3.83951
484.155 4242.91 52.8647 0.507714 9.38227 5.36403
485.235 4242.91 306.556 0.573323 7.94908 6.66005
486.315 4242.91 62.0589 0.433668 11.668 3.53909
487.395 4242.91 39.757 0.455364 11.5615 0.602328
488.475 4242.91 77.2051 0.515671 8.66992 10.3407
489.555 4242.91 260.232 0.575807 7.76548 9.70922
490.635 4242.91 361.001 0.653266 7.9707 14.2526
491.715 4242.91 414.151 0.62594 8.06827 12.0765
492.795 4242.91 458.109 0.5219 7.18318 18.9171
493.875 4242.91 426.129 0.473587 9.73262 11.5576
494.955 4242.91 706.548 0.514489 8.17957 14.1161
496.035 4242.91 630.555 0.671071 7.63538 14.7054
497.115 4242.91 634.847 0.52134 10.4393 14.6233
498.195 4242.91 942.941 0.678897 7.4211 17.1254
499.275 4242.91 964.327 0.559127 8.44777 10.0484
500.355 4242.91 865.174 0.673756 7.38292 19.3892
501.435 4242.91 565.765 0.446469 11.7628 14.8561
502.515 4242.91 662.832 0.537419 8.85569 19.78
503.595 4242.91 490.361 0.524423 10.0411 13.1537
504.675 4242.91 417.061 0.464499 10.8957 20.2116
505.755 4242.91 418.001 0.672965 7.92703 17.7596
506.835 4242.91 550.733 0.561309 9.0395 8.19873
507.915 4242.91 354.022 0.633435 7.33688 23.7184
508.995 4242.91 266.105 0.639417 7.83598 14.0603
510.075 4242.91 160.905 0.539709 10.8985 3.33376
511.155 4242.91 122.45 0.455973 13.5682 0.659864
512.235 4242.91 108.996 0.368873 16.9628 1.60873
513.315 4242.91 146.601 0.589447 9.55093 2.76092
514.395 4242.91 171.93 0.558419 11.2446 5.85964
515.475 4242.91 230.551 0.634372 8.45508 5.17205
516.555 4242.91 231.858 0.525631 10.0102 8.17207
517.635 4242.91 259.918 0.559054 9.94263 0.542586
518.715 4242.91 223.82 0.518196 11.5778 3.38388
519.795 4242.91 241.593 0.545568 10.0434 1.05657
520.875 4242.91 242.299 0.592596 9.6333 6.31823
521.955 4242.91 225.907 0.544405 9.89716 2.16668
523.035 4242.91 282.983 0.555882 9.60338 0.579598
524.115 4242.91 296.384 0.552598 8.74465 8.30746
525.195 4242.91 323.594 0.565467 8.86464 4.37791
526.275 4242.91 392.867 0.539955 9.48407 10.8766
527.355 4242.91 638.602 0.652621 7.23076 8.35359
528.435 4242.91 530.285 0.503057 12.6169 9.47191
529.515 4242.91 782.104 0.680084 7.15093 22.9659
530.595 4242.91 863.189 0.668029 7.72392 21.0189
531.675 4242.91 895.592 0.571044 7.29099 23.9957
532.755 4242.91 566.257 0.584513 7.16488 22.4935
533.835 4242.91 400.784 0.594039 7.66705 5.41574
534.915 4242.91 306.93 0.447612 12.5076 2.72029
535.995 4242.91 276.982 0.52867 9.34767 1.29119
537.075 4242.91 269.108 0.540442 9.16269 2.40025
538.155 4242.91 273.451 0.535244 9.10169 2.07003
539.235 4242.91 306.491 0.512117 9.28688 4.29928
540.315 4242.91 458.461 0.677625 7.4051 18.546
541.395 4242.91 674.982 0.540821 7.17422 17.3974
542.475 4242.91 811.511 0.551524 7.03461 23.9871
543.555 4242.91 940.152 0.501827 7.01086 21.638
544.635 4242.91 1045.11 0.754135 7.49014 24.9709
545.715 4242.91 827.342 0.747775 7.17938 27.4267
546.795 4242.91 667.686 0.575563 7.31668 23.8453
547.875 4242.91 798.219 0.557468 8.28776 17.1739
548.955 4242.91 845.717 0.687068 7.58164 23.2101
550.035 4242.91 692.378 0.485279 10.1995 3.28032
551.115 4242.91 970.726 0.53778 7.90851 19.5201
552.195 4242.91 648.878 0.575329 8.18606 17.5998
553.275 4242.91 642.513 0.565188 7.10839 24.9962
554.355 4242.91 661.993 0.726298 7.35759 22.5038
555.435 4242.91 940.148 0.608128 7.11849 12.015
556.515 4242.91 1129.11 0.559216 7.71302 10.8213
557.595 4242.91 848.949 0.56286 8.97319 9.88999
558.675 4242.91 757.414 0.562031 9.02571 11.0064
559.755 4242.91 790.027 0.495619 9.26774 6.90578
560.835 4242.91 812.609 0.559665 9.03213 11.6798
561.915 4242.91 695.003 0.663148 7.1856 22.0921
562.995 4242.91 720.291 0.518196 7.48234 11.3331
564.075 4242.91 847.868 0.543109 8.97784 17.2656
565.155 4242.91 1248.45 0.54928 7.09849 19.1688
566.235 4242.91 1152.48 0.599297 7.43717 14.0297
567.315 4242.91 893.274 0.597549 8.79818 17.1734
568.395 4242.91 832.967 0.640461 8.23227 17.762
569.475 4242.91 677.585 0.536352 9.59044 9.6714
570.555 4242.91 621.088 0.428042 12.1894 4.16986
571.635 4242.91 623.232 0.586109 8.69158 17.784
572.715 4242.91 667.929 0.513549 9.23653 5.66834
573.795 4242.91 994.93 0.597098 7.2478 16.9511
574.875 4242.91 1052.26 0.633101 7.39485 21.9473
575.955 4242.91 829.777 0.388645 13.1549 3.50651
577.035 4242.91 991.342 0.610304 7.43264 17.3549
578.115 4242.91 1255.42 0.58644 7.78439 15.7186
579.195 4242.91 1042.66 0.528504 8.70012 10.7845
580.275 4242.91 1055.24 0.495945 8.1326 8.9165
581.355 4242.91 821.645 0.622906 8.14477 18.3676
582.435 4242.91 689.312 0.490606 8.19333 17.238
583.515 4242.91 773.594 0.490567 9.34158 9.78439
584.595 4242.91 1018.59 0.540876 8.95622 20.5747
585.675 4242.91 1146.76 0.534872 7.44469 15.6572
586.755 4242.91 1007 0.409739 11.4684 7.71013
587.835 4242.91 1230.1 0.651534 6.94797 19.8293
588.915 4242.91 1132.06 0.56481 7.60615 15.2378
589.995 4242.91 1054.73 0.446697 10.4451 1.50939
591.075 4242.91 1123.95 0.431217 8.86226 15.1733
592.155 4242.91 1242.24 0.635014 7.00323 23.534
593.235 4242.91 1276.57 0.486054 7.5448 9.96068
594.315 4242.91 1466.48 0.578824 6.88036 25.4795
595.395 4242.91 1585.86 0.500934 8.10141 24.7671
596.475 4242.91 1785.78 0.570647 7.42354 30.266
597.555 4242.91 1573.1 0.412596 9.58981 11.1797
598.635 4242.91 1878.11 0.549751 7.25605 25.8539
599.715 4242.91 1980.76 0.704991 8.0832 25.1724
600.795 4242.91 1565.95 0.548492 7.84085 21.6994
601.875 4242.91 1199.76 0.430694 10.189 16.263
602.955 4242.91 1257.86 0.635001 7.45587 31.9974
604.035 4242.91 1531.63 0.482826 7.6802 19.8354
605.115 4242.91 1709.34 0.487505 7.8072 16.0492

456.075 4241.84 155.305 0.549683 9.34426 8.70925
457.155 4241.84 284.783 0.579101 7.97383 8.1246
458.235 4241.84 335.875 0.56881 8.33073 5.56999
459.315 4241.84 316.65 0.479282 9.65539 7.7061
460.395 4241.84 302.063 0.575814 7.71415 11.5998
461.475 4241.84 166.958 0.525936 9.60501 7.87305
462.555 4241.84 150.572 0.347666 14.6498 0.104917
463.635 4241.84 194.757 0.469742 10.1628 5.24935
464.715 4241.84 372.493 0.58491 7.48829 16.0516
465.795 4241.84 312.334 0.431284 9.80326 15.8597
466.875 4241.84 224.623 0.37716 10.772 19.2415
467.955 4241.84 48.4324 0.494296 9.40276 4.65263
469.035 4241.84 24.3397 0.498539 8.81116 5.59463
470.115 4241.84 5.22492 0.494895 8.67896 4.5689
471.195 4241.84 8.49407 0.458524 10.3103 1.16246
472.275 4241.84 -120 -0.06 0 0
473.355 4241.84 -120 -0.06 0 0
474.435 4241.84 4.72581 0.459042 10.8061 0.799377
475.515 4241.84 49.1369 0.525894 8.94639 4.2067
476.595 4241.84 74.2437 0.504115 9.00583 1.1685
477.675 4241.84 80.3677 0.508422 8.86836 3.18947
478.755 4241.84 99.3567 0.487235 10.3538 2.28329
479.835 4241.84 81.2408 0.516217 9.04513 2.98677
480.915 4241.84 82.5777 0.508042 9.06521 5.30971
481.995 4241.84 107.558 0.528094 9.37187 7.14811
483.075 4241.84 108.266 0.48543 9.10638 7.0448
484.155 4241.84 99.3624 0.525823 8.30009 3.5455
485.235 4241.84 159.55 0.520042 10.1605 5.20434
486.315 4241.84 208.195 0.570971 8.04193 10.4561
487.395 4241.84 50.6565 0.503347 9.98693 1.74359
488.475 4241.84 193.8 0.565857 8.05475 13.1031
489.555 4241.84 273.915 0.564026 8.01844 7.42956
490.635 4241.84 220.214 0.745946 7.97411 24.2437
491.715 4241.84 253.619 0.774769 7.29054 24.3408
492.795 4241.84 377.367 0.472618 9.99439 21.4281
493.875 4241.84 619.964 0.590749 7.83807 7.56079
494.955 4241.84 510.953 0.672891 7.9748 18.106
496.035 4241.84 552.559 0.504369 9.73187 10.6874
497.115 4241.84 615.819 0.525809 10.8709 11.4386
498.195 4241.84 702.299 0.499914 11.3089 6.45578
499.275 4241.84 798.607 0.479784 10.647 8.27976
500.355 4241.84 906.781 0.531393 8.21038 12.5089
501.435 4241.84 735.273 0.521746 8.19194 14.9079
502.515 4241.84 773.862 0.553243 8.03808 9.98517
503.595 4241.84 539.668 0.555481 10.6071 16.4589
504.675 4241.84 569.596 0.665622 7.27677 19.4312
505.755 4241.84 414.796 0.591579 9.62243 14.2794
506.835 4241.84 419.109 0.581858 8.14513 22.3472
507.915 4241.84 375.089 0.613528 7.4987 16.8128
508.995 4241.84 403.068 0.546884 8.36535 11.5461
510.075 4241.84 187.048 0.567731 8.93956 10.9339
511.155 4241.84 143.774 0.547459 9.88883 2.03216
512.235 4241.84 132.639 0.543962 10.4645 1.0579
513.315 4241.84 131.091 0.519673 11.1383 0.598799
514.395 4241.84 144.058 0.550398 10.0091 1.24229
515.475 4241.84 180.743 0.586146 9.58952 5.03783
516.555 4241.84 228.272 0.597354 9.05086 3.23471
517.635 4241.84 225.639 0.597875 10.3563 11.0326
518.715 4241.84 238.48 0.551646 9.54076 3.02813
519.795 4241.84 276.174 0.514358 9.96062 7.55523
520.875 4241.84 209.897 0.580067 9.6907 6.27028
521.955 4241.84 244.044 0.547822 10.059 1.82804
523.035 4241.84 292.848 0.592262 8.8995 3.74835
524.115 4241.84 268.064 0.421208 13.3012 3.79715
525.195 4241.84 311.486 0.523688 9.98805 3.94273
526.275 4241.84 404.288 0.614898 8.23134 8.75427
527.355 4241.84 384.771 0.564545 9.49617 3.82552
528.435 4241.84 459.078 0.628992 8.26267 10.544
529.515 4241.84 577.621 0.650221 7.60565 17.4175
530.595 4241.84 569.002 0.516019 10.5609 10.5319
531.675 4241.84 710.831 0.560995 7.86405 4.67887
532.755 4241.84 386.756 0.500175 10.1739 16.4442
533.835 4241.84 354.748 0.560362 8.70156 4.71549
534.915 4241.84 312.308 0.526454 8.76396 9.02761
535.995 4241.84 257.051 0.529429 9.16365 7.60759
537.075 4241.84 237.509 0.437634 12.923 3.72476
538.155 4241.84 247.055 0.368428 14.0559 3.22794
539.235 4241.84 275.409 0.382417 14.4404 2.83447
540.315 4241.84 328.464 0.564137 8.45454 10.9327
541.395 4241.84 497.856 0.761901 7.55552 28.7762
542.475 4241.84 637.153 0.62062 8.199 19.3148
543.555 4241.84 754.144 0.584997 9.44928 12.6419
544.635 4241.84 1038.59 0.521824 7.98691 21.6494
545.715 4241.84 923.234 0.585858 7.26008 18.2185
546.795 4241.84 659.609 0.487437 9.07522 7.8314
547.875 4241.84 960.141 0.631385 7.91916 19.2936
548.955 4241.84 747.014 0.57374 7.13051 15.8045
550.035 4241.84 683.521 0.510559 8.50714 15.0584
551.115 4241.84 982.013 0.530418 8.69004 1.41604
552.195 4241.84 611.903 0.439968 12.7829 16.8849
553.275 4241.84 872.803 0.572414 7.39674 20.0815
554.355 4241.84 581.403 0.557002 8.8713 27.1406
555.435 4241.84 685.555 0.497811 9.65377 15.4925
556.515 4241.84 1053.69 0.596551 8.06297 10.9623
557.595 4241.84 784.868 0.587397 7.59182 9.87584
558.675 4241.84 787.583 0.585752 8.0548 17.054
559.755 4241.84 956.676 0.457538 8.87066 12.324
560.835 4241.84 684.524 0.552107 8.647 17.9372
561.915 4241.84 493.855 0.394604 13.3308 13.3783
562.995 4241.84 776.036 0.534968 7.4875 11.9117
564.075 4241.84 1028.01 0.673799 7.50482 26.3857
565.155 4241.84 1191.33 0.663296 7.03445 26.6518
566.235 4241.84 940.168 0.636009 8.29183 18.626
567.315 4241.84 835.28 0.579068 7.58981 13.7614
568.395 4241.84 621.115 0.547342 8.04657 5.28411
569.475 4241.84 567.879 0.369581 12.455 15.6189
570.555 4241.84 749.182 0.465993 8.07761 21.5968
571.635 4241.84 611.065 0.492141 8.65943 9.74143
572.715 4241.84 597.196 0.5432 8.67463 11.3466
573.795 4241.84 700.581 0.589045 8.62115 13.7208
574.875 4241.84 1008.71 0.566001 7.7087 10.9935
575.955 4241.84 804.26 0.316906 14.7571 5.38744
577.035 4241.84 989.068 0.612109 7.99602 20.4401
578.115 4241.84 1195.82 0.571212 7.59917 19.8342
579.195 4241.84 966.858 0.403193 10.5191 15.2849
580.275 4241.84 837.443 0.648201 7.36733 21.1788
581.355 4241.84 604.548 0.636015 8.4603 23.7652
582.435 4241.84 603.583 0.43975 12.1357 33.7615
583.515 4241.84 835.269 0.508445 8.1537 8.88601
584.595 4241.84 885.457 0.533028 8.67739 14.4746
585.675 4241.84 1192.84 0.585974 7.82473 17.0544
586.755 4241.84 1016.3 0.400954 11.6338 2.44819
587.835 4241.84 1244.03 0.538272 7.30623 20.2218
588.915 4241.84 1167.68 0.626398 7.51514 19.0476
589.995 4241.84 1050.56 0.354075 13.4896 0.784418
591.075 4241.84 1144.04 0.622376 7.70275 19.6662
592.155 4241.84 1158.34 0.537542 8.20386 11.8196
593.235 4241.84 1435.82 0.533214 7.41468 25.1185
594.315 4241.84 1663.29 0.522272 7.11561 16.7935
595.395 4241.84 1748.23 0.715227 6.68277 30.5391
596.475 4241.84 1976.62 0.677702 6.93458 20.2098
597.555 4241.84 2039.29 0.432127 8.24258 18.5916
598.635 4241.84 1902.74 0.67913 7.60409 27.2427
599.715 4241.84 1483.74 0.688291 8.7599 25.2357
600.795 4241.84 1368.37 0.701841 7.41925 23.9003
601.875 4241.84 1120.07 0.673206 7.42607 21.4932
602.955 4241.84 1113.19 0.468444 7.55945 13.5886
604.035 4241.84 1350.44 0.727743 6.81373 25.1161
605.115 4241.84 1723.2 0.695339 7.00131 29.3504

456.075 4240.76 190.101 0.510092 8.8639 4.82184
457.155 4240.76 182.639 0.534454 9.2516 4.01265
458.235 4240.76 324.265 0.600439 8.36582 11.2065
459.315 4240.76 389.45 0.606231 7.90036 10.6748
460.395 4240.76 250.473 0.540825 7.50343 20.7577
461.475 4240.76 145.631 0.412302 12.5246 0.435946
462.555 4240.76 155.684 0.473509 10.093 1.17863
463.635 4240.76 191.642 0.511789 8.72377 11.6294
464.715 4240.76 368.344 0.631737 8.03578 15.2755
465.795 4240.76 364.138 0.695525 7.9241 22.0279
466.875 4240.76 195.352 0.606184 8.76658 16.9023
467.955 4240.76 71.0782 0.533768 8.57927 9.05422
469.035 4240.76 13.1593 0.314539 14.958 7.33137
470.115 4240.76 14.9158 0.43814 11.16 2.34642
471.195 4240.76 3.60938 0.445048 10.684 2.17771
472.275 4240.76 -120 -0.06 0 0
473.355 4240.76 -120 -0.06 0 0
474.435 4240.76 8.47148 0.484618 9.60452 3.20621
475.515 4240.76 24.595 0.466875 10.4829 2.46304
476.595 4240.76 65.9328 0.472011 10.2948 1.63854
477.675 4240.76 70.5243 0.466358 10.682 1.61053
478.755 4240.76 91.2139 0.50411 9.45135 1.84348
479.835 4240.76 117.081 0.433504 11.2254 4.53623
480.915 4240.76 160.601 0.475681 8.35921 12.9498
481.995 4240.76 213.916 0.465547 8.37592 17.2016
483.075 4240.76 235.633 0.606057 8.18228 11.1547
484.155 4240.76 149.579 0.531657 7.92112 6.7983
485.235 4240.76 221.843 0.567147 8.77432 7.42703
486.315 4240.76 151.786 0.522353 9.11388 10.1399
487.395 4240.76 73.0509 0.525705 8.94002 2.80161
488.475 4240.76 69.27 0.357679 14.5162 2.90956
489.555 4240.76 109.272 0.466928 14.9692 16.3923
490.635 4240.76 327.79 0.567528 7.6286 4.27478
491.715 4240.76 281.365 0.606143 7.86808 26.5996
492.795 4240.76 314.486 0.627584 8.01963 18.9753
493.875 4240.76 370.081 0.666473 9.14787 22.0656
494.955 4240.76 375.914 0.631223 10.508 22.3602
496.035 4240.76 530.101 0.546611 7.68748 16.847
497.115 4240.76 716.219 0.718155 7.23801 18.082
498.195 4240.76 697.929 0.624849 8.79654 12.1013
499.275 4240.76 819.512 0.622579 8.42461 12.8001
500.355 4240.76 969.709 0.559345 8.43232 7.48862
501.435 4240.76 864.94 0.674032 7.82998 18.4329
502.515 4240.76 912.086 0.62003 8.11547 6.66059
503.595 4240.76 735.624 0.669794 8.11399 12.8567
504.675 4240.76 534.016 0.60875 8.39466 15.1365
505.755 4240.76 503.631 0.627563 7.88405 14.7707
506.835 4240.76 365.328 0.528366 10.8721 4.70507
507.915 4240.76 473.531 0.657631 9.01189 13.6097
508.995 4240.76 288.277 0.516018 10.0865 7.44179
510.075 4240.76 232.443 0.500823 9.72713 12.223
511.155 4240.76 156.44 0.499164 11.6937 0.786894
512.235 4240.76 137.539 0.547459 9.73315 2.27814
513.315 4240.76 130.554 0.540943 10.4451 0.653715
514.395 4240.76 134.184 0.436045 14.0065 1.05407
515.475 4240.76 150.605 0.496873 11.9921 1.28681
516.555 4240.76 178.756 0.545384 10.4201 1.86816
517.635 4240.76 193.153 0.52876 11.3294 3.70345
518.715 4240.76 213.901 0.538926 10.2087 4.46955
519.795 4240.76 229.288 0.575987 9.0793 1.9104
520.875 4240.76 195.706 0.553168 8.87366 6.10391
521.955 4240.76 211.663 0.406815 14.096 4.21469
523.035 4240.76 284.201 0.542752 9.49127 4.28161
524.115 4240.76 358.752 0.583675 8.6627 3.2157
525.195 4240.76 354.595 0.581236 9.45601 7.12141
526.275 4240.76 313.747 0.532964 10.9603 6.78644
527.355 4240.76 338.321 0.552606 9.63438 2.97983
528.435 4240.76 423.214 0.635691 7.81719 12.4397
529.515 4240.76 488.879 0.642223 8.04737 20.3401
530.595 4240.76 507.082 0.674548 8.45695 17.1409
531.675 4240.76 450.061 0.662057 8.15331 19.5799
532.755 4240.76 424.318 0.630958 7.3529 27.3652
533.835 4240.76 275.013 0.415396 12.8966 3.45754
534.915 4240.76 238.902 0.453161 11.2289 5.10135
535.995 4240.76 215.417 0.540999 9.34645 5.01701
537.075 4240.76 234.874 0.48865 10.1668 4.15748
538.155 4240.76 304.247 0.472287 9.83364 7.41632
539.235 4240.76 326.707 0.477067 9.74215 5.86908
540.315 4240.76 384.708 0.524537 9.01967 15.731
541.395 4240.76 648.95 0.54358 7.28945 17.0016
542.475 4240.76 544.835 0.562997 8.25623 19.2276
543.555 4240.76 824.011 0.545141 7.03039 16.6818
544.635 4240.76 899.6 0.685128 8.32379 20.9546
545.715 4240.76 749.866 0.620042 7.58921 15.0764
546.795 4240.76 717.873 0.457342 8.9341 20.1608
547.875 4240.76 906.891 0.565853 7.56643 19.9114
548.955 4240.76 674.798 0.502515 8.48617 19.6052
550.035 4240.76 647.308 0.630494 7.30479 11.9542
551.115 4240.76 901.225 0.647301 7.86127 24.0958
552.195 4240.76 671.814 0.388525 12.4943 5.19129
553.275 4240.76 1022.41 0.496238 9.32025 6.97141
554.355 4240.76 662.845 0.551606 7.92847 18.7371
555.435 4240.76 785.398 0.634682 7.69291 21.1257
556.515 4240.76 937.884 0.626939 7.06406 17.8268
557.595 4240.76 678.658 0.596064 8.17727 10.8569
558.675 4240.76 873.932 0.482872 7.23395 21.4536
559.755 4240.76 803.919 0.654073 7.24471 16.9957
560.835 4240.76 600.536 0.593591 7.63016 17.3236
561.915 4240.76 569.176 0.546651 7.57841 13.3267
562.995 4240.76 709.006 0.673797 7.78167 22.2505
564.075 4240.76 1024.96 0.620811 6.88624 18.282
565.155 4240.76 944.122 0.560725 7.61845 25.8876
566.235 4240.76 663.695 0.498589 10.8587 14.3164
567.315 4240.76 596.902 0.616951 7.61313 13.786
568.395 4240.76 496.346 0.489065 9.45759 1.08422
569.475 4240.76 555.386 0.578231 8.36796 14.2642
570.555 4240.76 688.386 0.588471 7.4027 15.6389
571.635 4240.76 606.604 0.570449 8.00625 17.7895
572.715 4240.76 535.144 0.484141 11.4105 20.7987
573.795 4240.76 687.332 0.4873 7.9403 9.12513
574.875 4240.76 826.819 0.596461 7.78501 18.4999
575.955 4240.76 766.766 0.380488 13.6848 9.65258
577.035 4240.76 1065.83 0.587261 6.76326 26.9984
578.115 4240.76 1063.94 0.712109 7.60688 26.2861
579.195 4240.76 671.685 0.520349 9.49237 18.5989
580.275 4240.76 559.575 0.731726 8.25571 26.7128
581.355 4240.76 445.345 0.444529 13.5613 21.693
582.435 4240.76 722.12 0.596958 7.18073 21.9349
583.515 4240.76 840.045 0.49381 9.0828 4.62118
584.595 4240.76 838.877 0.454831 10.6705 6.08388
585.675 4240.76 1048.32 0.51863 8.96318 9.29892
586.755 4240.76 1128.49 0.640502 7.63065 17.8764
587.835 4240.76 1331.03 0.504647 8.16254 10.9707
588.915 4240.76 1098 0.485666 8.21664 12.9283
589.995 4240.76 1049.96 0.48552 9.06549 1.08182
591.075 4240.76 1191.17 0.580505 7.17484 26.2245
592.155 4240.76 1163.87 0.421843 10.1125 14.0118
593.235 4240.76 1274.92 0.438547 9.43703 9.27916
594.315 4240.76 1367.04 0.636481 8.12598 20.2222
595.395 4240.76 1309.79 0.592649 9.63526 33.4128
596.475 4240.76 1606.44 0.638716 6.8201 22.2795
597.555 4240.76 1554.28 0.678959 8.31004 23.5246
598.635 4240.76 1616.52 0.712398 7.37598 29.7927
599.715 4240.76 1370.32 0.664875 7.09673 19.4048
600.795 4240.76 1177.58 0.577892 7.42026 13.8893
601.875 4240.76 810.227 0.430677 11.0843 16.1453
602.955 4240.76 842.935 0.43911 11.1657 8.85153
604.035 4240.76 1089.31 0.582123 8.9986 20.8266
605.115 4240.76 1472.25 0.561374 7.66885 33.1922

456.075 4239.68 195.749 0.606067 9.37662 15.282
457.155 4239.68 280.97 0.64886 7.78644 14.8046
458.235 4239.68 220.858 0.599633 8.77232 12.2726
459.315 4239.68 249.307 0.473213 9.34782 15.0436
460.395 4239.68 246.243 0.533102 8.72232 2.1531
461.475 4239.68 145.811 0.331611 15.3481 0.800653
462.555 4239.68 162.424 0.46563 10.4915 1.05427
463.635 4239.68 282.481 0.503441 8.35855 5.1025
464.715 4239.68 292.074 0.487428 8.38632 7.31987
465.795 4239.68 140.835 0.344124 12.2598 15.9115
466.875 4239.68 153.06 0.476064 7.81593 14.5925
467.955 4239.68 90.4684 0.549728 8.13891 13.9516
469.035 4239.68 23.8794 0.44274 10.8242 3.23633
470.115 4239.68 184.373 0.494722 9.1548 0.747981
471.195 4239.68 112.704 0.489151 8.74184 5.08586
472.275 4239.68 4.93747 0.342574 14.3622 0.911904
473.355 4239.68 2.51055 0.286648 16.4189 0.619338
474.435 4239.68 25.9583 0.502617 9.4409 3.5211
475.515 4239.68 29.4006 0.408415 12.1765 1.62083
476.595 4239.68 49.313 0.455113 11.135 1.67213
477.675 4239.68 55.523 0.420607 12.1584 1.30958
478.755 4239.68 93.1922 0.494451 9.94478 3.25347
479.835 4239.68 153.964 0.509218 8.64732 4.03828
480.915 4239.68 214.024 0.493828 8.55885 8.70568
481.995 4239.68 249.514 0.487631 9.21753 8.8517
483.075 4239.68 194.203 0.493291 8.14727 10.5586
484.155 4239.68 267.218 0.604795 8.15647 11.1647
485.235 4239.68 210.611 0.500402 9.44713 4.67987
486.315 4239.68 166.201 0.522601 8.49758 4.2313
487.395 4239.68 90.9754 0.497943 9.74482 2.40295
488.475 4239.68 176.16 0.510772 8.37157 10.8828
489.555 4239.68 295.397 0.539106 7.77841 16.6579
490.635 4239.68 288.967 0.502949 7.99871 17.89
491.715 4239.68 412.754 0.576762 8.16563 12.7202
492.795 4239.68 257.767 0.502963 7.96828 21.4538
493.875 4239.68 239.856 0.361784 14.2408 9.14832
494.955 4239.68 411.426 0.552316 7.62555 23.7818
496.035 4239.68 504.437 0.527805 7.33397 16.0082
497.115 4239.68 526.448 0.394062 13.0962 23.5737
498.195 4239.68 680.708 0.613281 8.19116 14.5726
499.275 4239.68 808.641 0.673883 8.10241 16.9743
500.355 4239.68 784.522 0.529098 8.24937 21.8531
501.435 4239.68 597.15 0.595658 11.0473 18.9027
502.515 4239.68 740.111 0.65039 7.40555 9.12353
503.595 4239.68 534.757 0.60095 10.0926 19.0906
504.675 4239.68 490.716 0.587245 8.56711 15.6759
505.755 4239.68 532.724 0.540651 8.01608 11.4218
506.835 4239.68 424.47 0.510242 9.8364 14.0751
507.915 4239.68 377.699 0.572803 9.95651 14.4283
508.995 4239.68 377.221 0.601403 8.50026 17.787
510.075 4239.68 347.868 0.606258 8.41911 5.61515
511.155 4239.68 206.059 0.52572 9.11278 9.98087
512.235 4239.68 151.606 0.578502 9.22797 3.84897
513.315 4239.68 124.74 0.463984 12.93 0.643169
514.395 4239.68 147.835 0.542912 10.4451 1.96534
515.475 4239.68 146.708 0.528932 10.8793 2.71231
516.555 4239.68 159.321 0.519295 10.8762 0.641777
517.635 4239.68 169.464 0.466138 12.2369 2.40102
518.715 4239.68 184.881 0.493709 11.9018 1.57381
519.795 4239.68 179.485 0.481574 11.8616 1.49481
520.875 4239.68 197.136 0.415838 14.3205 1.13516
521.955 4239.68 251.385 0.546672 9.32932 2.71757
523.035 4239.68 275.922 0.473705 11.846 1.54251
524.115 4239.68 346.867 0.568185 9.06936 1.938
525.195 4239.68 317.365 0.603129 9.05247 10.1254
526.275 4239.68 281.256 0.55823 9.15191 3.34577
527.355 4239.68 295.941 0.440398 13.1049 2.60012
528.435 4239.68 324.161 0.538838 9.66738 6.50282
529.515 4239.68 388.884 0.525313 8.4765 8.10205
530.595 4239.68 461.394 0.568629 8.54043 4.971
531.675 4239.68 461.505 0.696476 7.42984 17.3735
532.755 4239.68 297.885 0.619933 8.43614 13.1477
533.835 4239.68 233.167 0.558466 8.91962 4.32213
534.915 4239.68 211.164 0.507155 10.2547 2.25503
535.995 4239.68 191.695 0.344306 16.1505 3.75028
537.075 4239.68 263.506 0.544836 8.82906 7.46977
538.155 4239.68 600.532 0.665239 7.23305 23.8963
539.235 4239.68 586.074 0.486016 8.24155 22.2318
540.315 4239.68 636.413 0.499865 7.76902 21.7773
541.395 4239.68 636.886 0.598323 7.4421 10.0098
542.475 4239.68 548.126 0.419719 11.2152 7.64901
543.555 4239.68 867.31 0.547471 7.32771 20.1344
544.635 4239.68 776.536 0.647113 7.50599 16.0743
545.715 4239.68 746.847 0.540071 7.61988 17.9289
546.795 4239.68 886.194 0.631607 8.02707 15.0144
547.875 4239.68 723.58 0.647391 8.07101 19.5846
548.955 4239.68 649.176 0.598082 7.47057 8.43969
550.035 4239.68 625.933 0.526426 7.39201 18.1051
551.115 4239.68 865.555 0.595989 7.25132 19.5582
552.195 4239.68 731.069 0.411266 11.9243 8.04754
553.275 4239.68 1070.24 0.549793 8.27471 16.0166
554.355 4239.68 733.227 0.474926 8.92676 17.5563
555.435 4239.68 746.526 0.553981 8.31436 11.1481
556.515 4239.68 890.178 0.498953 7.23143 19.3034
557.595 4239.68 571.273 0.344724 14.5534 3.17561
558.675 4239.68 847.471 0.636357 7.42078 14.4965
559.755 4239.68 678.574 0.472797 8.25405 19.3358
560.835 4239.68 440.355 0.499578 8.06059 9.96293
561.915 4239.68 626.262 0.620661 7.46534 15.7741
562.995 4239.68 819.598 0.512883 7.24276 11.8745
564.075 4239.68 803.783 0.484017 8.76256 15.8658
565.155 4239.68 934.512 0.750769 7.21231 28.2845
566.235 4239.68 666.199 0.663369 8.55815 22.2483
567.315 4239.68 520.482 0.572813 7.68135 19.0601
568.395 4239.68 545.363 0.633237 7.96194 17.1827
569.475 4239.68 604.667 0.463928 9.03412 6.54504
570.555 4239.68 715.819 0.592921 8.06662 17.5314
571.635 4239.68 497.054 0.49039 10.6245 8.92693
572.715 4239.68 444.425 0.497451 10.0335 9.04449
573.795 4239.68 701.733 0.549009 7.52144 21.183
574.875 4239.68 822.844 0.726185 7.49011 26.3385
575.955 4239.68 764.513 0.403771 12.9327 9.39111
577.035 4239.68 943.032 0.653826 7.26506 21.1116
578.115 4239.68 706.894 0.689536 8.36499 25.5314
579.195 4239.68 700.371 0.424824 9.58117 22.8327
580.275 4239.68 501.283 0.440229 10.2371 17.5541
581.355 4239.68 478.045 0.588174 7.10939 33.3361
582.435 4239.68 605.571 0.453487 8.61566 10.3855
583.515 4239.68 690.904 0.5997 9.20777 27.3573
584.595 4239.68 817.468 0.492621 9.91511 5.94884
585.675 4239.68 954.707 0.551781 10.0378 16.2393
586.755 4239.68 1058.14 0.648557 7.43108 17.2083
587.835 4239.68 791.096 0.708411 7.71593 30.1636
588.915 4239.68 888.687 0.725599 7.31034 28.2348
589.995 4239.68 1085.86 0.726341 7.43595 24.7609
591.075 4239.68 1156.04 0.638379 8.0974 19.5334
592.155 4239.68 1248.95 0.622195 7.53095 16.9172
593.235 4239.68 1184.44 0.621374 7.13563 12.7429
594.315 4239.68 982.66 0.60612 9.86511 24.0094
595.395 4239.68 1292.14 0.579967 7.24159 35.1689
596.475 4239.68 1447.56 0.637634 6.99794 17.9852
597.555 4239.68 1221.89 0.68594 7.09782 20.6024
598.635 4239.68 1088.06 0.512124 9.96561 9.48661
599.715 4239.68 1128.47 0.64615 6.92926 17.3869
600.795 4239.68 1010.84 0.704948 7.30108 30.8928
601.875 4239.68 823.759 0.666889 6.64987 26.0693
602.955 4239.68 868.037 0.623839 7.8403 22.334
604.035 4239.68 1278.78 0.609798 7.37376 18.0135
605.115 4239.68 1385.98 0.700337 7.52586 24.1225

456.075 4238.6 262.988 0.485788 9.03794 6.98006
457.155 4238.6 276.117 0.497914 8.44623 11.6177
458.235 4238.6 202.641 0.432451 11.6185 1.70843
459.315 4238.6 264.985 0.572089 8.84753 9.68259
460.395 4238.6 151.708 0.465245 10.6259 0.618143
461.475 4238.6 144.114 0.397864 12.843 0.55564
462.555 4238.6 146.163 0.42848 11.9512 1.05267
463.635 4238.6 322.962 0.567707 8.04234 8.05541
464.715 4238.6 274.539 0.497941 9.05738 12.7631
465.795 4238.6 327.911 0.466465 9.25119 5.99335
466.875 4238.6 159.241 0.533136 8.56533 14.9795
467.955 4238.6 35.0008 0.320956 15.6996 3.5401
469.035 4238.6 178.436 0.503147 8.12246 11.732
470.115 4238.6 158.684 0.468417 8.5647 9.12438
471.195 4238.6 74.6702 0.408864 11.6927 3.18788
472.275 4238.6 105.29 0.464393 8.0638 14.906
473.355 4238.6 24.3018 0.473954 8.63674 8.05426
474.435 4238.6 30.6011 0.460993 9.96237 5.23662
475.515 4238.6 50.1336 0.504413 9.41882 1.94186
476.595 4238.6 36.2003 0.350028 14.6549 1.09924
477.675 4238.6 51.2398 0.482755 10.0082 0.818541
478.755 4238.6 112.734 0.535109 8.30718 10.773
479.835 4238.6 237.096 0.49727 8.09493 11.8371
480.915 4238.6 275.411 0.463889 10.2006 6.39952
481.995 4238.6 195.987 0.526591 10.2237 8.10959
483.075 4238.6 169.232 0.514341 9.36462 1.79099
484.155 4238.6 198.969 0.540313 9.00902 4.14305
485.235 4238.6 168.492 0.577009 8.26946 5.75996
486.315 4238.6 96.3884 0.455346 11.7005 1.57162
487.395 4238.6 103.53 0.471201 11.0686 2.2218
488.475 4238.6 236.669 0.546057 8.00022 11.3111
489.555 4238.6 273.292 0.561374 10.3462 12.4533
490.635 4238.6 372.722 0.533756 8.82132 5.10756
491.715 4238.6 468.15 0.483776 9.93787 7.893
492.795 4238.6 471.067 0.575381 7.96123 7.91784
493.875 4238.6 244.692 0.406187 13.3297 5.02673
494.955 4238.6 534.494 0.731665 7.17829 20.289
496.035 4238.6 616.225 0.589986 8.05997 17.6423
497.115 4238.6 665.894 0.547909 7.81451 6.96425
498.195 4238.6 646.292 0.639136 7.66912 19.2018
499.275 4238.6 752.417 0.656243 9.22333 19.9528
500.355 4238.6 759.583 0.702499 8.68863 27.1063
501.435 4238.6 680.311 0.605316 7.18807 17.0806
502.515 4238.6 491.511 0.758101 7.13374 21.2367
503.595 4238.6 425.056 0.531449 11.3243 8.785
504.675 4238.6 426.791 0.58308 8.71112 16.7457
505.755 4238.6 407.705 0.576464 7.93396 7.9846
506.835 4238.6 426.586 0.592472 8.27849 2.1762
507.915 4238.6 354.581 0.646988 8.23742 11.4457
508.995 4238.6 273.574 0.621493 8.59436 8.45347
510.075 4238.6 245.498 0.572844 8.97691 5.41361
511.155 4238.6 180.269 0.602325 8.49813 5.09088
512.235 4238.6 130.207 0.51273 11.1503 1.26856
513.315 4238.6 119.018 0.429054 13.9416 1.61498
514.395 4238.6 141.91 0.559301 9.87363 4.28325
515.475 4238.6 163.006 0.539981 9.2237 4.5811
516.555 4238.6 150.802 0.521353 10.7939 1.46867
517.635 4238.6 160.151 0.374495 15.6487 2.08502
518.715 4238.6 203.276 0.541741 8.45693 9.71692
519.795 4238.6 212.006 0.550901 9.05781 6.90026
520.875 4238.6 212.173 0.511483 10.8713 0.66514
521.955 4238.6 231.429 0.472871 12.6678 4.32783
523.035 4238.6 304.701 0.585873 8.70723 4.75833
524.115 4238.6 278.911 0.600636 8.71068 6.83696
525.195 4238.6 262.761 0.550548 9.38292 1.94911
526.275 4238.6 322.921 0.604899 7.72408 15.6281
527.355 4238.6 338.399 0.530719 8.32262 13.8987
528.435 4238.6 321.548 0.493935 9.62356 7.10658
529.515 4238.6 366.269 0.476555 10.4435 6.13467
530.595 4238.6 441.103 0.5238 8.69082 6.96651
531.675 4238.6 348.745 0.677098 7.74768 18.8431
532.755 4238.6 235.381 0.538025 9.2328 2.58417
533.835 4238.6 192.658 0.418696 13.26 2.45423
534.915 4238.6 190.226 0.525371 9.58028 1.96284
535.995 4238.6 190.321 0.529082 9.13004 2.81854
537.075 4238.6 251.894 0.529253 9.11247 4.34494
538.155 4238.6 350.395 0.559788 8.80874 8.17072
539.235 4238.6 558.271 0.701883 7.05797 19.8108
540.315 4238.6 812.464 0.648112 7.46619 15.1661
541.395 4238.6 867.935 0.559793 8.20532 7.76816
542.475 4238.6 691.234 0.568433 7.82837 18.9223
543.555 4238.6 853.891 0.606887 8.68884 14.1393
544.635 4238.6 738.026 0.597435 8.17363 9.9414
545.715 4238.6 736.67 0.567273 8.27292 6.09525
546.795 4238.6 650.116 0.461518 9.88979 11.6813
547.875 4238.6 548.46 0.574187 10.9769 18.2982
548.955 4238.6 534.047 0.610879 7.58003 13.1365
550.035 4238.6 533.6 0.593018 7.3087 12.4495
551.115 4238.6 777.754 0.583866 7.86015 10.2644
552.195 4238.6 857.546 0.458704 9.29791 17.6259
553.275 4238.6 1014.51 0.648657 7.62197 18.5283
554.355 4238.6 757.934 0.51167 8.3497 17.5848
555.435 4238.6 780.392 0.48102 7.48029 18.5271
556.515 4238.6 887.333 0.540684 8.88317 10.2663
557.595 4238.6 642.671 0.706194 6.88914 26.2542
558.675 4238.6 723.461 0.573114 8.09735 21.1378
559.755 4238.6 642.106 0.53498 8.22041 20.4881
560.835 4238.6 349.185 0.402546 13.7886 21.3866
561.915 4238.6 644.197 0.566423 7.66166 18.0081
562.995 4238.6 844.293 0.695608 7.71664 21.8905
564.075 4238.6 889.524 0.661767 7.296 21.6044
565.155 4238.6 614.582 0.664418 7.32859 18.5069
566.235 4238.6 504.889 0.602158 8.11297 14.2909
567.315 4238.6 363.288 0.390117 14.1478 10.9489
568.395 4238.6 465.414 0.400142 9.97687 15.2854
569.475 4238.6 659.002 0.606275 8.18897 21.6965
570.555 4238.6 798.617 0.645843 7.06267 19.4584
571.635 4238.6 556.842 0.457984 10.8352 9.75128
572.715 4238.6 407.202 0.364244 13.3393 11.2958
573.795 4238.6 483.081 0.510204 10.4642 10.2419
574.875 4238.6 725.28 0.524204 7.78053 7.58028
575.955 4238.6 891.23 0.50028 8.483 7.18307
577.035 4238.6 765.778 0.708451 7.82433 24.8944
578.115 4238.6 569.357 0.412404 10.2805 22.6434
579.195 4238.6 500.688 0.612102 8.19748 17.3044
580.275 4238.6 472.758 0.723161 7.03039 23.3465
581.355 4238.6 309.418 0.462591 13.8272 22.6486
582.435 4238.6 406.168 0.430471 10.4353 24.2248
583.515 4238.6 578.276 0.60523 7.60329 11.7578
584.595 4238.6 610.508 0.672584 6.86302 23.9827
585.675 4238.6 615.323 0.698356 8.49691 27.0469
586.755 4238.6 677.314 0.744407 6.94608 27.3587
587.835 4238.6 506.027 0.57988 9.29857 16.1437
588.915 4238.6 776.289 0.680115 6.85043 23.4439
589.995 4238.6 673.845 0.624317 8.61624 18.244
591.075 4238.6 866.414 0.619786 7.14575 15.5609
592.155 4238.6 803.54 0.597412 9.49328 21.4523
593.235 4238.6 848.689 0.624057 9.56063 22.3975
594.315 4238.6 958.331 0.585305 6.93652 34.2197
595.395 4238.6 1277.35 0.621592 7.27126 13.3081
596.475 4238.6 1230.79 0.612625 8.12371 15.4389
597.555 4238.6 1130.97 0.59917 7.29471 12.0254
598.635 4238.6 889.649 0.535501 12.3159 21.6846
599.715 4238.6 727.384 0.344524 12.4081 11.0769
600.795 4238.6 722.942 0.431657 12.3021 34.67
601.875 4238.6 591.237 0.438316 13.9255 15.3717
602.955 4238.6 903.6 0.478577 7.04975 22.3358
604.035 4238.6 1215.38 0.569718 7.6439 13.3325
605.115 4238.6 996.769 0.564641 8.89688 20.6155

456.075 4237.52 343.408 0.692228 7.76357 19.7584
457.155 4237.52 378.605 0.615175 8.23082 12.4594
458.235 4237.52 280.402 0.46106 8.63657 17.5083
459.315 4237.52 265.971 0.5735 7.4978 25.8003
460.395 4237.52 168.35 0.486409 9.46686 2.52593
461.475 4237.52 157.979 0.462402 10.5132 1.85301
462.555 4237.52 142.734 0.43946 11.278 0.984925
463.635 4237.52 236.872 0.612323 8.09977 14.866
464.715 4237.52 307.39 0.577708 7.99548 7.72035
465.795 4237.52 224.285 0.508721 7.69284 13.1818
466.875 4237.52 69.535 0.529434 8.93277 4.53566
467.955 4237.52 111.062 0.510508 9.485 15.4839
469.035 4237.52 283.389 0.521771 7.8338 7.47466
470.115 4237.52 267.528 0.452922 10.3732 4.16776
471.195 4237.52 251.014 0.523773 7.36758 8.98653
472.275 4237.52 222.893 0.496044 7.55935 12.4562
473.355 4237.52 90.8067 0.534687 8.95715 11.8742
474.435 4237.52 58.9528 0.398673 12.8465 8.31025
475.515 4237.52 32.3428 0.451324 10.238 3.87418
476.595 4237.52 36.7465 0.319488 15.4149 0.446767
477.675 4237.52 47.6501 0.435287 11.6161 1.05225
478.755 4237.52 92.6899 0.542064 8.58727 8.14918
479.835 4237.52 210.303 0.52819 8.37508 14.4268
480.915 4237.52 249.538 0.5288 8.69581 7.05503
481.995 4237.52 201.884 0.600462 8.17545 10.3684
483.075 4237.52 114.916 0.428079 12.334 5.34411
484.155 4237.52 174.642 0.528944 8.58492 5.5774
485.235 4237.52 84.1383 0.494551 10.4212 2.77153
486.315 4237.52 73.1613 0.349134 15.1972 0.945071
487.395 4237.52 123.533 0.554165 8.35519 3.12365
488.475 4237.52 160.316 0.430339 12.1218 3.87774
489.555 4237.52 227.716 0.520322 11.9211 12.4719
490.635 4237.52 342.479 0.650838 8.18365 16.1355
491.715 4237.52 351.977 0.503111 12.7338 14.3415
492.795 4237.52 466.921 0.507386 8.83557 7.34458
493.875 4237.52 317.168 0.478717 12.6066 20.1077
494.955 4237.52 516.309 0.509256 8.05374 12.2857
496.035 4237.52 495.871 0.535494 11.7679 13.9142
497.115 4237.52 650.866 0.599743 9.00722 11.9661
498.195 4237.52 663.847 0.593169 8.21205 13.1096
499.275 4237.52 739.874 0.503736 8.01095 19.7449
500.355 4237.52 854.266 0.604286 8.60197 7.6801
501.435 4237.52 581.63 0.702841 7.27667 18.5592
502.515 4237.52 457.758 0.722951 7.6678 21.6786
503.595 4237.52 339.424 0.439737 13.1535 12.7734
504.675 4237.52 353.767 0.463526 10.5214 11.2347
505.755 4237.52 264.891 0.505377 12.137 6.60559
506.835 4237.52 251.669 0.464124 13.0448 9.99817
507.915 4237.52 246.298 0.474484 12.719 14.2529
508.995 4237.52 258.442 0.581458 8.374 7.17905
510.075 4237.52 200.902 0.607101 8.4467 6.1697
511.155 4237.52 140.708 0.485797 11.957 2.30621
512.235 4237.52 133.674 0.526922 10.2258 0.578721
513.315 4237.52 123.063 0.524075 10.4451 0.542626
514.395 4237.52 141.089 0.5836 8.50244 5.72944
515.475 4237.52 163.123 0.594765 8.85394 7.97837
516.555 4237.52 169.35 0.544502 9.08298 3.44946
517.635 4237.52 182.094 0.52917 9.63594 4.16258
518.715 4237.52 189.236 0.655059 8.24936 11.9986
519.795 4237.52 174.775 0.520939 11.1872 5.9253
520.875 4237.52 181.387 0.460914 12.6096 1.7232
521.955 4237.52 233.002 0.598858 8.57752 5.21369
523.035 4237.52 225.44 0.56941 9.43337 4.73417
524.115 4237.52 212.841 0.35633 15.886 0.878832
525.195 4237.52 252.091 0.514852 10.1808 3.81079
526.275 4237.52 371.612 0.556211 8.48754 5.3631
527.355 4237.52 380.523 0.591635 8.52863 6.76856
528.435 4237.52 362.856 0.622504 8.1294 9.22302
529.515 4237.52 400.715 0.51209 9.55571 2.99544
530.595 4237.52 324.332 0.515882 8.28616 12.5453
531.675 4237.52 240.98 0.550582 8.82734 2.48832
532.755 4237.52 202.827 0.378005 13.6618 4.56725
533.835 4237.52 203.88 0.495524 8.85771 8.96769
534.915 4237.52 168.39 0.517091 9.74054 1.2765
535.995 4237.52 201.271 0.51132 9.11856 3.05223
537.075 4237.52 230.234 0.532909 9.23868 2.58205
538.155 4237.52 287.035 0.563936 8.38556 4.31219
539.235 4237.52 441.548 0.703767 9.4866 24.8511
540.315 4237.52 675.582 0.671723 7.2149 15.5348
541.395 4237.52 466.446 0.538755 10.7338 12.0956
542.475 4237.52 664.93 0.613841 8.38034 14.6895
543.555 4237.52 771.841 0.513344 8.34518 7.96436
544.635 4237.52 703.691 0.421673 12.2826 2.91017
545.715 4237.52 725.364 0.520024 8.94828 5.50623
546.795 4237.52 683.069 0.631652 7.40724 12.9156
547.875 4237.52 512.716 0.377952 12.446 16.7626
548.955 4237.52 648.884 0.614547 8.08782 14.5047
550.035 4237.52 360.505 0.441463 13.3342 18.8815
551.115 4237.52 577.372 0.522588 7.52528 18.682
552.195 4237.52 771.373 0.501725 7.978 18.6193
553.275 4237.52 1003.52 0.5 8.79975 7.33039
554.355 4237.52 723.574 0.492302 9.3317 6.59864
555.435 4237.52 754.303 0.464824 7.95081 17.3046
556.515 4237.52 862.369 0.517685 8.38989 9.54494
557.595 4237.52 558.991 0.651481 6.89657 22.5618
558.675 4237.52 644.47 0.624323 7.76943 19.298
559.755 4237.52 606.745 0.651932 7.65712 17.7699
560.835 4237.52 294.697 0.46184 13.7854 21.6097
561.915 4237.52 509.042 0.608796 8.87398 16.3311
562.995 4237.52 536.579 0.55611 9.78258 16.3285
564.075 4237.52 653.912 0.57691 8.03253 16.1114
565.155 4237.52 517.309 0.501191 7.40487 12.2512
566.235 4237.52 392.197 0.582777 8.44457 12.2091
567.315 4237.52 321.396 0.310581 15.3761 8.53281
568.395 4237.52 428.855 0.510274 9.66183 9.60722
569.475 4237.52 591.294 0.661123 8.03343 20.4657
570.555 4237.52 742.174 0.571621 8.15931 14.5488
571.635 4237.52 724.157 0.452084 8.08892 17.3957
572.715 4237.52 436.995 0.53034 8.58724 13.9778
573.795 4237.52 456.707 0.321967 12.9657 17.2246
574.875 4237.52 628.132 0.610935 7.28084 15.9929
575.955 4237.52 833.202 0.637871 7.95971 17.0611
577.035 4237.52 602.831 0.602659 8.89416 16.1219
578.115 4237.52 463.494 0.589549 9.20994 20.2438
579.195 4237.52 504.634 0.574809 7.68928 27.7882
580.275 4237.52 421.818 0.604453 7.24005 18.0034
581.355 4237.52 210.737 0.297145 16.0484 1.5967
582.435 4237.52 418.135 0.588503 7.65712 9.77792
583.515 4237.52 318.923 0.597225 8.11495 12.5619
584.595 4237.52 398.591 0.613771 7.4695 19.0959
585.675 4237.52 405.175 0.505332 8.28705 9.48899
586.755 4237.52 344.937 0.592257 7.67471 12.8104
587.835 4237.52 361.049 0.440278 12.8066 9.94046
588.915 4237.52 506.137 0.619549 8.60849 19.1197
589.995 4237.52 509.711 0.612935 7.52836 14.3771
591.075 4237.52 522.986 0.469347 11.3218 8.75704
592.155 4237.52 738.849 0.730138 7.31783 24.5672
593.235 4237.52 759.452 0.635479 7.71646 20.5825
594.315 4237.52 896.2 0.623976 7.04138 21.7686
595.395 4237.52 1007.61 0.599594 8.00907 31.3213
596.475 4237.52 1230.8 0.492274 9.32949 9.44
597.555 4237.52 1057.79 0.440027 9.5121 14.1035
598.635 4237.52 1254.87 0.461981 8.41727 8.76802
599.715 4237.52 909.229 0.553485 8.22438 18.0648
600.795 4237.52 667.635 0.662926 8.16794 21.3097
601.875 4237.52 611.982 0.56134 7.84689 29.7934
602.955 4237.52 957.219 0.624027 7.7763 21.7704
604.035 4237.52 909.724 0.609991 7.26345 14.553
605.115 4237.52 718.357 0.529675 10.4085 16.4519

456.075 4236.44 193.395 0.583275 9.20915 11.465
457.155 4236.44 253.931 0.621927 7.7927 12.0938
458.235 4236.44 312.65 0.528458 8.59508 10.4081
459.315 4236.44 232.512 0.532778 8.49046 5.05521
460.395 4236.44 298.818 0.519314 9.27381 7.29427
461.475 4236.44 324.733 0.488869 7.77078 16.024
462.555 4236.44 194.621 0.475208 8.21319 13.7082
463.635 4236.44 123.976 0.352611 15.2826 5.03509
464.715 4236.44 154.824 0.595331 8.55336 12.588
465.795 4236.44 83.7072 0.340031 14.3732 2.30366
466.875 4236.44 164.866 0.502581 8.33473 8.26421
467.955 4236.44 239.844 0.562418 7.00907 20.6233
469.035 4236.44 479.411 0.490976 7.68639 10.3429
470.115 4236.44 290.976 0.509281 8.01716 16.3025
471.195 4236.44 158.433 0.443017 11.1661 2.30577
472.275 4236.44 252.882 0.556928 8.51289 12.5472
473.355 4236.44 124.938 0.543267 9.8206 10.9583
474.435 4236.44 95.4234 0.495209 8.69687 8.61723
475.515 4236.44 92.1831 0.486964 9.37855 5.39888
476.595 4236.44 50.6245 0.430233 11.382 1.44935
477.675 4236.44 43.4227 0.331104 15.1901 0.783024
478.755 4236.44 92.0274 0.550031 8.59279 5.69344
479.835 4236.44 192.093 0.536099 8.51154 8.09108
480.915 4236.44 150.203 0.512162 11.1778 10.5533
481.995 4236.44 209.392 0.489224 10.4451 3.82968
483.075 4236.44 94.3931 0.497058 9.42755 8.5099
484.155 4236.44 76.5998 0.538564 9.20858 4.5535
485.235 4236.44 74.7539 0.511466 9.52972 1.91764
486.315 4236.44 72.4421 0.464121 11.1435 1.52146
487.395 4236.44 166.732 0.516515 7.97063 7.91126
488.475 4236.44 275.858 0.506545 8.09638 9.43259
489.555 4236.44 338.82 0.578134 8.53165 9.11883
490.635 4236.44 377.747 0.603325 8.14449 8.70126
491.715 4236.44 436.794 0.569517 9.0377 8.52388
492.795 4236.44 410.786 0.543789 9.42952 9.81463
493.875 4236.44 412.943 0.535157 8.42684 14.3084
494.955 4236.44 558.807 0.563966 8.37542 7.88282
496.035 4236.44 566.538 0.679971 7.91887 17.0685
497.115 4236.44 656.935 0.570083 7.86179 8.93976
498.195 4236.44 643.628 0.448802 11.0594 8.95232
499.275 4236.44 753.203 0.582827 7.5251 14.4981
500.355 4236.44 793.74 0.651586 7.05818 12.0393
501.435 4236.44 637.019 0.581234 7.63051 10.5812
502.515 4236.44 505.555 0.584468 8.05926 2.50088
503.595 4236.44 356.555 0.618977 8.2766 17.9348
504.675 4236.44 293.012 0.638903 8.47566 14.5318
505.755 4236.44 250.707 0.547417 10.4153 8.46079
506.835 4236.44 326.124 0.529642 8.88826 6.00575
507.915 4236.44 279.22 0.587165 8.58129 4.99035
508.995 4236.44 219.109 0.588395 8.46685 4.91444
510.075 4236.44 156.248 0.549397 9.55692 1.75529
511.155 4236.44 142.642 0.516054 10.9034 1.8894
512.235 4236.44 137.2 0.541023 9.86075 1.82437
513.315 4236.44 117.778 0.521699 10.0551 2.35622
514.395 4236.44 111.364 0.533122 10.1055 0.985416
515.475 4236.44 114.23 0.480296 11.9349 1.18365
516.555 4236.44 132.243 0.547433 9.62005 1.48269
517.635 4236.44 130.684 0.428511 13.3896 0.742402
518.715 4236.44 137.122 0.421277 13.8145 0.586981
519.795 4236.44 152.785 0.521039 10.2081 0.22599
520.875 4236.44 170.075 0.453813 12.2816 1.70407
521.955 4236.44 193.043 0.439296 12.8987 1.19869
523.035 4236.44 197.605 0.458767 12.391 1.36123
524.115 4236.44 217.517 0.547337 9.2998 2.39898
525.195 4236.44 269.836 0.565079 9.09984 6.44881
526.275 4236.44 305.029 0.598457 8.77712 8.84551
527.355 4236.44 324.023 0.57589 8.72605 4.24552
528.435 4236.44 246.331 0.489968 11.5501 4.57178
529.515 4236.44 366.678 0.54388 8.38332 10.1146
530.595 4236.44 295.752 0.515253 9.44182 5.49632
531.675 4236.44 242.578 0.479593 10.6794 2.14246
532.755 4236.44 304.276 0.504484 8.40579 10.3671
533.835 4236.44 224.157 0.510015 9.16363 5.35658
534.915 4236.44 143.822 0.321811 17.2055 1.12892
535.995 4236.44 180.767 0.512386 9.53132 3.83751
537.075 4236.44 225.118 0.544171 8.72943 11.5902
538.155 4236.44 235.775 0.508743 9.31997 1.59708
539.235 4236.44 355.753 0.753471 7.86154 25.1547
540.315 4236.44 391.684 0.529729 7.92698 23.2349
541.395 4236.44 490.996 0.678222 8.04484 20.0351
542.475 4236.44 569.896 0.596461 9.15105 21.665
543.555 4236.44 755.694 0.566492 7.76503 15.2119
544.635 4236.44 752.008 0.521937 8.42103 8.08958
545.715 4236.44 728.64 0.467843 10.4377 1.71682
546.795 4236.44 605.87 0.575179 8.87309 12.2561
547.875 4236.44 722.699 0.496875 8.8056 11.1108
548.955 4236.44 539.342 0.616114 7.68018 22.2365
550.035 4236.44 347.748 0.573909 8.08511 28.5473
551.115 4236.44 494.351 0.535493 7.68465 12.6907
552.195 4236.44 665.434 0.570089 8.85312 14.5772
553.275 4236.44 937.902 0.510113 8.34394 8.10172
554.355 4236.44 722.376 0.475103 9.81363 4.3086
555.435 4236.44 830.711 0.64153 7.26936 19.6927
556.515 4236.44 789.024 0.702321 6.88579 22.6727
557.595 4236.44 458.75 0.656968 7.05109 17.8284
558.675 4236.44 553.622 0.587024 7.77282 17.5159
559.755 4236.44 511.84 0.60866 7.01816 20.5311
560.835 4236.44 285.536 0.521993 7.92137 19.0783
561.915 4236.44 389.943 0.396227 11.2721 10.5978
562.995 4236.44 523.093 0.453432 8.68271 15.4765
564.075 4236.44 482.279 0.557397 8.67367 16.6876
565.155 4236.44 349.668 0.449683 10.1121 8.39467
566.235 4236.44 311.752 0.495095 8.99773 23.6141
567.315 4236.44 504.534 0.461454 8.02086 22.2057
568.395 4236.44 400.36 0.503637 8.55591 8.34387
569.475 4236.44 486.731 0.533921 7.85006 4.35637
570.555 4236.44 608.061 0.615515 8.23359 18.1912
571.635 4236.44 490.021 0.543783 8.70876 14.0221
572.715 4236.44 355.145 0.323804 14.7308 9.74804
573.795 4236.44 437.503 0.475553 10.2245 5.31561
574.875 4236.44 629.962 0.510331 7.76273 17.9749
575.955 4236.44 713.458 0.539458 8.30313 8.41278
577.035 4236.44 584.443 0.579799 7.911 12.8747
578.115 4236.44 515.965 0.519729 8.9192 12.4371
579.195 4236.44 547.354 0.580113 8.04661 17.0397
580.275 4236.44 283.952 0.597725 9.83521 18.6507
581.355 4236.44 180.222 0.331938 15.0767 2.62041
582.435 4236.44 224.546 0.48261 9.78719 7.37321
583.515 4236.44 238.29 0.428271 12.201 4.34778
584.595 4236.44 227.876 0.552495 8.74788 8.78863
585.675 4236.44 240.712 0.569375 8.78671 11.3223
586.755 4236.44 241.611 0.447645 11.2804 3.45642
587.835 4236.44 283.474 0.382049 13.5201 3.20485
588.915 4236.44 323.12 0.39317 12.8922 3.95816
589.995 4236.44 399.242 0.465102 9.98611 4.94581
591.075 4236.44 558.585 0.657361 8.13701 24.7414
592.155 4236.44 466.89 0.479355 9.84833 18.8636
593.235 4236.44 591.208 0.615816 7.2256 20.5131
594.315 4236.44 642.401 0.646435 8.02556 18.7494
595.395 4236.44 865.215 0.540442 7.85013 2.74877
596.475 4236.44 971.104 0.643013 7.9416 28.7438
597.555 4236.44 1090.08 0.71238 7.00688 23.903
598.635 4236.44 1029.53 0.668803 7.09569 19.395
599.715 4236.44 742.865 0.50385 9.66123 12.1557
600.795 4236.44 639.701 0.676629 7.22064 20.6647
601.875 4236.44 540.492 0.648037 7.60736 22.576
602.955 4236.44 676.385 0.606726 7.37356 17.9032
604.035 4236.44 618.97 0.551639 8.69482 9.81774
605.115 4236.44 639.558 0.566764 8.59013 24.1583

456.075 4235.35 183.224 0.506376 9.13999 4.35806
457.155 4235.35 217.632 0.452849 9.4969 12.0431
458.235 4235.35 176.553 0.463151 12.0601 14.0682
459.315 4235.35 295.367 0.579846 8.07449 15.291
460.395 4235.35 295.834 0.521928 9.25173 3.53425
461.475 4235.35 275.227 0.501934 9.80498 2.93557
462.555 4235.35 256.98 0.386964 11.738 9.09797
463.635 4235.35 214.415 0.545686 7.27726 21.4381
464.715 4235.35 212.443 0.512765 9.28178 6.24526
465.795 4235.35 104.369 0.433163 10.5563 5.42823
466.875 4235.35 177.811 0.523889 8.27867 10.2493
467.955 4235.35 284.315 0.581458 7.07681 11.7371
469.035 4235.35 509.143 0.578123 7.88933 9.36153
470.115 4235.35 412.889 0.557099 7.05483 17.8139
471.195 4235.35 179.002 0.483779 10.085 9.61666
472.275 4235.35 257.565 0.460606 10.369 1.68999
473.355 4235.35 191.776 0.49862 8.55777 8.71481
474.435 4235.35 108.408 0.45905 9.9894 4.78898
475.515 4235.35 86.1425 0.498912 9.79894 5.29695
476.595 4235.35 72.4632 0.498749 9.76755 5.61811
477.675 4235.35 52.7759 0.487362 9.52639 3.48565
478.755 4235.35 68.3642 0.549383 8.57606 5.90946
479.835 4235.35 155.118 0.537873 8.57936 4.68555
480.915 4235.35 114.106 0.483345 11.5782 11.6279
481.995 4235.35 175.605 0.457162 10.8222 5.02802
483.075 4235.35 103.037 0.553889 8.22962 12.833
484.155 4235.35 47.3291 0.433355 11.9 1.59487
485.235 4235.35 47.6045 0.337879 15.2784 1.37458
486.315 4235.35 81.9418 0.530889 8.63303 1.47459
487.395 4235.35 164.609 0.583426 8.26959 9.92
488.475 4235.35 198.308 0.488462 9.72158 10.5688
489.555 4235.35 206.85 0.432163 12.1705 9.56781
490.635 4235.35 317.178 0.528688 8.49471 13.0332
491.715 4235.35 300.929 0.587574 9.47465 14.6153
492.795 4235.35 390.477 0.620696 8.01945 13.8361
493.875 4235.35 421.821 0.621927 8.28433 15.026
494.955 4235.35 504.667 0.556313 7.5468 18.6109
496.035 4235.35 624.802 0.539812 7.94789 12.706
497.115 4235.35 814.648 0.582593 7.59788 13.2755
498.195 4235.35 883.168 0.484838 9.23003 16.1744
499.275 4235.35 774.358 0.624101 8.24801 10.6971
500.355 4235.35 693.42 0.597697 8.49176 13.5237
501.435 4235.35 509.79 0.600577 9.11092 11.1891
502.515 4235.35 387.72 0.57475 8.79849 22.0715
503.595 4235.35 405.681 0.633441 8.37436 12.8466
504.675 4235.35 246.902 0.612677 8.96966 10.3832
505.755 4235.35 214.963 0.612492 8.29978 12.7478
506.835 4235.35 221.854 0.533063 9.6616 6.34512
507.915 4235.35 198.318 0.598663 8.93343 7.57856
508.995 4235.35 158.479 0.543771 10.3636 5.78524
510.075 4235.35 139.617 0.387131 14.6552 2.85489
511.155 4235.35 134.32 0.515141 10.4451 0.751066
512.235 4235.35 126.565 0.518701 10.4451 0.642974
513.315 4235.35 114.093 0.515169 10.4451 0.342731
514.395 4235.35 105.92 0.397576 14.5723 0.429981
515.475 4235.35 107.562 0.51263 10.5467 1.21853
516.555 4235.35 125.189 0.523452 10.4355 1.58951
517.635 4235.35 122.825 0.371101 15.2734 0.813159
518.715 4235.35 141.545 0.54226 9.8008 1.96592
519.795 4235.35 152.792 0.504001 10.4631 2.59381
520.875 4235.35 171.051 0.550833 9.52326 2.4726
521.955 4235.35 175.719 0.362321 15.3973 1.87415
523.035 4235.35 208.541 0.567268 9.16562 4.66601
524.115 4235.35 229.877 0.589163 8.63705 5.44807
525.195 4235.35 218.931 0.498765 9.81396 4.99851
526.275 4235.35 248.569 0.591568 8.43905 5.43258
527.355 4235.35 214.95 0.568204 9.09897 5.97638
528.435 4235.35 223.684 0.639296 8.20087 12.5471
529.515 4235.35 266.771 0.538889 10.416 7.4495
530.595 4235.35 326.48 0.575434 7.82575 3.35321
531.675 4235.35 202.923 0.586868 8.76142 8.10795
532.755 4235.35 241.072 0.655996 7.77131 16.0262
533.835 4235.35 189.561 0.559246 9.04675 8.22417
534.915 4235.35 144.428 0.511979 9.74001 0.826999
535.995 4235.35 176.917 0.479039 8.66171 12.6361
537.075 4235.35 235.513 0.480593 8.12347 18.2381
538.155 4235.35 209.669 0.483148 13.109 13.9301
539.235 4235.35 392.177 0.671383 7.82694 17.5781
540.315 4235.35 461.723 0.506454 7.48074 13.5669
541.395 4235.35 344.471 0.51043 11.5467 11.0346
542.475 4235.35 516.778 0.567211 7.37303 21.8453
543.555 4235.35 638.555 0.670921 9.16739 22.173
544.635 4235.35 839.33 0.472192 9.22964 10.5127
545.715 4235.35 800.662 0.537537 7.6772 13.8709
546.795 4235.35 593.782 0.402854 11.5109 8.96742
547.875 4235.35 640.379 0.488721 7.70438 12.7215
548.955 4235.35 318.22 0.598087 9.58338 16.9513
550.035 4235.35 440.418 0.583566 7.7252 27.0851
551.115 4235.35 519.455 0.507571 8.40389 12.6068
552.195 4235.35 642.699 0.564798 8.69499 17.6668
553.275 4235.35 836.533 0.540541 7.8589 18.2331
554.355 4235.35 824.011 0.557526 7.96952 16.8844
555.435 4235.35 804.254 0.673523 7.86677 20.1813
556.515 4235.35 569.573 0.607846 7.71439 26.9052
557.595 4235.35 258.052 0.364284 13.8118 4.70808
558.675 4235.35 582.125 0.672526 7.36651 18.8007
559.755 4235.35 397.401 0.545885 7.24983 19.7207
560.835 4235.35 339.324 0.714938 6.98975 23.1202
561.915 4235.35 540.5 0.535471 8.28502 7.08794
562.995 4235.35 564.618 0.50325 8.38874 14.3206
564.075 4235.35 462.583 0.624108 8.05299 16.0142
565.155 4235.35 287.047 0.351826 14.1975 15.286
566.235 4235.35 426.504 0.550022 7.80831 11.1856
567.315 4235.35 498.54 0.634175 7.66414 15.8908
568.395 4235.35 413.821 0.441236 10.5025 2.98322
569.475 4235.35 493.624 0.4952 8.20046 5.11071
570.555 4235.35 603.383 0.504555 8.01588 10.9281
571.635 4235.35 509.366 0.511331 7.72576 4.77675
572.715 4235.35 381.574 0.491265 8.26386 6.5801
573.795 4235.35 524.18 0.540972 8.36219 13.3216
574.875 4235.35 814.31 0.545405 8.77432 12.3096
575.955 4235.35 605.572 0.509565 9.2496 7.05788
577.035 4235.35 546.423 0.444226 9.59209 10.3287
578.115 4235.35 551.576 0.457881 9.55808 9.33461
579.195 4235.35 445.77 0.585116 7.64402 20.523
580.275 4235.35 187.699 0.51475 9.50635 8.51509
581.355 4235.35 231.765 0.573546 8.07135 19.8826
582.435 4235.35 179.217 0.408117 12.54 2.35311
583.515 4235.35 184.707 0.394844 13.006 2.37086
584.595 4235.35 180.936 0.408894 12.2661 1.14192
585.675 4235.35 181.019 0.385523 13.1805 1.7852
586.755 4235.35 206.521 0.468846 10.1403 2.1564
587.835 4235.35 261.4 0.458002 8.87365 8.78137
588.915 4235.35 431.087 0.4668 8.20394 11.2733
589.995 4235.35 460.411 0.647793 7.27367 16.1754
591.075 4235.35 395.325 0.581281 7.99761 12.7127
592.155 4235.35 427.742 0.626379 6.98266 15.1152
593.235 4235.35 454.292 0.524399 9.10337 12.9512
594.315 4235.35 497.553 0.648635 7.28437 16.4784
595.395 4235.35 576.38 0.610544 7.98471 14.1737
596.475 4235.35 703.02 0.737556 7.72859 26.9008
597.555 4235.35 865.939 0.484705 8.23368 8.47705
598.635 4235.35 730.33 0.45979 10.5987 8.9155
599.715 4235.35 657.018 0.346328 11.6134 17.9591
600.795 4235.35 683.022 0.486777 7.40409 11.3922
601.875 4235.35 583.41 0.559376 7.29263 26.035
602.955 4235.35 435.058 0.549695 8.75853 9.56871
604.035 4235.35 491.32 0.505773 8.83059 2.34621
605.115 4235.35 454.756 0.527064 8.82938 6.24461

456.075 4234.27 115.51 0.578401 8.7404 9.2337
457.155 4234.27 107.677 0.413699 13.4189 10.3277
458.235 4234.27 158.148 0.345371 13.8534 5.59157
459.315 4234.27 266.412 0.353041 14.0827 8.20352
460.395 4234.27 306.291 0.537513 8.89085 4.05197
461.475 4234.27 308.37 0.413455 11.488 4.66691
462.555 4234.27 474.868 0.580206 7.85665 12.5464
463.635 4234.27 234.909 0.441222 9.24489 14.0045
464.715 4234.27 109.294 0.32776 14.4254 3.94621
465.795 4234.27 185.81 0.503427 8.29066 3.9104
466.875 4234.27 162.262 0.5398 8.92613 11.537
467.955 4234.27 263.227 0.492165 8.80602 11.5856
469.035 4234.27 479.816 0.531374 8.87222 5.92171
470.115 4234.27 288.43 0.452148 10.3885 10.3499
471.195 4234.27 197.978 0.390697 12.1714 9.92846
472.275 4234.27 206.757 0.468511 9.80034 6.42452
473.355 4234.27 115.992 0.441427 11.3664 3.94847
474.435 4234.27 120.294 0.509159 8.96755 2.88565
475.515 4234.27 90.1849 0.478006 9.1778 4.37664
476.595 4234.27 44.0948 0.385634 12.8545 2.56206
477.675 4234.27 37.7391 0.418336 12.3519 1.63006
478.755 4234.27 93.8996 0.52238 8.33298 2.39461
479.835 4234.27 103.411 0.473077 10.1854 4.50878
480.915 4234.27 115.969 0.552175 8.158 14.4669
481.995 4234.27 62.2414 0.542261 9.34435 7.46255
483.075 4234.27 33.4903 0.502333 9.98149 3.86846
484.155 4234.27 34.4422 0.317187 15.8111 0.564948
485.235 4234.27 49.0725 0.505588 9.56088 1.8008
486.315 4234.27 103.854 0.539675 8.6408 9.20431
487.395 4234.27 123.932 0.503941 8.52775 8.77645
488.475 4234.27 141.833 0.445045 11.1397 3.45931
489.555 4234.27 241.135 0.514281 8.01757 13.6577
490.635 4234.27 276.396 0.474908 8.48384 17.6974
491.715 4234.27 311.883 0.561508 8.29577 9.68839
492.795 4234.27 320.876 0.62609 7.69036 14.9685
493.875 4234.27 348.733 0.598527 9.45736 13.0922
494.955 4234.27 519.617 0.516394 8.99743 6.49592
496.035 4234.27 576.069 0.643409 8.60489 17.6443
497.115 4234.27 780.567 0.680845 7.57501 16.6558
498.195 4234.27 614.41 0.581217 9.72253 17.64
499.275 4234.27 699.784 0.650237 7.70048 15.0406
500.355 4234.27 555.5 0.535555 9.7533 13.5712
501.435 4234.27 460.22 0.442605 10.1097 17.9372
502.515 4234.27 462.776 0.570316 8.36597 7.20579
503.595 4234.27 336.584 0.574919 8.69413 9.04911
504.675 4234.27 272.058 0.504538 8.9623 14.8582
505.755 4234.27 196.511 0.563392 8.92861 2.95564
506.835 4234.27 213.445 0.599819 8.63332 11.5155
507.915 4234.27 168.161 0.517885 9.8337 4.15363
508.995 4234.27 129.985 0.429169 13.6944 2.70231
510.075 4234.27 127.881 0.496338 11.3435 2.1674
511.155 4234.27 121.354 0.370022 15.5462 1.68541
512.235 4234.27 119.625 0.513754 10.4451 0.373753
513.315 4234.27 110.372 0.514213 10.3177 0.450552
514.395 4234.27 103.555 0.514454 10.4451 0.505448
515.475 4234.27 103.082 0.346229 16.157 1.10942
516.555 4234.27 116.368 0.539724 9.92474 2.76676
517.635 4234.27 121.576 0.486318 11.1383 1.26929
518.715 4234.27 130.646 0.338252 16.3091 1.6939
519.795 4234.27 141.096 0.34251 16.2985 0.914925
520.875 4234.27 164.267 0.512178 9.83056 2.77141
521.955 4234.27 142.864 0.482003 11.5908 1.76653
523.035 4234.27 150.9 0.520901 10.0872 1.12912
524.115 4234.27 157.21 0.533936 9.62292 1.2691
525.195 4234.27 174.651 0.491052 12.2399 7.76834
526.275 4234.27 204.023 0.565108 8.7287 3.38163
527.355 4234.27 146.025 0.439571 13.126 3.47221
528.435 4234.27 196.072 0.566486 8.81268 4.40813
529.515 4234.27 206.054 0.531493 9.34233 5.52681
530.595 4234.27 230.026 0.599708 8.158 9.3985
531.675 4234.27 156.358 0.50263 10.7606 4.04351
532.755 4234.27 145.776 0.495225 10.612 2.30025
533.835 4234.27 129.571 0.512837 9.80369 1.36134
534.915 4234.27 133.991 0.494734 10.3386 1.06014
535.995 4234.27 147.795 0.483157 10.6882 2.7031
537.075 4234.27 240.855 0.571696 8.90821 13.3306
538.155 4234.27 399.532 0.514129 7.94898 21.0365
539.235 4234.27 264.163 0.454315 12.4586 10.4202
540.315 4234.27 406.901 0.618746 7.75001 13.4274
541.395 4234.27 378.872 0.504345 8.58436 11.92
542.475 4234.27 426.703 0.459925 10.7151 9.99045
543.555 4234.27 568.787 0.528626 7.73589 12.1396
544.635 4234.27 620.537 0.57474 9.52631 16.0878
545.715 4234.27 704.171 0.476833 8.19707 12.4266
546.795 4234.27 648.571 0.473236 10.0787 6.10569
547.875 4234.27 505.378 0.547856 7.08004 23.5025
548.955 4234.27 179.307 0.373012 14.4964 6.53275
550.035 4234.27 413.782 0.648773 7.98047 26.6909
551.115 4234.27 614.769 0.645718 7.69109 16.2786
552.195 4234.27 649.407 0.633167 7.93271 17.3874
553.275 4234.27 741.678 0.684397 7.2331 19.7403
554.355 4234.27 701.933 0.653068 7.08313 16.2061
555.435 4234.27 559.938 0.552198 8.7822 12.1036
556.515 4234.27 371.353 0.574532 9.79233 17.0487
557.595 4234.27 431.381 0.594725 7.0017 31.4945
558.675 4234.27 222.617 0.516464 13.6091 21.6167
559.755 4234.27 236.417 0.499125 7.83364 17.9045
560.835 4234.27 349.277 0.524243 7.55675 24.5148
561.915 4234.27 352.917 0.56397 10.2586 15.9386
562.995 4234.27 539.855 0.568328 8.21125 23.1441
564.075 4234.27 418.163 0.585399 7.76634 12.2041
565.155 4234.27 207.636 0.343349 15.1575 6.46692
566.235 4234.27 335.308 0.598548 7.85782 11.6492
567.315 4234.27 436.315 0.512553 8.85958 3.4341
568.395 4234.27 452.344 0.467853 8.98964 8.26433
569.475 4234.27 633.862 0.513659 7.9011 24.3716
570.555 4234.27 609.934 0.588147 8.10475 13.7294
571.635 4234.27 453.983 0.522786 8.22754 12.0285
572.715 4234.27 412.457 0.639669 7.12411 17.3049
573.795 4234.27 641.737 0.539321 7.16686 18.3534
574.875 4234.27 689.046 0.561948 7.94821 14.8535
575.955 4234.27 462.507 0.54668 9.98424 23.2248
577.035 4234.27 644.282 0.531956 8.83457 6.7383
578.115 4234.27 502.502 0.590677 8.3281 13.6351
579.195 4234.27 402.855 0.621136 7.32068 13.5411
580.275 4234.27 158.996 0.50922 8.94656 2.71385
581.355 4234.27 187.083 0.571565 8.27399 10.7128
582.435 4234.27 153.763 0.378259 13.3334 0.861491
583.515 4234.27 154.783 0.48333 9.72839 0.895884
584.595 4234.27 157.414 0.386855 12.9327 0.399348
585.675 4234.27 163.722 0.330283 14.9879 0.981045
586.755 4234.27 181.529 0.486777 9.5184 1.70957
587.835 4234.27 278.481 0.538329 8.32798 4.55845
588.915 4234.27 214.129 0.586565 8.39464 11.7554
589.995 4234.27 216.412 0.56061 8.62052 9.31253
591.075 4234.27 242.307 0.491702 10.4933 6.94825
592.155 4234.27 301.905 0.565134 8.504 9.78753
593.235 4234.27 350.32 0.502649 10.2905 9.349
594.315 4234.27 336.792 0.546546 9.14249 10.8199
595.395 4234.27 401.871 0.547268 7.94886 11.8123
596.475 4234.27 504.79 0.591312 7.41639 17.9127
597.555 4234.27 609.768 0.750017 7.55705 26.6202
598.635 4234.27 750.648 0.753992 7.06237 27.8653
599.715 4234.27 697.669 0.580535 7.5407 8.38673
600.795 4234.27 609.82 0.665514 7.37387 18.9134
601.875 4234.27 476.474 0.550114 8.6816 9.03513
602.955 4234.27 382.407 0.315968 15.3813 3.27128
604.035 4234.27 396.95 0.520002 8.51861 3.09181
605.115 4234.27 379.027 0.471151 10.6168 5.25874

456.075 4233.19 65.4451 0.409807 12.5544 1.4243
457.155 4233.19 72.0426 0.384264 13.5369 2.73342
458.235 4233.19 250.67 0.477238 8.42223 12.4172
459.315 4233.19 277.599 0.502418 8.69856 5.03207
460.395 4233.19 310.88 0.456357 10.4117 3.81197
461.475 4233.19 351.545 0.467193 9.65223 6.89907
462.555 4233.19 526.289 0.482741 8.21879 15.8089
463.635 4233.19 496.933 0.544904 7.54337 24.4365
464.715 4233.19 165.55 0.516199 7.89489 20.7843
465.795 4233.19 139.818 0.462764 11.0769 4.37803
466.875 4233.19 206.992 0.508143 8.82156 6.74199
467.955 4233.19 271.898 0.591213 7.71817 20.9138
469.035 4233.19 528.265 0.564193 7.78904 7.96089
470.115 4233.19 491.127 0.604956 7.43035 12.8829
471.195 4233.19 221.931 0.405645 11.3138 4.7575
472.275 4233.19 191.204 0.549085 8.58788 7.44563
473.355 4233.19 100.467 0.481756 9.85049 4.22838
474.435 4233.19 73.5153 0.523344 8.77987 4.91239
475.515 4233.19 107.172 0.548688 8.75185 7.23561
476.595 4233.19 101.912 0.49157 8.0902 9.24868
477.675 4233.19 63.9081 0.548896 9.09532 10.4837
478.755 4233.19 107.303 0.525376 8.84736 2.53872
479.835 4233.19 133.792 0.515026 8.53712 7.00229
480.915 4233.19 42.4856 0.440515 11.1799 5.90719
481.995 4233.19 19.3155 0.472186 10.4451 0.62196
483.075 4233.19 27.3193 0.392518 13.2177 0.459494
484.155 4233.19 32.5355 0.319055 15.7583 1.114
485.235 4233.19 41.5049 0.343495 15.0563 0.85
486.315 4233.19 56.1284 0.34976 14.4599 2.70572
487.395 4233.19 111.384 0.503891 12.5971 14.5628
488.475 4233.19 236.672 0.599606 8.35953 10.2163
489.555 4233.19 290.564 0.502408 7.99698 13.4804
490.635 4233.19 357.943 0.593047 8.37527 12.2924
491.715 4233.19 273.123 0.627305 8.13679 14.3492
492.795 4233.19 241.211 0.494464 13.095 15.4983
493.875 4233.19 421.723 0.582517 8.05813 9.71548
494.955 4233.19 489.637 0.716126 7.91295 21.4173
496.035 4233.19 635.632 0.496517 8.02187 16.6751
497.115 4233.19 681.659 0.52196 8.8003 6.22697
498.195 4233.19 522.464 0.481754 10.1652 13.8801
499.275 4233.19 571.399 0.709484 7.43515 20.2244
500.355 4233.19 452.995 0.517667 11.3762 27.017
501.435 4233.19 513.241 0.595092 8.20232 15.0415
502.515 4233.19 348.978 0.557744 8.26572 11.2833
503.595 4233.19 311.024 0.577053 8.06545 16.3034
504.675 4233.19 249.217 0.602385 8.42273 14.923
505.755 4233.19 200.054 0.569261 9.05708 4.4498
506.835 4233.19 164.94 0.465408 12.1064 1.44107
507.915 4233.19 174.032 0.552072 9.3901 3.20768
508.995 4233.19 146.94 0.518209 9.50125 4.748
510.075 4233.19 115.485 0.409767 13.9916 0.910026
511.155 4233.19 115.324 0.525832 9.95406 1.34965
512.235 4233.19 108.548 0.450938 12.4057 0.260576
513.315 4233.19 102.367 0.507771 10.4451 0.123078
514.395 4233.19 89.8935 0.334371 17.2942 0.578468
515.475 4233.19 100.355 0.479904 11.4296 0.770344
516.555 4233.19 125.763 0.505483 9.8429 5.40159
517.635 4233.19 120.544 0.419552 13.5362 1.02233
518.715 4233.19 130.962 0.464945 11.8314 0.82839
519.795 4233.19 135.892 0.47759 11.5437 0.810674
520.875 4233.19 135.658 0.471535 11.6883 0.631178
521.955 4233.19 137.366 0.502835 10.4451 0.703585
523.035 4233.19 150.3 0.54296 9.24143 1.30604
524.115 4233.19 132.491 0.550318 9.33266 3.78514
525.195 4233.19 125.652 0.538763 9.54722 2.52591
526.275 4233.19 140.181 0.569623 8.95198 5.30396
527.355 4233.19 134.492 0.526934 10.2876 4.9904
528.435 4233.19 131.513 0.426575 12.9227 1.72245
529.515 4233.19 180.282 0.519552 9.04378 3.07717
530.595 4233.19 218.656 0.564884 8.31468 15.6043
531.675 4233.19 132.305 0.522648 9.54905 1.69977
532.755 4233.19 120.311 0.489169 10.626 1.34399
533.835 4233.19 113.875 0.471951 10.9328 0.958687
534.915 4233.19 119.314 0.374974 14.2293 0.121334
535.995 4233.19 139.922 0.452839 11.3698 1.99767
537.075 4233.19 192.544 0.533653 9.29692 4.47416
538.155 4233.19 314.153 0.574764 7.58082 11.8597
539.235 4233.19 302.995 0.518145 8.95306 0.807833
540.315 4233.19 328.925 0.55597 8.201 7.55507
541.395 4233.19 408.464 0.569224 8.01073 6.52776
542.475 4233.19 495.349 0.488595 8.826 7.64244
543.555 4233.19 466.397 0.362241 12.8299 7.9153
544.635 4233.19 588.215 0.480152 8.16791 14.8821
545.715 4233.19 694.137 0.556945 8.41623 5.67946
546.795 4233.19 639.418 0.627213 7.46525 15.8923
547.875 4233.19 330.049 0.701878 7.77906 22.4571
548.955 4233.19 210.679 0.573988 12.7058 23.5804
550.035 4233.19 230.126 0.362331 12.6862 8.25854
551.115 4233.19 398.103 0.555318 7.89791 3.99164
552.195 4233.19 439.045 0.406331 10.7975 15.8727
553.275 4233.19 547.799 0.625102 7.52007 13.2827
554.355 4233.19 588.973 0.469462 9.45356 3.19406
555.435 4233.19 538.962 0.560219 8.07435 14.415
556.515 4233.19 505.627 0.498307 7.75752 7.44169
557.595 4233.19 475.729 0.645619 7.18736 17.6761
558.675 4233.19 240.706 0.390995 10.8203 13.0005
559.755 4233.19 150.162 0.466273 11.2131 7.71754
560.835 4233.19 295.837 0.641192 7.44848 15.6466
561.915 4233.19 352.269 0.611833 8.08525 13.8692
562.995 4233.19 442.495 0.473669 8.50856 14.7004
564.075 4233.19 305.136 0.450068 10.561 4.49273
565.155 4233.19 193.442 0.342532 15.4203 10.4363
566.235 4233.19 414.634 0.573928 8.16236 8.71642
567.315 4233.19 400.233 0.389993 11.6702 7.31433
568.395 4233.19 509.053 0.526561 7.67033 8.48099
569.475 4233.19 714.97 0.508413 7.47374 22.8639
570.555 4233.19 604.781 0.53255 7.65104 9.93758
571.635 4233.19 402.92 0.52334 11.4749 18.8739
572.715 4233.19 228.775 0.311688 14.3307 19.7876
573.795 4233.19 444.088 0.707158 8.04447 26.5544
574.875 4233.19 616.346 0.654486 6.85974 25.8655
575.955 4233.19 415.79 0.64768 7.53297 18.7361
577.035 4233.19 579.042 0.635084 7.45463 14.1478
578.115 4233.19 360.117 0.618594 9.06686 20.1818
579.195 4233.19 245.402 0.607347 8.30223 14.756
580.275 4233.19 150.237 0.512175 8.97953 2.61371
581.355 4233.19 131.561 0.433905 11.5026 0.876762
582.435 4233.19 138.487 0.481497 9.95507 1.44412
583.515 4233.19 136.105 0.449953 10.8564 0.748125
584.595 4233.19 142.859 0.463616 10.4451 1.04179
585.675 4233.19 149.465 0.429444 11.4533 0.50355
586.755 4233.19 156.688 0.449463 10.8783 0.916217
587.835 4233.19 150.36 0.478345 10.0824 1.87679
588.915 4233.19 158.131 0.441615 11.2141 1.53302
589.995 4233.19 173.036 0.378585 13.2469 2.09112
591.075 4233.19 206.344 0.508916 8.87544 3.37914
592.155 4233.19 259.794 0.528088 8.68706 3.88844
593.235 4233.19 258.53 0.456264 11.3009 4.81286
594.315 4233.19 271.625 0.366155 13.9953 3.70322
595.395 4233.19 311.487 0.528081 9.06668 6.1425
596.475 4233.19 327.232 0.483688 10.1108 4.06235
597.555 4233.19 371.001 0.447035 10.8454 4.48506
598.635 4233.19 572.551 0.681693 7.52799 24.0123
599.715 4233.19 522.252 0.488044 9.64189 4.55886
600.795 4233.19 459.232 0.36935 13.3905 2.56815
601.875 4233.19 521.482 0.48347 7.61975 16.951
602.955 4233.19 422.413 0.635671 7.79059 18.4628
604.035 4233.19 347.553 0.500803 8.93057 3.67739
605.115 4233.19 328.337 0.419703 11.7469 1.81195

456.075 4232.11 113.073 0.544556 8.73959 5.77634
457.155 4232.11 131.335 0.529265 7.71366 17.1452
458.235 4232.11 330.5 0.535294 8.39881 1.00199
459.315 4232.11 299.742 0.448522 10.8683 2.37261
460.395 4232.11 420.069 0.517354 9.18154 4.23043
461.475 4232.11 454.667 0.568543 8.09249 7.31926
462.555 4232.11 589.812 0.595383 7.93583 10.4981
463.635 4232.11 590.761 0.587195 7.66822 9.48919
464.715 4232.11 324.163 0.568791 8.165 32.2415
465.795 4232.11 207.981 0.505851 8.72875 6.33339
466.875 4232.11 257.914 0.549493 8.48048 6.1278
467.955 4232.11 247.485 0.520295 8.75982 3.65655
469.035 4232.11 314.095 0.550194 8.44357 17.4167
470.115 4232.11 372.015 0.60414 7.53063 18.6335
471.195 4232.11 258.907 0.595139 7.66861 16.2375
472.275 4232.11 133.024 0.540854 8.40382 5.38746
473.355 4232.11 96.7742 0.474102 8.96795 5.26941
474.435 4232.11 118.954 0.493196 7.94429 11.6577
475.515 4232.11 79.336 0.561724 7.64602 8.28558
476.595 4232.11 73.0546 0.495363 9.38767 4.13408
477.675 4232.11 91.5508 0.523627 8.41395 3.47526
478.755 4232.11 73.5027 0.543561 8.6145 8.36625
479.835 4232.11 117.504 0.559663 8.40198 8.12518
480.915 4232.11 19.757 0.497005 8.72913 7.24462
481.995 4232.11 17.737 0.344813 14.3916 1.88232
483.075 4232.11 21.6532 0.384143 13.4661 0.760234
484.155 4232.11 35.2536 0.398592 12.8439 1.47238
485.235 4232.11 51.4897 0.49886 9.6446 3.61477
486.315 4232.11 93.8188 0.516563 8.64876 3.98129
487.395 4232.11 193.409 0.530985 8.91115 6.054
488.475 4232.11 178.144 0.546515 11.1065 14.1826
489.555 4232.11 259.191 0.551547 8.14169 11.8244
490.635 4232.11 260.809 0.623155 8.22183 12.5306
491.715 4232.11 160.712 0.36941 14.7429 2.06265
492.795 4232.11 218.65 0.431691 11.6529 10.7252
493.875 4232.11 345.56 0.497125 8.54391 9.57952
494.955 4232.11 505.273 0.55625 8.65408 3.02574
496.035 4232.11 602.65 0.568421 8.8229 6.30913
497.115 4232.11 614.404 0.667385 7.99252 16.6942
498.195 4232.11 539.15 0.610549 8.35682 9.96646
499.275 4232.11 364.66 0.512209 11.8924 10.5175
500.355 4232.11 438.383 0.542456 10.0221 15.216
501.435 4232.11 298.014 0.432038 12.8443 4.57346
502.515 4232.11 271.581 0.539706 10.0429 10.9254
503.595 4232.11 237.389 0.385115 13.6992 6.07288
504.675 4232.11 204.287 0.518558 9.86206 4.0322
505.755 4232.11 174.06 0.401472 13.7808 0.661533
506.835 4232.11 267.76 0.566854 8.55156 5.49436
507.915 4232.11 186.279 0.5415 8.23201 8.35373
508.995 4232.11 141.896 0.534426 9.48272 1.72129
510.075 4232.11 132.52 0.544604 9.12534 3.00548
511.155 4232.11 101.135 0.347326 16.0324 1.06037
512.235 4232.11 99.7043 0.487986 11.1383 0.663072
513.315 4232.11 96.014 0.50761 10.4451 0.541548
514.395 4232.11 88.7276 0.332381 17.3469 0.256894
515.475 4232.11 101.952 0.505544 10.4336 0.570788
516.555 4232.11 134.61 0.503513 10.2051 3.10915
517.635 4232.11 160.585 0.513529 8.85208 7.54958
518.715 4232.11 154.044 0.513805 9.25528 4.52094
519.795 4232.11 128.134 0.436895 12.7477 0.505808
520.875 4232.11 136.495 0.499183 10.4451 0.490783
521.955 4232.11 142.677 0.544277 9.17244 1.31766
523.035 4232.11 112.188 0.551332 9.04213 2.44343
524.115 4232.11 89.3253 0.512537 10.2026 1.51914
525.195 4232.11 77.4837 0.444563 12.4028 0.879162
526.275 4232.11 86.4029 0.473641 11.221 0.242558
527.355 4232.11 90.2787 0.509487 10.3397 2.33194
528.435 4232.11 102.359 0.475285 11.2245 1.69063
529.515 4232.11 164.131 0.585535 9.64963 14.883
530.595 4232.11 192.023 0.536193 8.90164 4.26397
531.675 4232.11 110.216 0.4489 11.9346 1.5959
532.755 4232.11 109.698 0.496024 10.1989 1.28968
533.835 4232.11 107.403 0.451067 11.8314 1.27104
534.915 4232.11 129.047 0.481064 10.4451 0.986125
535.995 4232.11 133.113 0.458569 11.3256 1.42028
537.075 4232.11 170.384 0.529758 8.77931 1.40957
538.155 4232.11 232.96 0.466145 11.1859 1.86933
539.235 4232.11 319.821 0.520018 9.15113 1.98476
540.315 4232.11 293.99 0.510535 9.42267 1.67447
541.395 4232.11 328.16 0.491769 10.253 2.89361
542.475 4232.11 423.247 0.568812 8.10621 6.34954
543.555 4232.11 410.023 0.507012 9.96563 4.11248
544.635 4232.11 501.299 0.461166 9.49895 7.86515
545.715 4232.11 603.258 0.620666 8.37858 18.1654
546.795 4232.11 410.031 0.59773 8.06112 26.3151
547.875 4232.11 231.135 0.673696 7.25004 20.6838
548.955 4232.11 290.791 0.580224 8.24263 16.649
550.035 4232.11 296.879 0.425843 12.0522 6.77921
551.115 4232.11 369.393 0.522246 9.20253 7.80532
552.195 4232.11 481.049 0.484516 7.75975 12.4232
553.275 4232.11 462.445 0.579228 7.67465 7.59881
554.355 4232.11 373.485 0.675726 7.53917 23.1245
555.435 4232.11 524.732 0.498722 8.25109 4.57029
556.515 4232.11 457.077 0.734519 7.6547 25.6086
557.595 4232.11 500.378 0.759843 7.22436 27.6395
558.675 4232.11 341.658 0.605688 7.54536 12.0637
559.755 4232.11 259.033 0.478181 7.25693 18.6147
560.835 4232.11 149.093 0.532033 9.46527 8.12679
561.915 4232.11 364.666 0.572355 8.67123 12.5375
562.995 4232.11 489.964 0.485232 10.1212 4.31097
564.075 4232.11 337.849 0.536859 8.97761 10.9476
565.155 4232.11 219.914 0.548924 8.49029 22.3021
566.235 4232.11 360.726 0.451612 8.82171 11.8737
567.315 4232.11 497.299 0.478898 9.03033 4.51763
568.395 4232.11 702.425 0.592109 7.06008 17.0756
569.475 4232.11 720.988 0.543257 8.41091 12.8896
570.555 4232.11 519.906 0.465657 9.92362 5.16358
571.635 4232.11 488.8 0.66894 7.41428 20.5632
572.715 4232.11 226.826 0.531933 8.74261 14.9934
573.795 4232.11 305.134 0.600839 7.03485 16.537
574.875 4232.11 408.627 0.612276 7.75513 11.8962
575.955 4232.11 286.143 0.598284 8.15876 20.6469
577.035 4232.11 305.163 0.562964 8.94843 12.9819
578.115 4232.11 268.161 0.602708 7.61127 15.5386
579.195 4232.11 146.666 0.52119 8.97589 3.09053
580.275 4232.11 125.159 0.482341 9.87192 1.10994
581.355 4232.11 118.392 0.291551 16.8099 0.675003
582.435 4232.11 120.361 0.428718 11.6684 0.563244
583.515 4232.11 123.792 0.444278 11.0658 1.00551
584.595 4232.11 133.493 0.392711 12.8697 0.742297
585.675 4232.11 140.932 0.440862 11.1597 0.853299
586.755 4232.11 138.474 0.433309 11.5497 1.05196
587.835 4232.11 135.624 0.395999 12.7011 0.518439
588.915 4232.11 141.542 0.342123 14.597 1.05285
589.995 4232.11 154.758 0.438759 11.1722 0.41155
591.075 4232.11 174.098 0.470774 10.2341 2.03617
592.155 4232.11 190.45 0.48165 10.2175 3.21169
593.235 4232.11 198.263 0.416451 12.1965 2.09346
594.315 4232.11 214.713 0.362278 14.2047 2.77109
595.395 4232.11 246.239 0.403915 13.2505 5.60553
596.475 4232.11 286.844 0.380563 13.3896 2.36107
597.555 4232.11 328.177 0.413144 12.021 3.18112
598.635 4232.11 410.99 0.481284 9.61741 5.36668
599.715 4232.11 667.166 0.560552 8.89921 13.7928
600.795 4232.11 515.334 0.448451 10.355 6.19632
601.875 4232.11 687.68 0.487382 7.8009 12.2696
602.955 4232.11 393.221 0.516591 8.39824 12.954
604.035 4232.11 322.93 0.408001 11.9007 2.31342
605.115 4232.11 306.838 0.281673 16.8187 1.51542

456.075 4231.03 68.9933 0.560783 8.51438 6.61294
457.155 4231.03 147.49 0.50551 7.92029 16.8269
458.235 4231.03 388.039 0.529436 7.88596 3.50152
459.315 4231.03 306.008 0.533903 10.3128 14.3859
460.395 4231.03 420.346 0.557479 8.09772 10.0416
461.475 4231.03 453.702 0.487072 9.55653 0.89899
462.555 4231.03 457.25 0.624353 7.68211 12.9961
463.635 4231.03 406.639 0.544258 9.18962 8.18056
464.715 4231.03 372.806 0.540689 8.15075 4.50503
465.795 4231.03 182.378 0.408578 11.9644 4.29394
466.875 4231.03 269.901 0.520799 8.63677 3.9724
467.955 4231.03 240.775 0.502222 9.14431 1.6167
469.035 4231.03 166.007 0.368898 12.4088 9.18525
470.115 4231.03 180.156 0.525361 8.28925 7.89621
471.195 4231.03 151.593 0.561356 8.48723 14.6829
472.275 4231.03 39.6196 0.409917 12.6298 3.20063
473.355 4231.03 116.539 0.52064 8.82471 3.02922
474.435 4231.03 135.656 0.562338 8.1592 6.83687
475.515 4231.03 21.0782 0.402764 12.9995 5.36417
476.595 4231.03 107.604 0.527334 8.52058 6.10222
477.675 4231.03 19.2786 0.474279 11.075 5.52177
478.755 4231.03 34.8895 0.470901 10.1463 8.16866
479.835 4231.03 7.58036 0.323794 15.6479 1.96749
480.915 4231.03 113.198 0.520444 8.23058 3.63483
481.995 4231.03 127.648 0.513081 8.36916 5.02745
483.075 4231.03 27.1468 0.391858 13.0554 1.4251
484.155 4231.03 78.076 0.50766 9.28911 1.88137
485.235 4231.03 57.9278 0.491045 9.5655 4.20115
486.315 4231.03 114.969 0.511825 8.51169 5.09284
487.395 4231.03 196.109 0.561951 8.53219 10.0376
488.475 4231.03 203.811 0.509985 8.37075 5.31291
489.555 4231.03 225.213 0.640254 8.39424 15.8789
490.635 4231.03 149.16 0.533454 9.71957 7.12735
491.715 4231.03 226.929 0.566976 9.90732 11.8211
492.795 4231.03 266.038 0.530325 9.17137 4.55211
493.875 4231.03 321.148 0.539522 8.93861 10.8568
494.955 4231.03 545.258 0.661212 8.07525 16.415
496.035 4231.03 506.321 0.606751 8.14726 9.77001
497.115 4231.03 419.932 0.546398 10.5215 10.261
498.195 4231.03 496.913 0.682929 7.31206 22.3352
499.275 4231.03 360.475 0.567086 8.64077 6.48934
500.355 4231.03 302.677 0.529957 13.8326 19.9281
501.435 4231.03 248.994 0.385699 13.9308 3.14502
502.515 4231.03 312.262 0.499361 8.04749 15.5109
503.595 4231.03 232.12 0.611489 8.26863 10.6208
504.675 4231.03 187.62 0.428022 12.8096 1.69644
505.755 4231.03 226.915 0.508454 8.32785 12.5397
506.835 4231.03 215.569 0.5182 8.93173 9.1863
507.915 4231.03 209.786 0.527736 9.39923 1.80959
508.995 4231.03 132.724 0.482749 10.7553 1.73804
510.075 4231.03 118.016 0.33382 15.9812 1.56525
511.155 4231.03 109.198 0.504003 10.2432 0.65845
512.235 4231.03 93.0257 0.340455 16.0976 0.655138
513.315 4231.03 89.0998 0.462336 11.8314 0.158068
514.395 4231.03 83.7485 0.326835 17.3785 0.501522
515.475 4231.03 91.9412 0.481985 11.2808 0.891919
516.555 4231.03 104.702 0.473457 12.0901 3.66508
517.635 4231.03 117.648 0.457868 12.8226 4.78708
518.715 4231.03 182.88 0.562557 8.32067 6.52235
519.795 4231.03 131.257 0.50694 10.4451 2.23018
520.875 4231.03 124.545 0.494739 10.8299 2.19093
521.955 4231.03 104.63 0.531881 9.67326 2.19595
523.035 4231.03 72.273 0.459563 11.912 1.36935
524.115 4231.03 68.0511 0.480989 11.0943 0.970923
525.195 4231.03 67.0701 0.364291 14.8918 0.168131
526.275 4231.03 72.5065 0.507798 10.1186 1.03317
527.355 4231.03 70.912 0.492817 10.4451 0.346981
528.435 4231.03 78.7307 0.441051 12.3989 1.45273
529.515 4231.03 118.732 0.514883 9.98388 5.83961
530.595 4231.03 157.408 0.582301 8.06907 8.84271
531.675 4231.03 104.028 0.506309 9.43245 1.71621
532.755 4231.03 89.1766 0.318961 17.6626 1.84206
533.835 4231.03 97.6078 0.369721 14.319 0.522557
534.915 4231.03 108.144 0.489937 10.2493 3.56856
535.995 4231.03 128.365 0.490546 10.2173 2.1416
537.075 4231.03 154.85 0.50078 9.9848 3.49876
538.155 4231.03 221.301 0.516409 9.14053 6.2965
539.235 4231.03 264.171 0.496003 9.49658 8.62134
540.315 4231.03 291.526 0.493091 10.0203 1.676
541.395 4231.03 265.117 0.507548 10.7946 9.07256
542.475 4231.03 310.551 0.508198 8.40599 5.10606
543.555 4231.03 361.424 0.513472 9.0993 8.44435
544.635 4231.03 471.538 0.642548 7.61605 15.9454
545.715 4231.03 359.52 0.586514 9.42345 18.0398
546.795 4231.03 388.011 0.633137 7.10648 19.1295
547.875 4231.03 96.5488 0.346758 14.7058 2.87544
548.955 4231.03 405.916 0.546105 8.08408 14.5648
550.035 4231.03 326.717 0.41952 11.2175 4.15064
551.115 4231.03 412.673 0.49324 8.7064 7.93763
552.195 4231.03 402.543 0.672067 7.2568 21.5391
553.275 4231.03 179.891 0.616676 8.07177 14.6023
554.355 4231.03 197.846 0.608527 7.70392 20.5791
555.435 4231.03 264.784 0.718516 7.02564 22.5586
556.515 4231.03 139.545 0.50389 10.1178 6.55277
557.595 4231.03 266.986 0.535663 7.50963 18.9474
558.675 4231.03 127.281 0.530846 9.2604 7.32447
559.755 4231.03 115.974 0.552502 8.66688 9.22211
560.835 4231.03 111.017 0.499623 9.21693 4.19933
561.915 4231.03 319.693 0.578303 8.77719 13.3381
562.995 4231.03 472.559 0.467665 7.78139 21.4366
564.075 4231.03 259.938 0.425718 9.60903 22.253
565.155 4231.03 290.229 0.486639 7.53266 18.0147
566.235 4231.03 328.974 0.385501 11.0367 13.8415
567.315 4231.03 467.047 0.461275 9.33865 17.9739
568.395 4231.03 904.018 0.573905 7.32465 19.6664
569.475 4231.03 735.069 0.50712 7.48957 9.29612
570.555 4231.03 545.971 0.653494 8.8085 21.631
571.635 4231.03 378.971 0.655866 7.41472 16.8037
572.715 4231.03 159.295 0.457168 10.5191 5.94189
573.795 4231.03 160.182 0.501137 9.83246 6.27342
574.875 4231.03 186.273 0.507581 9.78801 4.56467
575.955 4231.03 210.581 0.601389 8.07448 12.2596
577.035 4231.03 202.323 0.515428 8.0301 8.28966
578.115 4231.03 149.369 0.532553 8.75699 3.55484
579.195 4231.03 117.477 0.453005 11.0511 1.31484
580.275 4231.03 110.112 0.359671 14.0286 0.0786587
581.355 4231.03 111.921 0.46628 10.4451 0.612917
582.435 4231.03 110.799 0.303798 15.9903 0.388798
583.515 4231.03 115.288 0.391627 13.0062 0.808926
584.595 4231.03 121.069 0.418067 12.014 0.285418
585.675 4231.03 128.342 0.478432 10.0204 0.834592
586.755 4231.03 124.561 0.371995 13.6185 0.656753
587.835 4231.03 125.639 0.324222 15.2326 0.443528
588.915 4231.03 133.397 0.463152 10.4149 0.855142
589.995 4231.03 141.899 0.468161 10.2591 0.565687
591.075 4231.03 152.623 0.48001 9.93352 1.35024
592.155 4231.03 157.752 0.477787 9.92917 0.92872
593.235 4231.03 168.979 0.454735 10.7645 1.15234
594.315 4231.03 257.803 0.51515 7.5799 9.28431
595.395 4231.03 452.406 0.507309 7.54488 15.3477
596.475 4231.03 504.473 0.54177 7.1632 24.5169
597.555 4231.03 477.618 0.597569 8.00792 18.1603
598.635 4231.03 660.993 0.583862 7.39223 27.6523
599.715 4231.03 799.758 0.453204 8.08877 21.0279
600.795 4231.03 683.622 0.656491 7.37581 17.7337
601.875 4231.03 635.648 0.527435 7.95482 11.3236
602.955 4231.03 565.696 0.468822 7.38502 18.778
604.035 4231.03 347.816 0.475722 8.94787 7.36371
605.115 4231.03 300.022 0.458398 9.6504 4.81069

456.075 4229.95 17.5621 0.365399 14.2455 0.549282
457.155 4229.95 265.062 0.580036 7.46415 13.9913
458.235 4229.95 323.629 0.552696 7.88302 5.01824
459.315 4229.95 329.786 0.564582 9.33307 14.0412
460.395 4229.95 371.523 0.493876 8.05733 10.0294
461.475 4229.95 387.84 0.538847 8.6812 9.68501
462.555 4229.95 326.381 0.459365 11.2005 5.51194
463.635 4229.95 331.27 0.452643 11.1984 2.36408
464.715 4229.95 382.242 0.500625 9.48098 2.79214
465.795 4229.95 235.674 0.425812 11.3612 12.5622
466.875 4229.95 204.175 0.568809 9.37015 21.2816
467.955 4229.95 91.3874 0.460213 11.5472 6.85165
469.035 4229.95 104.818 0.496566 10.3207 6.93322
470.115 4229.95 41.8517 0.419896 12.022 2.32948
471.195 4229.95 82.0796 0.568479 7.89868 13.1142
472.275 4229.95 14.0962 0.404604 12.4255 3.49435
473.355 4229.95 71.2856 0.500266 8.80394 5.45461
474.435 4229.95 75.6509 0.538335 8.69932 5.73504
475.515 4229.95 9.91322 0.315674 15.1813 3.63699
476.595 4229.95 41.7267 0.541573 8.53983 5.4624
477.675 4229.95 11.3534 0.482167 9.28694 4.28601
478.755 4229.95 1.19722 0.490957 9.55266 2.00735
479.835 4229.95 41.3316 0.528765 8.5711 2.67107
480.915 4229.95 117.769 0.522361 8.63045 8.6803
481.995 4229.95 134.405 0.490255 9.21787 2.40518
483.075 4229.95 49.4464 0.467931 9.75394 4.15056
484.155 4229.95 67.1216 0.48318 9.95753 1.05823
485.235 4229.95 68.1254 0.520478 9.12799 5.12495
486.315 4229.95 91.9125 0.498086 10.3722 4.39563
487.395 4229.95 147.099 0.573426 8.49817 12.7926
488.475 4229.95 129.967 0.518534 9.55285 5.8538
489.555 4229.95 141.886 0.35536 14.8678 2.22708
490.635 4229.95 154.962 0.501725 9.88212 3.6962
491.715 4229.95 225.765 0.596743 8.70128 11.2651
492.795 4229.95 214.449 0.386234 13.1469 4.46029
493.875 4229.95 259.016 0.492021 9.86198 4.40465
494.955 4229.95 394.484 0.537733 8.99913 9.30508
496.035 4229.95 391.981 0.599409 9.26858 13.6945
497.115 4229.95 412.833 0.667912 7.95323 17.8493
498.195 4229.95 455.556 0.541308 9.28049 10.7968
499.275 4229.95 368.506 0.47163 10.1267 9.86426
500.355 4229.95 414.266 0.559624 8.10985 23.7138
501.435 4229.95 320.694 0.510033 8.76974 7.79104
502.515 4229.95 258.298 0.595471 8.31163 12.6007
503.595 4229.95 218.685 0.574137 9.3736 9.89082
504.675 4229.95 210.9 0.516528 8.06413 11.422
505.755 4229.95 301.154 0.547126 8.73005 3.31827
506.835 4229.95 263.396 0.502007 9.46874 5.17004
507.915 4229.95 188.927 0.541509 8.239 4.4811
508.995 4229.95 112.376 0.515886 10.1178 2.58879
510.075 4229.95 113.743 0.551312 9.50488 5.1595
511.155 4229.95 98.196 0.324878 17.0824 1.78355
512.235 4229.95 96.2836 0.498557 10.4451 0.683914
513.315 4229.95 88.0705 0.497176 10.4451 0.509013
514.395 4229.95 78.4522 0.50083 10.4451 0.723438
515.475 4229.95 85.4882 0.464171 11.6219 0.890177
516.555 4229.95 175.25 0.569995 8.43615 10.6867
517.635 4229.95 199.201 0.525779 8.85206 3.42748
518.715 4229.95 166.976 0.569231 8.67918 4.40951
519.795 4229.95 104.107 0.508592 10.463 2.9033
520.875 4229.95 91.2461 0.534065 9.35459 1.97775
521.955 4229.95 93.3868 0.531112 9.20759 2.58341
523.035 4229.95 65.3615 0.50656 10.0466 0.777027
524.115 4229.95 56.8631 0.381081 14.4341 0.81506
525.195 4229.95 58.5311 0.492174 10.4451 0.102679
526.275 4229.95 58.715 0.437279 12.391 0.603109
527.355 4229.95 61.6845 0.472639 11.1383 0.755692
528.435 4229.95 64.6179 0.502212 10.038 0.578229
529.515 4229.95 75.946 0.545635 9.11062 4.5699
530.595 4229.95 115.983 0.534025 9.3491 4.73328
531.675 4229.95 91.1212 0.519902 9.67632 3.61172
532.755 4229.95 81.4517 0.311894 17.6691 1.55418
533.835 4229.95 86.3443 0.333097 15.6145 1.16436
534.915 4229.95 101.319 0.457176 10.9613 1.634
535.995 4229.95 111.243 0.382298 14.5614 4.45856
537.075 4229.95 126.698 0.426372 12.5002 2.47105
538.155 4229.95 169.659 0.488737 10.008 2.28598
539.235 4229.95 209.665 0.518077 9.61417 4.27414
540.315 4229.95 296.943 0.471434 9.92078 3.19727
541.395 4229.95 233.201 0.54993 8.58889 8.17199
542.475 4229.95 284.69 0.516512 8.62713 6.65311
543.555 4229.95 370.556 0.506699 8.62686 7.60203
544.635 4229.95 222.59 0.54045 9.40249 7.94492
545.715 4229.95 339.027 0.513751 7.76824 14.3267
546.795 4229.95 206.528 0.54762 9.11898 16.2088
547.875 4229.95 85.3834 0.364078 14.2721 7.20645
548.955 4229.95 158.892 0.492751 8.74583 13.8676
550.035 4229.95 339.492 0.673818 7.35474 18.8261
551.115 4229.95 433.044 0.533848 7.6075 19.9574
552.195 4229.95 157.114 0.578965 8.14988 9.75124
553.275 4229.95 96.6841 0.52585 8.72194 3.60669
554.355 4229.95 79.9728 0.513567 9.02592 2.8595
555.435 4229.95 56.2779 0.433957 11.5416 1.33979
556.515 4229.95 64.5789 0.501586 9.22448 1.38849
557.595 4229.95 63.5805 0.439456 11.4253 1.40956
558.675 4229.95 72.8739 0.453315 10.7122 0.781817
559.755 4229.95 83.2116 0.426636 11.6075 1.30454
560.835 4229.95 175.361 0.590329 8.6085 12.3022
561.915 4229.95 301.324 0.555663 7.25047 11.5359
562.995 4229.95 313.796 0.634261 7.83463 17.223
564.075 4229.95 110.951 0.321721 14.7149 11.4748
565.155 4229.95 325.097 0.555206 8.37012 7.01762
566.235 4229.95 416.48 0.512546 7.98314 9.87324
567.315 4229.95 691.555 0.680785 7.08489 18.0736
568.395 4229.95 743.47 0.62801 7.06704 13.4937
569.475 4229.95 638.862 0.582244 7.54764 12.0969
570.555 4229.95 367.691 0.644814 7.48171 18.1399
571.635 4229.95 280.539 0.657935 7.44997 16.667
572.715 4229.95 148.483 0.525831 8.77994 2.70144
573.795 4229.95 123.21 0.417692 12.2933 1.10405
574.875 4229.95 135.865 0.504409 9.3017 1.97832
575.955 4229.95 136.552 0.480258 10.197 1.74154
577.035 4229.95 128.841 0.533509 9.16286 5.43039
578.115 4229.95 124.276 0.495941 9.57211 1.1492
579.195 4229.95 104.431 0.482255 10.0906 1.23174
580.275 4229.95 103.513 0.45014 11.1383 0.979882
581.355 4229.95 102.142 0.425203 11.8314 0.148095
582.435 4229.95 103.303 0.304286 16.0435 0.564596
583.515 4229.95 106.075 0.466548 10.4451 0.512052
584.595 4229.95 109.726 0.42327 11.9572 0.856435
585.675 4229.95 115.402 0.471287 10.4451 1.76676
586.755 4229.95 115.519 0.467414 10.4451 0.859658
587.835 4229.95 117.795 0.358935 14.1087 0.553225
588.915 4229.95 124.146 0.445414 11.1383 0.719928
589.995 4229.95 129.917 0.443395 11.1383 0.87736
591.075 4229.95 136.963 0.369873 13.664 0.646471
592.155 4229.95 143.784 0.416437 12.1348 1.00649
593.235 4229.95 163.657 0.462238 9.98274 3.77423
594.315 4229.95 301.682 0.537641 7.89974 19.5541
595.395 4229.95 484.496 0.515514 8.37803 5.06144
596.475 4229.95 607.43 0.714626 7.56348 23.4138
597.555 4229.95 594.903 0.683834 7.39958 20.2561
598.635 4229.95 438.42 0.605842 7.57808 15.5566
599.715 4229.95 686.585 0.501276 8.38321 5.19298
600.795 4229.95 452.556 0.57011 7.7084 12.104
601.875 4229.95 423.577 0.580211 7.97147 9.69918
602.955 4229.95 547.2 0.488784 8.71682 7.7886
604.035 4229.95 322.168 0.475463 10.1579 6.66428
605.115 4229.95 290.901 0.526877 9.07374 6.53319

456.075 4228.88 37.283 0.46335 10.2487 6.86379
457.155 4228.88 225.239 0.520284 8.89124 3.92892
458.235 4228.88 111.328 0.508815 12.4192 15.3455
459.315 4228.88 406.615 0.551727 8.08401 3.19026
460.395 4228.88 428.112 0.536963 8.47187 4.79537
461.475 4228.88 366.372 0.555182 8.10277 7.12998
462.555 4228.88 360.326 0.491048 8.04665 14.0524
463.635 4228.88 492.197 0.489282 7.11716 16.3696
464.715 4228.88 373.542 0.459821 9.35073 6.5924
465.795 4228.88 277.704 0.447223 10.1499 3.80935
466.875 4228.88 326.071 0.526552 8.41329 2.24523
467.955 4228.88 53.9708 0.487696 9.37634 1.69955
469.035 4228.88 131.001 0.576273 7.69006 7.68096
470.115 4228.88 6.04397 0.361189 13.7792 1.40195
471.195 4228.88 13.2908 0.510502 9.29341 8.74372
472.275 4228.88 6.18333 0.459564 10.2649 0.389366
473.355 4228.88 7.96485 0.480835 9.56373 1.23496
474.435 4228.88 13.9244 0.484469 9.84361 2.48578
475.515 4228.88 1.61318 0.335555 14.5224 0.761026
476.595 4228.88 5.21696 0.50494 9.40916 3.25027
477.675 4228.88 -120 -0.06 0 0
478.755 4228.88 -120 -0.06 0 0
479.835 4228.88 6.09709 0.491449 9.59412 3.39885
480.915 4228.88 43.5083 0.542596 8.908 10.873
481.995 4228.88 91.3289 0.584931 7.96601 16.3145
483.075 4228.88 80.6636 0.47613 9.39043 9.33519
484.155 4228.88 44.9714 0.513099 9.2718 2.58219
485.235 4228.88 36.2075 0.481642 10.1714 0.87476
486.315 4228.88 71.9314 0.530443 8.5222 8.51043
487.395 4228.88 71.8093 0.538107 9.54233 9.69758
488.475 4228.88 76.5478 0.322464 15.1945 4.04505
489.555 4228.88 223.523 0.520753 8.67603 8.36462
490.635 4228.88 148.231 0.408884 12.6165 3.4312
491.715 4228.88 217.089 0.501472 9.79013 9.17698
492.795 4228.88 223.151 0.552951 8.66325 4.51429
493.875 4228.88 278.115 0.547632 8.7314 4.86717
494.955 4228.88 328.232 0.553201 7.96777 6.0468
496.035 4228.88 277.44 0.354307 12.9276 19.1713
497.115 4228.88 398.751 0.526832 8.435 11.0122
498.195 4228.88 409.629 0.545633 8.05019 7.13663
499.275 4228.88 349.749 0.597686 8.60749 10.2623
500.355 4228.88 302.069 0.587439 9.26166 11.951
501.435 4228.88 256.876 0.535093 10.7158 9.40756
502.515 4228.88 211.249 0.491796 10.9782 3.87861
503.595 4228.88 201.5 0.423109 12.6726 1.61127
504.675 4228.88 296.808 0.494496 8.47497 11.825
505.755 4228.88 363.625 0.559739 8.33594 7.20779
506.835 4228.88 267.023 0.728076 8.60003 24.3606
507.915 4228.88 175.42 0.653491 8.13373 15.4338
508.995 4228.88 134.137 0.541485 8.12928 4.38466
510.075 4228.88 103.085 0.503743 9.45233 3.97668
511.155 4228.88 106.638 0.554275 8.34424 2.03565
512.235 4228.88 88.6041 0.501618 10.4451 2.16546
513.315 4228.88 84.7704 0.494918 10.4451 0.82763
514.395 4228.88 77.9781 0.497357 10.4451 0.402742
515.475 4228.88 79.5022 0.481662 11.2432 2.07517
516.555 4228.88 155.9 0.531821 8.72024 15.5075
517.635 4228.88 173.851 0.560751 9.19361 5.69773
518.715 4228.88 150.916 0.576498 8.52122 4.70918
519.795 4228.88 100.433 0.546798 9.47669 5.36851
520.875 4228.88 64.1575 0.375439 14.5657 0.408324
521.955 4228.88 61.5872 0.516107 9.9876 4.04516
523.035 4228.88 51.4081 0.42718 12.7477 0.482853
524.115 4228.88 54.0582 0.490566 10.4451 0.252382
525.195 4228.88 52.8726 0.335558 15.8568 0.617678
526.275 4228.88 51.404 0.322793 16.3088 0.938503
527.355 4228.88 53.7514 0.470159 11.1383 0.58297
528.435 4228.88 55.7935 0.406158 13.2783 0.673042
529.515 4228.88 64.1436 0.399003 13.3896 0.715211
530.595 4228.88 69.158 0.465729 11.1383 0.874522
531.675 4228.88 74.2981 0.384999 13.9109 0.648041
532.755 4228.88 68.5657 0.312234 16.6179 1.27719
533.835 4228.88 173.206 0.486006 8.57036 10.6148
534.915 4228.88 195.337 0.514625 8.07173 6.39635
535.995 4228.88 175.233 0.484223 8.74215 9.93099
537.075 4228.88 131.763 0.403408 11.783 9.31058
538.155 4228.88 160.687 0.491423 9.86907 1.34925
539.235 4228.88 216.153 0.523369 8.71636 7.99675
540.315 4228.88 262.723 0.549235 8.44247 8.65075
541.395 4228.88 219.978 0.512547 7.74887 18.3355
542.475 4228.88 255.872 0.659492 8.21362 19.6996
543.555 4228.88 228.898 0.651192 7.88653 18.3323
544.635 4228.88 113.647 0.493096 10.1513 3.57817
545.715 4228.88 108.071 0.592089 8.60907 12.282
546.795 4228.88 71.136 0.509851 9.70224 4.61442
547.875 4228.88 70.1652 0.471391 10.2489 0.829925
548.955 4228.88 85.9359 0.539804 8.80673 9.08363
550.035 4228.88 142.638 0.495872 7.79667 15.8791
551.115 4228.88 298.578 0.651735 7.44377 17.1118
552.195 4228.88 97.9967 0.547718 8.11467 5.57655
553.275 4228.88 59.0194 0.470163 10.2594 1.59157
554.355 4228.88 48.9996 0.446666 11.1719 1.65939
555.435 4228.88 43.1873 0.349416 14.3571 0.485242
556.515 4228.88 50.1909 0.461536 10.4451 0.376159
557.595 4228.88 57.7451 0.288046 17.2542 0.495592
558.675 4228.88 66.5923 0.446131 11.1256 0.902029
559.755 4228.88 73.8808 0.449911 11.0349 0.768442
560.835 4228.88 73.0172 0.428843 11.7429 0.569766
561.915 4228.88 198.664 0.677533 7.22005 24.4588
562.995 4228.88 101.673 0.563357 8.95204 12.9625
564.075 4228.88 116.049 0.520422 8.9457 10.212
565.155 4228.88 207.064 0.483518 10.3386 12.44
566.235 4228.88 329.611 0.591923 8.23245 11.2645
567.315 4228.88 437.55 0.58353 7.81196 28.5981
568.395 4228.88 450.699 0.66177 7.25483 16.1719
569.475 4228.88 449.087 0.651262 7.78439 16.5259
570.555 4228.88 297.157 0.643146 7.44696 16.5722
571.635 4228.88 168.53 0.421928 12.1022 3.05011
572.715 4228.88 128.547 0.377044 13.4726 1.33104
573.795 4228.88 111.122 0.45344 10.9915 0.501724
574.875 4228.88 110.634 0.468158 10.5906 0.950649
575.955 4228.88 111.59 0.462172 10.85 1.19373
577.035 4228.88 104.875 0.448761 11.247 1.21886
578.115 4228.88 98.2987 0.493246 9.80043 1.38619
579.195 4228.88 93.9963 0.46915 10.4451 0.394892
580.275 4228.88 96.2637 0.468755 10.4451 0.425872
581.355 4228.88 95.5597 0.415405 12.2369 0.158747
582.435 4228.88 95.1073 0.296301 16.8235 0.723093
583.515 4228.88 99.5329 0.362904 14.0827 0.506189
584.595 4228.88 100.182 0.411021 12.391 0.491274
585.675 4228.88 102.452 0.350748 14.4525 0.363301
586.755 4228.88 105.645 0.308884 15.7632 0.278141
587.835 4228.88 111.498 0.421672 12.0546 0.834071
588.915 4228.88 118.432 0.445697 11.1383 0.751305
589.995 4228.88 125.075 0.460141 10.5399 0.476223
591.075 4228.88 128.36 0.352652 14.3369 0.631231
592.155 4228.88 134.118 0.442898 11.2152 0.785251
593.235 4228.88 219.743 0.608873 7.75255 13.5025
594.315 4228.88 401.701 0.579235 7.80229 11.5207
595.395 4228.88 483.768 0.594221 7.51988 8.95421
596.475 4228.88 369.715 0.510829 10.4586 15.5225
597.555 4228.88 351.385 0.55685 8.36929 10.8964
598.635 4228.88 351.766 0.578401 8.34905 11.0628
599.715 4228.88 388.619 0.592648 8.35596 12.9089
600.795 4228.88 503.536 0.519092 7.40999 15.0709
601.875 4228.88 303.001 0.393173 12.7683 2.8712
602.955 4228.88 418.819 0.544228 8.16581 6.21108
604.035 4228.88 375.61 0.531526 8.30048 12.6242
605.115 4228.88 256.924 0.39635 12.7294 1.95631

456.075 4227.8 83.9651 0.489289 8.95344 10.0066
457.155 4227.8 145.523 0.607555 7.96374 11.7779
458.235 4227.8 84.4033 0.53922 8.37888 21.9699
459.315 4227.8 334.074 0.554688 8.47369 6.29486
460.395 4227.8 302.498 0.561232 8.27956 6.7864
461.475 4227.8 277.648 0.532412 8.25015 6.1929
462.555 4227.8 455.626 0.617483 8.01893 23.4036
463.635 4227.8 681.577 0.542176 8.5608 4.9954
464.715 4227.8 490.094 0.642088 7.27589 19.936
465.795 4227.8 379.33 0.496237 8.28881 4.87835
466.875 4227.8 311.983 0.532702 8.09307 1.4843
467.955 4227.8 5.14217 0.427574 11.0956 2.66555
469.035 4227.8 -120 -0.06 0 0
470.115 4227.8 -120 -0.06 0 0
471.195 4227.8 -120 -0.06 0 0
472.275 4227.8 -120 -0.06 0 0
473.355 4227.8 -120 -0.06 0 0
474.435 4227.8 -120 -0.06 0 0
475.515 4227.8 -120 -0.06 0 0
476.595 4227.8 -120 -0.06 0 0
477.675 4227.8 -120 -0.06 0 0
478.755 4227.8 -120 -0.06 0 0
479.835 4227.8 1.07031 0.467522 10.3075 0.272268
480.915 4227.8 8.80267 0.482544 9.88141 1.41403
481.995 4227.8 5.65402 0.390552 12.8963 1.29827
483.075 4227.8 23.3232 0.494125 10.1296 4.20428
484.155 4227.8 16.589 0.35448 14.4525 0.581166
485.235 4227.8 22.0744 0.376729 13.7032 0.544797
486.315 4227.8 36.5964 0.513402 9.30763 4.41051
487.395 4227.8 84.9519 0.510041 7.99828 14.1625
488.475 4227.8 184.918 0.554905 9.12861 12.3142
489.555 4227.8 196.682 0.545237 9.09071 8.35556
490.635 4227.8 235.937 0.543356 9.01159 13.5489
491.715 4227.8 193.707 0.547723 8.61502 9.30893
492.795 4227.8 161.782 0.494084 10.5785 4.18943
493.875 4227.8 209.148 0.62985 8.0873 13.923
494.955 4227.8 269.46 0.547364 8.78487 5.17004
496.035 4227.8 286.924 0.508734 9.46687 0.699317
497.115 4227.8 297.842 0.621524 7.88272 10.8603
498.195 4227.8 192.105 0.548163 9.85295 8.42876
499.275 4227.8 249.987 0.538461 8.1399 4.08697
500.355 4227.8 198.625 0.60024 7.99267 10.9215
501.435 4227.8 196.08 0.491282 10.637 2.64528
502.515 4227.8 234.617 0.477254 9.67454 6.77999
503.595 4227.8 228.304 0.451477 11.3666 2.2511
504.675 4227.8 382.358 0.514304 8.9896 3.64023
505.755 4227.8 341.82 0.498347 9.80223 6.44535
506.835 4227.8 313.59 0.502542 7.96144 17.5065
507.915 4227.8 176.534 0.484436 9.95746 4.74047
508.995 4227.8 285.568 0.580497 8.02481 5.3906
510.075 4227.8 230.555 0.56663 8.14753 7.90936
511.155 4227.8 109.04 0.525595 9.93625 4.58156
512.235 4227.8 79.4148 0.50691 10.2303 1.39504
513.315 4227.8 76.5144 0.432934 12.6423 0.723025
514.395 4227.8 70.0163 0.476628 11.1383 0.634531
515.475 4227.8 77.5091 0.486828 10.849 1.1672
516.555 4227.8 167.319 0.553883 8.9464 3.19136
517.635 4227.8 154.326 0.521233 9.6417 2.25266
518.715 4227.8 109.392 0.483174 10.4762 1.94248
519.795 4227.8 101.24 0.51453 9.62198 2.15777
520.875 4227.8 58.076 0.499857 10.2205 0.529386
521.955 4227.8 53.3539 0.488517 10.4451 0.441932
523.035 4227.8 50.2759 0.447741 11.8314 0.203209
524.115 4227.8 50.9516 0.431001 12.391 0.150883
525.195 4227.8 50.5391 0.374809 14.3769 0.317158
526.275 4227.8 50.8201 0.37064 14.4341 0.210865
527.355 4227.8 50.5261 0.311369 18.641 2.64315
528.435 4227.8 51.452 0.418524 12.7477 0.272583
529.515 4227.8 58.7813 0.437521 12.0546 0.367821
530.595 4227.8 68.3445 0.478862 10.4451 0.851858
531.675 4227.8 67.2764 0.482065 10.4451 0.415107
532.755 4227.8 68.2233 0.503943 9.47898 2.78398
533.835 4227.8 185.237 0.589098 8.7466 13.4057
534.915 4227.8 345.515 0.619836 8.51921 14.07
535.995 4227.8 260.642 0.568206 8.26738 15.2432
537.075 4227.8 165.164 0.470133 9.66207 6.76861
538.155 4227.8 201.308 0.48548 8.66701 8.17245
539.235 4227.8 216.671 0.560083 8.93371 9.55076
540.315 4227.8 181.205 0.566899 8.35987 14.1142
541.395 4227.8 210.143 0.600681 7.80619 11.454
542.475 4227.8 83.7931 0.383197 13.8978 4.5283
543.555 4227.8 81.4634 0.509437 9.70113 3.98605
544.635 4227.8 67.9424 0.446402 11.4392 2.15716
545.715 4227.8 57.4746 0.395949 13.0226 1.77772
546.795 4227.8 50.2637 0.380775 13.3211 0.788388
547.875 4227.8 55.898 0.453046 10.8364 0.748712
548.955 4227.8 51.5397 0.287952 16.8207 0.866947
550.035 4227.8 48.1139 0.484444 10.2802 3.89614
551.115 4227.8 49.8059 0.490307 9.85513 2.63438
552.195 4227.8 43.169 0.458449 10.8655 2.10993
553.275 4227.8 39.2513 0.379371 13.3295 0.756394
554.355 4227.8 37.9197 0.463169 10.4451 0.463663
555.435 4227.8 38.9433 0.286702 17.3367 0.51515
556.515 4227.8 45.874 0.42464 11.8314 0.722064
557.595 4227.8 52.1353 0.463875 10.4451 0.417336
558.675 4227.8 59.6253 0.468039 10.4451 0.942161
559.755 4227.8 62.0847 0.422982 11.9641 0.465128
560.835 4227.8 60.4261 0.380112 13.5362 0.844107
561.915 4227.8 69.8028 0.511879 8.98846 1.16241
562.995 4227.8 80.9109 0.478524 10.1565 0.742059
564.075 4227.8 80.2225 0.416463 12.3481 1.4262
565.155 4227.8 129.254 0.412349 12.7747 2.6409
566.235 4227.8 207.205 0.487618 10.0404 5.20155
567.315 4227.8 444.838 0.580475 8.16956 10.5773
568.395 4227.8 304.236 0.504612 10.0721 8.26976
569.475 4227.8 458.71 0.596245 7.68633 15.5458
570.555 4227.8 463.955 0.547242 7.52732 18.9975
571.635 4227.8 204.847 0.536703 9.39666 11.4653
572.715 4227.8 130.379 0.472918 9.42878 4.90642
573.795 4227.8 106.245 0.482746 10.0476 0.745438
574.875 4227.8 97.9728 0.47185 10.4451 0.555658
575.955 4227.8 94.6285 0.477449 10.2697 0.573784
577.035 4227.8 90.2367 0.409905 12.5613 0.437795
578.115 4227.8 86.9381 0.451905 11.1383 0.550883
579.195 4227.8 86.8683 0.470996 10.4451 0.432996
580.275 4227.8 93.7778 0.46844 10.4451 0.309743
581.355 4227.8 90.8563 0.296501 16.9081 0.493271
582.435 4227.8 92.027 0.296139 16.8286 0.326657
583.515 4227.8 97.371 0.467084 10.4451 1.4579
584.595 4227.8 94.7714 0.347276 14.5395 0.324397
585.675 4227.8 99.2971 0.425719 11.8314 0.525436
586.755 4227.8 100.824 0.416514 12.2369 0.650989
587.835 4227.8 105.257 0.421626 12.0546 0.597121
588.915 4227.8 112.583 0.465884 10.4451 1.05722
589.995 4227.8 117.013 0.47792 9.98515 0.507572
591.075 4227.8 120.773 0.425509 11.8314 0.886133
592.155 4227.8 125.801 0.456775 10.9832 1.8666
593.235 4227.8 230.717 0.667935 7.49327 21.7592
594.315 4227.8 280.126 0.550172 9.03457 14.1331
595.395 4227.8 370.962 0.585756 7.94226 15.3638
596.475 4227.8 298.393 0.615541 7.99758 13.66
597.555 4227.8 352.243 0.636445 7.65834 21.301
598.635 4227.8 253.925 0.419019 12.322 4.66443
599.715 4227.8 331.802 0.539719 7.64673 13.3453
600.795 4227.8 408.93 0.599179 8.401 15.4975
601.875 4227.8 313.358 0.579688 7.87283 8.84549
602.955 4227.8 256.648 0.492918 9.80251 4.02961
604.035 4227.8 285.507 0.456312 8.97476 10.1447
605.115 4227.8 241.559 0.363001 13.494 1.41942

456.075 4226.72 112.251 0.572656 8.15823 9.54134
457.155 4226.72 93.5542 0.519242 8.0316 8.10001
458.235 4226.72 160.73 0.671198 7.27919 18.3576
459.315 4226.72 163.504 0.428332 13.152 37.5929
460.395 4226.72 151.296 0.339053 13.7051 8.3667
461.475 4226.72 389.107 0.507186 7.60054 9.98014
462.555 4226.72 389.158 0.612755 8.21445 23.5649
463.635 4226.72 658.195 0.53114 7.86495 11.1164
464.715 4226.72 359.976 0.453189 10.7795 4.71919
465.795 4226.72 341.587 0.499846 9.16457 2.01033
466.875 4226.72 258.662 0.523955 7.28625 8.71179
467.955 4226.72 7.23294 0.505843 8.95245 6.37542
469.035 4226.72 -120 -0.06 0 0
470.115 4226.72 -120 -0.06 0 0
471.195 4226.72 -120 -0.06 0 0
472.275 4226.72 -120 -0.06 0 0
473.355 4226.72 -120 -0.06 0 0
474.435 4226.72 -120 -0.06 0 0
475.515 4226.72 -120 -0.06 0 0
476.595 4226.72 -120 -0.06 0 0
477.675 4226.72 -120 -0.06 0 0
478.755 4226.72 -120 -0.06 0 0
479.835 4226.72 5.51967 0.492258 9.47558 2.51851
480.915 4226.72 23.1867 0.50717 8.55659 6.3982
481.995 4226.72 7.18096 0.444363 11.1383 0.5433
483.075 4226.72 12.4467 0.292173 16.7193 0.702195
484.155 4226.72 19.3233 0.466451 10.4451 0.234218
485.235 4226.72 22.7097 0.29256 16.6557 1.07337
486.315 4226.72 28.7194 0.44262 11.4209 0.499457
487.395 4226.72 57.809 0.433584 9.55061 13.4933
488.475 4226.72 121.742 0.587334 8.4436 10.6402
489.555 4226.72 200.561 0.538709 8.82398 6.38895
490.635 4226.72 215.486 0.481718 8.47566 10.5143
491.715 4226.72 117.86 0.386627 11.9927 8.83335
492.795 4226.72 105.797 0.370038 13.6733 3.37581
493.875 4226.72 148.711 0.461954 9.38934 11.3372
494.955 4226.72 221.377 0.506466 8.89701 5.3487
496.035 4226.72 216.017 0.57954 8.36832 7.6029
497.115 4226.72 150.599 0.541529 8.91644 3.39909
498.195 4226.72 166.729 0.486809 8.81901 9.2641
499.275 4226.72 155.976 0.384983 13.3719 4.08807
500.355 4226.72 212.579 0.511444 8.89645 5.48112
501.435 4226.72 374.269 0.570021 8.06379 9.31941
502.515 4226.72 329.237 0.520919 8.49381 5.79698
503.595 4226.72 340.52 0.517608 9.24659 8.28275
504.675 4226.72 363.47 0.493413 10.0432 4.07272
505.755 4226.72 341.993 0.597245 7.67277 19.0413
506.835 4226.72 297.427 0.700707 7.90909 20.3195
507.915 4226.72 364.546 0.504696 7.87735 15.0064
508.995 4226.72 266.413 0.575378 8.2119 4.27336
510.075 4226.72 178.281 0.529573 9.56814 16.609
511.155 4226.72 67.0252 0.436805 12.321 1.86346
512.235 4226.72 70.7691 0.454809 11.8314 0.8306
513.315 4226.72 69.3891 0.445783 12.0364 0.851361
514.395 4226.72 61.5357 0.316176 17.7703 0.758944
515.475 4226.72 68.7075 0.487545 10.6673 0.692589
516.555 4226.72 90.952 0.525637 9.74305 3.30161
517.635 4226.72 90.319 0.503438 9.64755 3.4715
518.715 4226.72 105.395 0.534235 9.85329 4.88494
519.795 4226.72 58.4848 0.42637 12.7578 1.23992
520.875 4226.72 50.8591 0.456077 11.5437 0.231189
521.955 4226.72 49.9156 0.436856 12.2369 0.250561
523.035 4226.72 48.9697 0.42318 12.6423 0.322519
524.115 4226.72 48.1566 0.410583 12.93 0.751006
525.195 4226.72 47.8284 0.406471 13.1532 0.237067
526.275 4226.72 46.3858 0.425672 12.391 0.36938
527.355 4226.72 47.5285 0.478617 10.611 4.39796
528.435 4226.72 48.5937 0.405302 13.1532 0.687157
529.515 4226.72 54.4078 0.460738 11.1383 0.163174
530.595 4226.72 56.7181 0.45322 11.4037 0.277548
531.675 4226.72 60.9096 0.479232 10.4451 0.490968
532.755 4226.72 55.0936 0.300609 17.8853 0.83053
533.835 4226.72 105.371 0.50319 10.0286 6.5126
534.915 4226.72 194.002 0.614929 7.79436 16.1165
535.995 4226.72 103.537 0.493055 10.3039 3.64984
537.075 4226.72 152.78 0.506495 8.41753 7.60255
538.155 4226.72 145.054 0.599346 8.36817 12.1085
539.235 4226.72 104.471 0.50323 10.3688 5.99063
540.315 4226.72 128.765 0.473616 8.5692 14.8523
541.395 4226.72 130.301 0.53589 8.20287 1.60695
542.475 4226.72 57.6234 0.44979 11.1196 0.729137
543.555 4226.72 56.299 0.495834 9.55793 10.18
544.635 4226.72 39.4912 0.389973 13.1475 0.983186
545.715 4226.72 35.9899 0.361111 13.9733 0.299744
546.795 4226.72 37.9348 0.393927 12.93 1.04192
547.875 4226.72 42.4331 0.41594 12.0347 0.529663
548.955 4226.72 39.8259 0.431269 11.5356 0.982978
550.035 4226.72 40.6919 0.461707 10.4451 0.508686
551.115 4226.72 29.7527 0.460498 10.4451 0.677905
552.195 4226.72 31.6078 0.460781 10.4451 0.155323
553.275 4226.72 29.602 0.340455 14.6792 0.401059
554.355 4226.72 33.0858 0.459952 10.4451 0.449284
555.435 4226.72 38.7774 0.399239 12.7477 0.538125
556.515 4226.72 42.24 0.465566 10.4451 0.290331
557.595 4226.72 48.2273 0.46723 10.4451 1.02935
558.675 4226.72 51.1079 0.469965 10.4451 0.864818
559.755 4226.72 52.6278 0.407968 12.5246 0.38902
560.835 4226.72 56.2381 0.469239 10.4451 0.823336
561.915 4226.72 62.0582 0.450426 11.1383 0.785288
562.995 4226.72 68.3662 0.443289 11.4352 0.733203
564.075 4226.72 80.0383 0.441341 11.5344 1.27687
565.155 4226.72 111.772 0.459866 10.9758 2.08701
566.235 4226.72 146.375 0.526493 9.2117 4.37138
567.315 4226.72 199.946 0.516015 9.84392 6.43055
568.395 4226.72 229.754 0.500551 10.3209 6.84399
569.475 4226.72 327.641 0.639302 7.59982 13.9556
570.555 4226.72 421.739 0.598859 7.798 9.15438
571.635 4226.72 259.941 0.625363 7.72963 13.6125
572.715 4226.72 211.179 0.583404 7.75966 19.0585
573.795 4226.72 104.738 0.445493 11.3098 1.23987
574.875 4226.72 90.7051 0.473121 10.4451 0.367739
575.955 4226.72 86.0439 0.39221 13.2783 0.615922
577.035 4226.72 81.6591 0.44217 11.5437 0.545999
578.115 4226.72 81.7627 0.469829 10.4451 0.217846
579.195 4226.72 83.04 0.471065 10.4451 0.270772
580.275 4226.72 86.9969 0.470505 10.4451 0.0874156
581.355 4226.72 86.984 0.408336 12.6423 0.387681
582.435 4226.72 88.1676 0.426037 12.0546 0.533406
583.515 4226.72 90.068 0.340705 14.8878 0.143613
584.595 4226.72 92.1818 0.467848 10.4451 0.205615
585.675 4226.72 96.8984 0.468177 10.4451 0.0997236
586.755 4226.72 97.0104 0.347756 14.5883 0.550171
587.835 4226.72 102.661 0.448013 11.1383 0.312726
588.915 4226.72 106.777 0.388798 13.0842 0.297719
589.995 4226.72 111.074 0.467797 10.4451 0.403525
591.075 4226.72 113.826 0.295536 16.5566 0.739052
592.155 4226.72 114.98 0.394722 12.9418 0.511651
593.235 4226.72 123.387 0.499332 9.87764 3.39121
594.315 4226.72 144.925 0.453718 11.372 3.13331
595.395 4226.72 178.766 0.443375 11.8114 3.68335
596.475 4226.72 228.383 0.444616 11.3826 1.87335
597.555 4226.72 229.34 0.59923 8.30111 13.687
598.635 4226.72 246.716 0.563856 8.85015 16.0665
599.715 4226.72 268.183 0.527457 8.65189 10.9779
600.795 4226.72 270.492 0.486305 10.1644 5.55079
601.875 4226.72 235.047 0.520525 8.94585 4.44867
602.955 4226.72 240.647 0.485038 9.11537 3.77631
604.035 4226.72 386.005 0.667403 8.05802 22.3177
605.115 4226.72 269.33 0.500008 9.36373 5.51913

456.075 4225.64 9.69236 0.415101 12.0216 3.56906
457.155 4225.64 4.60191 0.295488 16.2428 4.76229
458.235 4225.64 115.258 0.52279 8.02847 8.22757
459.315 4225.64 244.972 0.557117 7.90932 6.11146
460.395 4225.64 262.908 0.51229 9.30739 8.361
461.475 4225.64 505.792 0.544716 7.80615 8.34808
462.555 4225.64 521.384 0.48326 8.19727 9.09964
463.635 4225.64 662.065 0.515576 9.20159 4.69714
464.715 4225.64 368.668 0.517319 8.50511 14.778
465.795 4225.64 320.17 0.344751 14.2518 1.85006
466.875 4225.64 277.991 0.540844 7.42536 13.364
467.955 4225.64 -120 -0.06 0 0
469.035 4225.64 -120 -0.06 0 0
470.115 4225.64 -120 -0.06 0 0
471.195 4225.64 -120 -0.06 0 0
472.275 4225.64 -120 -0.06 0 0
473.355 4225.64 -120 -0.06 0 0
474.435 4225.64 -120 -0.06 0 0
475.515 4225.64 -120 -0.06 0 0
476.595 4225.64 -120 -0.06 0 0
477.675 4225.64 -120 -0.06 0 0
478.755 4225.64 -120 -0.06 0 0
479.835 4225.64 3.18654 0.480808 9.69237 3.37465
480.915 4225.64 28.319 0.523106 8.71704 6.3306
481.995 4225.64 4.0846 0.409555 12.391 0.689354
483.075 4225.64 8.89881 0.404787 12.5246 1.41965
484.155 4225.64 15.6019 0.368654 13.741 0.193584
485.235 4225.64 21.3528 0.374782 13.3896 1.43007
486.315 4225.64 43.0334 0.458111 10.447 2.02764
487.395 4225.64 132.89 0.478514 10.035 0.570592
488.475 4225.64 81.1261 0.502294 10.4601 6.23233
489.555 4225.64 142.533 0.563616 8.97432 9.94495
490.635 4225.64 185.629 0.573173 8.0562 6.30063
491.715 4225.64 100.401 0.497193 9.48634 8.64378
492.795 4225.64 182.382 0.506823 9.40916 7.39599
493.875 4225.64 246.252 0.625076 8.41786 16.3575
494.955 4225.64 142.507 0.483554 10.3066 5.90361
496.035 4225.64 116.902 0.48171 10.9849 3.46868
497.115 4225.64 101.434 0.35388 14.1746 3.25004
498.195 4225.64 327.864 0.617723 6.88078 29.3379
499.275 4225.64 342.515 0.482973 7.87729 18.0186
500.355 4225.64 456.433 0.540231 7.87712 4.56074
501.435 4225.64 391.621 0.613442 8.10396 15.3326
502.515 4225.64 306.025 0.564607 9.09899 8.82122
503.595 4225.64 238.378 0.575658 9.3224 10.7052
504.675 4225.64 290.102 0.594869 8.13241 7.70066
505.755 4225.64 190.8 0.606864 8.92916 21.7431
506.835 4225.64 141.776 0.569104 8.89536 7.22776
507.915 4225.64 168.173 0.569067 9.41842 9.48163
508.995 4225.64 200.326 0.7856 7.35928 26.35
510.075 4225.64 83.7511 0.527384 9.31024 1.43239
511.155 4225.64 55.811 0.411472 13.2257 1.29794
512.235 4225.64 63.7775 0.445006 12.0546 0.653893
513.315 4225.64 58.5635 0.445153 12.1528 1.21006
514.395 4225.64 64.9192 0.486447 10.4451 0.474236
515.475 4225.64 62.1865 0.422763 12.7477 0.366631
516.555 4225.64 61.7412 0.483648 10.795 1.11768
517.635 4225.64 60.4927 0.489913 10.4451 0.511293
518.715 4225.64 54.8272 0.432399 12.391 0.453174
519.795 4225.64 52.3276 0.447043 11.8314 0.556045
520.875 4225.64 50.5384 0.427339 12.391 0.521746
521.955 4225.64 50.1738 0.418845 12.7477 0.268112
523.035 4225.64 49.9265 0.409694 13.0101 0.226071
524.115 4225.64 46.7523 0.307462 18.2508 0.499984
525.195 4225.64 102.43 0.488193 9.00395 9.30176
526.275 4225.64 47.1268 0.484844 10.3495 1.00236
527.355 4225.64 47.8815 0.506951 9.65485 3.20703
528.435 4225.64 45.136 0.48415 10.4451 0.793314
529.515 4225.64 44.9731 0.394848 13.4896 0.904431
530.595 4225.64 51.8252 0.481876 10.4451 0.956998
531.675 4225.64 53.3571 0.477846 10.4451 0.314587
532.755 4225.64 51.4228 0.477791 10.4451 0.437703
533.835 4225.64 52.5573 0.478699 10.7845 2.76897
534.915 4225.64 109.632 0.608438 8.34022 12.1779
535.995 4225.64 71.4703 0.53234 8.99237 4.59486
537.075 4225.64 71.5149 0.487181 8.83087 10.2988
538.155 4225.64 66.2566 0.460327 10.8616 9.52148
539.235 4225.64 44.737 0.415826 12.7346 2.96366
540.315 4225.64 87.8848 0.637205 7.88257 15.1457
541.395 4225.64 41.7747 0.514701 8.71622 4.50139
542.475 4225.64 40.3051 0.331294 15.1837 1.16643
543.555 4225.64 39.211 0.478656 10.05 0.99189
544.635 4225.64 27.9543 0.37918 13.3355 0.666894
545.715 4225.64 30.2669 0.43976 11.1383 0.509948
546.795 4225.64 30.5187 0.408288 12.2369 0.247781
547.875 4225.64 34.3791 0.458077 10.4451 0.0922622
548.955 4225.64 34.4202 0.459508 10.4451 0.332161
550.035 4225.64 31.7691 0.46296 10.4451 0.624837
551.115 4225.64 30.1909 0.463335 10.4451 0.47288
552.195 4225.64 28.2638 0.463491 10.4451 0.84622
553.275 4225.64 29.0831 0.288332 17.4644 0.431532
554.355 4225.64 31.5441 0.421258 11.8314 0.505509
555.435 4225.64 34.404 0.44438 11.1383 0.447175
556.515 4225.64 38.9496 0.373847 13.7032 0.573315
557.595 4225.64 41.6068 0.386944 13.2783 0.528168
558.675 4225.64 43.7718 0.400875 12.7477 0.128103
559.755 4225.64 47.9791 0.450688 11.1383 0.645624
560.835 4225.64 52.1096 0.470571 10.4451 0.453068
561.915 4225.64 55.6045 0.341034 14.9225 0.330585
562.995 4225.64 59.3886 0.388016 13.2783 0.403656
564.075 4225.64 171.127 0.470992 8.41285 12.6535
565.155 4225.64 76.1663 0.416407 12.605 1.50558
566.235 4225.64 106.834 0.531997 9.03782 6.51082
567.315 4225.64 150.011 0.520248 8.72253 9.65382
568.395 4225.64 178.109 0.545101 8.37681 7.99641
569.475 4225.64 152.408 0.49127 10.6856 4.56219
570.555 4225.64 248.397 0.623141 7.56061 12.0489
571.635 4225.64 118.098 0.504218 10.7345 7.2186
572.715 4225.64 91.6087 0.55309 8.85571 6.39216
573.795 4225.64 93.747 0.553009 9.12644 7.5781
574.875 4225.64 133.84 0.509954 8.87085 2.91239
575.955 4225.64 78.3155 0.298054 17.2009 0.289396
577.035 4225.64 76.61 0.340782 15.0198 0.1334
578.115 4225.64 77.8952 0.298163 18.8951 0.301474
579.195 4225.64 80.4322 0.298586 18.8934 0.119055
580.275 4225.64 83.4124 0.472161 10.4451 0.233899
581.355 4225.64 85.1469 0.472136 10.4451 0.0756613
582.435 4225.64 88.1854 0.469411 10.4451 0.419628
583.515 4225.64 89.1477 0.429557 11.8314 0.282329
584.595 4225.64 92.1071 0.468602 10.4451 0.394008
585.675 4225.64 94.3677 0.471042 10.4451 0.177088
586.755 4225.64 97.8453 0.467725 10.4451 0.648195
587.835 4225.64 101.6 0.468834 10.4451 0.248795
588.915 4225.64 103.09 0.469579 10.4451 0.257715
589.995 4225.64 106.784 0.466652 10.4451 0.351329
591.075 4225.64 108.724 0.428512 11.8314 0.321943
592.155 4225.64 114.118 0.47674 10.4451 3.02654
593.235 4225.64 111.223 0.445372 11.1383 0.598239
594.315 4225.64 122.065 0.487572 9.83866 1.38648
595.395 4225.64 144.836 0.490594 9.81198 1.5467
596.475 4225.64 171.419 0.568797 8.32409 8.41675
597.555 4225.64 169.721 0.426536 11.9707 1.77598
598.635 4225.64 239.314 0.505202 9.42674 4.43023
599.715 4225.64 207.722 0.50958 8.80143 6.27642
600.795 4225.64 212.454 0.518037 9.3001 4.90876
601.875 4225.64 190.538 0.34183 14.6212 1.26609
602.955 4225.64 252.702 0.479907 9.68248 3.99104
604.035 4225.64 423.516 0.540561 8.00665 17.8377
605.115 4225.64 356.255 0.514792 8.17347 8.55822

456.075 4224.56 -120 -0.06 0 0
457.155 4224.56 1.20948 0.436522 11.4977 0.835889
458.235 4224.56 70.7124 0.56297 8.10027 17.63
459.315 4224.56 183.269 0.531104 10.2084 20.3921
460.395 4224.56 277.394 0.4315 10.7509 4.29033
461.475 4224.56 471.293 0.562241 8.10946 7.79498
462.555 4224.56 522.515 0.544506 8.25906 4.37183
463.635 4224.56 468.643 0.6815 7.656 22.7239
464.715 4224.56 383.938 0.635642 7.02282 19.1582
465.795 4224.56 322.717 0.535934 8.44479 4.30372
466.875 4224.56 263.363 0.630528 7.3684 16.5241
467.955 4224.56 6.02893 0.461893 9.9465 6.34697
469.035 4224.56 -120 -0.06 0 0
470.115 4224.56 -120 -0.06 0 0
471.195 4224.56 -120 -0.06 0 0
472.275 4224.56 -120 -0.06 0 0
473.355 4224.56 -120 -0.06 0 0
474.435 4224.56 -120 -0.06 0 0
475.515 4224.56 -120 -0.06 0 0
476.595 4224.56 -120 -0.06 0 0
477.675 4224.56 -120 -0.06 0 0
478.755 4224.56 -120 -0.06 0 0
479.835 4224.56 -120 -0.06 0 0
480.915 4224.56 59.5804 0.538361 8.65234 4.66972
481.995 4224.56 8.67765 0.461721 10.4451 0.800218
483.075 4224.56 4.54236 0.467439 10.4451 1.66829
484.155 4224.56 15.9997 0.495041 9.36282 5.31181
485.235 4224.56 41.5522 0.51265 9.34301 4.20785
486.315 4224.56 69.6878 0.430802 10.4504 7.23376
487.395 4224.56 104.077 0.495507 9.71663 1.56593
488.475 4224.56 110.15 0.489014 9.30171 7.41529
489.555 4224.56 157.451 0.509449 9.11225 2.83945
490.635 4224.56 100.123 0.559342 8.00871 8.82737
491.715 4224.56 160.815 0.502685 8.75255 6.61525
492.795 4224.56 188.787 0.570623 8.13491 12.8207
493.875 4224.56 169.799 0.608224 8.16875 19.6164
494.955 4224.56 121.342 0.535694 9.53113 6.21815
496.035 4224.56 86.6818 0.47787 10.008 2.9694
497.115 4224.56 122.033 0.529026 8.73329 1.74817
498.195 4224.56 300.638 0.706013 7.14558 21.1007
499.275 4224.56 295.571 0.627056 9.29559 17.3845
500.355 4224.56 375.785 0.522713 8.17181 8.92152
501.435 4224.56 345.296 0.513047 8.15464 8.93553
502.515 4224.56 352.376 0.527697 7.34761 11.5512
503.595 4224.56 209.288 0.521115 7.84337 18.2008
504.675 4224.56 133.013 0.386822 12.6531 7.10187
505.755 4224.56 119.49 0.332648 14.1908 8.52192
506.835 4224.56 92.0293 0.353457 13.8469 7.18892
507.915 4224.56 94.2381 0.540668 9.1337 3.87875
508.995 4224.56 63.6487 0.443068 12.0818 1.38654
510.075 4224.56 66.3011 0.523067 9.3694 5.60353
511.155 4224.56 52 0.445378 11.8314 0
512.235 4224.56 52.0278 0.429916 12.391 0.210124
513.315 4224.56 53.9949 0.315742 16.1603 1.72843
514.395 4224.56 59.9841 0.312061 18.6019 0.162053
515.475 4224.56 59.9771 0.4874 10.4451 0.583361
516.555 4224.56 56.9801 0.486759 10.4451 0.365163
517.635 4224.56 55.6849 0.486016 10.4451 0.25267
518.715 4224.56 53.9155 0.486917 10.4451 0.629564
519.795 4224.56 49.9811 0.444993 11.8314 0.265276
520.875 4224.56 50.0821 0.427151 12.391 0.163904
521.955 4224.56 49.3794 0.417502 12.7477 0.319567
523.035 4224.56 94.3424 0.488128 8.39498 13.7756
524.115 4224.56 47.0224 0.437187 12.0546 0.561109
525.195 4224.56 108.852 0.559135 8.44905 12.4202
526.275 4224.56 66.895 0.548261 8.90161 11.9721
527.355 4224.56 104.687 0.522706 7.62372 18.4269
528.435 4224.56 37.3909 0.413362 12.7477 0.456278
529.515 4224.56 39.1339 0.439551 11.8314 0.561967
530.595 4224.56 43.0582 0.460492 11.1321 0.824287
531.675 4224.56 45.1608 0.478956 10.4451 0.760588
532.755 4224.56 42.4411 0.456873 11.1383 0.767584
533.835 4224.56 43.2344 0.471269 10.4451 0.978681
534.915 4224.56 34.134 0.411337 12.5246 0.0883683
535.995 4224.56 30.4924 0.398864 13.0101 0.527574
537.075 4224.56 24.6019 0.449059 11.1387 0.147535
538.155 4224.56 22.1217 0.45187 11.1402 0.761386
539.235 4224.56 61.0565 0.448447 9.38336 15.0314
540.315 4224.56 15.8825 0.427752 11.8314 0.433025
541.395 4224.56 24.1691 0.496278 9.96243 3.80369
542.475 4224.56 26.5647 0.433644 11.505 0.604255
543.555 4224.56 25.5617 0.446623 11.0916 0.633086
544.635 4224.56 22.0679 0.464486 10.4451 0.722292
545.715 4224.56 23.3682 0.361193 13.9109 0.463465
546.795 4224.56 24.8458 0.413744 12.0546 0.355637
547.875 4224.56 27.2218 0.461137 10.4451 0.89013
548.955 4224.56 28.5597 0.460714 10.4451 0.130282
550.035 4224.56 25.8899 0.425515 11.8314 0.732171
551.115 4224.56 27.8375 0.460333 10.4451 0.48062
552.195 4224.56 28.5182 0.462449 10.4451 0.403363
553.275 4224.56 29.5557 0.464626 10.4451 0.117297
554.355 4224.56 32.9373 0.464442 10.4451 0.315444
555.435 4224.56 33.1227 0.352533 14.3369 0.173634
556.515 4224.56 35.9219 0.358038 14.1828 0.174172
557.595 4224.56 37.5842 0.340762 14.8759 0.632605
558.675 4224.56 40.7843 0.470711 10.4451 0.364503
559.755 4224.56 44.8029 0.468797 10.4451 0.481237
560.835 4224.56 47.9611 0.471845 10.4451 0.372813
561.915 4224.56 50.4283 0.452396 11.1383 0.401301
562.995 4224.56 51.0926 0.391106 13.2783 0.62484
564.075 4224.56 61.1744 0.5007 9.98095 2.70409
565.155 4224.56 59.0423 0.375888 13.8026 0.377231
566.235 4224.56 82.3092 0.511234 9.42383 1.99499
567.315 4224.56 94.1357 0.524204 9.60324 5.31294
568.395 4224.56 118.382 0.574728 8.56299 8.33746
569.475 4224.56 101.054 0.404435 13.233 2.14155
570.555 4224.56 81.8188 0.525819 9.391 3.69179
571.635 4224.56 63.933 0.480736 10.4905 1.30829
572.715 4224.56 64.2141 0.302602 19.3822 0.270285
573.795 4224.56 66.9 0.303824 19.3788 0.416258
574.875 4224.56 70.8551 0.472155 10.4451 0.604216
575.955 4224.56 72.8088 0.458172 11.1383 0.590417
577.035 4224.56 75.9187 0.429062 12.0546 0.141778
578.115 4224.56 79.2499 0.475684 10.4451 0.158782
579.195 4224.56 80.9395 0.475964 10.4451 0.286095
580.275 4224.56 84.0852 0.475982 10.4451 0.305945
581.355 4224.56 87.4216 0.473494 10.4451 0.329577
582.435 4224.56 87.8781 0.473564 10.4451 0.20735
583.515 4224.56 90.9018 0.473073 10.4451 0.328431
584.595 4224.56 92.7095 0.472014 10.4451 0.318439
585.675 4224.56 96.193 0.473602 10.4451 1.1427
586.755 4224.56 97.2637 0.471945 10.4451 0.21986
587.835 4224.56 99.8268 0.470953 10.4451 0.178203
588.915 4224.56 102.485 0.469599 10.4451 0.130118
589.995 4224.56 105.474 0.473788 10.4451 0.859345
591.075 4224.56 107.092 0.318288 15.5868 0.242669
592.155 4224.56 110.225 0.446402 11.1383 0.289619
593.235 4224.56 112.438 0.38088 13.3355 0.436899
594.315 4224.56 141.045 0.526148 9.65712 6.70736
595.395 4224.56 166.638 0.457253 9.58935 12.8512
596.475 4224.56 135.093 0.469059 10.2818 1.08734
597.555 4224.56 146.718 0.449237 11.0915 1.05251
598.635 4224.56 160.327 0.48855 9.76812 1.25287
599.715 4224.56 181.581 0.501119 8.81211 8.66276
600.795 4224.56 169.069 0.328794 15.0304 0.303465
601.875 4224.56 206.825 0.501495 8.84214 2.70356
602.955 4224.56 279.623 0.496032 9.30765 7.07051
604.035 4224.56 498.863 0.482455 9.19219 7.82072
605.115 4224.56 306.044 0.512541 9.50313 5.2087

456.075 4223.48 -120 -0.06 0 0
457.155 4223.48 -120 -0.06 0 0
458.235 4223.48 73.7923 0.599206 7.66821 18.6113
459.315 4223.48 259.067 0.500907 8.29477 6.25662
460.395 4223.48 325.854 0.557331 8.03558 5.24818
461.475 4223.48 332.124 0.565189 8.60045 9.1605
462.555 4223.48 406.118 0.601277 7.40478 14.1302
463.635 4223.48 242.005 0.525583 8.48116 18.2813
464.715 4223.48 106.638 0.543765 8.69068 9.13997
465.795 4223.48 175.169 0.565887 8.46911 12.3927
466.875 4223.48 202.235 0.559048 7.91593 16.3136
467.955 4223.48 -120 -0.06 0 0
469.035 4223.48 -120 -0.06 0 0
470.115 4223.48 -120 -0.06 0 0
471.195 4223.48 -120 -0.06 0 0
472.275 4223.48 -120 -0.06 0 0
473.355 4223.48 -120 -0.06 0 0
474.435 4223.48 -120 -0.06 0 0
475.515 4223.48 -120 -0.06 0 0
476.595 4223.48 -120 -0.06 0 0
477.675 4223.48 -120 -0.06 0 0
478.755 4223.48 -120 -0.06 0 0
479.835 4223.48 -120 -0.06 0 0
480.915 4223.48 -120 -0.06 0 0
481.995 4223.48 3.81339 0.46987 10.2419 0.735741
483.075 4223.48 0.993759 0.35105 14.3352 0.514012
484.155 4223.48 7.73655 0.462061 10.4451 0.186877
485.235 4223.48 38.7816 0.493508 9.71498 8.97087
486.315 4223.48 115.031 0.502499 8.82852 2.95793
487.395 4223.48 113.796 0.46909 10.4334 0.577295
488.475 4223.48 111.659 0.391796 12.7477 6.10704
489.555 4223.48 160.274 0.486238 9.25818 6.47009
490.635 4223.48 69.5916 0.484815 9.9824 3.98136
491.715 4223.48 161.613 0.501819 9.70296 1.83886
492.795 4223.48 101.977 0.543281 9.28582 16.2574
493.875 4223.48 100.037 0.58923 8.1793 10.2921
494.955 4223.48 68.3823 0.346299 13.8839 6.5966
496.035 4223.48 140.995 0.472587 10.3175 5.6257
497.115 4223.48 173.316 0.479618 9.42921 4.83546
498.195 4223.48 174.438 0.463038 9.55086 7.92704
499.275 4223.48 323.628 0.5649 8.23842 17.6543
500.355 4223.48 374.209 0.560989 7.78245 15.8309
501.435 4223.48 514.866 0.577032 7.0658 25.2475
502.515 4223.48 444.228 0.622724 7.70979 28.7304
503.595 4223.48 374.153 0.626649 8.04297 12.5863
504.675 4223.48 163.4 0.467018 11.2821 4.75165
505.755 4223.48 317.049 0.686507 7.79585 22.5735
506.835 4223.48 286.853 0.552778 7.9087 5.85771
507.915 4223.48 69.3318 0.376736 13.7199 7.11401
508.995 4223.48 68.5519 0.522957 8.49049 5.01646
510.075 4223.48 52 0.442847 11.8314 0
511.155 4223.48 52 0.426805 12.391 0
512.235 4223.48 52.0009 0.309266 17.0811 0.143659
513.315 4223.48 63.8572 0.489114 10.1752 2.07701
514.395 4223.48 58.5952 0.417846 12.6423 0.349671
515.475 4223.48 56.663 0.484343 10.4451 0.220346
516.555 4223.48 53.9953 0.482697 10.4451 0.19528
517.635 4223.48 52.6522 0.484015 10.4451 0.400701
518.715 4223.48 49.751 0.451746 11.5437 0.322874
519.795 4223.48 50.7165 0.308895 17.0388 0.337962
520.875 4223.48 48.3007 0.310717 18.6569 0.656271
521.955 4223.48 49.1901 0.376237 14.1034 0.346961
523.035 4223.48 127.487 0.63612 8.7083 16.3845
524.115 4223.48 98.8285 0.508919 8.17059 10.6865
525.195 4223.48 208.892 0.510301 7.46682 15.0916
526.275 4223.48 190.025 0.496955 7.99148 11.3237
527.355 4223.48 65.5935 0.55879 8.49512 9.60938
528.435 4223.48 32.8368 0.342583 14.9791 0.669458
529.515 4223.48 33.6539 0.478019 10.4451 0.669572
530.595 4223.48 36.3801 0.461049 11.0267 1.66973
531.675 4223.48 37.224 0.453979 11.1383 0.229742
532.755 4223.48 37.0005 0.472555 10.4451 0.315784
533.835 4223.48 38.4149 0.474028 10.4451 0.576493
534.915 4223.48 31.3227 0.397942 12.93 0.401879
535.995 4223.48 27.0495 0.436577 11.5437 0.6174
537.075 4223.48 19.5088 0.466531 10.4451 0.240757
538.155 4223.48 15.1897 0.330683 15.2573 0.692524
539.235 4223.48 22.9188 0.472602 9.62992 6.51867
540.315 4223.48 14.3763 0.291384 19.9635 0.216487
541.395 4223.48 15.3841 0.289564 19.9451 0.251121
542.475 4223.48 17.6791 0.463794 10.4451 0.614745
543.555 4223.48 17.3266 0.415107 12.0546 0.434159
544.635 4223.48 19.381 0.459601 10.4451 0.284092
545.715 4223.48 20.1416 0.426259 11.5437 0.186046
546.795 4223.48 21.6526 0.461282 10.4451 0.647448
547.875 4223.48 27.2089 0.466626 10.4451 1.70078
548.955 4223.48 24.4512 0.288227 19.9164 0.264773
550.035 4223.48 24.4991 0.288471 19.9126 0.390202
551.115 4223.48 27.2484 0.461697 10.4451 0.525723
552.195 4223.48 28.5867 0.431587 11.5437 0.440033
553.275 4223.48 30.2209 0.446594 11.1383 0.199455
554.355 4223.48 31.2226 0.465772 10.4451 0.35945
555.435 4223.48 33.5682 0.44674 11.1383 0.535415
556.515 4223.48 36.0187 0.468613 10.4451 0.0985071
557.595 4223.48 38.6669 0.472037 10.4451 0.440507
558.675 4223.48 39.1857 0.468583 10.4451 0.351394
559.755 4223.48 41.4861 0.471215 10.4451 0.239791
560.835 4223.48 42.0261 0.38372 13.4896 0.389365
561.915 4223.48 57.2472 0.431721 10.4451 8.12483
562.995 4223.48 47.721 0.474884 10.4451 0.336435
564.075 4223.48 50.3477 0.474208 10.4451 0.121322
565.155 4223.48 51.8168 0.442427 11.5986 0.39093
566.235 4223.48 60.0581 0.468328 10.8203 1.02535
567.315 4223.48 66.1223 0.413817 12.6849 0.664809
568.395 4223.48 75.103 0.488266 10.2932 1.4512
569.475 4223.48 70.0505 0.4928 10.4784 3.77319
570.555 4223.48 61.126 0.381072 13.741 0.0546016
571.635 4223.48 62.5888 0.458362 11.1383 0.295814
572.715 4223.48 67.6215 0.474044 10.4451 0.609988
573.795 4223.48 71.4105 0.392295 13.3896 0.481168
574.875 4223.48 75.1835 0.453236 11.1383 0.974344
575.955 4223.48 77.7556 0.454616 11.1383 0.508274
577.035 4223.48 81.5975 0.421703 12.391 0.498565
578.115 4223.48 84.6241 0.476901 10.4451 0.330098
579.195 4223.48 85.3191 0.475426 10.4451 0.253627
580.275 4223.48 82.8783 0.304244 16.976 0.308475
581.355 4223.48 84.8334 0.401819 13.0101 0.168341
582.435 4223.48 88.0693 0.474914 10.4451 0.215124
583.515 4223.48 89.5968 0.454569 11.1383 0.264203
584.595 4223.48 91.4601 0.456312 11.1383 0.406289
585.675 4223.48 95.4431 0.4735 10.4451 0.114797
586.755 4223.48 96.3236 0.410569 12.6423 0.254789
587.835 4223.48 99.7859 0.472346 10.4451 0.0797101
588.915 4223.48 102.978 0.32904 15.3796 0.0564841
589.995 4223.48 106 0.470583 10.4451 0.114073
591.075 4223.48 105.853 0.331878 15.2491 0.209966
592.155 4223.48 109.234 0.298389 17.981 0.481347
593.235 4223.48 115.44 0.46804 10.4451 0.366765
594.315 4223.48 118.483 0.466381 10.4451 0.300434
595.395 4223.48 120.789 0.367295 14.0702 1.16036
596.475 4223.48 127.095 0.40716 12.5246 0.639172
597.555 4223.48 135.97 0.449307 11.0762 0.547799
598.635 4223.48 141.083 0.446023 11.1102 0.313318
599.715 4223.48 152.295 0.47009 10.171 1.00176
600.795 4223.48 163.582 0.490156 9.59079 1.62417
601.875 4223.48 206.47 0.446636 10.019 5.39957
602.955 4223.48 361.571 0.526651 7.65953 21.7206
604.035 4223.48 602.326 0.548047 9.12077 9.12802
605.115 4223.48 437.555 0.476487 7.93156 12.7979

456.075 4222.4 -120 -0.06 0 0
457.155 4222.4 -120 -0.06 0 0
458.235 4222.4 59.5079 0.538247 7.87054 13.3303
459.315 4222.4 233.983 0.567498 7.90371 10.9507
460.395 4222.4 128.183 0.534378 10.6194 12.9872
461.475 4222.4 162.785 0.614876 7.3564 18.5556
462.555 4222.4 156.161 0.660753 8.62237 23.8022
463.635 4222.4 389.271 0.491267 8.27262 10.4323
464.715 4222.4 84.1489 0.477507 9.10909 11.7324
465.795 4222.4 86.3005 0.532712 8.66464 13.4731
466.875 4222.4 108.694 0.55373 7.96083 13.0817
467.955 4222.4 -120 -0.06 0 0
469.035 4222.4 -120 -0.06 0 0
470.115 4222.4 -120 -0.06 0 0
471.195 4222.4 -120 -0.06 0 0
472.275 4222.4 -120 -0.06 0 0
473.355 4222.4 -120 -0.06 0 0
474.435 4222.4 -120 -0.06 0 0
475.515 4222.4 -120 -0.06 0 0
476.595 4222.4 -120 -0.06 0 0
477.675 4222.4 -120 -0.06 0 0
478.755 4222.4 -120 -0.06 0 0
479.835 4222.4 -120 -0.06 0 0
480.915 4222.4 -120 -0.06 0 0
481.995 4222.4 -120 -0.06 0 0
483.075 4222.4 -120 -0.06 0 0
484.155 4222.4 -120 -0.06 0 0
485.235 4222.4 66.131 0.505741 8.93219 6.13465
486.315 4222.4 92.1582 0.463205 9.33848 7.8935
487.395 4222.4 86.2037 0.449792 11.8457 4.55403
488.475 4222.4 125.045 0.488392 9.57056 2.46447
489.555 4222.4 123.831 0.550717 9.19502 8.59256
490.635 4222.4 55.3472 0.475626 10.2203 2.53954
491.715 4222.4 183.051 0.50471 9.30105 0.837047
492.795 4222.4 71.0558 0.477688 11.8936 12.8323
493.875 4222.4 53.1847 0.469247 10.5204 2.48579
494.955 4222.4 151.361 0.529936 9.94461 11.8415
496.035 4222.4 355.275 0.490251 7.56827 17.9392
497.115 4222.4 466.798 0.611143 6.99391 29.5076
498.195 4222.4 367.208 0.569087 7.53915 18.2406
499.275 4222.4 274.028 0.469848 9.52061 10.2195
500.355 4222.4 268.356 0.570316 8.16909 6.42305
501.435 4222.4 347.705 0.62098 8.32376 13.7393
502.515 4222.4 361.057 0.648946 8.13638 21.3572
503.595 4222.4 331.462 0.4712 8.65121 14.8929
504.675 4222.4 352.45 0.496125 7.67378 18.8141
505.755 4222.4 284.027 0.582963 7.52833 19.4439
506.835 4222.4 87.3637 0.540854 8.78252 5.19515
507.915 4222.4 52.604 0.417272 12.5152 0.969625
508.995 4222.4 52 0.324544 15.8256 0
510.075 4222.4 52 0.322868 15.8919 0
511.155 4222.4 54.6958 0.450552 11.3665 1.97158
512.235 4222.4 94.0926 0.559869 8.4866 10.6738
513.315 4222.4 69.1024 0.478539 10.4451 0.465332
514.395 4222.4 64.9361 0.478826 10.4451 0.904905
515.475 4222.4 66.5335 0.492917 9.79281 3.2625
516.555 4222.4 54.7957 0.449325 11.5437 0.165316
517.635 4222.4 50.0043 0.448684 11.5437 0.181203
518.715 4222.4 55.8843 0.529474 9.18791 3.53409
519.795 4222.4 128.646 0.589159 8.19351 8.02275
520.875 4222.4 47.6854 0.315455 16.1545 0.35504
521.955 4222.4 46.949 0.433253 12.0546 0.298168
523.035 4222.4 47.8639 0.475559 10.6864 1.03448
524.115 4222.4 184.606 0.580775 7.94175 5.73389
525.195 4222.4 268.411 0.541189 8.18172 4.94677
526.275 4222.4 138.563 0.519965 8.60631 6.13987
527.355 4222.4 60.3333 0.387128 13.4165 1.57287
528.435 4222.4 41.4231 0.455443 11.1071 0.550137
529.515 4222.4 25.2034 0.411521 12.7477 0.923896
530.595 4222.4 33.8626 0.481648 10.4451 1.71124
531.675 4222.4 30.6691 0.379409 13.664 0.415037
532.755 4222.4 30.7908 0.451609 11.1383 0.417979
533.835 4222.4 30.9868 0.472896 10.4451 0.745064
534.915 4222.4 28.5751 0.470049 10.4451 0.686039
535.995 4222.4 21.6834 0.396039 12.93 0.151561
537.075 4222.4 19.0861 0.467013 10.4451 0.374295
538.155 4222.4 14.0063 0.406574 12.5246 0.56707
539.235 4222.4 12.9571 0.290816 19.9707 0.149997
540.315 4222.4 13.4414 0.391003 12.93 0.113142
541.395 4222.4 15.5433 0.357758 13.9715 0.408877
542.475 4222.4 18.6279 0.46082 10.4451 0.0229646
543.555 4222.4 18.0247 0.38084 13.1532 0.554335
544.635 4222.4 19.8087 0.459913 10.4451 0.152384
545.715 4222.4 21.5785 0.458136 10.4451 0.543202
546.795 4222.4 21.1803 0.442425 11.1383 0.252643
547.875 4222.4 23.9192 0.463266 10.4451 0.177817
548.955 4222.4 25.4709 0.463151 10.4451 0.276449
550.035 4222.4 26.8166 0.462275 10.4451 0.401301
551.115 4222.4 27.5135 0.466883 10.4451 0.288322
552.195 4222.4 29.4356 0.466931 10.4451 0.117229
553.275 4222.4 30.0238 0.467407 10.4451 0.365175
554.355 4222.4 32.7857 0.46621 10.4451 0.426423
555.435 4222.4 34.8 0.482811 9.37348 3.74225
556.515 4222.4 34.3559 0.300343 16.3144 0.301464
557.595 4222.4 37.0457 0.470728 10.4451 0.358327
558.675 4222.4 39.1851 0.473346 10.4451 0.397657
559.755 4222.4 40.6215 0.452363 11.1383 0.225094
560.835 4222.4 43.5045 0.474724 10.4451 0.4755
561.915 4222.4 44.4753 0.327574 15.5014 0.367312
562.995 4222.4 46.0139 0.454175 11.1383 0.575546
564.075 4222.4 48.1203 0.444516 11.5437 0.277837
565.155 4222.4 51.6558 0.303233 19.5133 0.392835
566.235 4222.4 53.0317 0.306464 19.4895 0.547101
567.315 4222.4 55.1559 0.307118 19.4823 0.557371
568.395 4222.4 57.7177 0.482537 10.4451 0.909636
569.475 4222.4 59.8389 0.477593 10.4451 0.177382
570.555 4222.4 61.039 0.477222 10.4451 0.290053
571.635 4222.4 64.9255 0.382983 13.7032 0.594247
572.715 4222.4 70.6391 0.446748 11.5437 0.411853
573.795 4222.4 78.3016 0.476661 10.4451 0.60629
574.875 4222.4 80.9655 0.434797 11.8314 0.824334
575.955 4222.4 85.9976 0.456405 11.1383 0.515774
577.035 4222.4 90.6187 0.394782 13.2783 0.484386
578.115 4222.4 91.8543 0.379061 13.9109 0.413105
579.195 4222.4 92.4205 0.406097 12.843 0.626902
580.275 4222.4 90.0888 0.342546 15.0895 0.259972
581.355 4222.4 86.3503 0.42878 12.0546 0.483044
582.435 4222.4 87.5502 0.382456 13.741 0.0957637
583.515 4222.4 101.186 0.497393 9.4668 1.84951
584.595 4222.4 100.741 0.470805 10.1621 2.70324
585.675 4222.4 102.478 0.405734 12.7064 1.13313
586.755 4222.4 106.598 0.421001 12.1383 0.994551
587.835 4222.4 105.763 0.337417 15.0503 0.659545
588.915 4222.4 108.466 0.437921 11.5437 0.859673
589.995 4222.4 107.933 0.333086 15.1725 0.543526
591.075 4222.4 110.976 0.424092 12.0546 0.484004
592.155 4222.4 113.573 0.471281 10.4451 0.185034
593.235 4222.4 116.256 0.47414 10.4451 0.985826
594.315 4222.4 119.066 0.296684 16.9144 0.164983
595.395 4222.4 122.6 0.46925 10.4451 0.186515
596.475 4222.4 126.313 0.469754 10.4451 0.439577
597.555 4222.4 130.719 0.466072 10.4451 0.394838
598.635 4222.4 136.08 0.437318 11.5437 0.819482
599.715 4222.4 146.586 0.465676 10.4451 0.577236
600.795 4222.4 156.686 0.475304 9.26241 6.97657
601.875 4222.4 211.64 0.51979 9.54758 6.6943
602.955 4222.4 253.289 0.458065 10.9061 4.65924
604.035 4222.4 408.651 0.596974 8.84301 14.5422
605.115 4222.4 399.44 0.603623 9.04767 22.6981

456.075 4221.31 -120 -0.06 0 0
457.155 4221.31 -120 -0.06 0 0
458.235 4221.31 8.62448 0.488439 8.60416 6.18134
459.315 4221.31 80.0116 0.43301 9.63167 13.081
460.395 4221.31 249.234 0.511149 8.32661 4.66142
461.475 4221.31 88.4555 0.49587 7.61335 12.8568
462.555 4221.31 10.6468 0.38579 12.4998 2.84135
463.635 4221.31 250.391 0.619402 8.12246 21.1629
464.715 4221.31 204.978 0.54689 7.08179 18.7801
465.795 4221.31 9.42489 0.502046 9.66523 6.16822
466.875 4221.31 23.0673 0.580145 7.88976 9.52271
467.955 4221.31 -120 -0.06 0 0
469.035 4221.31 -120 -0.06 0 0
470.115 4221.31 -120 -0.06 0 0
471.195 4221.31 -120 -0.06 0 0
472.275 4221.31 -120 -0.06 0 0
473.355 4221.31 -120 -0.06 0 0
474.435 4221.31 -120 -0.06 0 0
475.515 4221.31 -120 -0.06 0 0
476.595 4221.31 -120 -0.06 0 0
477.675 4221.31 -120 -0.06 0 0
478.755 4221.31 -120 -0.06 0 0
479.835 4221.31 -120 -0.06 0 0
480.915 4221.31 -120 -0.06 0 0
481.995 4221.31 -120 -0.06 0 0
483.075 4221.31 -120 -0.06 0 0
484.155 4221.31 -120 -0.06 0 0
485.235 4221.31 7.16244 0.388274 13.3412 2.05413
486.315 4221.31 43.2783 0.484856 9.54222 5.45338
487.395 4221.31 112.976 0.503918 8.79962 4.14474
488.475 4221.31 137.228 0.490154 9.50809 2.35957
489.555 4221.31 139.37 0.491728 8.8197 10.0086
490.635 4221.31 109.846 0.483972 7.96964 11.2251
491.715 4221.31 45.6372 0.495062 9.93962 4.6825
492.795 4221.31 42.2412 0.47421 10.4444 2.1087
493.875 4221.31 99.0502 0.511529 9.19675 3.46402
494.955 4221.31 385.001 0.569156 7.54088 19.8624
496.035 4221.31 418.362 0.553126 8.21027 3.92319
497.115 4221.31 427.901 0.505784 9.69578 7.61447
498.195 4221.31 325.659 0.540973 7.84112 14.4509
499.275 4221.31 196.006 0.450074 12.0576 8.63684
500.355 4221.31 199.196 0.336051 14.6072 3.84455
501.435 4221.31 284.873 0.552501 7.20913 20.8979
502.515 4221.31 440.501 0.497657 7.96234 10.1973
503.595 4221.31 245.768 0.495285 8.45776 10.3517
504.675 4221.31 270.568 0.61324 7.36735 14.2425
505.755 4221.31 138.043 0.554506 7.66697 8.1513
506.835 4221.31 132.596 0.565781 8.30485 5.8868
507.915 4221.31 82.9065 0.543667 8.19375 8.17176
508.995 4221.31 52 0.43818 11.8314 0
510.075 4221.31 56.5772 0.48126 9.91848 2.59877
511.155 4221.31 84.2325 0.501956 9.33645 2.39387
512.235 4221.31 77.137 0.40385 12.9782 0.547763
513.315 4221.31 102.921 0.51961 9.08742 6.82891
514.395 4221.31 91.9658 0.451593 11.1062 1.50713
515.475 4221.31 88.6097 0.493344 8.55848 8.02069
516.555 4221.31 60.6403 0.44121 11.7012 1.06884
517.635 4221.31 49.6759 0.461494 11.0343 1.04964
518.715 4221.31 48.9841 0.477059 10.4451 0.181506
519.795 4221.31 47.172 0.443309 11.5437 0.496957
520.875 4221.31 48.1369 0.302963 17.0652 0.149342
521.955 4221.31 46.1006 0.49697 9.75077 0.11185
523.035 4221.31 50.7181 0.424237 11.764 2.59762
524.115 4221.31 177.224 0.54915 7.78836 14.7181
525.195 4221.31 268.662 0.539157 8.69828 7.73996
526.275 4221.31 108.955 0.34181 13.1705 12.8314
527.355 4221.31 178.352 0.561754 7.52147 17.3407
528.435 4221.31 36.0855 0.452862 11.1041 1.21882
529.515 4221.31 24.2041 0.47217 10.4451 0.441676
530.595 4221.31 21.1108 0.434951 11.8314 0.812549
531.675 4221.31 22.0509 0.470247 10.4451 0.358502
532.755 4221.31 23.2982 0.409849 12.5246 1.34691
533.835 4221.31 24.1639 0.376257 13.7032 0.541891
534.915 4221.31 21.728 0.394303 13.0101 0.368367
535.995 4221.31 21.5138 0.465805 10.4451 0.847606
537.075 4221.31 15.6405 0.466306 10.4451 0.966739
538.155 4221.31 12.4652 0.289132 17.9396 0.221884
539.235 4221.31 15.0952 0.464643 10.4451 0.344883
540.315 4221.31 15.8337 0.46195 10.4451 0.177696
541.395 4221.31 16.6241 0.46252 10.4451 0.278433
542.475 4221.31 17.9257 0.460424 10.4451 0.156005
543.555 4221.31 17.5443 0.382798 13.1532 0.742319
544.635 4221.31 17.2433 0.399682 12.5246 0.186895
545.715 4221.31 18.7119 0.353142 14.2293 0.376121
546.795 4221.31 20.8074 0.399559 12.6423 0.271805
547.875 4221.31 24.3147 0.462729 10.4451 0.218324
548.955 4221.31 24.2263 0.464396 10.4451 0.077409
550.035 4221.31 24.4416 0.385016 13.2177 0.133499
551.115 4221.31 23.2763 0.337474 14.8271 0.764287
552.195 4221.31 26.6355 0.467299 10.4451 0.493672
553.275 4221.31 28.2753 0.364115 14.056 0.127337
554.355 4221.31 29.7983 0.394501 13.0842 0.417642
555.435 4221.31 43.8117 0.480988 9.76379 6.17613
556.515 4221.31 36.3104 0.460385 10.9026 0.30086
557.595 4221.31 37.7432 0.475263 10.4451 0.510473
558.675 4221.31 39.7951 0.307482 16.2166 0.177634
559.755 4221.31 40.8939 0.473328 10.4451 0.298296
560.835 4221.31 42.2304 0.312552 16.0727 0.196613
561.915 4221.31 45.2284 0.476472 10.4451 0.357762
562.995 4221.31 47.2584 0.4561 11.1383 0.294116
564.075 4221.31 48.7142 0.304791 19.5142 0.130513
565.155 4221.31 50.9109 0.455936 11.1383 0.544092
566.235 4221.31 65.8253 0.467309 10.4451 7.18915
567.315 4221.31 56.5244 0.329854 15.5926 0.509163
568.395 4221.31 57.9907 0.313798 16.115 0.541102
569.475 4221.31 63.326 0.446604 11.5437 0.415682
570.555 4221.31 66.808 0.478218 10.4451 0.691705
571.635 4221.31 70.2461 0.440075 11.8314 0.611327
572.715 4221.31 76.9158 0.395835 13.3896 0.46018
573.795 4221.31 83.0903 0.351971 14.8759 0.71534
574.875 4221.31 91.0086 0.442132 11.7553 0.844871
575.955 4221.31 97.5827 0.304341 17.0214 0.671362
577.035 4221.31 100.589 0.460843 10.9789 0.936118
578.115 4221.31 101.686 0.405911 12.854 1.01071
579.195 4221.31 103.492 0.419519 12.456 0.601992
580.275 4221.31 103.772 0.489237 10.0128 0.71327
581.355 4221.31 102.45 0.507354 8.76939 4.1182
582.435 4221.31 140.687 0.513788 8.32311 7.23729
583.515 4221.31 174.769 0.473812 9.21566 8.62614
584.595 4221.31 298.958 0.560113 7.72255 16.6418
585.675 4221.31 134.425 0.533688 8.19093 3.25964
586.755 4221.31 121.716 0.447639 11.2659 1.06713
587.835 4221.31 121.135 0.439121 11.4314 1.60962
588.915 4221.31 117.837 0.385104 13.3845 0.992076
589.995 4221.31 119.202 0.35352 14.4705 0.827873
591.075 4221.31 119.93 0.450406 11.1383 0.671192
592.155 4221.31 121.335 0.478596 10.2805 0.383301
593.235 4221.31 124.406 0.516071 9.52949 3.92535
594.315 4221.31 123.423 0.402775 12.7477 0.659381
595.395 4221.31 123.515 0.29331 16.8972 0.587676
596.475 4221.31 128.709 0.464987 10.4451 0.715619
597.555 4221.31 128.229 0.29554 17.0771 0.613046
598.635 4221.31 131.643 0.336151 14.9777 0.192157
599.715 4221.31 137.282 0.338562 14.8995 0.46987
600.795 4221.31 146.355 0.374899 13.6257 0.869734
601.875 4221.31 173.042 0.504164 9.23648 1.80691
602.955 4221.31 246.256 0.453919 9.03508 16.003
604.035 4221.31 455.72 0.48453 7.74668 11.887
605.115 4221.31 536.368 0.524552 8.21905 23.2727

456.075 4220.23 -120 -0.06 0 0
457.155 4220.23 -120 -0.06 0 0
458.235 4220.23 -120 -0.06 0 0
459.315 4220.23 50.2926 0.633552 7.83946 17.7558
460.395 4220.23 94.246 0.570873 8.80402 14.5852
461.475 4220.23 132.086 0.544563 8.25002 13.2308
462.555 4220.23 40.0478 0.52703 8.6989 4.37845
463.635 4220.23 163.21 0.645439 7.59385 22.2174
464.715 4220.23 260.812 0.542469 7.54048 13.8961
465.795 4220.23 15.6132 0.460536 10.2993 9.02415
466.875 4220.23 -120 -0.06 0 0
467.955 4220.23 -120 -0.06 0 0
469.035 4220.23 -120 -0.06 0 0
470.115 4220.23 -120 -0.06 0 0
471.195 4220.23 -120 -0.06 0 0
472.275 4220.23 -120 -0.06 0 0
473.355 4220.23 -120 -0.06 0 0
474.435 4220.23 -120 -0.06 0 0
475.515 4220.23 -120 -0.06 0 0
476.595 4220.23 -120 -0.06 0 0
477.675 4220.23 -120 -0.06 0 0
478.755 4220.23 -120 -0.06 0 0
479.835 4220.23 -120 -0.06 0 0
480.915 4220.23 -120 -0.06 0 0
481.995 4220.23 -120 -0.06 0 0
483.075 4220.23 -120 -0.06 0 0
484.155 4220.23 -120 -0.06 0 0
485.235 4220.23 3.26989 0.484693 9.7591 1.64288
486.315 4220.23 71.8946 0.516364 8.17702 14.2647
487.395 4220.23 107.484 0.528213 8.56673 9.37215
488.475 4220.23 139.484 0.596285 8.21003 11.9824
489.555 4220.23 189.816 0.466068 9.77152 9.84981
490.635 4220.23 281.779 0.535652 7.52337 22.4176
491.715 4220.23 79.4854 0.483349 8.89526 6.33971
492.795 4220.23 35.189 0.446796 10.9925 1.67342
493.875 4220.23 121.181 0.472892 8.46591 10.7088
494.955 4220.23 171.471 0.481162 11.6135 8.40023
496.035 4220.23 393.605 0.625079 7.69877 26.5226
497.115 4220.23 492.264 0.664623 7.34361 16.4303
498.195 4220.23 282.529 0.670712 7.13053 19.4292
499.275 4220.23 256.786 0.495817 7.53902 14.2378
500.355 4220.23 325.986 0.506134 7.9679 10.3937
501.435 4220.23 371.086 0.50461 8.17475 16.8598
502.515 4220.23 314.763 0.50409 9.99065 7.74566
503.595 4220.23 356.119 0.620694 7.27658 17.177
504.675 4220.23 177.699 0.546418 7.95823 5.46866
505.755 4220.23 212.332 0.496639 7.58785 22.3227
506.835 4220.23 64.516 0.401829 12.0888 7.15726
507.915 4220.23 263.802 0.507529 6.9484 18.2315
508.995 4220.23 70.4136 0.498008 8.94529 4.67997
510.075 4220.23 62.5294 0.340353 14.9777 1.96627
511.155 4220.23 80.7022 0.395279 13.1843 0.805842
512.235 4220.23 91.4538 0.486641 9.9568 0.983239
513.315 4220.23 129.35 0.467757 8.62609 13.7584
514.395 4220.23 181.703 0.57573 8.05055 16.7461
515.475 4220.23 129.854 0.472399 8.80007 15.1794
516.555 4220.23 235.036 0.489457 7.89356 18.3726
517.635 4220.23 176.063 0.512451 8.1211 6.53047
518.715 4220.23 47.9881 0.428937 12.0546 0.527607
519.795 4220.23 50.3586 0.299546 17.0118 0.444135
520.875 4220.23 65.2694 0.469864 10.5093 0.786202
521.955 4220.23 175.363 0.565687 8.37454 17.1243
523.035 4220.23 184.023 0.463304 9.03019 13.3478
524.115 4220.23 234.175 0.523576 7.66309 13.1134
525.195 4220.23 147.607 0.392087 12.1908 7.91711
526.275 4220.23 303.775 0.487921 7.41357 17.8598
527.355 4220.23 168.215 0.498498 7.96023 15.6024
528.435 4220.23 47.7219 0.464299 10.625 2.41487
529.515 4220.23 22.3781 0.406025 12.7332 0.870774
530.595 4220.23 18.8756 0.468657 10.4451 0.0921488
531.675 4220.23 19.0809 0.468705 10.4451 0.352066
532.755 4220.23 18.2019 0.384132 13.3896 0.580999
533.835 4220.23 18.3237 0.363838 13.9109 0.417676
534.915 4220.23 16.6966 0.378319 13.5362 0.569993
535.995 4220.23 16.4276 0.394736 12.843 0.0343328
537.075 4220.23 14.203 0.444826 11.1383 0.359361
538.155 4220.23 14.579 0.462559 10.4451 0.18711
539.235 4220.23 15.0081 0.460745 10.4451 0.415975
540.315 4220.23 14.9135 0.415042 12.0546 0.250844
541.395 4220.23 14.1813 0.443431 11.1383 0.247359
542.475 4220.23 16.702 0.461639 10.4451 0.213342
543.555 4220.23 16.8566 0.427764 11.5437 0.513703
544.635 4220.23 18.144 0.441361 11.1383 0.140674
545.715 4220.23 19.9272 0.464304 10.4451 0.45222
546.795 4220.23 21.5598 0.444131 11.1383 0.118992
547.875 4220.23 19.7092 0.289697 16.5319 0.709868
548.955 4220.23 23.2044 0.309476 15.785 0.415202
550.035 4220.23 24.4758 0.293969 16.2622 0.880218
551.115 4220.23 26.1032 0.448641 11.1383 0.585
552.195 4220.23 28.3442 0.46901 10.4451 0.457242
553.275 4220.23 29.0831 0.451425 11.1383 0.166075
554.355 4220.23 31.0739 0.470564 10.4451 0.253688
555.435 4220.23 49.6286 0.511071 10.1805 6.39996
556.515 4220.23 68.9369 0.492432 9.11929 6.66245
557.595 4220.23 47.3453 0.417765 12.0782 2.94629
558.675 4220.23 61.4032 0.507233 8.75425 7.22661
559.755 4220.23 67.7946 0.478377 8.8214 9.17816
560.835 4220.23 45.9999 0.479606 10.2543 0.821926
561.915 4220.23 46.8807 0.452298 11.0766 1.48297
562.995 4220.23 50.4001 0.320569 15.9382 1.05693
564.075 4220.23 78.4858 0.54082 9.48835 5.85668
565.155 4220.23 61.3431 0.498852 10.1902 1.98839
566.235 4220.23 53.9466 0.503382 9.68839 0.482548
567.315 4220.23 128.025 0.49695 8.82217 9.7452
568.395 4220.23 63.0503 0.338432 15.3651 0.25755
569.475 4220.23 69.8038 0.482635 10.4451 0.431858
570.555 4220.23 72.7865 0.429993 12.2369 0.397462
571.635 4220.23 77.4768 0.408465 12.843 1.03563
572.715 4220.23 86.207 0.481604 10.4086 0.654279
573.795 4220.23 91.7223 0.448894 11.5373 0.650588
574.875 4220.23 96.6243 0.374668 14.1744 0.685246
575.955 4220.23 112.542 0.486376 10.1191 1.38234
577.035 4220.23 116.059 0.463732 10.8961 1.37511
578.115 4220.23 115.965 0.423912 12.287 1.13608
579.195 4220.23 116.665 0.437083 11.8181 1.18169
580.275 4220.23 118.759 0.384369 13.6856 0.945518
581.355 4220.23 167.803 0.498791 8.65665 9.37505
582.435 4220.23 311.1 0.510489 7.28856 21.5243
583.515 4220.23 498.694 0.50836 9.01967 3.74628
584.595 4220.23 318.534 0.659126 8.23144 17.4358
585.675 4220.23 222.799 0.49749 8.30122 17.9383
586.755 4220.23 137.688 0.366182 14.2035 0.913652
587.835 4220.23 140.776 0.492646 9.72164 1.24438
588.915 4220.23 133.044 0.398288 13.0811 0.521711
589.995 4220.23 133.276 0.445236 11.334 1.03347
591.075 4220.23 131.641 0.487205 9.4752 3.11722
592.155 4220.23 133.312 0.438826 11.529 0.862912
593.235 4220.23 149.009 0.503219 8.75464 8.40094
594.315 4220.23 131.955 0.450104 11.1283 0.632718
595.395 4220.23 131.123 0.453099 10.9132 0.901068
596.475 4220.23 131.118 0.445802 11.1431 1.12134
597.555 4220.23 134.917 0.351479 14.3343 0.944913
598.635 4220.23 139.395 0.449356 10.763 2.06929
599.715 4220.23 138.728 0.358987 14.0827 0.48073
600.795 4220.23 141.244 0.294049 16.3747 0.35263
601.875 4220.23 149.16 0.448799 11.0577 0.747974
602.955 4220.23 182.198 0.49607 8.98171 7.25949
604.035 4220.23 417.21 0.578679 7.8869 7.64581
605.115 4220.23 355.691 0.510427 9.68189 13.0941

456.075 4219.15 -120 -0.06 0 0
457.155 4219.15 -120 -0.06 0 0
458.235 4219.15 -120 -0.06 0 0
459.315 4219.15 -120 -0.06 0 0
460.395 4219.15 12.1614 0.522141 9.87679 8.60244
461.475 4219.15 19.4363 0.561559 7.94339 10.5289
462.555 4219.15 -120 -0.06 0 0
463.635 4219.15 45.637 0.549423 8.44139 21.2834
464.715 4219.15 318.66 0.501192 8.35961 4.10362
465.795 4219.15 77.3939 0.475933 8.68737 17.3555
466.875 4219.15 -120 -0.06 0 0
467.955 4219.15 -120 -0.06 0 0
469.035 4219.15 -120 -0.06 0 0
470.115 4219.15 -120 -0.06 0 0
471.195 4219.15 -120 -0.06 0 0
472.275 4219.15 -120 -0.06 0 0
473.355 4219.15 -120 -0.06 0 0
474.435 4219.15 -120 -0.06 0 0
475.515 4219.15 -120 -0.06 0 0
476.595 4219.15 -120 -0.06 0 0
477.675 4219.15 -120 -0.06 0 0
478.755 4219.15 -120 -0.06 0 0
479.835 4219.15 -120 -0.06 0 0
480.915 4219.15 -120 -0.06 0 0
481.995 4219.15 -120 -0.06 0 0
483.075 4219.15 -120 -0.06 0 0
484.155 4219.15 -120 -0.06 0 0
485.235 4219.15 -120 -0.06 0 0
486.315 4219.15 41.1919 0.502492 8.99352 13.1388
487.395 4219.15 37.865 0.471136 9.65874 3.29416
488.475 4219.15 108.7 0.410767 11.7549 16.7278
489.555 4219.15 191.935 0.494531 9.61949 7.52421
490.635 4219.15 316.776 0.631964 7.58152 14.1657
491.715 4219.15 97.765 0.650219 7.57593 19.805
492.795 4219.15 58.9338 0.508587 8.59816 10.4652
493.875 4219.15 91.4635 0.44056 10.8786 3.7674
494.955 4219.15 136.29 0.519879 9.18479 3.96224
496.035 4219.15 182.105 0.584846 8.72624 12.7893
497.115 4219.15 222.349 0.566659 7.72335 8.90798
498.195 4219.15 173.891 0.513976 8.4709 9.18044
499.275 4219.15 512.526 0.665036 7.25667 22.1335
500.355 4219.15 524.281 0.519672 8.88586 1.27896
501.435 4219.15 371.43 0.718148 7.88553 24.9659
502.515 4219.15 268.399 0.538304 10.1801 16.6544
503.595 4219.15 339.12 0.415016 11.1383 7.30955
504.675 4219.15 197.987 0.550966 8.68728 11.685
505.755 4219.15 313.268 0.65219 7.45271 21.3559
506.835 4219.15 200.247 0.654829 7.64988 25.9283
507.915 4219.15 472.473 0.593272 7.53913 13.9757
508.995 4219.15 132.026 0.445038 13.1762 17.2587
510.075 4219.15 191.724 0.462869 8.28879 21.4345
511.155 4219.15 144.259 0.518308 8.80348 6.12262
512.235 4219.15 119.41 0.422475 11.8208 2.3768
513.315 4219.15 155.412 0.528705 8.31732 13.8073
514.395 4219.15 153.266 0.579214 7.7928 25.6656
515.475 4219.15 89.3038 0.506043 9.79356 3.61625
516.555 4219.15 90.1447 0.567383 8.81773 9.15474
517.635 4219.15 140.835 0.601977 8.08076 11.8
518.715 4219.15 46.9149 0.478136 10.3383 0.288599
519.795 4219.15 48.2049 0.350165 14.5902 0.684988
520.875 4219.15 61.6813 0.399804 13.2181 1.36811
521.955 4219.15 100.652 0.407968 12.4626 4.9221
523.035 4219.15 197.466 0.567572 8.75163 8.37279
524.115 4219.15 277.313 0.521397 8.87665 7.14783
525.195 4219.15 235.545 0.526451 8.69384 8.48053
526.275 4219.15 335.546 0.621213 8.54255 16.0652
527.355 4219.15 402.967 0.548329 7.16796 21.0572
528.435 4219.15 95.654 0.476811 10.0828 10.8149
529.515 4219.15 25.0115 0.422107 12.1086 2.10284
530.595 4219.15 15.9116 0.466535 10.4451 0.18059
531.675 4219.15 14.5017 0.410667 12.391 0.103149
532.755 4219.15 15.1521 0.44697 11.1383 0.299558
533.835 4219.15 14.1626 0.344426 14.6348 0.391625
534.915 4219.15 14.1684 0.368342 13.8124 0.199134
535.995 4219.15 15.9591 0.464548 10.4451 0.089796
537.075 4219.15 14.6632 0.44487 11.1383 0.306286
538.155 4219.15 14.3077 0.443835 11.1383 0.174419
539.235 4219.15 13.7487 0.397504 12.7477 0.424069
540.315 4219.15 13.8379 0.44448 11.1383 0.0484883
541.395 4219.15 15.4803 0.463687 10.4451 0.392273
542.475 4219.15 17.6342 0.463861 10.4451 0.0992522
543.555 4219.15 17.8416 0.464726 10.4451 0.272852
544.635 4219.15 19.1473 0.461795 10.4451 0.491211
545.715 4219.15 17.7945 0.426463 11.8314 0.509898
546.795 4219.15 20.5109 0.39371 12.93 0.60464
547.875 4219.15 32.8441 0.493164 9.90412 2.36819
548.955 4219.15 63.2944 0.52905 8.67468 2.14847
550.035 4219.15 23.4135 0.365889 14.0827 0.748227
551.115 4219.15 25.6556 0.483036 9.93648 0.398284
552.195 4219.15 26.3874 0.331333 15.2654 0.368434
553.275 4219.15 28.9142 0.470669 10.4451 0.506758
554.355 4219.15 35.6603 0.459143 10.7928 1.97625
555.435 4219.15 47.9669 0.384656 13.5633 1.2774
556.515 4219.15 120 0.504905 8.20339 9.98985
557.595 4219.15 128.463 0.48981 9.24087 4.81537
558.675 4219.15 151.412 0.522083 8.27492 3.97252
559.755 4219.15 101.367 0.542117 9.09711 9.66798
560.835 4219.15 59.7258 0.527363 9.21041 5.32569
561.915 4219.15 74.8677 0.497854 10.1203 3.54759
562.995 4219.15 57.0478 0.480153 10.4451 1.06194
564.075 4219.15 56.7582 0.480371 10.4451 0.338469
565.155 4219.15 59.863 0.46282 10.5406 3.26017
566.235 4219.15 70.1691 0.437252 12.0931 0.266696
567.315 4219.15 70.6004 0.426625 12.391 0.317488
568.395 4219.15 71.0622 0.347799 15.0701 0.555816
569.475 4219.15 77.0787 0.483766 10.4451 0.730993
570.555 4219.15 83.7179 0.483463 10.4451 0.389628
571.635 4219.15 89.3223 0.466147 10.9749 0.955104
572.715 4219.15 93.4331 0.400735 13.2329 0.834513
573.795 4219.15 104.944 0.476909 10.6853 0.661898
574.875 4219.15 108.977 0.424705 12.4079 0.92887
575.955 4219.15 119.365 0.497903 9.95648 0.607968
577.035 4219.15 131.162 0.476637 10.6497 0.739384
578.115 4219.15 134.491 0.500957 9.74934 1.29024
579.195 4219.15 128.848 0.504159 9.32328 2.77714
580.275 4219.15 143.55 0.460006 11.458 1.17651
581.355 4219.15 191.912 0.577303 8.63802 7.65393
582.435 4219.15 250.382 0.581104 8.50458 7.40608
583.515 4219.15 300.271 0.539194 8.13325 7.03302
584.595 4219.15 254.114 0.509473 9.17072 6.48185
585.675 4219.15 216.106 0.522068 8.66637 8.03091
586.755 4219.15 170.654 0.494857 8.92606 6.11102
587.835 4219.15 170.943 0.50471 9.32613 1.84548
588.915 4219.15 152.668 0.418647 12.2659 1.50525
589.995 4219.15 157.828 0.50061 9.39038 1.89299
591.075 4219.15 150.566 0.388775 13.2856 1.27349
592.155 4219.15 164.804 0.485002 10.0515 3.97102
593.235 4219.15 163.221 0.500701 9.20278 4.61309
594.315 4219.15 150.646 0.484236 9.92769 0.937794
595.395 4219.15 173.029 0.500728 7.79732 10.3677
596.475 4219.15 221.662 0.560613 7.69176 12.3539
597.555 4219.15 151.986 0.444499 11.0058 2.09637
598.635 4219.15 162.17 0.484755 9.52581 2.21274
599.715 4219.15 160.052 0.489338 8.46416 8.53381
600.795 4219.15 221.869 0.517307 7.5648 23.6869
601.875 4219.15 147.967 0.382785 13.0069 1.67259
602.955 4219.15 153.294 0.345409 14.5486 0.374875
604.035 4219.15 231.093 0.493064 9.98103 14.2947
605.115 4219.15 393.666 0.559286 7.92465 16.2002

456.075 4218.07 -120 -0.06 0 0
457.155 4218.07 -120 -0.06 0 0
458.235 4218.07 -120 -0.06 0 0
459.315 4218.07 -120 -0.06 0 0
460.395 4218.07 -120 -0.06 0 0
461.475 4218.07 -120 -0.06 0 0
462.555 4218.07 -120 -0.06 0 0
463.635 4218.07 96.3085 0.654802 7.23016 21.0894
464.715 4218.07 221.148 0.665319 7.60295 33.2893
465.795 4218.07 76.7386 0.617595 7.29058 18.294
466.875 4218.07 -120 -0.06 0 0
467.955 4218.07 -120 -0.06 0 0
469.035 4218.07 -120 -0.06 0 0
470.115 4218.07 -120 -0.06 0 0
471.195 4218.07 -120 -0.06 0 0
472.275 4218.07 -120 -0.06 0 0
473.355 4218.07 -120 -0.06 0 0
474.435 4218.07 -120 -0.06 0 0
475.515 4218.07 -120 -0.06 0 0
476.595 4218.07 -120 -0.06 0 0
477.675 4218.07 -120 -0.06 0 0
478.755 4218.07 -120 -0.06 0 0
479.835 4218.07 -120 -0.06 0 0
480.915 4218.07 -120 -0.06 0 0
481.995 4218.07 -120 -0.06 0 0
483.075 4218.07 -120 -0.06 0 0
484.155 4218.07 -120 -0.06 0 0
485.235 4218.07 -120 -0.06 0 0
486.315 4218.07 2.90753 0.357217 13.9203 0.0802854
487.395 4218.07 30.8617 0.474241 9.56271 3.48685
488.475 4218.07 114.272 0.514688 9.04388 11.7901
489.555 4218.07 281.949 0.491568 7.49692 14.7838
490.635 4218.07 140.338 0.54112 9.4825 9.13405
491.715 4218.07 48.3156 0.515956 8.80775 2.83087
492.795 4218.07 68.1808 0.515769 8.47348 1.85318
493.875 4218.07 122.768 0.467318 9.84458 4.93134
494.955 4218.07 94.4953 0.519324 8.65901 0.882327
496.035 4218.07 132.37 0.46544 10.0194 3.62155
497.115 4218.07 151.567 0.548511 8.03442 9.11376
498.195 4218.07 305.958 0.497856 7.94937 16.3288
499.275 4218.07 525.609 0.502701 9.21333 6.09318
500.355 4218.07 380.093 0.647139 8.00412 17.2502
501.435 4218.07 321.2 0.614582 7.37206 22.6066
502.515 4218.07 309.747 0.603651 7.34574 9.59879
503.595 4218.07 318.229 0.539396 9.07475 6.80877
504.675 4218.07 145.396 0.499641 8.99935 12.6137
505.755 4218.07 106.562 0.537409 8.51606 20.7614
506.835 4218.07 391.826 0.67909 7.77564 30.0539
507.915 4218.07 344.596 0.526153 8.77424 18.9527
508.995 4218.07 300.724 0.629455 7.12392 17.2141
510.075 4218.07 532.999 0.495552 6.94224 19.6502
511.155 4218.07 396.42 0.477539 8.60668 14.934
512.235 4218.07 195.113 0.475656 8.45786 14.7442
513.315 4218.07 196.613 0.48457 9.11146 5.65689
514.395 4218.07 137.032 0.535085 8.89512 13.2519
515.475 4218.07 84.6872 0.450757 10.9618 1.4942
516.555 4218.07 68.1106 0.499893 9.48462 0.738695
517.635 4218.07 129.084 0.504037 7.96628 10.7406
518.715 4218.07 104.244 0.523215 8.32975 18.8215
519.795 4218.07 52.06 0.366163 14.1211 0.389392
520.875 4218.07 167.192 0.664983 7.49291 20.2185
521.955 4218.07 321.735 0.520159 8.2216 4.6625
523.035 4218.07 340.594 0.487863 7.89877 11.9836
524.115 4218.07 349.978 0.512002 8.54142 2.58747
525.195 4218.07 280.658 0.440256 9.50954 16.072
526.275 4218.07 378.9 0.478375 9.64862 6.73755
527.355 4218.07 452.476 0.603819 7.17028 28.4076
528.435 4218.07 160.459 0.593151 8.42573 15.8191
529.515 4218.07 28.6 0.453029 10.7965 2.83927
530.595 4218.07 12.723 0.367939 13.8124 0.135554
531.675 4218.07 13.1277 0.365565 13.9109 0.17875
532.755 4218.07 12.4354 0.362872 14.0005 0.235468
533.835 4218.07 12.7029 0.361352 14.0827 0.0443092
534.915 4218.07 13.0573 0.361217 14.1587 0.40585
535.995 4218.07 12.6527 0.369258 13.741 0.360761
537.075 4218.07 13.5599 0.405037 12.6423 0.462966
538.155 4218.07 14.8124 0.443772 11.1383 0.57117
539.235 4218.07 12.635 0.425537 11.8314 0.144839
540.315 4218.07 12.7971 0.449125 11.1383 0.526602
541.395 4218.07 17.2391 0.468878 10.4451 0.509325
542.475 4218.07 17.4014 0.464886 10.4451 0.22873
543.555 4218.07 15.2078 0.326526 15.3355 0.507596
544.635 4218.07 16.9135 0.357677 14.1283 0.145028
545.715 4218.07 20.1555 0.333411 15.0198 0.176748
546.795 4218.07 30.1913 0.451337 10.8317 0.706013
547.875 4218.07 28.9001 0.38104 13.0134 2.78273
548.955 4218.07 46.0351 0.517761 8.78722 3.7517
550.035 4218.07 54.091 0.486906 8.89159 8.74703
551.115 4218.07 42.0496 0.495528 9.67106 3.02409
552.195 4218.07 26.0571 0.339331 14.956 0.46552
553.275 4218.07 62.1469 0.520084 9.31698 2.94075
554.355 4218.07 80.6702 0.371598 11.6436 15.6716
555.435 4218.07 171.96 0.548776 8.91078 4.96497
556.515 4218.07 96.8853 0.415594 11.8589 4.53312
557.595 4218.07 188.051 0.552554 8.39144 10.4943
558.675 4218.07 233.819 0.514167 8.30032 5.70864
559.755 4218.07 113.276 0.491528 8.19874 12.2098
560.835 4218.07 59.1783 0.326081 15.713 0.519802
561.915 4218.07 73.4313 0.511823 10.4451 6.0261
562.995 4218.07 62.6345 0.459285 11.0757 1.15836
564.075 4218.07 99.4629 0.487111 9.74237 4.57414
565.155 4218.07 72.4557 0.484209 10.4185 0.65836
566.235 4218.07 78.3575 0.361414 14.7324 0.0334542
567.315 4218.07 80.1311 0.437909 12.0546 0.494371
568.395 4218.07 79.6208 0.389246 13.7408 0.582342
569.475 4218.07 86.448 0.412383 12.8802 0.884169
570.555 4218.07 92.4705 0.349984 15.0276 0.944408
571.635 4218.07 102.405 0.454585 11.3892 1.3909
572.715 4218.07 116.903 0.52065 9.06705 1.6481
573.795 4218.07 131.239 0.512913 9.00827 5.67267
574.875 4218.07 136.979 0.506728 9.41068 3.04511
575.955 4218.07 211.339 0.484489 8.12652 16.744
577.035 4218.07 152.143 0.507992 9.51637 1.405
578.115 4218.07 200.15 0.592771 8.87583 12.0044
579.195 4218.07 210.64 0.491095 8.62064 11.5921
580.275 4218.07 300.932 0.490465 7.76936 19.0919
581.355 4218.07 258.449 0.508192 7.96915 11.68
582.435 4218.07 338.916 0.515552 7.48957 11.8236
583.515 4218.07 328.857 0.587306 7.63869 9.36578
584.595 4218.07 436.002 0.561322 7.12495 18.07
585.675 4218.07 405.942 0.507642 7.14468 19.9228
586.755 4218.07 254.871 0.472637 9.89785 6.32266
587.835 4218.07 252.385 0.502374 8.14397 12.6509
588.915 4218.07 209.76 0.469473 9.69967 7.24073
589.995 4218.07 196.663 0.517884 8.61717 3.16424
591.075 4218.07 172.055 0.422028 12.2094 1.17999
592.155 4218.07 185.317 0.421057 12.069 1.90597
593.235 4218.07 227.179 0.474411 9.10675 8.2223
594.315 4218.07 172.949 0.314056 15.7555 1.70201
595.395 4218.07 233.388 0.52345 7.77296 10.8173
596.475 4218.07 387.72 0.523447 7.37403 13.6896
597.555 4218.07 260.929 0.506242 8.36126 7.6038
598.635 4218.07 215.148 0.485016 9.17047 6.9787
599.715 4218.07 200.808 0.469349 9.16446 7.42226
600.795 4218.07 247.538 0.539973 8.63705 3.67538
601.875 4218.07 222.904 0.459698 8.19905 17.7093
602.955 4218.07 170.299 0.472508 9.74018 2.6291
604.035 4218.07 162.719 0.475057 10.0942 0.144788
605.115 4218.07 171.212 0.537948 9.30314 7.48925

456.075 4216.99 -120 -0.06 0 0
457.155 4216.99 -120 -0.06 0 0
458.235 4216.99 -120 -0.06 0 0
459.315 4216.99 -120 -0.06 0 0
460.395 4216.99 -120 -0.06 0 0
461.475 4216.99 -120 -0.06 0 0
462.555 4216.99 -120 -0.06 0 0
463.635 4216.99 25.0734 0.529949 8.84624 5.46011
464.715 4216.99 -120 -0.06 0 0
465.795 4216.99 8.66249 0.54935 8.38724 7.17676
466.875 4216.99 -120 -0.06 0 0
467.955 4216.99 -120 -0.06 0 0
469.035 4216.99 -120 -0.06 0 0
470.115 4216.99 -120 -0.06 0 0
471.195 4216.99 -120 -0.06 0 0
472.275 4216.99 -120 -0.06 0 0
473.355 4216.99 -120 -0.06 0 0
474.435 4216.99 -120 -0.06 0 0
475.515 4216.99 -120 -0.06 0 0
476.595 4216.99 -120 -0.06 0 0
477.675 4216.99 -120 -0.06 0 0
478.755 4216.99 -120 -0.06 0 0
479.835 4216.99 -120 -0.06 0 0
480.915 4216.99 -120 -0.06 0 0
481.995 4216.99 -120 -0.06 0 0
483.075 4216.99 -120 -0.06 0 0
484.155 4216.99 -120 -0.06 0 0
485.235 4216.99 -120 -0.06 0 0
486.315 4216.99 2.16237 0.424606 11.5619 3.24471
487.395 4216.99 77.8724 0.463979 8.37966 11.2221
488.475 4216.99 184.819 0.492897 8.81423 8.98239
489.555 4216.99 264.286 0.56077 8.13256 12.5685
490.635 4216.99 116.749 0.52267 8.0229 17.5025
491.715 4216.99 21.1903 0.425925 11.8513 1.29526
492.795 4216.99 65.6181 0.605653 9.32902 17.0005
493.875 4216.99 120.217 0.585786 8.24775 12.9463
494.955 4216.99 44.9422 0.392175 13.1185 3.51414
496.035 4216.99 56.1114 0.521519 8.75753 8.21391
497.115 4216.99 105.973 0.525879 9.05094 10.683
498.195 4216.99 417.761 0.702091 7.26452 25.4565
499.275 4216.99 488.698 0.513317 8.53857 4.69003
500.355 4216.99 253.964 0.496015 9.56753 16.5138
501.435 4216.99 213.811 0.63127 7.84361 15.6323
502.515 4216.99 233.762 0.488057 7.70445 19.0712
503.595 4216.99 222.826 0.670734 7.19223 16.7708
504.675 4216.99 69.9579 0.509176 11.4211 13.7553
505.755 4216.99 313.985 0.493126 6.94283 19.8446
506.835 4216.99 543.379 0.607252 7.03046 30.3213
507.915 4216.99 637.851 0.499231 7.16609 16.1652
508.995 4216.99 320.91 0.370307 13.3858 17.5178
510.075 4216.99 619.811 0.575514 7.77028 10.287
511.155 4216.99 596.076 0.535318 7.60793 24.4128
512.235 4216.99 402.062 0.518821 7.43462 23.4185
513.315 4216.99 228.575 0.460344 8.22976 20.1291
514.395 4216.99 117.154 0.484926 10.0106 1.50019
515.475 4216.99 92.4718 0.414229 12.3011 1.07212
516.555 4216.99 80.7577 0.510302 9.0238 3.29308
517.635 4216.99 84.3258 0.532115 8.66519 2.81138
518.715 4216.99 133.168 0.692267 7.37294 25.4377
519.795 4216.99 87.4991 0.539067 8.45777 13.5536
520.875 4216.99 79.8019 0.398856 12.8842 1.23371
521.955 4216.99 150.844 0.619826 8.53967 15.5242
523.035 4216.99 268.468 0.589172 8.02272 9.01859
524.115 4216.99 295.763 0.535984 9.14976 14.3183
525.195 4216.99 456.152 0.561723 7.59757 12.283
526.275 4216.99 584.78 0.559273 8.57678 7.86228
527.355 4216.99 527.048 0.599374 7.06251 26.6459
528.435 4216.99 249.559 0.510961 7.4675 20.9755
529.515 4216.99 53.9042 0.511722 9.34343 4.23978
530.595 4216.99 20.8046 0.387359 13.1062 0.804918
531.675 4216.99 10.7934 0.358177 14.2293 0.064812
532.755 4216.99 10.9417 0.358571 14.2953 0.377483
533.835 4216.99 11.6163 0.356505 14.3571 0.625559
534.915 4216.99 12.7055 0.353743 14.4154 0.100225
535.995 4216.99 13.8156 0.354639 14.4705 0.515592
537.075 4216.99 12.613 0.29686 19.2677 0.49361
538.155 4216.99 13.4696 0.29622 19.2906 0.302016
539.235 4216.99 15.8809 0.468343 10.4451 0.1337
540.315 4216.99 14.6085 0.468154 10.4451 0.0132638
541.395 4216.99 15.9809 0.466696 10.4451 0.278303
542.475 4216.99 15.3775 0.440245 11.38 0.131606
543.555 4216.99 70.51 0.431853 10.1955 8.8047
544.635 4216.99 101.825 0.500948 8.48715 4.35903
545.715 4216.99 22.9998 0.347295 14.4202 0.749813
546.795 4216.99 67.3031 0.560006 8.40711 7.64389
547.875 4216.99 70.9767 0.499208 8.73708 12.6159
548.955 4216.99 66.1334 0.445236 9.76397 9.71557
550.035 4216.99 66.2058 0.531428 8.73714 5.83983
551.115 4216.99 33.7589 0.481419 10.0745 2.28342
552.195 4216.99 40.9341 0.505048 9.13963 2.43563
553.275 4216.99 103.827 0.51463 7.79926 8.42701
554.355 4216.99 157.124 0.420901 10.9232 9.50835
555.435 4216.99 179.209 0.477489 9.51148 5.28824
556.515 4216.99 208.791 0.506922 8.05492 10.6846
557.595 4216.99 234.686 0.509113 8.33162 15.169
558.675 4216.99 176.658 0.582885 8.48364 8.07862
559.755 4216.99 122.466 0.49755 8.47228 8.63216
560.835 4216.99 70.6573 0.331693 15.5229 0.883681
561.915 4216.99 71.7637 0.45533 11.2632 1.0939
562.995 4216.99 75.4359 0.418081 12.7048 0.735353
564.075 4216.99 80.9984 0.500885 9.78367 0.945075
565.155 4216.99 92.0208 0.511095 9.2616 2.31295
566.235 4216.99 100.119 0.473369 10.7028 1.35774
567.315 4216.99 94.5216 0.414918 12.7764 1.32603
568.395 4216.99 97.4881 0.478839 10.5463 1.67105
569.475 4216.99 103.857 0.443728 11.8711 1.28175
570.555 4216.99 114.717 0.393911 13.445 1.77969
571.635 4216.99 116.57 0.490512 10.3027 1.1545
572.715 4216.99 145.427 0.522938 9.19515 2.15866
573.795 4216.99 201.194 0.525411 10.4451 6.42956
574.875 4216.99 195.423 0.486709 8.85055 11.1698
575.955 4216.99 259.633 0.542631 8.47695 8.01859
577.035 4216.99 190.633 0.495643 9.27764 6.6437
578.115 4216.99 184.395 0.476094 10.2217 5.16973
579.195 4216.99 237.074 0.627019 8.49565 13.4047
580.275 4216.99 253.88 0.522514 9.5101 11.6123
581.355 4216.99 308.588 0.538186 9.24136 12.8443
582.435 4216.99 370.349 0.530033 8.8843 7.81517
583.515 4216.99 401.642 0.537235 7.8869 13.012
584.595 4216.99 497.607 0.541593 7.65834 15.2042
585.675 4216.99 719.972 0.50512 7.47117 15.1658
586.755 4216.99 517.192 0.507371 6.93144 19.1299
587.835 4216.99 439.611 0.524602 7.64717 12.6972
588.915 4216.99 417.392 0.589442 7.19258 25.6692
589.995 4216.99 320.256 0.531791 7.6625 15.2043
591.075 4216.99 254.427 0.44516 9.99974 13.0194
592.155 4216.99 228.824 0.451774 10.9619 2.93793
593.235 4216.99 235.523 0.513614 8.75367 3.3029
594.315 4216.99 206.541 0.4326 11.7366 3.33131
595.395 4216.99 345.312 0.527906 8.47641 21.1596
596.475 4216.99 620.632 0.500264 7.64103 14.7266
597.555 4216.99 412.078 0.521628 7.35604 9.97731
598.635 4216.99 467.579 0.51672 7.23647 17.4291
599.715 4216.99 333.448 0.478703 8.58309 12.0961
600.795 4216.99 312.431 0.498435 7.66244 11.2458
601.875 4216.99 229.41 0.374911 13.0652 3.68662
602.955 4216.99 260.367 0.465332 10.017 2.75711
604.035 4216.99 185.083 0.403352 12.6883 1.92262
605.115 4216.99 181.38 0.384988 12.897 1.62494

456.075 4215.91 -120 -0.06 0 0
457.155 4215.91 -120 -0.06 0 0
458.235 4215.91 -120 -0.06 0 0
459.315 4215.91 -120 -0.06 0 0
460.395 4215.91 -120 -0.06 0 0
461.475 4215.91 -120 -0.06 0 0
462.555 4215.91 -120 -0.06 0 0
463.635 4215.91 -120 -0.06 0 0
464.715 4215.91 -120 -0.06 0 0
465.795 4215.91 -120 -0.06 0 0
466.875 4215.91 -120 -0.06 0 0
467.955 4215.91 -120 -0.06 0 0
469.035 4215.91 -120 -0.06 0 0
470.115 4215.91 -120 -0.06 0 0
471.195 4215.91 -120 -0.06 0 0
472.275 4215.91 -120 -0.06 0 0
473.355 4215.91 -120 -0.06 0 0
474.435 4215.91 -120 -0.06 0 0
475.515 4215.91 -120 -0.06 0 0
476.595 4215.91 -120 -0.06 0 0
477.675 4215.91 -120 -0.06 0 0
478.755 4215.91 -120 -0.06 0 0
479.835 4215.91 -120 -0.06 0 0
480.915 4215.91 -120 -0.06 0 0
481.995 4215.91 -120 -0.06 0 0
483.075 4215.91 -120 -0.06 0 0
484.155 4215.91 -120 -0.06 0 0
485.235 4215.91 -120 -0.06 0 0
486.315 4215.91 4.98016 0.421643 11.619 4.0066
487.395 4215.91 107.511 0.508476 8.4231 7.24471
488.475 4215.91 178.966 0.52045 9.0499 3.99504
489.555 4215.91 220.81 0.501097 8.53788 9.03979
490.635 4215.91 84.5559 0.461684 10.3663 6.55183
491.715 4215.91 17.8511 0.50455 8.96412 2.05266
492.795 4215.91 57.7557 0.570538 8.55424 9.9958
493.875 4215.91 19.4201 0.476157 10.6455 3.85923
494.955 4215.91 34.2026 0.498605 9.72048 5.3916
496.035 4215.91 17.9847 0.342611 14.5788 2.42981
497.115 4215.91 69.8281 0.550776 9.12845 8.79664
498.195 4215.91 196.47 0.60828 7.46594 13.8451
499.275 4215.91 271.691 0.612969 8.00736 13.2022
500.355 4215.91 283.976 0.583766 7.50432 9.06239
501.435 4215.91 171.895 0.620102 7.70989 21.125
502.515 4215.91 270.888 0.551359 7.74047 9.51752
503.595 4215.91 56.7179 0.491755 10.0579 3.12382
504.675 4215.91 60.946 0.455663 11.3667 5.44569
505.755 4215.91 399.246 0.504698 7.05152 16.6744
506.835 4215.91 691.647 0.510095 8.35107 7.37806
507.915 4215.91 536.023 0.719996 8.1394 26.2904
508.995 4215.91 314.352 0.394804 13.6413 6.98007
510.075 4215.91 419.101 0.579444 7.50558 21.0778
511.155 4215.91 572.888 0.571669 8.44735 8.14954
512.235 4215.91 572.833 0.571286 7.80799 21.7168
513.315 4215.91 399.809 0.486803 8.15477 10.0699
514.395 4215.91 128.999 0.491715 9.66974 4.03599
515.475 4215.91 97.9889 0.394906 12.6265 3.99238
516.555 4215.91 91.0771 0.501734 9.43521 8.54122
517.635 4215.91 61.9458 0.468049 10.4451 0.222758
518.715 4215.91 91.3702 0.518076 9.63317 4.84601
519.795 4215.91 59.199 0.514344 9.09644 4.4336
520.875 4215.91 75.966 0.499548 9.755 4.43351
521.955 4215.91 208.851 0.553196 8.29732 9.00877
523.035 4215.91 288.491 0.520944 8.49016 3.31677
524.115 4215.91 288.724 0.572813 7.88758 11.3544
525.195 4215.91 445.688 0.590851 7.7661 8.92812
526.275 4215.91 395.079 0.456636 10.3485 24.5559
527.355 4215.91 498.694 0.635032 7.06545 21.067
528.435 4215.91 213.383 0.562255 8.07633 9.2913
529.515 4215.91 65.7161 0.465834 10.3199 2.55213
530.595 4215.91 34.4863 0.49245 9.53518 2.01861
531.675 4215.91 18.1465 0.416557 12.2369 0.546782
532.755 4215.91 17.2565 0.473078 10.3982 0.336686
533.835 4215.91 22.9225 0.504151 9.05319 1.97194
534.915 4215.91 13.1586 0.437585 11.6203 0.236986
535.995 4215.91 14.215 0.45037 11.1383 0.154687
537.075 4215.91 13.2946 0.341868 14.8757 0.33283
538.155 4215.91 12.687 0.436865 11.5437 0.666312
539.235 4215.91 14.4086 0.427984 11.8314 0.40431
540.315 4215.91 15.2275 0.468523 10.4451 0.609355
541.395 4215.91 12.3584 0.297345 20.5078 0.236589
542.475 4215.91 12.4698 0.421121 12.1488 0.197261
543.555 4215.91 97.9706 0.524387 9.17618 3.64526
544.635 4215.91 68.7489 0.510678 9.52038 2.70609
545.715 4215.91 34.6155 0.468047 9.47682 5.63966
546.795 4215.91 70.8043 0.518993 8.94075 3.35081
547.875 4215.91 88.7058 0.417435 11.5034 5.67854
548.955 4215.91 132.426 0.51136 8.91656 3.88237
550.035 4215.91 123.14 0.498676 7.92639 14.46
551.115 4215.91 41.6997 0.425038 11.7748 2.18523
552.195 4215.91 135.048 0.500085 7.50596 18.6948
553.275 4215.91 243.586 0.504082 8.43939 7.29247
554.355 4215.91 207.06 0.524308 9.45777 9.59534
555.435 4215.91 267.256 0.496031 8.78121 10.7025
556.515 4215.91 109.755 0.509636 10.49 6.48989
557.595 4215.91 190.503 0.595895 8.04879 14.8228
558.675 4215.91 85.8041 0.451885 11.8606 1.72655
559.755 4215.91 81.0269 0.402497 13.3523 0.764883
560.835 4215.91 87.1275 0.391654 13.4785 1.20141
561.915 4215.91 87.3432 0.375866 14.0054 1.45245
562.995 4215.91 90.7607 0.455302 11.2997 1.45942
564.075 4215.91 109.675 0.520364 9.18014 1.80701
565.155 4215.91 133.16 0.502531 9.63154 3.85691
566.235 4215.91 155.748 0.520922 8.53136 5.18129
567.315 4215.91 129.141 0.487662 9.49907 6.17631
568.395 4215.91 159.157 0.494473 9.23204 6.60385
569.475 4215.91 172.203 0.483745 8.53148 14.0838
570.555 4215.91 183.105 0.440214 12.2865 10.9677
571.635 4215.91 194.667 0.499163 8.18081 15.7346
572.715 4215.91 183.185 0.451223 11.0505 7.05411
573.795 4215.91 233.371 0.472647 10.4317 8.06894
574.875 4215.91 270.093 0.492513 8.42334 12.8143
575.955 4215.91 325.37 0.503121 8.61505 9.14105
577.035 4215.91 305.745 0.592932 7.72317 6.78624
578.115 4215.91 217.135 0.356597 15.0481 1.51323
579.195 4215.91 297.579 0.526345 7.84078 11.4464
580.275 4215.91 300.29 0.494077 8.57641 10.8428
581.355 4215.91 320.256 0.533004 8.64679 11.0476
582.435 4215.91 332.043 0.521146 9.24487 7.63556
583.515 4215.91 390.064 0.483558 8.30427 17.3165
584.595 4215.91 402.861 0.539956 9.89001 11.8295
585.675 4215.91 634.934 0.57162 7.20062 11.3633
586.755 4215.91 800.975 0.575421 7.39519 25.1492
587.835 4215.91 736.041 0.549418 7.98178 24.8066
588.915 4215.91 501.456 0.517369 9.34367 17.3613
589.995 4215.91 631.77 0.508072 6.84016 21.6582
591.075 4215.91 518.103 0.608086 7.55045 27.1523
592.155 4215.91 401.319 0.495475 7.35699 19.8575
593.235 4215.91 278.802 0.398285 13.3371 6.82585
594.315 4215.91 321.488 0.504762 8.99183 6.1068
595.395 4215.91 356.492 0.589129 8.19677 13.5287
596.475 4215.91 764.116 0.614223 6.94413 29.9693
597.555 4215.91 731.253 0.550731 7.38431 24.5957
598.635 4215.91 709.357 0.611538 6.75206 29.092
599.715 4215.91 551.205 0.642162 7.49378 21.864
600.795 4215.91 486.758 0.510931 7.2979 15.7609
601.875 4215.91 442.982 0.572247 7.30721 13.0529
602.955 4215.91 337.742 0.416365 10.3779 13.896
604.035 4215.91 251.887 0.469543 9.32245 5.8488
605.115 4215.91 246.223 0.403841 11.7302 4.80684

456.075 4214.84 -120 -0.06 0 0
457.155 4214.84 -120 -0.06 0 0
458.235 4214.84 -120 -0.06 0 0
459.315 4214.84 -120 -0.06 0 0
460.395 4214.84 -120 -0.06 0 0
461.475 4214.84 -120 -0.06 0 0
462.555 4214.84 -120 -0.06 0 0
463.635 4214.84 -120 -0.06 0 0
464.715 4214.84 -120 -0.06 0 0
465.795 4214.84 -120 -0.06 0 0
466.875 4214.84 -120 -0.06 0 0
467.955 4214.84 -120 -0.06 0 0
469.035 4214.84 -120 -0.06 0 0
470.115 4214.84 -120 -0.06 0 0
471.195 4214.84 -120 -0.06 0 0
472.275 4214.84 -120 -0.06 0 0
473.355 4214.84 -120 -0.06 0 0
474.435 4214.84 -120 -0.06 0 0
475.515 4214.84 -120 -0.06 0 0
476.595 4214.84 -120 -0.06 0 0
477.675 4214.84 -120 -0.06 0 0
478.755 4214.84 -120 -0.06 0 0
479.835 4214.84 -120 -0.06 0 0
480.915 4214.84 -120 -0.06 0 0
481.995 4214.84 -120 -0.06 0 0
483.075 4214.84 -120 -0.06 0 0
484.155 4214.84 -120 -0.06 0 0
485.235 4214.84 -120 -0.06 0 0
486.315 4214.84 8.00037 0.503079 8.69642 2.45295
487.395 4214.84 118.458 0.499113 9.21386 1.46695
488.475 4214.84 140.808 0.499948 9.24922 3.18174
489.555 4214.84 219.689 0.427743 9.28738 19.4687
490.635 4214.84 99.9685 0.509154 8.94439 12.4335
491.715 4214.84 19.0729 0.409982 12.1539 1.12768
492.795 4214.84 13.7787 0.530762 9.17661 6.75544
493.875 4214.84 6.94251 0.342404 14.5723 0.543854
494.955 4214.84 6.9185 0.403011 12.391 0.277752
496.035 4214.84 7.26518 0.303938 15.909 0.180792
497.115 4214.84 11.0125 0.428769 11.6246 1.09646
498.195 4214.84 42.9801 0.510421 9.55023 3.92467
499.275 4214.84 94.17 0.627087 7.57701 13.0777
500.355 4214.84 43.7144 0.546937 9.62032 10.2499
501.435 4214.84 93.2689 0.524468 8.96789 3.8725
502.515 4214.84 14.6105 0.466403 10.5711 0.984158
503.595 4214.84 92.8052 0.617582 8.45234 22.0952
504.675 4214.84 266.051 0.478761 8.96577 14.3793
505.755 4214.84 452.934 0.549761 7.68967 12.0753
506.835 4214.84 636.638 0.552569 8.25453 9.36666
507.915 4214.84 493.028 0.607167 7.84341 20.4301
508.995 4214.84 439.101 0.536625 7.77991 2.44821
510.075 4214.84 357.757 0.37996 13.1095 7.00353
511.155 4214.84 435.444 0.573835 8.4876 13.8855
512.235 4214.84 568.752 0.732775 7.40457 24.8305
513.315 4214.84 406.939 0.620002 7.85189 21.7985
514.395 4214.84 144.433 0.488844 9.99385 4.02217
515.475 4214.84 113.817 0.491645 9.65401 1.4541
516.555 4214.84 84.6367 0.491219 9.74604 5.42462
517.635 4214.84 75.7969 0.466605 9.69142 4.20672
518.715 4214.84 87.7322 0.548404 8.7097 6.02814
519.795 4214.84 63.4437 0.475458 9.98083 1.5238
520.875 4214.84 86.2246 0.480029 9.85917 2.6413
521.955 4214.84 112.595 0.476629 10.1371 3.22478
523.035 4214.84 152.54 0.384252 13.5663 1.75846
524.115 4214.84 224.503 0.473613 8.19093 14.1672
525.195 4214.84 284.531 0.38263 11.0745 21.9537
526.275 4214.84 460.637 0.548712 7.69127 25.131
527.355 4214.84 571.798 0.500805 7.8004 10.6295
528.435 4214.84 321.099 0.500923 7.27374 18.7342
529.515 4214.84 179.721 0.488061 8.27272 10.0814
530.595 4214.84 67.6777 0.461314 9.25086 9.1113
531.675 4214.84 32.8285 0.357006 13.886 4.16948
532.755 4214.84 47.0245 0.473439 10.4625 4.45713
533.835 4214.84 163.643 0.497879 8.97704 9.62593
534.915 4214.84 154.334 0.623977 7.20422 12.9641
535.995 4214.84 15.5276 0.519367 9.59316 5.00148
537.075 4214.84 253.75 0.509539 7.98561 8.34376
538.155 4214.84 69.5245 0.548486 7.53699 24.8321
539.235 4214.84 15.834 0.507989 8.63569 3.68524
540.315 4214.84 12.9033 0.423359 12.0546 0.619851
541.395 4214.84 12.8039 0.295319 20.508 0.52168
542.475 4214.84 26.8484 0.47804 8.77498 10.6987
543.555 4214.84 90.789 0.548295 8.42217 6.38899
544.635 4214.84 85.0005 0.460732 11.044 7.92517
545.715 4214.84 63.9969 0.425198 11.376 5.08637
546.795 4214.84 70.0083 0.409776 11.9707 3.12881
547.875 4214.84 141.534 0.507661 9.22595 0.951229
548.955 4214.84 182.774 0.586628 8.0778 10.6609
550.035 4214.84 126.825 0.564504 8.16191 15.5155
551.115 4214.84 61.1594 0.441788 11.5874 1.34007
552.195 4214.84 294.493 0.543636 7.8878 1.64981
553.275 4214.84 291.204 0.601815 7.76499 10.1512
554.355 4214.84 239.61 0.549055 7.76001 16.1478
555.435 4214.84 178.757 0.642408 8.07257 14.6234
556.515 4214.84 77.624 0.431382 12.4221 1.07546
557.595 4214.84 82.4182 0.433463 12.0546 0.851663
558.675 4214.84 85.0715 0.434841 11.9411 1.43083
559.755 4214.84 89.7514 0.490318 10.0987 1.72635
560.835 4214.84 119.908 0.516271 9.01281 2.703
561.915 4214.84 119.622 0.396845 13.1996 2.32276
562.995 4214.84 145.863 0.510021 8.76411 7.41623
564.075 4214.84 235.511 0.548492 7.40467 8.52063
565.155 4214.84 261.629 0.547009 7.7346 13.9081
566.235 4214.84 300.963 0.545385 7.78077 8.36126
567.315 4214.84 391.53 0.531198 7.28743 13.011
568.395 4214.84 466.308 0.51471 6.90552 20.9232
569.475 4214.84 539.342 0.520085 7.12764 20.5612
570.555 4214.84 281.875 0.447486 11.456 16.5656
571.635 4214.84 467.652 0.513824 7.41091 18.3031
572.715 4214.84 320.217 0.485898 10.144 16.4462
573.795 4214.84 333.106 0.538756 8.09315 18.6636
574.875 4214.84 392.879 0.496843 8.48611 13.0507
575.955 4214.84 552.582 0.505779 7.57988 18.3191
577.035 4214.84 310.79 0.451086 10.8512 6.85172
578.115 4214.84 349.352 0.53536 7.38281 16.839
579.195 4214.84 364.195 0.557082 7.91342 19.6724
580.275 4214.84 375.864 0.540414 9.09157 6.12848
581.355 4214.84 456.494 0.698937 8.1652 19.9932
582.435 4214.84 600.613 0.547101 7.14165 17.4592
583.515 4214.84 700.776 0.516349 7.2104 20.798
584.595 4214.84 548.604 0.473675 8.60412 18.5166
585.675 4214.84 527.153 0.666338 7.57608 19.8946
586.755 4214.84 833.532 0.591307 7.47714 9.20246
587.835 4214.84 897.714 0.691927 7.23428 18.2699
588.915 4214.84 867.218 0.51206 7.06354 17.0167
589.995 4214.84 916.474 0.589574 8.14559 12.114
591.075 4214.84 544.145 0.624769 8.88525 19.8166
592.155 4214.84 490.432 0.50121 7.25141 20.518
593.235 4214.84 466.195 0.524272 7.89598 17.7837
594.315 4214.84 501.7 0.504852 7.03119 20.9476
595.395 4214.84 388.163 0.507083 13.8504 20.0207
596.475 4214.84 563.752 0.71931 8.2363 25.4695
597.555 4214.84 834.736 0.578308 8.96052 14.1879
598.635 4214.84 964.848 0.665821 7.35761 27.8592
599.715 4214.84 618.262 0.473594 9.06243 18.6313
600.795 4214.84 826.565 0.50943 7.37121 19.7105
601.875 4214.84 794.771 0.522559 7.11838 23.127
602.955 4214.84 629.787 0.552219 7.20103 24.6696
604.035 4214.84 388.294 0.444023 10.214 8.84408
605.115 4214.84 352.464 0.427153 11.1294 5.90269

456.075 4213.76 -120 -0.06 0 0
457.155 4213.76 -120 -0.06 0 0
458.235 4213.76 -120 -0.06 0 0
459.315 4213.76 -120 -0.06 0 0
460.395 4213.76 -120 -0.06 0 0
461.475 4213.76 -120 -0.06 0 0
462.555 4213.76 -120 -0.06 0 0
463.635 4213.76 -120 -0.06 0 0
464.715 4213.76 -120 -0.06 0 0
465.795 4213.76 -120 -0.06 0 0
466.875 4213.76 -120 -0.06 0 0
467.955 4213.76 -120 -0.06 0 0
469.035 4213.76 -120 -0.06 0 0
470.115 4213.76 -120 -0.06 0 0
471.195 4213.76 -120 -0.06 0 0
472.275 4213.76 -120 -0.06 0 0
473.355 4213.76 -120 -0.06 0 0
474.435 4213.76 -120 -0.06 0 0
475.515 4213.76 -120 -0.06 0 0
476.595 4213.76 -120 -0.06 0 0
477.675 4213.76 -120 -0.06 0 0
478.755 4213.76 -120 -0.06 0 0
479.835 4213.76 -120 -0.06 0 0
480.915 4213.76 -120 -0.06 0 0
481.995 4213.76 -120 -0.06 0 0
483.075 4213.76 -120 -0.06 0 0
484.155 4213.76 -120 -0.06 0 0
485.235 4213.76 -120 -0.06 0 0
486.315 4213.76 1.38836 0.504432 8.8554 5.77683
487.395 4213.76 35.1465 0.459498 11.1492 4.91079
488.475 4213.76 121.636 0.508547 9.20608 7.39542
489.555 4213.76 93.9227 0.433347 10.6738 15.272
490.635 4213.76 170.39 0.561923 7.62475 16.1811
491.715 4213.76 11.9521 0.43177 11.0366 1.83145
492.795 4213.76 7.16785 0.461423 10.4451 0.668884
493.875 4213.76 3.6465 0.460295 10.591 1.18155
494.955 4213.76 -120 -0.06 0 0
496.035 4213.76 -120 -0.06 0 0
497.115 4213.76 1.59975 0.482522 9.83848 0.848024
498.195 4213.76 -120 -0.06 0 0
499.275 4213.76 3.00187 0.462491 10.4451 0.248287
500.355 4213.76 45.9491 0.520219 10.1563 9.46622
501.435 4213.76 10.604 0.465461 10.3655 0.121986
502.515 4213.76 10.2954 0.463204 10.3489 0.563617
503.595 4213.76 74.3339 0.619704 7.92423 19.2271
504.675 4213.76 207.065 0.599193 7.85605 15.6715
505.755 4213.76 351.127 0.675804 7.9988 21.3508
506.835 4213.76 600.93 0.618837 7.68214 25.3999
507.915 4213.76 758.983 0.500873 8.24319 5.88307
508.995 4213.76 506.645 0.422688 9.81559 14.4409
510.075 4213.76 442.384 0.548718 8.477 13.3247
511.155 4213.76 391.313 0.486134 9.16878 3.07799
512.235 4213.76 350.261 0.440724 11.2901 9.92487
513.315 4213.76 372.122 0.497343 7.48728 11.4261
514.395 4213.76 217.072 0.521255 8.14193 12.3677
515.475 4213.76 135.722 0.540593 8.83873 13.2367
516.555 4213.76 78.1434 0.431818 11.5044 3.1741
517.635 4213.76 71.3046 0.484272 10.1925 3.69884
518.715 4213.76 57.7575 0.41338 12.2369 2.19945
519.795 4213.76 64.2748 0.378828 13.2255 1.69529
520.875 4213.76 82.8424 0.403349 12.6227 1.00436
521.955 4213.76 114.31 0.430915 11.6645 2.30479
523.035 4213.76 240.902 0.588093 7.80483 10.7672
524.115 4213.76 298.226 0.562508 7.85925 9.2698
525.195 4213.76 337.97 0.502599 9.82143 11.1523
526.275 4213.76 466.585 0.594823 8.85473 12.546
527.355 4213.76 539.134 0.599817 7.34642 13.6541
528.435 4213.76 343.654 0.577672 7.41835 11.9682
529.515 4213.76 311.518 0.522036 8.36501 5.44847
530.595 4213.76 119.172 0.454577 9.84296 7.21009
531.675 4213.76 111.834 0.58829 8.80495 13.6698
532.755 4213.76 172.991 0.532376 7.96689 10.6058
533.835 4213.76 272.518 0.670703 7.92042 18.3836
534.915 4213.76 138.444 0.570993 8.88228 12.9956
535.995 4213.76 27.8473 0.507033 8.97415 1.94007
537.075 4213.76 29.0336 0.506019 9.82505 6.72362
538.155 4213.76 109.967 0.662906 7.28973 19.7009
539.235 4213.76 13.6412 0.45361 11.1383 0.211086
540.315 4213.76 13.3311 0.432281 11.8314 0.257333
541.395 4213.76 13.6309 0.464316 10.7659 0.15873
542.475 4213.76 25.6099 0.54302 9.17968 8.32509
543.555 4213.76 102.083 0.495088 8.23752 9.5294
544.635 4213.76 133.85 0.523959 8.57868 3.87053
545.715 4213.76 100.958 0.459236 9.90329 5.53493
546.795 4213.76 132.059 0.572174 8.60826 8.55145
547.875 4213.76 137.909 0.482529 10.1087 0.189756
548.955 4213.76 203.068 0.585671 7.97752 12.5668
550.035 4213.76 43.5955 0.422145 12.5936 1.54936
551.115 4213.76 157.92 0.559112 7.3028 14.5967
552.195 4213.76 245.42 0.698954 7.37995 19.6214
553.275 4213.76 75.0063 0.453159 11.8046 3.085
554.355 4213.76 183.753 0.683386 7.23556 22.0396
555.435 4213.76 67.5001 0.352279 14.9225 0.547084
556.515 4213.76 132.658 0.498378 8.25154 13.6253
557.595 4213.76 166.098 0.508946 8.404 7.74261
558.675 4213.76 195.147 0.478578 8.15554 18.9878
559.755 4213.76 305.772 0.505545 7.42714 17.3182
560.835 4213.76 187.197 0.429815 11.4884 5.89104
561.915 4213.76 193.614 0.428195 11.4929 6.35708
562.995 4213.76 327.816 0.482727 9.64197 12.4852
564.075 4213.76 457.493 0.484315 8.22838 18.7075
565.155 4213.76 410.276 0.478764 9.99142 22.4125
566.235 4213.76 366.787 0.43917 11.3489 6.33055
567.315 4213.76 578.663 0.538725 8.36536 13.2641
568.395 4213.76 752.686 0.608766 7.71011 26.4926
569.475 4213.76 619.59 0.642247 7.88593 24.262
570.555 4213.76 462.346 0.452777 10.5048 22.7891
571.635 4213.76 760.542 0.526306 7.43239 22.3933
572.715 4213.76 535.891 0.530628 9.07121 24.8115
573.795 4213.76 409.722 0.555158 12.2431 21.904
574.875 4213.76 517.146 0.472137 9.78362 21.9487
575.955 4213.76 660.308 0.581096 7.52864 19.5502
577.035 4213.76 674.971 0.50774 8.17743 12.442
578.115 4213.76 384.744 0.568393 8.58764 11.301
579.195 4213.76 337.68 0.466549 10.5889 7.88037
580.275 4213.76 455.393 0.50176 8.13519 15.9224
581.355 4213.76 558.2 0.501805 8.98124 18.7676
582.435 4213.76 541.411 0.417902 12.151 23.8917
583.515 4213.76 786.403 0.603314 7.86053 12.5077
584.595 4213.76 808.707 0.620976 8.03776 27.6268
585.675 4213.76 651.9 0.523835 7.50075 15.0953
586.755 4213.76 585.199 0.465735 10.0234 10.3228
587.835 4213.76 878.563 0.545963 7.03554 11.3478
588.915 4213.76 1014.06 0.567677 7.75685 24.5311
589.995 4213.76 839.151 0.615971 8.67933 24.0403
591.075 4213.76 764.904 0.505779 7.40811 18.8173
592.155 4213.76 623.867 0.501242 7.27919 20.7231
593.235 4213.76 622.188 0.485951 8.29208 16.1877
594.315 4213.76 856.339 0.515907 7.47258 14.4674
595.395 4213.76 605.407 0.533794 7.51207 23.7202
596.475 4213.76 558.643 0.507908 7.60478 20.6483
597.555 4213.76 570.689 0.622075 9.17764 19.0576
598.635 4213.76 894.391 0.653098 6.84194 17.7259
599.715 4213.76 1079.76 0.492168 7.24192 21.421
600.795 4213.76 1064.4 0.50926 7.01833 22.3272
601.875 4213.76 1056.97 0.526234 6.94764 20.5625
602.955 4213.76 882.348 0.497953 7.97786 23.1493
604.035 4213.76 651.768 0.488212 8.72214 21.1137
605.115 4213.76 609.771 0.521738 7.68485 24.0052

456.075 4212.68 -120 -0.06 0 0
457.155 4212.68 -120 -0.06 0 0
458.235 4212.68 -120 -0.06 0 0
459.315 4212.68 -120 -0.06 0 0
460.395 4212.68 -120 -0.06 0 0
461.475 4212.68 -120 -0.06 0 0
462.555 4212.68 -120 -0.06 0 0
463.635 4212.68 -120 -0.06 0 0
464.715 4212.68 -120 -0.06 0 0
465.795 4212.68 -120 -0.06 0 0
466.875 4212.68 -120 -0.06 0 0
467.955 4212.68 -120 -0.06 0 0
469.035 4212.68 -120 -0.06 0 0
470.115 4212.68 -120 -0.06 0 0
471.195 4212.68 -120 -0.06 0 0
472.275 4212.68 -120 -0.06 0 0
473.355 4212.68 -120 -0.06 0 0
474.435 4212.68 -120 -0.06 0 0
475.515 4212.68 -120 -0.06 0 0
476.595 4212.68 -120 -0.06 0 0
477.675 4212.68 -120 -0.06 0 0
478.755 4212.68 -120 -0.06 0 0
479.835 4212.68 -120 -0.06 0 0
480.915 4212.68 -120 -0.06 0 0
481.995 4212.68 -120 -0.06 0 0
483.075 4212.68 -120 -0.06 0 0
484.155 4212.68 -120 -0.06 0 0
485.235 4212.68 -120 -0.06 0 0
486.315 4212.68 -120 -0.06 0 0
487.395 4212.68 12.9557 0.500076 9.13414 5.20438
488.475 4212.68 44.5852 0.419223 11.2796 6.00895
489.555 4212.68 42.7612 0.457412 10.8327 2.58934
490.635 4212.68 16.7326 0.502319 9.34456 3.79903
491.715 4212.68 1.01408 0.451271 10.6281 0.451825
492.795 4212.68 -120 -0.06 0 0
493.875 4212.68 -120 -0.06 0 0
494.955 4212.68 -120 -0.06 0 0
496.035 4212.68 -120 -0.06 0 0
497.115 4212.68 -120 -0.06 0 0
498.195 4212.68 -120 -0.06 0 0
499.275 4212.68 -120 -0.06 0 0
500.355 4212.68 1.6814 0.391591 12.9053 0.452166
501.435 4212.68 6.07691 0.463357 10.4451 0.439162
502.515 4212.68 5.77597 0.411056 12.2369 0.401654
503.595 4212.68 7.44733 0.445266 11.3333 1.73964
504.675 4212.68 74.431 0.432154 10.3048 7.78818
505.755 4212.68 190.422 0.418957 10.8259 17.3443
506.835 4212.68 435.989 0.472954 8.11009 20.1045
507.915 4212.68 773.968 0.662501 7.91522 23.2353
508.995 4212.68 608.199 0.70724 7.24134 21.2669
510.075 4212.68 422.3 0.430326 11.5353 2.92809
511.155 4212.68 523.512 0.526034 7.59625 19.6227
512.235 4212.68 429.624 0.481761 11.7462 12.9065
513.315 4212.68 295.954 0.472275 9.48451 14.4117
514.395 4212.68 405.124 0.526202 8.09583 10.8611
515.475 4212.68 162.723 0.475468 9.94373 4.50221
516.555 4212.68 121.865 0.524402 9.16289 5.53544
517.635 4212.68 94.4233 0.534335 8.27211 5.69628
518.715 4212.68 54.7791 0.458201 11.0439 5.90285
519.795 4212.68 115.568 0.495764 9.72111 5.04582
520.875 4212.68 301.117 0.501518 7.77257 15.0913
521.955 4212.68 195.675 0.505853 8.35717 5.02187
523.035 4212.68 186.659 0.541932 8.60185 4.7849
524.115 4212.68 248.558 0.593187 8.51272 11.7992
525.195 4212.68 343.677 0.570513 8.52512 7.5723
526.275 4212.68 375.817 0.54743 8.03489 16.3082
527.355 4212.68 445.31 0.527631 9.19258 15.7449
528.435 4212.68 348.001 0.555234 7.79018 10.3817
529.515 4212.68 345.562 0.55375 8.94505 7.85294
530.595 4212.68 178.315 0.445873 9.23035 14.8375
531.675 4212.68 99.9891 0.400162 12.5677 4.06853
532.755 4212.68 167.821 0.485487 10.7339 12.2782
533.835 4212.68 308.373 0.474199 9.36589 11.9907
534.915 4212.68 276.137 0.581191 8.43516 21.942
535.995 4212.68 121.961 0.567552 7.62683 10.0738
537.075 4212.68 18.299 0.416246 12.2719 2.93767
538.155 4212.68 17.7176 0.51243 9.20662 7.43317
539.235 4212.68 13.6823 0.51342 9.06192 0.719264
540.315 4212.68 13.6431 0.477141 10.4451 0.310509
541.395 4212.68 11.948 0.303257 20.5184 0.228875
542.475 4212.68 12.9452 0.484037 10.5435 2.27813
543.555 4212.68 58.0742 0.48023 10.3762 1.70723
544.635 4212.68 132.508 0.612742 7.61077 11.6594
545.715 4212.68 76.2885 0.535943 8.52762 12.6121
546.795 4212.68 172.211 0.574618 8.53219 10.0503
547.875 4212.68 83.455 0.488903 10.6705 8.3878
548.955 4212.68 60.816 0.52326 8.74801 8.93292
550.035 4212.68 37.5454 0.435567 11.9455 0.439819
551.115 4212.68 48.455 0.510515 9.71182 2.80903
552.195 4212.68 60.6832 0.376719 14.3325 1.94601
553.275 4212.68 69.1946 0.366199 14.3469 0.492251
554.355 4212.68 71.6201 0.451316 11.3396 1.30636
555.435 4212.68 177.417 0.45601 9.24723 13.909
556.515 4212.68 315.089 0.489763 8.62831 11.4776
557.595 4212.68 380.468 0.502532 7.81196 19.7164
558.675 4212.68 379.528 0.438338 9.80367 21.0231
559.755 4212.68 549.235 0.54829 7.14132 19.7484
560.835 4212.68 356.457 0.463834 10.8113 22.3748
561.915 4212.68 461.679 0.469118 8.6651 21.2491
562.995 4212.68 688.583 0.534726 6.96978 19.093
564.075 4212.68 747.761 0.496956 8.29594 13.6372
565.155 4212.68 714.953 0.472375 8.73153 18.4865
566.235 4212.68 580.53 0.451144 9.83446 22.1447
567.315 4212.68 774.397 0.522893 7.74677 16.2924
568.395 4212.68 967.501 0.527649 9.88642 2.3786
569.475 4212.68 941.001 0.522749 9.14056 5.62057
570.555 4212.68 849.926 0.628815 7.46708 28.6794
571.635 4212.68 855.054 0.552816 7.08017 12.8641
572.715 4212.68 691.636 0.724086 7.59648 24.9091
573.795 4212.68 599.373 0.639591 7.13085 26.8583
574.875 4212.68 765.792 0.72939 7.35308 25.2465
575.955 4212.68 903.481 0.747602 7.23654 28.0293
577.035 4212.68 508.82 0.426711 11.5456 14.0899
578.115 4212.68 472.621 0.521378 8.83467 23.9759
579.195 4212.68 423.46 0.62341 8.13971 22.5399
580.275 4212.68 607.705 0.751339 7.85899 28.11
581.355 4212.68 976.892 0.536662 7.38976 15.651
582.435 4212.68 789.365 0.542427 7.25193 16.3009
583.515 4212.68 784.908 0.502621 8.2479 20.9991
584.595 4212.68 1066.22 0.560915 7.89628 14.1567
585.675 4212.68 713.324 0.627404 7.62971 24.8317
586.755 4212.68 742.278 0.651 9.12737 24.7537
587.835 4212.68 1128.53 0.574985 7.15067 22.0687
588.915 4212.68 1270.82 0.581749 7.51303 15.9755
589.995 4212.68 1134.44 0.504179 7.78245 22.2068
591.075 4212.68 925.804 0.612063 7.62224 31.871
592.155 4212.68 937.361 0.531456 7.14276 20.671
593.235 4212.68 1072.12 0.531711 6.76926 11.8844
594.315 4212.68 1185.29 0.622206 6.85692 26.9261
595.395 4212.68 1095.3 0.534136 6.98938 13.0926
596.475 4212.68 915.518 0.617974 6.67966 26.637
597.555 4212.68 705.106 0.581127 7.73233 21.2257
598.635 4212.68 1006.42 0.557915 6.915 24.4314
599.715 4212.68 1039.41 0.402907 12.4917 15.3951
600.795 4212.68 1117.24 0.502391 9.81276 2.24903
601.875 4212.68 1123.4 0.522639 9.3208 2.87256
602.955 4212.68 1178.89 0.521431 7.40886 9.9036
604.035 4212.68 1055.42 0.572132 7.41895 25.7419
605.115 4212.68 999.638 0.515763 8.09562 24.223

456.075 4211.6 -120 -0.06 0 0
457.155 4211.6 -120 -0.06 0 0
458.235 4211.6 -120 -0.06 0 0
459.315 4211.6 -120 -0.06 0 0
460.395 4211.6 -120 -0.06 0 0
461.475 4211.6 -120 -0.06 0 0
462.555 4211.6 -120 -0.06 0 0
463.635 4211.6 -120 -0.06 0 0
464.715 4211.6 -120 -0.06 0 0
465.795 4211.6 -120 -0.06 0 0
466.875 4211.6 -120 -0.06 0 0
467.955 4211.6 -120 -0.06 0 0
469.035 4211.6 -120 -0.06 0 0
470.115 4211.6 -120 -0.06 0 0
471.195 4211.6 -120 -0.06 0 0
472.275 4211.6 -120 -0.06 0 0
473.355 4211.6 -120 -0.06 0 0
474.435 4211.6 -120 -0.06 0 0
475.515 4211.6 -120 -0.06 0 0
476.595 4211.6 -120 -0.06 0 0
477.675 4211.6 -120 -0.06 0 0
478.755 4211.6 -120 -0.06 0 0
479.835 4211.6 -120 -0.06 0 0
480.915 4211.6 -120 -0.06 0 0
481.995 4211.6 -120 -0.06 0 0
483.075 4211.6 -120 -0.06 0 0
484.155 4211.6 -120 -0.06 0 0
485.235 4211.6 -120 -0.06 0 0
486.315 4211.6 -120 -0.06 0 0
487.395 4211.6 5.12181 0.504962 8.98597 2.08686
488.475 4211.6 127.457 0.494307 8.36974 5.38708
489.555 4211.6 27.1577 0.51867 9.87144 8.79325
490.635 4211.6 1.40456 0.366216 13.6947 1.58501
491.715 4211.6 -120 -0.06 0 0
492.795 4211.6 -120 -0.06 0 0
493.875 4211.6 -120 -0.06 0 0
494.955 4211.6 -120 -0.06 0 0
496.035 4211.6 -120 -0.06 0 0
497.115 4211.6 -120 -0.06 0 0
498.195 4211.6 -120 -0.06 0 0
499.275 4211.6 -120 -0.06 0 0
500.355 4211.6 -120 -0.06 0 0
501.435 4211.6 -120 -0.06 0 0
502.515 4211.6 -120 -0.06 0 0
503.595 4211.6 5.69276 0.474828 10.119 0.946218
504.675 4211.6 19.1716 0.423554 12.1592 4.46774
505.755 4211.6 81.8686 0.529217 9.49515 11.65
506.835 4211.6 337.76 0.715421 7.38263 23.4706
507.915 4211.6 552.612 0.710514 7.87121 23.9757
508.995 4211.6 298.67 0.559792 9.87031 13.9862
510.075 4211.6 508.543 0.486065 8.15418 8.55337
511.155 4211.6 570.065 0.508601 9.7174 8.27247
512.235 4211.6 687.86 0.477795 7.45278 17.9124
513.315 4211.6 507.11 0.563412 7.70855 21.3038
514.395 4211.6 360.104 0.492681 7.6768 12.2632
515.475 4211.6 183.739 0.484941 10.5391 13.2191
516.555 4211.6 92.0273 0.423537 11.288 7.44931
517.635 4211.6 44.2686 0.385394 13.3765 0.304973
518.715 4211.6 52.1244 0.520384 8.7492 11.4421
519.795 4211.6 229.822 0.575283 8.08157 6.46645
520.875 4211.6 233.838 0.613069 7.89473 17.8086
521.955 4211.6 200.041 0.569404 8.34107 7.25339
523.035 4211.6 140.412 0.431864 12.2431 6.9725
524.115 4211.6 179.574 0.496884 9.26204 5.78002
525.195 4211.6 213.69 0.434749 12.3644 2.74843
526.275 4211.6 304.523 0.560687 8.03089 14.6505
527.355 4211.6 585.184 0.648258 8.19412 26.3048
528.435 4211.6 334.162 0.556477 9.20305 16.0044
529.515 4211.6 335.742 0.515806 8.71914 11.4768
530.595 4211.6 259.013 0.488633 8.72507 8.13572
531.675 4211.6 177.026 0.486015 8.6556 17.5099
532.755 4211.6 298.064 0.535892 9.12611 12.1965
533.835 4211.6 407.994 0.480698 7.96222 21.9003
534.915 4211.6 440.583 0.694079 7.21208 30.9555
535.995 4211.6 164.771 0.469994 9.76742 7.93921
537.075 4211.6 59.1505 0.454045 10.6107 8.34942
538.155 4211.6 11.2715 0.356322 14.604 0.27253
539.235 4211.6 11.6593 0.485476 10.1398 0.301302
540.315 4211.6 13.2349 0.513923 9.18457 0.172759
541.395 4211.6 122.904 0.507022 7.86356 9.25214
542.475 4211.6 94.1641 0.4822 7.74702 17.9193
543.555 4211.6 23.5768 0.497409 9.11984 9.95939
544.635 4211.6 14.5676 0.449764 11.4998 0.744933
545.715 4211.6 58.906 0.507073 8.71178 8.8175
546.795 4211.6 22.0331 0.510723 10.2469 6.49383
547.875 4211.6 24.9901 0.363023 14.7984 4.27857
548.955 4211.6 27.562 0.306778 16.6325 0.697782
550.035 4211.6 40.988 0.525978 8.5676 1.86893
551.115 4211.6 123.911 0.530793 7.50692 11.4514
552.195 4211.6 270.936 0.558659 7.43053 18.0226
553.275 4211.6 86.4199 0.371846 13.4848 5.57686
554.355 4211.6 119.657 0.407539 12.8852 3.61963
555.435 4211.6 215.287 0.475708 11.582 7.77813
556.515 4211.6 358.994 0.526217 9.9238 12.4497
557.595 4211.6 646.258 0.544583 7.14902 16.5182
558.675 4211.6 725.418 0.490817 8.21928 14.4484
559.755 4211.6 816.321 0.536406 7.07215 22.4091
560.835 4211.6 674.004 0.47739 8.67819 16.6757
561.915 4211.6 804.612 0.49987 7.7259 21.6148
562.995 4211.6 856.721 0.53123 7.28734 14.5459
564.075 4211.6 1036.85 0.602062 7.47551 14.9451
565.155 4211.6 1087.6 0.529469 7.59697 10.947
566.235 4211.6 1039.35 0.586927 7.29648 24.9435
567.315 4211.6 1092.23 0.582315 8.44299 4.76951
568.395 4211.6 841.551 0.704441 8.50214 22.8256
569.475 4211.6 762.831 0.523738 9.29383 17.3011
570.555 4211.6 969.031 0.615351 8.0768 8.7356
571.635 4211.6 1031.63 0.504748 10.4451 4.50156
572.715 4211.6 944.411 0.569984 7.04601 23.7572
573.795 4211.6 675.863 0.435383 10.3672 18.2047
574.875 4211.6 1107.8 0.643203 6.97904 35.1775
575.955 4211.6 745.402 0.465308 9.81363 13.6808
577.035 4211.6 826.17 0.604153 7.49169 19.1553
578.115 4211.6 722.717 0.653105 7.15443 17.2021
579.195 4211.6 475.592 0.610326 7.74457 23.2971
580.275 4211.6 593.534 0.584515 8.76799 13.6541
581.355 4211.6 918.986 0.623761 7.83067 20.2892
582.435 4211.6 954.216 0.564647 8.05213 24.8899
583.515 4211.6 895.544 0.656145 7.65352 22.8729
584.595 4211.6 1144.8 0.561827 7.34732 22.7341
585.675 4211.6 907.653 0.485929 8.30514 18.5462
586.755 4211.6 964.655 0.599744 7.96223 11.3758
587.835 4211.6 988.481 0.555973 8.13075 19.7413
588.915 4211.6 1371.55 0.652626 7.58508 13.501
589.995 4211.6 1407.33 0.517032 7.38298 17.4209
591.075 4211.6 1234.21 0.577858 8.874 28.7538
592.155 4211.6 1448.51 0.627215 6.48816 38.1989
593.235 4211.6 1292.29 0.528355 8.31147 22.6979
594.315 4211.6 1359.33 0.528585 7.37106 20.812
595.395 4211.6 1163.73 0.428658 11.0383 14.516
596.475 4211.6 1108.38 0.573778 7.13639 18.7276
597.555 4211.6 809.063 0.404919 10.9437 20.0786
598.635 4211.6 1091.41 0.51281 8.62524 6.79939
599.715 4211.6 1114.28 0.417403 12.2011 2.74101
600.795 4211.6 1134.57 0.509041 8.35074 5.8987
601.875 4211.6 1142.67 0.506118 8.48622 5.3283
602.955 4211.6 1250.41 0.519919 10.9559 10.6779
604.035 4211.6 1375.6 0.548046 8.61054 5.50355
605.115 4211.6 1481.19 0.492408 7.21206 17.0911

456.075 4210.52 -120 -0.06 0 0
457.155 4210.52 -120 -0.06 0 0
458.235 4210.52 -120 -0.06 0 0
459.315 4210.52 -120 -0.06 0 0
460.395 4210.52 -120 -0.06 0 0
461.475 4210.52 -120 -0.06 0 0
462.555 4210.52 -120 -0.06 0 0
463.635 4210.52 -120 -0.06 0 0
464.715 4210.52 -120 -0.06 0 0
465.795 4210.52 -120 -0.06 0 0
466.875 4210.52 -120 -0.06 0 0
467.955 4210.52 -120 -0.06 0 0
469.035 4210.52 -120 -0.06 0 0
470.115 4210.52 -120 -0.06 0 0
471.195 4210.52 -120 -0.06 0 0
472.275 4210.52 -120 -0.06 0 0
473.355 4210.52 -120 -0.06 0 0
474.435 4210.52 -120 -0.06 0 0
475.515 4210.52 -120 -0.06 0 0
476.595 4210.52 -120 -0.06 0 0
477.675 4210.52 -120 -0.06 0 0
478.755 4210.52 -120 -0.06 0 0
479.835 4210.52 -120 -0.06 0 0
480.915 4210.52 -120 -0.06 0 0
481.995 4210.52 -120 -0.06 0 0
483.075 4210.52 -120 -0.06 0 0
484.155 4210.52 -120 -0.06 0 0
485.235 4210.52 -120 -0.06 0 0
486.315 4210.52 -120 -0.06 0 0
487.395 4210.52 2.03515 0.515339 8.56775 3.92299
488.475 4210.52 34.1444 0.535271 8.90303 8.28203
489.555 4210.52 13.3271 0.47441 10.2094 7.58944
490.635 4210.52 -120 -0.06 0 0
491.715 4210.52 -120 -0.06 0 0
492.795 4210.52 -120 -0.06 0 0
493.875 4210.52 -120 -0.06 0 0
494.955 4210.52 -120 -0.06 0 0
496.035 4210.52 -120 -0.06 0 0
497.115 4210.52 -120 -0.06 0 0
498.195 4210.52 -120 -0.06 0 0
499.275 4210.52 -120 -0.06 0 0
500.355 4210.52 -120 -0.06 0 0
501.435 4210.52 -120 -0.06 0 0
502.515 4210.52 -120 -0.06 0 0
503.595 4210.52 -120 -0.06 0 0
504.675 4210.52 -120 -0.06 0 0
505.755 4210.52 65.4632 0.53596 8.27874 7.13691
506.835 4210.52 204.593 0.668117 7.57203 25.1609
507.915 4210.52 236.234 0.631976 7.75713 16.746
508.995 4210.52 272.061 0.562402 7.49109 20.3979
510.075 4210.52 440.798 0.586583 8.30471 13.4569
511.155 4210.52 604.886 0.636578 7.52088 20.79
512.235 4210.52 461.999 0.561548 9.00587 13.9886
513.315 4210.52 429.876 0.570367 8.28235 7.35257
514.395 4210.52 281.446 0.452318 11.2359 4.85277
515.475 4210.52 190.88 0.571914 8.05383 8.40508
516.555 4210.52 104.708 0.563575 8.28328 5.42101
517.635 4210.52 32.9629 0.350704 14.7173 0.639008
518.715 4210.52 40.8348 0.396849 12.9636 1.17106
519.795 4210.52 189.587 0.520799 8.57023 1.72542
520.875 4210.52 179.474 0.481809 9.59213 3.23563
521.955 4210.52 168.424 0.501426 9.35895 0.909714
523.035 4210.52 159.841 0.523375 9.14394 6.78357
524.115 4210.52 138.486 0.553818 8.59826 6.13385
525.195 4210.52 192.339 0.405947 13.4575 3.08249
526.275 4210.52 289.589 0.566657 7.64341 9.19081
527.355 4210.52 516.218 0.652246 7.46012 19.9489
528.435 4210.52 307.893 0.581969 8.1236 6.83369
529.515 4210.52 302.963 0.533573 7.92564 11.059
530.595 4210.52 261.12 0.47849 9.8371 4.04092
531.675 4210.52 225.673 0.486852 9.23504 7.20531
532.755 4210.52 353.804 0.562132 8.11669 13.3576
533.835 4210.52 521.596 0.560331 7.9727 15.8214
534.915 4210.52 669.271 0.580209 7.21495 6.75504
535.995 4210.52 334.03 0.571203 7.62284 25.5451
537.075 4210.52 241.453 0.591757 7.07097 15.66
538.155 4210.52 11.8336 0.480987 10.4451 0.350269
539.235 4210.52 13.3923 0.479353 10.4451 0.453753
540.315 4210.52 105.843 0.533709 7.43119 20.2377
541.395 4210.52 189.413 0.585548 8.63142 10.8768
542.475 4210.52 16.0591 0.511527 9.57479 3.89025
543.555 4210.52 12.3657 0.47802 10.1231 3.60225
544.635 4210.52 12.6247 0.47828 10.4451 0.0341909
545.715 4210.52 14.8816 0.479186 10.4451 0.343717
546.795 4210.52 19.1583 0.478172 10.4451 0.213096
547.875 4210.52 33.038 0.49551 9.6873 1.89489
548.955 4210.52 47.9528 0.483444 9.97036 1.66415
550.035 4210.52 206.344 0.479815 8.30281 16.5446
551.115 4210.52 363.038 0.49958 7.55664 15.5866
552.195 4210.52 341.468 0.626687 8.11241 13.6995
553.275 4210.52 114.152 0.397247 14.1374 10.082
554.355 4210.52 348.536 0.51112 7.06365 17.2327
555.435 4210.52 430.111 0.659924 8.47352 24.6412
556.515 4210.52 656.756 0.534114 8.40193 16.5735
557.595 4210.52 822.564 0.551718 7.02793 17.5921
558.675 4210.52 944.557 0.760445 7.21215 29.2446
559.755 4210.52 880.305 0.775661 7.5534 25.2302
560.835 4210.52 830.93 0.709531 7.27599 18.2561
561.915 4210.52 905.498 0.6183 7.87044 12.7801
562.995 4210.52 968.397 0.647244 7.80349 12.4277
564.075 4210.52 1030.29 0.586599 8.12109 3.17455
565.155 4210.52 1015.16 0.49829 10.9169 2.80377
566.235 4210.52 910.136 0.67884 7.20258 19.9606
567.315 4210.52 961.926 0.446515 10.4451 16.7567
568.395 4210.52 713.535 0.665233 9.88388 20.5668
569.475 4210.52 769.955 0.710798 7.45551 17.9137
570.555 4210.52 892.463 0.631595 8.31242 14.2195
571.635 4210.52 964.483 0.583309 8.45866 10.5812
572.715 4210.52 1090.3 0.638492 8.09676 13.2151
573.795 4210.52 1091.54 0.523738 7.56339 21.6904
574.875 4210.52 1180.7 0.582165 8.2021 25.518
575.955 4210.52 1176.27 0.525963 8.86575 23.9029
577.035 4210.52 1182.85 0.590561 6.84927 22.8818
578.115 4210.52 1026 0.567603 6.72583 23.5147
579.195 4210.52 566.075 0.469315 11.7894 22.7453
580.275 4210.52 578.426 0.543148 11.9538 19.7004
581.355 4210.52 966.893 0.654561 7.68759 20.3401
582.435 4210.52 1271.97 0.536486 7.34907 15.0442
583.515 4210.52 1074.19 0.520005 7.79567 21.8697
584.595 4210.52 1050.94 0.742881 7.03253 21.7152
585.675 4210.52 857.927 0.74477 7.90711 23.1194
586.755 4210.52 961.61 0.585438 7.9893 2.5947
587.835 4210.52 863.33 0.714777 6.94012 25.1012
588.915 4210.52 991.673 0.58471 8.82242 28.1016
589.995 4210.52 1563.69 0.657023 7.43221 14.1369
591.075 4210.52 1594.73 0.474169 8.66081 16.7636
592.155 4210.52 1689.09 0.547068 8.0588 3.23494
593.235 4210.52 1487.32 0.556436 8.84686 15.475
594.315 4210.52 1358.35 0.574733 8.88069 29.5312
595.395 4210.52 1266.63 0.517758 8.59143 19.3523
596.475 4210.52 1185.78 0.45261 9.27253 20.2498
597.555 4210.52 1210.45 0.521696 7.13738 17.9575
598.635 4210.52 1232.97 0.560675 8.44688 9.2351
599.715 4210.52 1218.29 0.448861 10.5917 8.72217
600.795 4210.52 1208.93 0.507208 8.54555 12.1152
601.875 4210.52 1229.58 0.651908 7.25478 17.3915
602.955 4210.52 1378.04 0.514645 7.65373 9.58566
604.035 4210.52 1399.32 0.470323 9.59132 9.35499
605.115 4210.52 1580.89 0.518302 7.63348 10.4382

456.075 4209.44 -120 -0.06 0 0
457.155 4209.44 -120 -0.06 0 0
458.235 4209.44 -120 -0.06 0 0
459.315 4209.44 -120 -0.06 0 0
460.395 4209.44 -120 -0.06 0 0
461.475 4209.44 -120 -0.06 0 0
462.555 4209.44 -120 -0.06 0 0
463.635 4209.44 -120 -0.06 0 0
464.715 4209.44 -120 -0.06 0 0
465.795 4209.44 -120 -0.06 0 0
466.875 4209.44 -120 -0.06 0 0
467.955 4209.44 -120 -0.06 0 0
469.035 4209.44 -120 -0.06 0 0
470.115 4209.44 -120 -0.06 0 0
471.195 4209.44 -120 -0.06 0 0
472.275 4209.44 -120 -0.06 0 0
473.355 4209.44 -120 -0.06 0 0
474.435 4209.44 -120 -0.06 0 0
475.515 4209.44 -120 -0.06 0 0
476.595 4209.44 -120 -0.06 0 0
477.675 4209.44 -120 -0.06 0 0
478.755 4209.44 -120 -0.06 0 0
479.835 4209.44 -120 -0.06 0 0
480.915 4209.44 -120 -0.06 0 0
481.995 4209.44 -120 -0.06 0 0
483.075 4209.44 -120 -0.06 0 0
484.155 4209.44 -120 -0.06 0 0
485.235 4209.44 -120 -0.06 0 0
486.315 4209.44 -120 -0.06 0 0
487.395 4209.44 -120 -0.06 0 0
488.475 4209.44 10.1225 0.509611 8.7519 4.43399
489.555 4209.44 5.00799 0.416375 11.7076 1.54951
490.635 4209.44 -120 -0.06 0 0
491.715 4209.44 -120 -0.06 0 0
492.795 4209.44 -120 -0.06 0 0
493.875 4209.44 -120 -0.06 0 0
494.955 4209.44 -120 -0.06 0 0
496.035 4209.44 -120 -0.06 0 0
497.115 4209.44 -120 -0.06 0 0
498.195 4209.44 -120 -0.06 0 0
499.275 4209.44 -120 -0.06 0 0
500.355 4209.44 -120 -0.06 0 0
501.435 4209.44 -120 -0.06 0 0
502.515 4209.44 -120 -0.06 0 0
503.595 4209.44 -120 -0.06 0 0
504.675 4209.44 -120 -0.06 0 0
505.755 4209.44 0.822397 0.494224 9.46537 2.3134
506.835 4209.44 28.3583 0.463856 10.2931 3.81128
507.915 4209.44 181.012 0.59878 8.15843 16.0739
508.995 4209.44 187.373 0.629828 7.97646 15.1716
510.075 4209.44 377.964 0.647127 7.50797 15.3741
511.155 4209.44 481.877 0.609697 7.68747 10.7605
512.235 4209.44 213.24 0.459097 11.3293 10.8755
513.315 4209.44 392.313 0.563284 8.14984 14.9678
514.395 4209.44 323.013 0.590723 8.5838 11.2095
515.475 4209.44 221.113 0.542928 8.3412 8.56767
516.555 4209.44 28.4095 0.426114 11.9964 5.63963
517.635 4209.44 160.144 0.534601 7.64287 20.9822
518.715 4209.44 236.052 0.468935 9.6514 23.5006
519.795 4209.44 314.808 0.50566 7.44206 15.6923
520.875 4209.44 212.922 0.49071 9.06174 5.4186
521.955 4209.44 229.806 0.505609 8.67574 4.28913
523.035 4209.44 196.235 0.522557 8.32729 4.49929
524.115 4209.44 89.8025 0.40143 12.8774 9.73131
525.195 4209.44 126.425 0.449919 12.4125 7.77038
526.275 4209.44 263.653 0.571812 8.25572 5.75749
527.355 4209.44 310.65 0.65359 7.55705 19.3102
528.435 4209.44 237.82 0.577201 8.1378 7.31347
529.515 4209.44 270.565 0.493299 9.66516 2.08542
530.595 4209.44 227.151 0.503185 10.1227 2.21383
531.675 4209.44 279.881 0.507736 9.12253 6.68647
532.755 4209.44 289.413 0.473233 10.7563 11.2639
533.835 4209.44 417.966 0.559639 8.63215 9.067
534.915 4209.44 501.62 0.606213 8.71293 15.7756
535.995 4209.44 460.068 0.627467 8.51784 14.6458
537.075 4209.44 194.073 0.538392 7.49908 23.851
538.155 4209.44 10.2334 0.388187 13.664 0.371275
539.235 4209.44 11.7721 0.51649 9.32037 0.390766
540.315 4209.44 15.4089 0.583198 8.62251 8.80482
541.395 4209.44 23.8126 0.55816 9.05441 6.42508
542.475 4209.44 8.03914 0.364845 14.4882 0.298992
543.555 4209.44 10.8067 0.461123 11.1383 0.21881
544.635 4209.44 14.4367 0.480062 10.4451 0.429856
545.715 4209.44 17.8934 0.461758 10.9585 0.91685
546.795 4209.44 79.8892 0.469289 8.3652 16.8784
547.875 4209.44 128.101 0.515438 7.60133 9.47377
548.955 4209.44 99.8272 0.439779 10.9652 4.82561
550.035 4209.44 356.02 0.686887 7.48935 20.8277
551.115 4209.44 467.188 0.546258 8.47055 3.99421
552.195 4209.44 377.758 0.605666 8.44234 10.7606
553.275 4209.44 199.907 0.541231 8.23501 14.807
554.355 4209.44 511.278 0.587021 7.52558 19.7411
555.435 4209.44 845.14 0.626433 7.1714 27.3364
556.515 4209.44 957.742 0.538622 7.3668 10.2204
557.595 4209.44 1114.35 0.609916 7.21166 16.2783
558.675 4209.44 664.316 0.700908 9.03224 22.793
559.755 4209.44 582.763 0.594595 10.0252 17.6324
560.835 4209.44 641.537 0.74474 7.30321 23.5012
561.915 4209.44 836.754 0.530096 8.1538 9.26344
562.995 4209.44 738.346 0.539517 10.7142 16.115
564.075 4209.44 983.269 0.597241 7.89484 3.98932
565.155 4209.44 1069.32 0.544142 9.03373 22.6175
566.235 4209.44 733.78 0.643765 11.3462 24.3575
567.315 4209.44 915.07 0.695432 7.16141 29.414
568.395 4209.44 689.619 0.641146 7.31228 28.3617
569.475 4209.44 789.044 0.779826 7.67252 25.3637
570.555 4209.44 1008.33 0.618585 7.78319 26.4196
571.635 4209.44 885.748 0.635446 9.24972 20.6094
572.715 4209.44 1042.98 0.630869 8.14954 15.8943
573.795 4209.44 1294.71 0.590915 7.85334 6.99844
574.875 4209.44 1393.39 0.521003 9.40301 5.75629
575.955 4209.44 1342.36 0.590678 8.81635 8.39846
577.035 4209.44 1410.3 0.571833 7.69032 9.15564
578.115 4209.44 890.432 0.648522 9.10308 18.3597
579.195 4209.44 843.964 0.642813 7.31193 27.7779
580.275 4209.44 905.182 0.589861 6.70094 24.4485
581.355 4209.44 959.581 0.668152 7.47696 24.7439
582.435 4209.44 1392.24 0.753915 6.97713 27.9489
583.515 4209.44 1349.11 0.659657 7.02201 23.112
584.595 4209.44 932.665 0.549648 7.28045 20.0923
585.675 4209.44 839.961 0.528647 7.17867 19.4269
586.755 4209.44 704.915 0.494352 12.7134 14.1254
587.835 4209.44 785.58 0.61277 7.84858 17.8547
588.915 4209.44 1086.29 0.705891 7.33391 17.9728
589.995 4209.44 1136.93 0.701843 6.6676 31.2731
591.075 4209.44 1616.52 0.715634 7.81701 29.8985
592.155 4209.44 1523.21 0.765779 7.31211 27.315
593.235 4209.44 1580.05 0.666054 7.58456 17.0443
594.315 4209.44 1590.68 0.523649 7.89372 15.4526
595.395 4209.44 1469.63 0.531074 7.91819 8.74479
596.475 4209.44 1337.22 0.536798 8.39871 12.6566
597.555 4209.44 1340.46 0.510808 8.74991 4.72013
598.635 4209.44 1391.51 0.503577 8.23409 13.0635
599.715 4209.44 1434.23 0.491359 7.53768 18.3968
600.795 4209.44 1381.5 0.609018 7.09181 20.3181
601.875 4209.44 1066.02 0.71442 8.09712 24.0599
602.955 4209.44 1293.23 0.650152 7.97457 16.1237
604.035 4209.44 1437.27 0.571726 8.52169 14.2744
605.115 4209.44 1629.94 0.576986 7.99474 9.14536

456.075 4208.35 -120 -0.06 0 0
457.155 4208.35 -120 -0.06 0 0
458.235 4208.35 -120 -0.06 0 0
459.315 4208.35 -120 -0.06 0 0
460.395 4208.35 -120 -0.06 0 0
461.475 4208.35 -120 -0.06 0 0
462.555 4208.35 -120 -0.06 0 0
463.635 4208.35 -120 -0.06 0 0
464.715 4208.35 -120 -0.06 0 0
465.795 4208.35 -120 -0.06 0 0
466.875 4208.35 -120 -0.06 0 0
467.955 4208.35 -120 -0.06 0 0
469.035 4208.35 -120 -0.06 0 0
470.115 4208.35 -120 -0.06 0 0
471.195 4208.35 -120 -0.06 0 0
472.275 4208.35 -120 -0.06 0 0
473.355 4208.35 -120 -0.06 0 0
474.435 4208.35 -120 -0.06 0 0
475.515 4208.35 -120 -0.06 0 0
476.595 4208.35 -120 -0.06 0 0
477.675 4208.35 -120 -0.06 0 0
478.755 4208.35 -120 -0.06 0 0
479.835 4208.35 -120 -0.06 0 0
480.915 4208.35 -120 -0.06 0 0
481.995 4208.35 -120 -0.06 0 0
483.075 4208.35 -120 -0.06 0 0
484.155 4208.35 -120 -0.06 0 0
485.235 4208.35 -120 -0.06 0 0
486.315 4208.35 -120 -0.06 0 0
487.395 4208.35 -120 -0.06 0 0
488.475 4208.35 -120 -0.06 0 0
489.555 4208.35 10.514 0.443017 9.96363 4.15504
490.635 4208.35 -120 -0.06 0 0
491.715 4208.35 -120 -0.06 0 0
492.795 4208.35 -120 -0.06 0 0
493.875 4208.35 -120 -0.06 0 0
494.955 4208.35 -120 -0.06 0 0
496.035 4208.35 -120 -0.06 0 0
497.115 4208.35 -120 -0.06 0 0
498.195 4208.35 -120 -0.06 0 0
499.275 4208.35 -120 -0.06 0 0
500.355 4208.35 -120 -0.06 0 0
501.435 4208.35 -120 -0.06 0 0
502.515 4208.35 -120 -0.06 0 0
503.595 4208.35 -120 -0.06 0 0
504.675 4208.35 -120 -0.06 0 0
505.755 4208.35 -120 -0.06 0 0
506.835 4208.35 42.902 0.506256 8.77624 1.71157
507.915 4208.35 32.4808 0.476741 10.5867 3.60798
508.995 4208.35 37.1586 0.441511 11.6222 2.47658
510.075 4208.35 135.263 0.569773 7.66246 11.6009
511.155 4208.35 188.035 0.631354 8.83472 17.7506
512.235 4208.35 114.963 0.454326 12.1919 7.16248
513.315 4208.35 330.436 0.588027 7.87424 23.8125
514.395 4208.35 239.385 0.467272 10.8742 7.15342
515.475 4208.35 226.536 0.586746 8.38169 9.59793
516.555 4208.35 17.68 0.342523 14.9414 1.11029
517.635 4208.35 281.425 0.695543 7.33537 21.4463
518.715 4208.35 385.035 0.548155 8.36205 2.2767
519.795 4208.35 317.515 0.544206 8.55535 2.55026
520.875 4208.35 327.06 0.505872 8.4672 7.8514
521.955 4208.35 252.73 0.446655 11.4879 1.75301
523.035 4208.35 254.313 0.553213 8.23036 1.74586
524.115 4208.35 57.9912 0.374915 14.7267 6.21983
525.195 4208.35 112.524 0.469699 11.5995 14.6035
526.275 4208.35 198.566 0.518153 8.71705 13.4449
527.355 4208.35 198.577 0.554122 10.3826 11.649
528.435 4208.35 143.89 0.515847 12.2598 28.1012
529.515 4208.35 281.223 0.563022 8.15341 2.76798
530.595 4208.35 160.769 0.455287 11.7915 3.24883
531.675 4208.35 293.369 0.53234 8.86872 5.96922
532.755 4208.35 194.08 0.60878 8.70597 19.0581
533.835 4208.35 330.261 0.613251 7.4379 28.0998
534.915 4208.35 441.404 0.635715 7.86008 18.4142
535.995 4208.35 308.059 0.600787 9.94909 28.9376
537.075 4208.35 299.686 0.757869 6.59189 30.0602
538.155 4208.35 8.91296 0.490057 10.3219 0.496751
539.235 4208.35 13.2567 0.489422 10.4451 0.817746
540.315 4208.35 2.7024 0.390528 13.8115 0.667067
541.395 4208.35 7.3117 0.386716 13.7624 0.732317
542.475 4208.35 13.5826 0.44233 11.7938 0.525526
543.555 4208.35 15.8945 0.404158 13.1066 0.4498
544.635 4208.35 25.3716 0.407925 12.8542 1.20375
545.715 4208.35 61.0247 0.445293 11.5193 3.70687
546.795 4208.35 186.622 0.549816 8.0749 16.0404
547.875 4208.35 358.243 0.579846 7.31249 19.7271
548.955 4208.35 383.367 0.520724 7.25414 16.5747
550.035 4208.35 400.803 0.511317 7.7907 15.1548
551.115 4208.35 301.772 0.581232 9.19509 12.2927
552.195 4208.35 246.072 0.583731 8.49225 13.9155
553.275 4208.35 204.386 0.468999 12.1169 9.60306
554.355 4208.35 416.269 0.642609 7.16183 14.481
555.435 4208.35 492.572 0.684103 8.32649 19.5093
556.515 4208.35 884.373 0.753129 7.0653 22.3351
557.595 4208.35 766.172 0.705126 7.03284 25.644
558.675 4208.35 594.854 0.614046 8.69095 12.0572
559.755 4208.35 474.946 0.445109 12.4395 5.19293
560.835 4208.35 513.83 0.524061 12.2436 17.8695
561.915 4208.35 676.887 0.758599 7.83893 29.0323
562.995 4208.35 720.343 0.563888 7.71074 19.2715
564.075 4208.35 1034.29 0.559812 8.49984 20.7589
565.155 4208.35 989.767 0.681845 8.25608 20.0651
566.235 4208.35 601.831 0.505587 12.1263 8.66361
567.315 4208.35 637.676 0.612033 8.72944 20.0228
568.395 4208.35 525.187 0.398705 13.4017 10.6414
569.475 4208.35 840.174 0.612688 7.59038 25.8529
570.555 4208.35 951.699 0.700115 7.41918 27.5436
571.635 4208.35 909.185 0.53836 7.17156 21.5715
572.715 4208.35 1195.81 0.597498 7.91797 18.2678
573.795 4208.35 1198.46 0.689966 9.62769 26.7921
574.875 4208.35 1401.8 0.671848 7.51084 16.2397
575.955 4208.35 1273.1 0.467756 11.8994 13.4617
577.035 4208.35 1366.64 0.653264 6.99078 29.1781
578.115 4208.35 1054.95 0.562455 7.9727 24.1006
579.195 4208.35 1138.76 0.51153 8.31021 22.1462
580.275 4208.35 1243.52 0.601567 6.7401 24.8132
581.355 4208.35 1096.05 0.49288 8.59283 17.8893
582.435 4208.35 1414.73 0.56775 7.33795 22.6912
583.515 4208.35 988.331 0.464258 10.0001 14.88
584.595 4208.35 843.023 0.552711 11.4489 14.3232
585.675 4208.35 863.843 0.800733 7.61526 26.2661
586.755 4208.35 822.124 0.577391 7.56536 22.4992
587.835 4208.35 683.218 0.611072 7.89238 7.16025
588.915 4208.35 808.814 0.547537 8.10999 22.4955
589.995 4208.35 1177.75 0.589974 7.97446 25.9565
591.075 4208.35 1492.91 0.733213 7.43637 24.6156
592.155 4208.35 1290.92 0.675199 6.71145 32.9075
593.235 4208.35 1295.16 0.767115 7.24054 29.4938
594.315 4208.35 1354.26 0.733428 8.60792 26.0825
595.395 4208.35 1311.51 0.632256 8.95713 20.4721
596.475 4208.35 1303.27 0.70878 6.80139 24.2427
597.555 4208.35 1248.08 0.616468 7.76925 11.1767
598.635 4208.35 1239.93 0.747152 7.66916 24.7828
599.715 4208.35 1332.16 0.591574 7.86333 14.4947
600.795 4208.35 1208.49 0.679617 7.52335 19.6706
601.875 4208.35 914.722 0.511915 11.6714 19.8007
602.955 4208.35 1136.78 0.602806 7.83597 18.5851
604.035 4208.35 1422.88 0.597396 7.92243 17.1376
605.115 4208.35 1390.06 0.661802 8.59862 20.7886

456.075 4207.27 -120 -0.06 0 0
457.155 4207.27 -120 -0.06 0 0
458.235 4207.27 -120 -0.06 0 0
459.315 4207.27 -120 -0.06 0 0
460.395 4207.27 -120 -0.06 0 0
461.475 4207.27 -120 -0.06 0 0
462.555 4207.27 -120 -0.06 0 0
463.635 4207.27 -120 -0.06 0 0
464.715 4207.27 -120 -0.06 0 0
465.795 4207.27 -120 -0.06 0 0
466.875 4207.27 -120 -0.06 0 0
467.955 4207.27 -120 -0.06 0 0
469.035 4207.27 -120 -0.06 0 0
470.115 4207.27 -120 -0.06 0 0
471.195 4207.27 -120 -0.06 0 0
472.275 4207.27 -120 -0.06 0 0
473.355 4207.27 -120 -0.06 0 0
474.435 4207.27 -120 -0.06 0 0
475.515 4207.27 -120 -0.06 0 0
476.595 4207.27 -120 -0.06 0 0
477.675 4207.27 -120 -0.06 0 0
478.755 4207.27 -120 -0.06 0 0
479.835 4207.27 -120 -0.06 0 0
480.915 4207.27 -120 -0.06 0 0
481.995 4207.27 -120 -0.06 0 0
483.075 4207.27 -120 -0.06 0 0
484.155 4207.27 -120 -0.06 0 0
485.235 4207.27 -120 -0.06 0 0
486.315 4207.27 -120 -0.06 0 0
487.395 4207.27 -120 -0.06 0 0
488.475 4207.27 -120 -0.06 0 0
489.555 4207.27 -120 -0.06 0 0
490.635 4207.27 -120 -0.06 0 0
491.715 4207.27 -120 -0.06 0 0
492.795 4207.27 -120 -0.06 0 0
493.875 4207.27 -120 -0.06 0 0
494.955 4207.27 -120 -0.06 0 0
496.035 4207.27 -120 -0.06 0 0
497.115 4207.27 -120 -0.06 0 0
498.195 4207.27 -120 -0.06 0 0
499.275 4207.27 -120 -0.06 0 0
500.355 4207.27 -120 -0.06 0 0
501.435 4207.27 -120 -0.06 0 0
502.515 4207.27 -120 -0.06 0 0
503.595 4207.27 -120 -0.06 0 0
504.675 4207.27 -120 -0.06 0 0
505.755 4207.27 -120 -0.06 0 0
506.835 4207.27 2.3631 0.46914 10.5669 1.82855
507.915 4207.27 2.04248 0.498399 9.61244 1.62586
508.995 4207.27 6.55401 0.499165 9.16762 2.47953
510.075 4207.27 108.334 0.490098 8.75828 9.40523
511.155 4207.27 56.3202 0.487551 11.1316 6.91102
512.235 4207.27 103.108 0.487541 9.16965 6.26502
513.315 4207.27 371.059 0.539278 8.22634 4.57804
514.395 4207.27 187.344 0.562616 9.6542 14.1774
515.475 4207.27 266.051 0.539686 8.21401 8.46636
516.555 4207.27 12.6955 0.371407 13.8694 2.95634
517.635 4207.27 94.6325 0.617823 8.19964 13.8201
518.715 4207.27 361.582 0.56086 7.92305 13.0958
519.795 4207.27 326.042 0.584136 7.98108 6.36316
520.875 4207.27 176.339 0.536395 10.3304 9.88115
521.955 4207.27 274.247 0.597622 8.24903 11.8001
523.035 4207.27 190.642 0.495927 10.7887 4.31614
524.115 4207.27 91.69 0.572127 8.69324 20.7779
525.195 4207.27 110.492 0.615963 8.48233 12.4152
526.275 4207.27 164.618 0.573775 8.28914 9.36948
527.355 4207.27 202.477 0.590346 8.13143 6.9673
528.435 4207.27 73.4072 0.580193 9.19072 13.4717
529.515 4207.27 250.599 0.579255 7.89359 3.4281
530.595 4207.27 182.246 0.705274 7.6184 28.6124
531.675 4207.27 264.58 0.631001 7.94257 16.1093
532.755 4207.27 71.1598 0.468874 11.9415 5.76303
533.835 4207.27 313.837 0.670245 7.37087 14.8384
534.915 4207.27 300.526 0.54726 8.36517 12.7199
535.995 4207.27 183.347 0.692939 7.24762 34.4588
537.075 4207.27 8.08184 0.315557 18.836 0.362205
538.155 4207.27 10.4474 0.553033 7.68152 7.41551
539.235 4207.27 12.8224 0.456872 11.3688 0.680138
540.315 4207.27 89.0999 0.568618 10.0035 11.8052
541.395 4207.27 73.0835 0.471218 9.04114 12.5706
542.475 4207.27 51.7967 0.508983 7.91778 13.8087
543.555 4207.27 33.5728 0.443311 11.692 1.46175
544.635 4207.27 132.296 0.523323 7.77303 12.3398
545.715 4207.27 124.533 0.45536 10.543 7.97134
546.795 4207.27 373.395 0.502167 8.15448 19.5957
547.875 4207.27 571.428 0.523369 7.01416 14.5037
548.955 4207.27 683.348 0.619954 6.93902 28.8955
550.035 4207.27 607.06 0.566684 7.15505 13.2416
551.115 4207.27 362.736 0.608251 9.11112 19.4454
552.195 4207.27 413.594 0.523759 7.05685 19.4871
553.275 4207.27 420.9 0.515312 7.21613 21.9558
554.355 4207.27 368.202 0.49742 7.95274 14.987
555.435 4207.27 493.88 0.625718 7.90547 10.4478
556.515 4207.27 561.76 0.542395 9.24128 14.7881
557.595 4207.27 567.583 0.598814 9.21077 11.7514
558.675 4207.27 521.797 0.607154 8.59474 9.84879
559.755 4207.27 448.845 0.614032 8.166 20.5502
560.835 4207.27 533.94 0.512762 7.80025 21.975
561.915 4207.27 624.769 0.526596 7.95137 22.8005
562.995 4207.27 675.78 0.666831 10.529 23.0931
564.075 4207.27 926.007 0.578544 10.1334 11.1057
565.155 4207.27 717.995 0.738518 7.48181 21.0821
566.235 4207.27 739.159 0.632949 7.73135 29.189
567.315 4207.27 566.674 0.637365 7.43262 26.6132
568.395 4207.27 743.634 0.729933 7.33341 18.6728
569.475 4207.27 864.576 0.787373 8.03114 25.9498
570.555 4207.27 892.244 0.719757 6.7747 29.2926
571.635 4207.27 996.42 0.756022 7.3429 22.1603
572.715 4207.27 1180.34 0.568618 8.91525 12.0981
573.795 4207.27 1110.57 0.54704 8.25493 19.6224
574.875 4207.27 1440.12 0.563343 9.14022 12.4493
575.955 4207.27 1223.61 0.544686 11.2785 18.8342
577.035 4207.27 1469.23 0.603572 8.16299 15.9033
578.115 4207.27 1268.22 0.787756 7.49058 26.4857
579.195 4207.27 1445.51 0.659297 8.08272 12.8446
580.275 4207.27 1241.1 0.644148 7.57299 28.0488
581.355 4207.27 1369.35 0.778637 7.22664 24.4693
582.435 4207.27 1337.88 0.617212 8.12629 9.94306
583.515 4207.27 1128.77 0.641589 7.42392 30.0928
584.595 4207.27 931.102 0.503027 8.23009 17.2558
585.675 4207.27 952.434 0.530882 7.20666 17.9279
586.755 4207.27 768.718 0.519693 7.63702 20.6916
587.835 4207.27 623.308 0.439086 13.6202 12.2833
588.915 4207.27 854.278 0.771755 6.89515 29.8233
589.995 4207.27 1192.6 0.7367 7.36238 20.9325
591.075 4207.27 1425.94 0.595704 7.19344 15.2683
592.155 4207.27 1281.36 0.610639 8.06872 13.4975
593.235 4207.27 1054.5 0.640495 7.4591 33.5389
594.315 4207.27 1125.68 0.573197 10.4201 15.6036
595.395 4207.27 1093.05 0.547687 9.93414 32.7577
596.475 4207.27 963.858 0.694866 8.40867 32.6299
597.555 4207.27 955.58 0.681594 6.86252 22.2423
598.635 4207.27 838.357 0.566467 10.6751 14.3538
599.715 4207.27 1106.55 0.577114 7.57809 22.6276
600.795 4207.27 863.822 0.48601 9.33338 15.9762
601.875 4207.27 1144.31 0.617764 6.90991 31.9334
602.955 4207.27 933.677 0.531757 11.6312 18.1023
604.035 4207.27 1271.53 0.677764 7.22664 19.0773
605.115 4207.27 1137.99 0.566629 10.1534 26.5421

456.075 4206.19 -120 -0.06 0 0
457.155 4206.19 -120 -0.06 0 0
458.235 4206.19 -120 -0.06 0 0
459.315 4206.19 -120 -0.06 0 0
460.395 4206.19 -120 -0.06 0 0
461.475 4206.19 -120 -0.06 0 0
462.555 4206.19 -120 -0.06 0 0
463.635 4206.19 -120 -0.06 0 0
464.715 4206.19 -120 -0.06 0 0
465.795 4206.19 -120 -0.06 0 0
466.875 4206.19 -120 -0.06 0 0
467.955 4206.19 -120 -0.06 0 0
469.035 4206.19 -120 -0.06 0 0
470.115 4206.19 -120 -0.06 0 0
471.195 4206.19 -120 -0.06 0 0
472.275 4206.19 -120 -0.06 0 0
473.355 4206.19 -120 -0.06 0 0
474.435 4206.19 -120 -0.06 0 0
475.515 4206.19 -120 -0.06 0 0
476.595 4206.19 -120 -0.06 0 0
477.675 4206.19 -120 -0.06 0 0
478.755 4206.19 -120 -0.06 0 0
479.835 4206.19 -120 -0.06 0 0
480.915 4206.19 -120 -0.06 0 0
481.995 4206.19 -120 -0.06 0 0
483.075 4206.19 -120 -0.06 0 0
484.155 4206.19 -120 -0.06 0 0
485.235 4206.19 -120 -0.06 0 0
486.315 4206.19 -120 -0.06 0 0
487.395 4206.19 -120 -0.06 0 0
488.475 4206.19 -120 -0.06 0 0
489.555 4206.19 -120 -0.06 0 0
490.635 4206.19 -120 -0.06 0 0
491.715 4206.19 -120 -0.06 0 0
492.795 4206.19 -120 -0.06 0 0
493.875 4206.19 -120 -0.06 0 0
494.955 4206.19 -120 -0.06 0 0
496.035 4206.19 -120 -0.06 0 0
497.115 4206.19 -120 -0.06 0 0
498.195 4206.19 -120 -0.06 0 0
499.275 4206.19 -120 -0.06 0 0
500.355 4206.19 -120 -0.06 0 0
501.435 4206.19 -120 -0.06 0 0
502.515 4206.19 -120 -0.06 0 0
503.595 4206.19 -120 -0.06 0 0
504.675 4206.19 -120 -0.06 0 0
505.755 4206.19 -120 -0.06 0 0
506.835 4206.19 -120 -0.06 0 0
507.915 4206.19 -120 -0.06 0 0
508.995 4206.19 -120 -0.06 0 0
510.075 4206.19 9.96128 0.363523 14.2589 1.46899
511.155 4206.19 25.7112 0.452846 11.7961 4.77943
512.235 4206.19 126.112 0.519009 9.52572 13.2947
513.315 4206.19 239.594 0.606962 8.14851 16.7908
514.395 4206.19 287.503 0.527061 7.99409 14.8109
515.475 4206.19 149.563 0.653634 7.59116 21.7045
516.555 4206.19 24.8763 0.533477 9.61809 16.1917
517.635 4206.19 158.024 0.544997 7.55048 8.31353
518.715 4206.19 340.104 0.667366 8.68076 21.2789
519.795 4206.19 368.526 0.648622 7.91527 15.414
520.875 4206.19 136.427 0.580315 11.2126 25.5124
521.955 4206.19 256.603 0.656716 7.4761 23.1687
523.035 4206.19 181.8 0.494736 9.46209 10.0492
524.115 4206.19 144.792 0.60163 7.67582 6.67452
525.195 4206.19 57.9621 0.482722 9.2655 18.4966
526.275 4206.19 45.9798 0.484169 11.6949 8.22852
527.355 4206.19 118.154 0.555784 8.74809 9.03311
528.435 4206.19 9.95244 0.426238 12.7636 3.7845
529.515 4206.19 194.612 0.586735 8.94013 11.0595
530.595 4206.19 46.3319 0.456194 11.9254 2.24373
531.675 4206.19 132.122 0.629865 8.08676 15.4031
532.755 4206.19 5.04505 0.396218 13.8138 0.762951
533.835 4206.19 90.5385 0.665314 8.84193 20.1582
534.915 4206.19 187.246 0.719995 7.26522 26.2822
535.995 4206.19 7.0908 0.316987 20.5783 0.138313
537.075 4206.19 9.22511 0.469296 11.1383 0.887967
538.155 4206.19 110.352 0.58573 7.79547 16.699
539.235 4206.19 110.977 0.514489 8.14902 9.65799
540.315 4206.19 72.8074 0.535412 9.11392 9.31083
541.395 4206.19 333.109 0.495692 7.92297 15.1351
542.475 4206.19 183.033 0.6104 7.32614 15.2318
543.555 4206.19 84.9413 0.50472 9.39896 3.3169
544.635 4206.19 124.855 0.559904 9.49473 11.0821
545.715 4206.19 248.083 0.52584 8.57754 12.8119
546.795 4206.19 626.398 0.623163 6.85951 29.8641
547.875 4206.19 764.209 0.625961 7.99546 15.8072
548.955 4206.19 627.703 0.620461 8.07138 12.2566
550.035 4206.19 567.331 0.549329 10.1471 9.65999
551.115 4206.19 508.637 0.522624 8.34296 16.114
552.195 4206.19 595.903 0.513604 8.23086 13.7819
553.275 4206.19 610.331 0.628847 8.40414 19.1586
554.355 4206.19 460.57 0.549473 9.56004 7.96023
555.435 4206.19 475.267 0.632879 7.4556 13.9172
556.515 4206.19 613.807 0.682209 8.6375 21.3008
557.595 4206.19 504.553 0.560653 8.11804 19.187
558.675 4206.19 369.545 0.468496 13.0035 7.29197
559.755 4206.19 581.751 0.621824 7.04624 24.5135
560.835 4206.19 701.317 0.582969 8.15937 12.2167
561.915 4206.19 732.445 0.610379 9.49787 12.9585
562.995 4206.19 869.731 0.638848 8.11752 13.9372
564.075 4206.19 733.866 0.591233 9.53639 9.31586
565.155 4206.19 784.761 0.680568 7.63408 22.7381
566.235 4206.19 687.861 0.66671 8.13523 16.0541
567.315 4206.19 639.895 0.561131 7.61062 22.1389
568.395 4206.19 481.995 0.665117 7.64138 18.6782
569.475 4206.19 645.091 0.591315 7.94317 24.238
570.555 4206.19 653.765 nan 12.0318 nan
571.635 4206.19 1126.73 nan 6.9544 nan
572.715 4206.19 1048.22 nan 7.62735 nan
573.795 4206.19 1114.27 nan 8.27842 nan
574.875 4206.19 1537.99 nan 8.76771 nan
575.955 4206.19 1153.37 nan 13.2544 nan
577.035 4206.19 1327.62 nan 7.65319 nan
578.115 4206.19 1161.38 nan 7.09969 nan
579.195 4206.19 1033.54 nan 9.87373 nan
580.275 4206.19 1073.35 nan nan nan
581.355 4206.19 -120 -0.06 0 0
582.435 4206.19 -120 -0.06 0 0
583.515 4206.19 -120 -0.06 0 0
584.595 4206.19 -120 -0.06 0 0
585.675 4206.19 -120 -0.06 0 0
586.755 4206.19 -120 -0.06 0 0
587.835 4206.19 -120 -0.06 0 0
588.915 4206.19 -120 -0.06 0 0
589.995 4206.19 -120 -0.06 0 0
591.075 4206.19 -120 -0.06 0 0
592.155 4206.19 -120 -0.06 0 0
593.235 4206.19 -120 -0.06 0 0
594.315 4206.19 -120 -0.06 0 0
595.395 4206.19 -120 -0.06 0 0
596.475 4206.19 -120 -0.06 0 0
597.555 4206.19 -120 -0.06 0 0
598.635 4206.19 -120 -0.06 0 0
599.715 4206.19 -120 -0.06 0 0
600.795 4206.19 -120 -0.06 0 0
601.875 4206.19 -120 -0.06 0 0
602.955 4206.19 -120 -0.06 0 0
604.035 4206.19 -120 -0.06 0 0
605.115 4206.19 -120 -0.06 0 0

