x y lead slope theta0 tamb elev
601.335 4317.435 75.52986 14.91444 0.08 26.50875 928.6598
602.955 4316.895 74.82723 9.553616 0.08 26.87866 893.3116
459.855 4316.355 75.42051 7.429454 0.08 32.25798 37.13643
487.395 4316.355 80.34194 16.69096 0.1556374 29.80433 377.5952
493.875 4316.355 74.94959 11.78024 0.08 31.75349 141.2953
500.355 4316.355 78.38006 0.2675937 0.1311758 32.60486 3.773536
506.835 4316.355 78.18882 4.441613 0.1163376 32.12411 72.01657
513.315 4316.355 74.7365 10.20018 0.08 31.66923 134.8217
519.795 4316.355 80.42774 21.11745 0.2318535 30.77182 199.6755
525.735 4316.355 74.84289 13.56823 0.08 30.48639 283.9438
532.215 4316.355 75.29616 15.09516 0.08 27.75421 688.4246
538.695 4316.355 78.81746 8.50288 0.1439137 28.73623 575.584
545.175 4316.355 74.26721 5.20506 0.08 29.16495 539.0739
551.655 4316.355 76.06016 20.82025 0.08 29.47003 427.6815
558.135 4316.355 77.4764 2.309069 0.101016 30.84675 279.4685
564.615 4316.355 76.06597 13.82651 0.08309259 30.86395 263.5474
571.095 4316.355 79.6138 0.9138681 0.1534868 31.85022 121.6245
577.575 4316.355 75.61989 11.78177 0.08 30.50064 336.019
583.515 4316.355 78.96646 4.965657 0.1391655 28.52402 618.0235
589.995 4316.355 75.55738 11.96536 0.08 27.43645 751.1118
596.475 4316.355 74.47258 8.836676 0.08 27.297 796.2988
602.955 4316.355 78.05347 6.49722 0.0975088 26.36887 942.0191
459.855 4315.815 77.25626 18.29459 0.08495991 31.86366 33.57396
487.935 4315.815 79.62865 7.914919 0.1695036 29.97689 408.5618
494.415 4315.815 78.38289 2.789237 0.1286665 32.26018 59.30518
500.895 4315.815 78.66052 0.7213113 0.1311758 32.61257 4.502754
507.375 4315.815 77.18902 15.18017 0.09554726 31.47645 138.514
513.315 4315.815 79.31366 2.733049 0.2782211 31.87124 109.7008
519.795 4315.815 75.52591 18.69276 0.08 30.93949 242.6024
526.275 4315.815 78.59166 12.5933 0.09544797 30.63699 266.1691
532.755 4315.815 75.76407 15.74185 0.08 28.6543 611.7973
539.235 4315.815 76.24181 23.93104 0.08 27.74057 649.9283
545.715 4315.815 74.68799 3.35594 0.08 29.30537 517.3714
552.195 4315.815 78.55009 2.009767 0.1383483 31.15932 230.7861
558.675 4315.815 74.97227 2.703763 0.09246121 31.17459 228.3294
565.155 4315.815 78.40724 4.514495 0.09758345 31.50574 178.9819
571.095 4315.815 79.90881 0.7420822 0.1465775 31.86952 117.7123
577.575 4315.815 77.00422 6.130323 0.08939909 30.80721 275.3847
584.055 4315.815 75.33947 12.82825 0.08 27.98875 705.7448
590.535 4315.815 78.50552 13.19912 0.1039239 27.32052 764.5684
597.015 4315.815 78.22424 3.103345 0.08908863 27.13225 852.2552
603.495 4315.815 74.73328 7.046353 0.08 26.91854 889.004
460.395 4315.275 79.91925 1.402847 0.156977 32.60683 2.485414
488.475 4315.275 75.31111 6.914187 0.08313774 29.59004 464.0898
494.415 4315.275 74.28834 4.124187 0.08 32.2623 53.15181
500.895 4315.275 78.68435 0.200551 0.1311758 32.61057 3.540281
507.375 4315.275 79.573 7.528107 0.2267995 32.00496 71.69584
513.855 4315.275 75.73172 10.77656 0.082327 31.27742 185.1928
520.335 4315.275 76.12473 6.968248 0.08406971 31.11619 213.3274
526.815 4315.275 76.51166 24.47624 0.08 28.83127 465.2931
533.295 4315.275 76.84855 25.87691 0.08 27.92684 590.6561
539.775 4315.275 75.98039 24.62311 0.08 28.5681 524.6187
546.255 4315.275 79.59249 4.030816 0.1487957 29.71112 456.7987
552.195 4315.275 79.51303 1.822873 0.1832245 31.16667 225.0156
558.675 4315.275 79.48087 4.60559 0.2007904 31.32696 204.9929
565.155 4315.275 78.32547 6.3099 0.09310304 31.43529 178.4806
571.635 4315.275 79.92322 0.4722629 0.1519702 31.8992 113.7813
578.115 4315.275 78.84811 8.049367 0.09234672 30.54143 321.075
584.595 4315.275 75.68389 14.77287 0.08 28.16506 692.1494
591.075 4315.275 78.09876 2.546066 0.09770558 27.36997 803.5947
597.555 4315.275 77.70251 3.739039 0.1079502 27.65242 772.3019
604.035 4315.275 76.36108 19.93014 0.08 26.67327 873.8863
460.395 4314.735 76.40447 5.057703 0.08620599 32.39057 35.1973
488.475 4314.735 74.8621 11.99804 0.08 29.06959 508.9033
494.955 4314.735 79.56749 3.898216 0.2047158 32.30851 43.93636
501.435 4314.735 78.9574 0.6191982 0.1311758 32.61002 4.131652
507.915 4314.735 75.0799 10.57542 0.08032865 31.06942 199.7378
514.395 4314.735 75.70159 5.101719 0.0855431 31.02766 254.456
520.875 4314.735 75.83942 16.82183 0.08 29.77867 360.9745
527.355 4314.735 76.74986 27.35048 0.08 28.87218 540.5505
533.835 4314.735 76.01184 20.85163 0.08 27.99479 659.3928
539.775 4314.735 77.22884 25.68407 0.08 28.88826 510.9656
546.255 4314.735 77.9887 2.080974 0.1175809 29.6122 467.9256
552.735 4314.735 79.72023 6.286401 0.1688995 31.16486 227.6036
559.215 4314.735 76.05094 1.853683 0.08500831 31.15631 229.6997
565.695 4314.735 76.99501 1.902304 0.08974655 31.73888 140.6928
572.175 4314.735 79.51568 0.3195774 0.1970925 31.88798 114.4624
578.655 4314.735 79.62745 5.195449 0.1679547 30.65062 291.0009
585.135 4314.735 79.92488 26.99222 0.09207248 28.06683 637.5482
591.075 4314.735 77.76804 2.09059 0.1104884 27.45187 797.2044
597.555 4314.735 79.40661 0.09869272 0.1567232 27.68998 760.4604
604.035 4314.735 75.30295 11.45525 0.08 27.18836 846.633
481.995 4314.195 78.13646 4.038423 0.1007287 32.57967 4.363958
488.475 4314.195 75.16644 6.476669 0.08 29.04298 530.8318
494.955 4314.195 79.72508 2.844481 0.1770299 32.35839 43.79033
501.435 4314.195 77.88 0.3444541 0.1311758 32.5941 5.057685
507.915 4314.195 78.03595 3.135867 0.09457155 31.09465 234.7358
514.395 4314.195 74.41621 7.676178 0.08 30.52636 319.2319
520.335 4314.195 80.34867 20.48736 0.2234169 30.26645 338.8943
526.815 4314.195 74.90119 10.35917 0.08 28.7095 579.8455
533.295 4314.195 75.625 18.39192 0.08 27.31819 747.7788
539.775 4314.195 76.11159 20.63372 0.08 29.01258 530.1042
546.255 4314.195 78.70518 13.43919 0.141716 29.8648 429.8921
552.735 4314.195 79.37321 5.496747 0.2321947 31.13963 221.3407
559.215 4314.195 78.21106 3.06235 0.09142449 31.29935 210.738
565.695 4314.195 79.90912 1.329664 0.1502875 31.81588 128.1796
572.175 4314.195 78.77936 0.2360342 0.1311758 31.89673 113.1535
578.115 4314.195 78.48335 9.801281 0.1259348 31.10327 230.5325
584.595 4314.195 76.40815 23.11693 0.08 28.48624 550.1569
591.075 4314.195 78.20831 4.907073 0.09313128 27.50675 785.1915
597.555 4314.195 74.96261 10.65869 0.08 27.81236 742.5925
604.035 4314.195 75.28964 18.61692 0.08 27.18583 774.3931
481.995 4313.655 78.05377 4.228909 0.09741764 32.56243 7.855514
488.475 4313.655 78.99159 17.67332 0.09509711 28.33662 592.6806
494.955 4313.655 79.72971 1.822025 0.1732036 32.27747 51.14124
501.435 4313.655 79.38235 0.3177678 0.2765014 32.59731 5.609612
507.375 4313.655 74.83667 7.165217 0.08 31.34897 198.1849
513.855 4313.655 78.28776 10.58192 0.09162819 31.19027 216.9463
520.335 4313.655 75.76549 20.74329 0.08 29.92892 321.2583
526.815 4313.655 74.60012 5.155376 0.08 28.47672 624.6594
533.295 4313.655 74.98212 12.82641 0.08 27.65352 740.7652
539.775 4313.655 80.10889 19.5691 0.2233295 28.64885 533.1802
546.255 4313.655 76.24938 22.11035 0.08 29.65731 387.943
552.735 4313.655 76.88522 2.522105 0.1039224 30.88262 262.1562
559.215 4313.655 79.6877 1.500433 0.1635076 31.35297 198.5265
565.155 4313.655 79.41254 0.895954 0.2194071 31.85247 120.9415
571.635 4313.655 78.61339 0.1977884 0.1311758 31.92897 108.3646
578.115 4313.655 74.03119 3.786892 0.08 31.0912 244.0951
584.595 4313.655 75.38351 17.40639 0.08 29.07204 537.0976
591.075 4313.655 75.06617 10.65069 0.08 27.88351 740.1086
597.555 4313.655 78.01949 8.651064 0.1144864 27.93444 716.2672
604.035 4313.655 75.0409 12.76205 0.08 27.89336 737.1073
486.315 4313.115 75.4548 17.50424 0.08 29.16952 524.3481
492.255 4313.115 80.02919 10.54375 0.1634603 31.72589 149.3607
498.735 4313.115 78.38816 1.232612 0.1177869 32.37669 36.55905
505.215 4313.115 79.6187 1.964543 0.1874478 32.19229 69.1975
511.695 4313.115 76.57257 9.912228 0.1005038 30.87477 238.8156
518.175 4313.115 76.04541 5.393674 0.09405398 29.66222 459.4197
524.655 4313.115 79.59138 1.996071 0.1518036 29.60538 465.0361
531.135 4313.115 79.01199 14.93049 0.1194433 28.83254 587.9832
537.615 4313.115 75.39837 9.342882 0.08 28.27163 657.2792
544.095 4313.115 74.80233 4.646984 0.08 29.64784 444.8958
550.035 4313.115 79.30136 0.9766676 0.2344854 31.2842 208.5844
556.515 4313.115 79.46054 1.314154 0.1967314 31.42216 188.9586
562.995 4313.115 79.50208 0.792731 0.195688 31.74813 137.3955
569.475 4313.115 79.31046 0.1864991 0.2735238 31.98056 100.1535
575.955 4313.115 79.57167 0.9045445 0.1863197 31.83938 123.819
582.435 4313.115 79.4373 13.8445 0.1392182 29.4499 493.327
588.915 4313.115 77.84185 4.120393 0.1118675 27.30399 808.5768
595.395 4313.115 74.52544 6.634759 0.08 27.27339 833.1851
601.875 4313.115 74.76195 10.35737 0.08 28.85156 587.5223
484.695 4312.575 79.61561 21.08113 0.09436035 30.60603 294.328
491.175 4312.575 74.71376 3.985818 0.08 30.5671 314.335
497.655 4312.575 78.06079 3.214351 0.1006741 32.53559 21.09511
504.135 4312.575 78.46243 3.66472 0.09611623 32.46915 32.02081
510.615 4312.575 75.21224 10.98964 0.08 30.46353 290.3804
517.095 4312.575 75.86177 20.21727 0.08 29.4013 413.4781
523.575 4312.575 75.35839 13.61242 0.08 29.54715 444.1645
530.055 4312.575 75.03746 8.043901 0.08015481 28.78413 566.4819
536.535 4312.575 78.61671 4.784193 0.1355744 27.93417 729.8291
542.475 4312.575 79.61546 5.840098 0.1477148 29.45454 489.8384
548.955 4312.575 79.42652 0.6404874 0.1985609 31.23663 214.7265
555.435 4312.575 78.06187 1.681079 0.1003171 31.37299 195.1987
561.915 4312.575 79.491 1.278393 0.1969852 31.68291 148.1978
568.395 4312.575 79.05705 0.3386052 0.1311758 31.99306 99.03974
574.875 4312.575 79.26682 0.8968132 0.3168237 31.86901 116.0051
581.355 4312.575 75.4072 17.64593 0.08 29.41575 486.1864
587.835 4312.575 75.82638 13.69267 0.09044879 27.11295 791.1408
593.775 4312.575 79.61031 8.816612 0.1483762 28.64335 588.541
600.255 4312.575 78.62106 6.961021 0.1024492 28.73949 585.5708
483.615 4312.035 74.48984 13.33512 0.08 31.98015 105.7642
490.095 4312.035 78.77186 2.783021 0.1343698 30.49876 333.6783
496.575 4312.035 78.19781 2.428287 0.09568136 32.52428 17.42608
503.055 4312.035 78.21533 2.651435 0.09777615 32.36954 33.29408
509.535 4312.035 79.57541 2.830865 0.1727646 30.96321 248.774
516.015 4312.035 74.62776 6.137224 0.08 29.86474 405.6256
522.495 4312.035 79.21911 1.827622 0.216318 29.98292 405.72
528.435 4312.035 76.17904 17.00183 0.08 28.95462 498.5034
534.915 4312.035 75.07485 12.3354 0.08 26.77137 906.348
541.395 4312.035 76.33563 6.146882 0.08757866 28.78669 577.8876
547.875 4312.035 79.51534 1.136558 0.1802129 31.10148 232.9283
554.355 4312.035 78.22837 2.426908 0.1154023 31.52139 172.4628
560.835 4312.035 77.95589 1.424593 0.1047509 31.60015 161.3811
567.315 4312.035 79.32944 0.4722098 0.2602977 32.00874 96.94392
573.795 4312.035 79.49985 0.3853588 0.2002533 31.90815 110.884
580.275 4312.035 74.49495 6.746889 0.08 29.8292 427.752
586.215 4312.035 75.83233 15.71489 0.08 27.14041 777.4894
592.695 4312.035 76.03048 16.79746 0.08 28.65776 575.0435
599.175 4312.035 78.92732 15.07318 0.09320349 28.35865 621.8429
482.535 4311.495 74.21893 3.26951 0.08 32.62151 1.801064
489.015 4311.495 78.70038 6.538198 0.1288977 30.40735 329.421
495.495 4311.495 79.91651 2.497638 0.1572495 32.52129 22.15222
503.055 4311.495 78.17784 1.952376 0.1203602 32.4011 39.34901
509.535 4311.495 78.77786 7.751288 0.1162094 30.99247 261.8586
516.015 4311.495 74.63978 5.446456 0.08 29.45077 472.1121
521.955 4311.495 75.12578 10.70793 0.08 29.57185 452.8192
528.435 4311.495 76.10525 17.30831 0.08 28.78125 549.2614
534.915 4311.495 77.84643 4.627677 0.09876946 27.0152 863.6939
541.395 4311.495 76.61692 16.57939 0.08973375 28.68105 565.5352
547.875 4311.495 75.64582 9.236799 0.08515226 30.87257 250.0862
554.355 4311.495 78.40168 1.399309 0.1174941 31.59927 161.9416
560.835 4311.495 79.5345 1.249046 0.1886686 31.65539 151.7504
567.315 4311.495 78.11302 0.1670473 0.1311758 32.00998 96.03664
573.255 4311.495 79.42943 0.5737143 0.2178869 31.93394 108.1349
579.735 4311.495 75.71598 16.79126 0.08 30.59117 315.0314
586.215 4311.495 78.445 11.35769 0.08823096 26.89382 840.5886
592.695 4311.495 75.58589 13.66929 0.08 29.15119 528.9086
599.175 4311.495 75.10099 16.08929 0.08 28.78291 580.712
483.075 4310.955 77.68331 1.590848 0.1082211 32.64027 2.050341
489.555 4310.955 75.14779 11.98172 0.08 30.59946 304.0019
496.035 4310.955 79.68608 1.494053 0.1849286 32.59164 9.033843
504.675 4310.955 77.97845 3.192632 0.1047275 32.4301 32.86671
510.615 4310.955 79.81038 10.45142 0.1766359 30.85631 253.2445
517.095 4310.955 78.42481 4.003862 0.0889696 29.31956 507.8389
523.575 4310.955 75.20521 14.83458 0.08 28.66131 550.7474
530.055 4310.955 74.93274 14.15415 0.08 27.85663 711.4568
536.535 4310.955 78.04878 5.425983 0.1150849 28.09191 699.7444
543.015 4310.955 74.97745 12.33943 0.08 29.5576 426.6466
549.495 4310.955 76.63577 6.074981 0.1039843 30.9985 231.8526
555.975 4310.955 78.38067 2.662532 0.1311758 31.52608 170.7099
562.455 4310.955 76.42104 1.786456 0.1180406 31.73502 133.3666
568.395 4310.955 78.67576 0.4815046 0.1311758 32.01175 95.0023
574.875 4310.955 78.55593 0.5832822 0.1311758 31.83717 122.773
581.355 4310.955 74.20636 10.2692 0.08 29.29955 509.8511
587.835 4310.955 76.12725 18.34219 0.08 26.9251 844.48
594.315 4310.955 75.09036 8.718215 0.08 27.69041 733.7348
600.795 4310.955 75.34774 18.03945 0.08 28.92336 542.0324
485.775 4310.415 78.65767 3.24748 0.1327167 31.78125 132.728
492.255 4310.415 74.71756 7.76983 0.08 32.29568 41.7791
498.735 4310.415 79.09187 0.4492074 0.1311758 32.62291 0.6571479
504.675 4310.415 79.7805 4.637769 0.1770695 32.49709 19.7457
511.155 4310.415 78.76939 6.813122 0.1408814 30.82359 268.8572
517.635 4310.415 79.1966 2.050961 0.2063678 29.4338 488.0935
524.115 4310.415 78.60686 9.192319 0.1257255 29.23278 494.2607
530.595 4310.415 79.48786 2.930137 0.1550943 28.6318 619.049
537.075 4310.415 75.41105 18.38942 0.08 26.29487 889.0885
543.555 4310.415 78.49927 10.88579 0.1047793 30.08918 389.9725
550.035 4310.415 76.78438 15.39529 0.08379343 29.89653 357.1711
556.515 4310.415 79.3684 1.978953 0.2283507 31.65673 147.7651
562.455 4310.415 78.17319 1.282757 0.1188593 31.64883 148.087
568.935 4310.415 79.60421 0.5613568 0.1849286 32.02356 94.66908
575.415 4310.415 79.3008 0.8481639 0.2684171 31.79402 127.265
581.895 4310.415 75.96754 13.99044 0.09376914 28.56629 569.7046
588.375 4310.415 77.30012 11.8133 0.08706763 27.88746 695.1404
594.855 4310.415 74.28723 5.000701 0.08 27.68716 766.145
601.335 4310.415 74.43737 7.661499 0.08 29.18491 540.2365
485.775 4309.875 75.01306 16.74936 0.08 32.28978 53.78255
491.715 4309.875 79.83387 4.782104 0.1710553 32.52799 22.50019
498.735 4309.875 78.82824 0.3993785 0.1311758 32.6116 2.811237
506.295 4309.875 74.98593 10.05215 0.08 31.3562 180.2448
512.775 4309.875 74.18788 9.454364 0.08 30.47697 299.7863
519.255 4309.875 77.9173 1.885929 0.100499 29.22831 525.1924
525.735 4309.875 78.28379 8.70521 0.1000948 29.28117 518.6469
532.215 4309.875 78.54312 4.760274 0.1472167 27.53961 769.4228
538.695 4309.875 76.00416 21.36307 0.08 26.15491 906.425
545.175 4309.875 74.53545 8.816822 0.08 29.48728 452.3202
551.115 4309.875 78.31646 5.615795 0.1241822 30.74226 273.3634
557.595 4309.875 77.7424 0.5008323 0.1164713 31.71876 141.6338
564.075 4309.875 79.7229 1.352562 0.1676273 31.88007 113.3387
570.555 4309.875 78.8932 0.2765964 0.1311758 31.98978 98.08786
577.035 4309.875 79.32267 1.105804 0.2399992 31.58855 161.0903
583.515 4309.875 75.6983 3.886369 0.08576083 28.07622 707.5879
589.995 4309.875 75.58058 13.36038 0.08 28.05932 680.7136
596.475 4309.875 74.94942 8.875059 0.08 28.93149 555.4041
602.955 4309.875 74.59464 9.541909 0.08 28.34587 658.7715
486.315 4309.335 79.803 7.723827 0.1877098 32.44307 2.093316
494.415 4309.335 77.33138 0.8759609 0.1311758 32.60294 3.674727
506.835 4309.335 75.04073 16.5551 0.08 31.2886 200.3382
513.315 4309.335 79.38393 7.182279 0.2474412 30.94782 240.3727
519.795 4309.335 76.13555 6.704118 0.08618103 28.93586 558.0689
526.275 4309.335 74.66176 4.857173 0.08169034 29.07848 538.4949
532.755 4309.335 78.44454 5.981034 0.0932108 27.47212 780.8325
539.235 4309.335 78.24489 13.8464 0.1053435 26.9372 820.4935
545.715 4309.335 79.18775 6.145755 0.151959 29.77982 418.9178
551.655 4309.335 74.5463 6.772683 0.08 30.01393 396.5278
558.135 4309.335 79.40608 1.509171 0.2172114 31.6716 148.3298
564.615 4309.335 79.41811 1.435765 0.2184035 31.83555 119.9952
571.095 4309.335 77.81106 0.464332 0.1311758 32.00154 97.3568
577.575 4309.335 78.42219 5.286342 0.1043832 31.29523 189.1903
584.055 4309.335 78.64538 3.710135 0.09195407 28.14355 692.5469
590.535 4309.335 75.52317 10.75926 0.08 28.13881 695.3602
597.015 4309.335 79.23514 3.302187 0.2045531 29.63458 459.004
602.955 4309.335 74.55408 8.464263 0.08 28.66975 613.1722
487.395 4308.795 75.5963 18.21782 0.08 32.15041 36.98207
500.895 4308.795 79.48212 0.1731613 0.2277421 32.62482 1.03249
510.615 4308.795 78.46461 0.9866957 0.1311758 30.88225 270.9483
517.095 4308.795 74.88531 12.79325 0.08 28.98262 517.0926
523.575 4308.795 74.9508 8.551716 0.08 27.91754 730.9481
530.055 4308.795 75.66835 17.19583 0.1036885 28.27037 621.3124
536.535 4308.795 74.31382 4.511445 0.08 25.67207 1067.855
543.015 4308.795 79.89045 9.368952 0.1498264 30.10625 354.0305
548.955 4308.795 78.40294 2.737719 0.1216956 29.68735 457.4625
555.435 4308.795 79.28768 0.7327387 0.2745263 31.80524 128.7309
561.915 4308.795 79.70575 1.319869 0.1641342 31.543 169.3961
568.395 4308.795 79.27578 0.05898407 0.34 32.05385 88.98494
574.875 4308.795 77.86402 0.7712311 0.1233976 31.82784 121.9225
581.355 4308.795 75.15064 11.25013 0.08 29.3188 505.6491
587.835 4308.795 74.22373 4.077714 0.08 27.07225 859.609
594.315 4308.795 76.2383 11.15614 0.08318856 28.78553 587.406
600.795 4308.795 75.7423 12.95144 0.08 28.16314 635.392
484.695 4308.255 80.04187 7.007158 0.1552138 32.43273 7.494802
499.815 4308.255 79.60996 0.6332023 0.1970925 32.62188 1.102462
510.075 4308.255 75.18754 6.186894 0.08058125 30.65089 286.2784
516.555 4308.255 78.40512 10.57305 0.09648261 29.01461 519.2367
523.035 4308.255 75.30668 12.51141 0.08 27.60664 759.0845
529.515 4308.255 79.30414 7.706688 0.2104948 29.17952 530.0959
535.995 4308.255 75.89555 5.382572 0.08783031 26.31552 980.1837
542.475 4308.255 75.32044 11.31797 0.08 30.11601 386.468
548.955 4308.255 74.88408 3.806212 0.08000386 29.80437 428.2093
554.895 4308.255 78.61736 2.788641 0.1019222 31.75835 130.7554
561.375 4308.255 78.15278 0.8593904 0.123424 31.51988 171.448
567.855 4308.255 79.55358 0.5849285 0.193559 32.05058 89.59287
574.335 4308.255 78.59564 1.051072 0.1311758 31.90225 113.6306
580.815 4308.255 78.63595 11.91956 0.1269112 30.00757 412.4732
587.295 4308.255 79.61143 14.28792 0.2001137 27.6119 777.7582
593.775 4308.255 77.11201 13.37321 0.08725514 29.18381 536.5645
600.255 4308.255 75.76609 15.27251 0.08 27.89024 660.6727
484.155 4307.715 74.40857 1.086706 0.08029002 32.47516 26.49633
504.675 4307.715 79.49147 0.4443788 0.2239071 32.6186 1
511.155 4307.715 79.78373 7.947433 0.1693237 31.1902 232.0528
517.635 4307.715 75.94818 8.099261 0.08180053 28.97897 543.3086
524.115 4307.715 78.24426 9.167915 0.09905744 28.05688 702.2828
530.595 4307.715 74.82313 10.93522 0.08 27.94674 689.317
537.075 4307.715 75.12374 9.03329 0.08 25.73123 1033.008
543.555 4307.715 75.57718 6.839113 0.09226389 30.51192 319.6295
550.035 4307.715 74.58371 10.86436 0.08 29.65942 457.8699
555.975 4307.715 79.25116 0.5904461 0.3267059 31.87345 118.0191
562.455 4307.715 78.61439 3.466467 0.09930771 31.50899 177.8249
568.935 4307.715 79.76858 0.3964713 0.1641342 32.05971 87.73835
575.415 4307.715 78.26018 5.278807 0.09129232 31.45421 169.2723
581.895 4307.715 80.35674 14.36609 0.1511357 29.82487 413.84
588.375 4307.715 75.83573 16.52808 0.08277085 28.22548 676.8695
594.855 4307.715 75.15178 9.585211 0.08 29.63289 468.7654
601.335 4307.715 74.67418 10.87406 0.08 27.75412 744.9001
487.935 4307.175 75.76818 5.687351 0.08613797 32.56509 7.493521
506.835 4307.175 79.8011 4.746458 0.1686317 32.14115 81.31216
513.315 4307.175 78.20463 1.706932 0.1174399 30.36609 344.0383
519.795 4307.175 77.95856 5.516736 0.09449747 29.81347 427.6634
526.275 4307.175 78.41687 9.624462 0.093348 28.60288 602.6477
532.755 4307.175 74.87009 14.04197 0.08 28.18373 690.7357
539.235 4307.175 75.22869 14.18877 0.08 29.30869 514.3218
545.715 4307.175 78.14857 3.467909 0.1248605 29.58509 458.6624
552.195 4307.175 76.60934 25.70898 0.08 28.5148 484.419
558.675 4307.175 74.6677 10.41224 0.08 31.61489 154.6957
564.615 4307.175 75.86862 0.760204 0.1039249 31.77362 133.6297
571.095 4307.175 79.29212 0.470337 0.3139151 32.04065 90.72818
577.575 4307.175 78.06986 3.424779 0.1102303 31.06321 239.0374
584.055 4307.175 78.22916 5.853401 0.1290037 28.97682 564.5814
590.535 4307.175 74.92876 8.477342 0.08 28.57051 618.6707
597.015 4307.175 78.44632 7.205744 0.1276115 29.49298 458.3004
603.495 4307.175 75.38086 5.696676 0.09634456 28.35393 664.9541
507.915 4306.635 75.09921 4.672129 0.08 31.96665 106.1943
514.395 4306.635 75.03351 8.813217 0.08 29.50891 448.4598
520.335 4306.635 75.21235 6.4236 0.08 29.64297 464.085
526.815 4306.635 77.84902 8.147393 0.1066921 28.7821 578.295
533.295 4306.635 76.14113 23.75523 0.08 26.73337 787.4895
539.775 4306.635 74.60949 9.432996 0.08 28.72937 566.9496
546.255 4306.635 74.91569 3.589071 0.08 29.42324 494.1698
552.735 4306.635 76.07051 19.44347 0.08 30.35946 320.8282
559.215 4306.635 78.33908 2.830551 0.1057944 31.80068 129.9816
565.695 4306.635 78.69574 1.928396 0.1233205 31.94883 109.211
571.635 4306.635 79.77281 0.5355967 0.1641342 32.07529 86.84686
578.115 4306.635 74.56089 6.972919 0.08 30.63753 283.8969
584.595 4306.635 78.71421 7.100183 0.1435593 28.5426 609.6653
591.075 4306.635 75.54293 14.98357 0.08 29.2515 488.9736
597.555 4306.635 78.56127 6.560624 0.09912967 28.92086 549.4716
604.035 4306.635 78.47413 10.17956 0.08830374 28.5035 636.5164
507.915 4306.095 75.19326 7.949392 0.08025141 32.17111 70.27238
514.395 4306.095 75.24776 7.2367 0.08 29.34412 489.1305
520.875 4306.095 75.86093 17.40129 0.08 29.27114 468.9556
526.815 4306.095 74.55749 3.408357 0.08 28.91909 574.7734
533.295 4306.095 75.21175 12.64242 0.08 27.23108 838.7134
539.775 4306.095 75.16022 13.02146 0.08 27.97798 670.402
546.255 4306.095 75.47184 9.20552 0.08766995 29.44753 488.7946
552.735 4306.095 76.10526 17.87501 0.08 30.71432 265.2182
559.215 4306.095 78.01884 2.811992 0.09724871 31.93157 112.5825
565.695 4306.095 80.00786 1.307048 0.1480386 32.01744 97.34378
572.175 4306.095 77.28989 0.3282688 0.1311758 32.07803 85.74371
578.655 4306.095 78.38023 4.198536 0.1378405 30.74227 285.6392
584.595 4306.095 78.70696 11.04107 0.1000695 27.56345 736.2784
591.075 4306.095 74.54937 5.436086 0.08 29.55704 478.6296
597.555 4306.095 76.40254 17.71836 0.08302993 28.00445 628.3926
604.035 4306.095 79.55922 8.239932 0.1647259 28.96414 572.1898
508.455 4305.555 78.37698 8.964177 0.1002279 31.88819 102.2606
514.935 4305.555 75.60164 4.251648 0.09138367 29.4186 486.3168
521.415 4305.555 74.48295 6.830877 0.08 29.13586 526.0684
527.895 4305.555 79.31911 8.273758 0.2462167 29.72555 430.231
534.375 4305.555 74.56164 6.75237 0.08139012 28.09122 677.1206
540.315 4305.555 75.55355 19.82721 0.08 27.70246 740.3897
546.795 4305.555 75.35763 13.83431 0.08 29.40223 449.4876
553.275 4305.555 75.23719 9.594468 0.08 31.41971 176.5817
559.755 4305.555 77.82676 2.719006 0.1012975 31.91329 110.503
566.235 4305.555 78.71901 1.185593 0.1217918 32.03681 93.73574
572.715 4305.555 77.87557 4.247633 0.1056499 32.08066 88.91473
579.195 4305.555 74.2963 6.862299 0.08 30.35536 356.2164
585.675 4305.555 75.06 10.23209 0.08 26.70334 904.5463
591.615 4305.555 79.87161 4.535941 0.1510795 29.92226 414.1998
598.095 4305.555 74.35063 9.483916 0.08 28.63874 622.7858
604.575 4305.555 79.49546 10.15269 0.1904817 29.04053 557.166
509.535 4305.015 79.93498 6.232637 0.1551001 31.72252 128.5816
516.015 4305.015 76.59029 11.44566 0.08672462 29.63398 469.3192
522.495 4305.015 79.25305 7.123528 0.2263241 29.25077 518.6703
528.975 4305.015 74.75952 8.727795 0.08 29.41002 502.1173
535.455 4305.015 75.38288 10.49499 0.08 28.02616 718.0366
541.935 4305.015 75.54964 8.69907 0.08791756 29.91497 419.5408
547.875 4305.015 74.87714 5.614601 0.08271369 30.52891 327.7323
554.355 4305.015 79.40531 1.116855 0.2251391 31.89833 113.0788
560.835 4305.015 76.47108 3.166939 0.09484705 31.9265 114.1166
567.315 4305.015 79.29379 0.4244465 0.34 32.1101 79.80662
573.795 4305.015 74.19946 6.244332 0.08 31.80901 132.8432
580.275 4305.015 75.5572 14.09622 0.08 29.17048 471.8425
586.755 4305.015 78.67668 15.00051 0.1067493 27.61704 708.3038
593.235 4305.015 78.29374 8.827726 0.1047494 30.44221 335.4106
599.715 4305.015 74.63129 8.868976 0.08 28.31473 661.9305
503.595 4304.475 78.79903 0.02772407 0.1311758 32.62495 1
510.075 4304.475 79.52061 6.493945 0.2267159 31.9464 98.71774
516.555 4304.475 75.30007 8.802186 0.08816349 30.01124 411.8894
523.035 4304.475 78.64975 1.490107 0.1009489 29.19476 525.0506
529.515 4304.475 75.08042 4.528563 0.08 29.26592 506.1654
535.995 4304.475 74.28532 2.707875 0.08 27.58991 778.1122
542.475 4304.475 78.68983 10.43489 0.1094838 30.95265 255.7118
548.955 4304.475 75.66472 6.045551 0.08630178 31.00562 255.6611
555.435 4304.475 79.34351 0.1062737 0.2560725 31.96322 102.8958
561.375 4304.475 78.46162 0.7212834 0.1286656 31.99523 97.67857
567.855 4304.475 79.16016 4.684223 0.1374946 31.90083 103.8826
574.335 4304.475 78.46346 5.34178 0.102078 31.99356 104.2576
580.815 4304.475 74.85225 2.755631 0.08 29.36986 505.6072
587.295 4304.475 75.13483 11.68491 0.08 28.37055 630.0859
593.775 4304.475 75.0306 7.108817 0.08 30.0194 385.1454
600.255 4304.475 75.22801 7.593944 0.08 27.65725 739.4479
505.755 4303.935 78.73109 0.6035216 0.1311758 32.60464 5.026374
511.695 4303.935 79.57724 3.065254 0.1831419 31.53036 161.2907
518.175 4303.935 76.1874 12.15681 0.082836 30.25444 335.9211
524.655 4303.935 79.39373 4.181983 0.18253 29.85114 427.8104
531.135 4303.935 79.19447 2.104704 0.209639 29.50001 486.0209
537.615 4303.935 74.78389 11.26079 0.08 27.49677 786.731
544.095 4303.935 79.29225 4.522386 0.2704019 31.25835 216.9201
550.575 4303.935 78.34307 12.08653 0.1003148 30.93373 256.3185
557.055 4303.935 79.38621 0.3926054 0.2369666 32.04278 90.48741
563.535 4303.935 77.97687 1.561637 0.1157641 32.07415 89.16036
569.475 4303.935 74.52736 10.30748 0.08 30.09541 366.2364
575.955 4303.935 79.43296 3.08035 0.2216872 31.85925 116.1656
582.435 4303.935 79.4111 2.595401 0.166442 29.28429 508.2632
588.915 4303.935 75.7975 16.05524 0.08 28.54369 583.1321
595.395 4303.935 75.10868 17.34614 0.08 28.67376 606.2227
601.875 4303.935 77.4759 10.18436 0.1275056 27.17561 807.8358
507.915 4303.395 78.01242 4.718722 0.09795189 32.17736 78.18783
514.395 4303.395 78.52159 11.17389 0.08939946 30.47709 314.8853
520.875 4303.395 75.66244 19.03493 0.08 29.12441 532.4738
526.815 4303.395 75.50432 14.53954 0.08 29.72561 426.8403
533.295 4303.395 74.49381 10.88538 0.08 27.37645 784.6882
539.775 4303.395 74.94876 7.502264 0.08 29.52295 486.1974
546.255 4303.395 78.54666 5.933138 0.1269084 30.71688 296.5291
552.735 4303.395 77.44485 1.659722 0.08729682 31.41926 186.7929
559.215 4303.395 79.87733 0.8624435 0.1519702 32.10108 83.55047
565.695 4303.395 79.26813 0.3303066 0.1379408 32.14234 75.70926
572.175 4303.395 75.88133 14.75107 0.08 30.73412 240.6407
578.655 4303.395 78.07717 7.060991 0.08718569 30.62996 316.9618
584.595 4303.395 74.71877 9.921645 0.08 28.46956 633.0659
591.075 4303.395 79.62614 4.615436 0.1625453 30.34536 342.7776
597.555 4303.395 75.81609 18.54094 0.08 27.15296 752.3318
604.035 4303.395 79.51615 7.961638 0.1681172 28.9394 569.2603
509.535 4302.855 78.21229 5.525367 0.08976547 32.03036 87.25684
516.015 4302.855 78.0568 3.796433 0.09717458 30.21477 372.8722
522.495 4302.855 74.99836 13.13611 0.08 29.01341 546.6684
528.975 4302.855 75.34344 13.95857 0.08 29.52438 476.8903
535.455 4302.855 74.70153 6.760609 0.08 27.61262 777.0932
541.395 4302.855 78.6635 11.49447 0.1074504 30.13003 391.7297
547.875 4302.855 79.29826 2.732537 0.2537599 31.37116 188.3977
554.355 4302.855 77.91721 1.61129 0.1113835 31.80338 127.2635
560.835 4302.855 79.55709 0.2000076 0.193559 32.10504 81.31005
567.315 4302.855 77.88693 3.429303 0.1025226 32.03978 85.94354
573.795 4302.855 79.56243 0.423594 0.193559 32.11427 80.05756
580.275 4302.855 78.81039 10.39311 0.124936 29.75226 421.6661
586.755 4302.855 74.73453 14.36286 0.08 27.70008 748.6716
592.695 4302.855 79.20921 4.475423 0.3015072 30.60154 307.3961
599.175 4302.855 74.72367 6.759912 0.08 26.14522 979.2828
490.635 4302.315 78.58232 0.9162992 0.1173541 32.61005 1.360546
508.995 4302.315 74.62194 4.866584 0.08 32.05714 78.75342
515.475 4302.315 74.43084 4.389181 0.08 30.19221 362.373
521.955 4302.315 75.33013 15.43047 0.08 28.90786 545.2524
528.435 4302.315 79.32718 17.6064 0.09756471 29.37943 415.6335
534.915 4302.315 75.13732 15.66316 0.08 27.802 729.5049
541.395 4302.315 75.11641 5.866815 0.08079763 30.27336 371.2806
547.335 4302.315 74.37195 4.890694 0.08 31.4411 183.4471
553.815 4302.315 78.00993 4.926028 0.08745458 31.64509 154.9372
560.295 4302.315 79.51443 0.2996555 0.2031127 32.13159 77.65736
566.775 4302.315 79.36325 2.904348 0.142915 32.10574 76.37434
573.255 4302.315 78.26058 0.4985006 0.08977456 32.13366 77.77515
579.735 4302.315 79.69431 13.13441 0.2228427 30.15427 361.854
586.215 4302.315 74.51792 8.671056 0.08 27.63912 769.5546
592.695 4302.315 74.59449 6.590067 0.08 30.39333 334.1283
599.175 4302.315 75.37104 13.46779 0.08 26.94712 881.3854
605.115 4302.315 78.49319 8.46931 0.1226093 28.81696 571.8006
505.755 4301.775 74.63 5.259217 0.08 32.08333 81.91506
512.235 4301.775 78.35569 15.87406 0.09385981 29.99057 333.7888
518.715 4301.775 79.28172 4.304733 0.2409315 30.85826 268.6094
525.195 4301.775 79.59052 12.72609 0.2732381 30.12433 351.7732
531.675 4301.775 79.08082 2.586851 0.2504973 29.42092 494.5944
538.155 4301.775 75.91113 17.75419 0.08 29.74577 431.3286
544.635 4301.775 79.34471 3.065072 0.2515512 31.77419 134.8525
551.115 4301.775 75.76732 17.4978 0.08 30.31431 331.3811
557.055 4301.775 78.39776 1.383531 0.1311758 32.00492 93.74776
563.535 4301.775 79.33671 0.6430758 0.2684171 32.11202 78.43288
570.015 4301.775 75.21627 2.454929 0.08 32.21357 69.21046
576.495 4301.775 78.6678 11.0246 0.08884369 31.51509 168.5986
582.975 4301.775 79.71749 14.66815 0.2103875 28.84967 517.1721
589.455 4301.775 78.90372 8.72109 0.1406151 29.759 413.4897
595.935 4301.775 75.20935 9.597567 0.08 28.96639 574.1893
602.415 4301.775 74.4829 7.354537 0.08 28.35935 656.4538
501.435 4301.235 75.7077 7.72017 0.08524914 32.45597 19.75174
507.915 4301.235 77.98326 5.507791 0.09931273 32.27619 46.28378
514.395 4301.235 79.47501 5.327161 0.209262 31.38034 196.5028
520.875 4301.235 77.91029 6.204736 0.1158701 30.32156 364.7766
527.355 4301.235 74.46273 5.748343 0.08 29.78357 429.7336
533.835 4301.235 75.40712 13.37798 0.08 28.20538 635.0442
540.315 4301.235 79.87707 7.283599 0.148017 30.80429 266.1228
546.795 4301.235 74.60461 6.925124 0.08 31.39095 190.4757
553.275 4301.235 79.30989 0.8351561 0.2586307 31.73973 135.1462
559.215 4301.235 79.33801 0.6134765 0.2665016 32.12682 78.72588
565.695 4301.235 77.95043 2.470811 0.09474894 31.89778 106.2306
572.175 4301.235 79.74688 0.4721254 0.1689334 32.17348 71.29798
578.655 4301.235 75.89255 14.1024 0.08 30.28952 299.1418
585.135 4301.235 79.47703 5.495829 0.1611032 28.79338 589.2853
591.615 4301.235 74.78733 5.127463 0.08 30.27707 359.3438
598.095 4301.235 78.83153 11.98919 0.1002654 27.75677 750.2318
604.575 4301.235 78.31374 8.236909 0.09747396 28.69503 583.429
504.135 4300.695 75.92897 4.021798 0.0878551 32.5539 18.86974
510.075 4300.695 74.85561 7.568169 0.08 31.325 200.2343
516.555 4300.695 74.26571 6.053557 0.08 31.044 253.6397
523.035 4300.695 76.72367 25.92672 0.08 29.99841 373.2011
529.515 4300.695 74.9063 9.705509 0.08 29.27279 525.9759
535.995 4300.695 79.47889 2.399901 0.1560647 28.68809 601.2988
542.475 4300.695 79.77385 4.624781 0.1589656 31.27519 196.1765
548.955 4300.695 75.4175 16.56765 0.08 29.01093 536.2287
555.435 4300.695 79.61883 3.391582 0.1825077 31.78218 121.9713
561.915 4300.695 78.23213 1.152523 0.1311758 32.14024 77.33353
567.855 4300.695 79.44988 0.4660013 0.219509 32.17395 69.49897
574.335 4300.695 78.76861 0.1515081 0.1311758 32.15165 73.71295
580.815 4300.695 74.90273 7.856951 0.08 29.49178 490.0021
587.295 4300.695 74.78752 12.98042 0.08 28.9626 557.6651
593.775 4300.695 74.84629 10.60853 0.08 29.87634 396.8931
600.255 4300.695 74.79743 4.582006 0.08 28.57239 632.6225
490.635 4300.155 79.98095 0.5106916 0.1519702 32.63478 0.6321076
504.135 4300.155 74.46681 4.497515 0.08 32.29966 40.83664
510.075 4300.155 76.66133 2.709547 0.08948509 31.50797 173.8015
516.555 4300.155 75.65829 7.871946 0.08465688 31.20887 224.7578
523.035 4300.155 77.01906 25.31947 0.08 29.75714 338.8669
529.515 4300.155 75.49002 6.711104 0.08091573 29.67899 456.3049
535.995 4300.155 74.24365 3.318636 0.08 28.65281 604.0352
542.475 4300.155 78.64386 4.50605 0.1030731 30.9824 249.2438
548.955 4300.155 74.83096 13.64361 0.08 29.85265 432.0809
555.435 4300.155 74.87746 6.884254 0.08202546 31.495 151.9955
561.915 4300.155 79.66156 0.5645543 0.1794589 32.14106 75.50879
567.855 4300.155 78.38651 0.2065591 0.1311758 32.1784 69.57555
574.335 4300.155 78.70131 0.6201479 0.1311758 32.14278 74.28382
580.815 4300.155 79.40748 18.77347 0.09297698 29.07855 489.2201
587.295 4300.155 79.73434 9.791605 0.150983 28.79905 562.8445
593.775 4300.155 75.66249 16.26367 0.08 29.66837 428.2078
600.255 4300.155 74.78678 4.237761 0.08215318 28.86915 583.1636
498.195 4299.615 78.80606 8.164646 0.1311758 32.62432 11.07264
504.675 4299.615 78.36114 2.306388 0.1073552 32.5424 16.03919
511.155 4299.615 74.25811 1.811993 0.08 30.8416 272.0686
517.095 4299.615 79.27384 2.025288 0.2768694 31.46594 182.3272
523.575 4299.615 75.3624 14.49416 0.08 29.88231 393.3557
530.055 4299.615 79.36059 1.116066 0.1795972 29.78033 440.9586
536.535 4299.615 79.00758 4.649001 0.1436395 28.92233 558.8252
543.015 4299.615 74.29126 3.347178 0.08 30.52745 320.2027
549.495 4299.615 79.39538 10.68776 0.147751 30.27769 348.084
555.975 4299.615 79.48396 5.131903 0.2131833 31.63717 142.4026
562.455 4299.615 79.92345 1.081219 0.1475543 32.04892 87.28728
568.935 4299.615 77.74154 0.5676403 0.1311758 32.19721 68.15468
574.875 4299.615 78.21584 1.964867 0.121885 32.08669 84.2922
581.355 4299.615 78.14045 4.611672 0.1041961 29.42455 501.4076
587.835 4299.615 74.56603 7.829565 0.08 29.43715 498.2046
594.315 4299.615 79.88948 9.508981 0.1574246 30.35722 359.4818
600.795 4299.615 74.73083 12.10534 0.08 28.82421 582.9212
501.975 4299.075 75.30415 5.098179 0.08 32.44923 28.51563
508.455 4299.075 79.55704 4.038744 0.1962703 31.86299 121.0164
514.935 4299.075 76.86586 23.92907 0.08 30.49416 215.5485
521.415 4299.075 75.52966 18.0236 0.08 30.17617 335.5159
527.355 4299.075 79.33496 5.316016 0.207177 30.07334 381.5893
533.835 4299.075 74.89133 12.02493 0.08 28.9567 571.6053
540.315 4299.075 74.75664 10.87105 0.08 31.09207 240.2528
546.795 4299.075 79.38161 3.326265 0.2404106 31.84638 118.2294
553.275 4299.075 76.27245 10.71712 0.08872866 30.91183 245.5735
559.755 4299.075 79.29452 0.2946188 0.34 32.19339 67.79852
566.235 4299.075 79.5325 0.2593442 0.2002533 32.19081 67.83516
572.715 4299.075 79.37522 0.5107236 0.2466802 32.18192 70.3708
578.655 4299.075 78.02664 2.39977 0.110399 30.75122 290.8618
585.135 4299.075 74.85539 4.715215 0.08 28.41664 638.7751
591.615 4299.075 74.74836 4.355481 0.08 30.18476 375.8315
598.095 4299.075 74.48833 6.32233 0.08 28.96868 563.7311
604.575 4299.075 75.43603 6.409918 0.0821181 29.09956 553.1802
500.895 4298.535 77.8906 0.3523162 0.1311758 32.61725 2.365014
507.375 4298.535 74.93169 5.767415 0.08 31.52693 163.0277
513.855 4298.535 77.65118 6.560172 0.09070835 29.5165 484.8643
520.335 4298.535 74.27462 3.6706 0.08 30.87946 271.4409
526.275 4298.535 79.49507 9.889755 0.2227874 30.17337 340.8111
532.755 4298.535 75.87486 17.73364 0.08 28.8697 524.088
539.235 4298.535 79.90502 7.227218 0.1525486 30.88305 264.5464
545.715 4298.535 79.45835 7.181321 0.286548 31.96012 95.39606
552.195 4298.535 78.77848 8.381025 0.1246046 31.22782 210.903
558.675 4298.535 79.44094 1.602089 0.1439315 31.80714 126.4958
565.155 4298.535 78.6288 1.655647 0.1174119 32.19936 68.00091
571.635 4298.535 78.36593 0.1981702 0.1311758 32.16373 71.52668
578.115 4298.535 75.08083 9.650774 0.08 30.2249 379.8719
584.055 4298.535 74.56038 6.567556 0.08 27.8234 722.0604
590.535 4298.535 76.12791 3.440017 0.08762015 30.01323 405.8007
597.015 4298.535 75.21691 10.46613 0.08129691 29.07876 521.7831
603.495 4298.535 78.57217 5.85944 0.09062611 29.46026 476.9227
497.115 4297.995 78.64127 0.3286724 0.1311758 32.62783 1.287402
503.595 4297.995 76.96612 3.713481 0.1235308 32.57968 11.1742
510.075 4297.995 76.38445 21.89215 0.08 30.35186 254.9055
516.555 4297.995 77.7074 29.70935 0.08 30.14285 306.5428
523.035 4297.995 79.92198 16.59909 0.2664203 30.34223 280.1212
528.975 4297.995 78.13916 2.868043 0.08992244 29.68214 455.5094
535.455 4297.995 74.45974 9.272891 0.08 28.38369 661.5069
541.935 4297.995 74.8991 7.26764 0.08 31.45128 190.1859
548.415 4297.995 74.63932 4.175817 0.08 30.7137 296.8682
554.895 4297.995 78.21985 7.890272 0.1019016 31.19126 205.1411
561.375 4297.995 79.32651 1.847276 0.2908661 32.23095 65.42633
567.855 4297.995 79.32375 0.162928 0.2879482 32.19029 68.2645
574.335 4297.995 79.70682 0.7173676 0.1727646 32.13933 76.63786
580.275 4297.995 75.22699 17.87159 0.08064905 29.89571 348.8831
586.755 4297.995 78.01164 4.929393 0.09344421 29.06451 554.3863
593.235 4297.995 76.59641 3.284205 0.1079709 30.52769 314.2617
599.715 4297.995 79.15778 3.846772 0.2288146 29.45516 480.1503
491.175 4297.455 78.2995 5.473251 0.1182714 32.54453 15.91123
498.735 4297.455 78.02149 4.430145 0.1061559 32.57091 9.732689
505.215 4297.455 74.66967 5.675731 0.08 32.20304 74.34577
511.695 4297.455 75.37701 5.583637 0.08280441 31.79796 134.1899
518.175 4297.455 74.52049 9.418383 0.08 30.90316 241.3263
524.115 4297.455 79.48653 3.707203 0.1822379 30.67551 291.7124
530.595 4297.455 74.70943 4.576973 0.08 30.01462 410.2982
537.075 4297.455 79.61961 14.17461 0.1435197 29.90132 389.1833
543.555 4297.455 77.48539 5.707801 0.1066151 31.38103 192.2838
550.035 4297.455 74.7554 5.978753 0.08 31.4063 195.4796
556.515 4297.455 75.40164 6.765257 0.08 30.6523 296.4361
562.995 4297.455 75.01497 5.779665 0.08 31.793 128.8494
569.475 4297.455 79.05561 0.01874896 0.1311758 32.17712 69.92956
575.955 4297.455 77.57603 0.9584517 0.1176427 32.12099 80.55771
581.895 4297.455 77.98852 4.004461 0.09240339 29.11997 545.539
588.375 4297.455 74.72148 7.53988 0.08 29.85828 436.6435
594.855 4297.455 74.426 3.977134 0.08 29.99818 397.0561
601.335 4297.455 74.98643 2.547463 0.08 28.84372 585.7828
492.795 4296.915 79.63896 0.5282677 0.1912466 32.62022 1.431261
500.355 4296.915 78.25744 11.24905 0.1297281 32.10471 49.71774
506.835 4296.915 78.51148 10.28736 0.09707355 31.98774 109.1562
513.315 4296.915 74.92822 10.42475 0.08 31.16423 212.8776
519.795 4296.915 74.79003 5.938489 0.08 30.62344 290.835
525.735 4296.915 78.49539 5.925105 0.1124099 30.05879 396.7745
532.215 4296.915 75.05275 10.64497 0.08 30.00494 404.4995
538.695 4296.915 75.88291 12.88432 0.08 30.72339 297.0113
545.175 4296.915 75.76584 6.876564 0.08278394 31.78707 110.5488
551.655 4296.915 75.03378 5.17484 0.08189449 31.60544 161.295
558.135 4296.915 79.58264 5.298984 0.195005 31.73668 121.0056
564.615 4296.915 79.28914 0.8540525 0.34 32.19265 65.48184
571.095 4296.915 78.23892 0.8300672 0.1311758 32.13922 73.78516
577.035 4296.915 78.75788 1.727121 0.1268433 31.98253 100.7787
583.515 4296.915 78.76032 12.74746 0.1234804 29.11666 523.4344
589.995 4296.915 78.44 14.41762 0.09846213 29.38037 480.749
596.475 4296.915 79.58422 9.465669 0.1832116 29.73682 445.8236
602.955 4296.915 74.56251 9.635669 0.08 29.81146 431.1471
494.415 4296.375 78.87375 10.36129 0.09200858 32.36102 49.37042
501.975 4296.375 77.90766 0.4104711 0.1311758 32.59178 5.717973
508.455 4296.375 77.75858 4.561588 0.1311758 31.27805 206.4857
514.935 4296.375 79.6952 12.7142 0.3024252 31.5155 134.9818
520.875 4296.375 75.0425 5.239991 0.08845278 30.54629 320.2416
527.355 4296.375 79.17298 0.62161 0.2418422 30.23015 369.1317
533.835 4296.375 78.4553 9.302269 0.1163539 28.90686 542.1617
540.315 4296.375 75.03434 2.520605 0.08 30.79234 279.1333
546.795 4296.375 78.43686 1.390553 0.1045656 32.0835 87.3632
553.275 4296.375 78.44431 3.250777 0.09315451 31.30711 208.9215
559.755 4296.375 75.1519 2.202099 0.08648798 31.98975 96.85354
566.235 4296.375 78.85673 6.521971 0.1150061 32.07979 80.62925
572.715 4296.375 79.83495 0.3016041 0.1519702 32.12929 76.77442
578.655 4296.375 74.70269 4.956484 0.08 31.66754 150.0536
585.135 4296.375 74.67783 6.501577 0.08 28.69217 600.2267
591.615 4296.375 79.43682 9.869371 0.3241014 30.73782 267.2678
598.095 4296.375 78.52419 9.999444 0.09092344 29.0786 540.3407
604.575 4296.375 75.379 5.212625 0.0856649 29.58802 460.2363
497.655 4295.835 77.8843 1.735054 0.110533 32.50262 18.88402
504.135 4295.835 79.89654 0.2356505 0.1582594 32.56142 10.84094
510.615 4295.835 79.38587 1.709135 0.2364741 31.97844 102.2687
517.095 4295.835 75.08258 5.516869 0.08 30.96154 247.4298
523.035 4295.835 75.2642 10.34358 0.08 30.43844 341.2859
529.515 4295.835 75.30025 5.093262 0.08399519 29.98487 391.2897
535.995 4295.835 80.22042 15.80867 0.1612496 30.23416 341.0608
542.475 4295.835 74.78268 7.613875 0.08 31.64757 140.2305
548.955 4295.835 78.19355 3.292798 0.1019038 31.5233 169.8272
555.435 4295.835 75.44952 10.66982 0.08 30.8831 268.0451
561.915 4295.835 79.31506 2.504697 0.34 32.25364 61.93813
568.395 4295.835 77.75291 0.1706128 0.1311758 32.15665 72.68729
574.875 4295.835 79.46849 0.1835346 0.2124173 32.11357 79.4587
580.815 4295.835 74.36375 4.539235 0.08 29.91624 413.4424
587.295 4295.835 74.57647 11.97935 0.08 30.23235 337.4702
593.775 4295.835 79.49996 7.430856 0.1383328 29.53557 486.061
600.255 4295.835 74.21314 1.742444 0.08 28.92285 568.9946
492.795 4295.295 74.8041 6.803328 0.08 31.60168 148.2862
500.355 4295.295 78.19311 2.98092 0.09048844 32.3211 41.60636
506.835 4295.295 74.89736 16.01756 0.08 31.38601 123.5908
513.315 4295.295 79.93052 15.69341 0.3164526 31.51336 145.086
519.255 4295.295 74.6467 4.007408 0.08 30.21332 363.7665
525.735 4295.295 78.43045 7.834351 0.1046519 29.31529 482.7987
532.215 4295.295 74.68771 5.080931 0.08 30.15388 380.146
538.695 4295.295 78.40633 11.77586 0.1120586 31.31788 192.8307
545.175 4295.295 78.43317 6.629017 0.1101747 31.9965 91.13039
551.655 4295.295 78.53759 3.652494 0.1325174 31.61774 148.4154
558.135 4295.295 76.87657 3.997626 0.09088149 31.69049 148.7344
564.615 4295.295 78.16395 4.214772 0.1041424 32.06154 83.57302
571.095 4295.295 79.78035 0.06879956 0.1641342 32.14384 75.13896
577.035 4295.295 79.60114 0.592704 0.1867801 32.08709 83.64577
583.515 4295.295 75.25381 10.92248 0.08 29.33305 488.5682
589.995 4295.295 77.57984 26.44544 0.08 29.75537 409.2483
596.475 4295.295 75.1133 6.230356 0.08614231 29.5514 456.3103
602.955 4295.295 79.45345 9.834348 0.2312644 30.11172 370.2834
495.495 4294.755 78.11213 3.999978 0.1143191 32.45824 15.31462
501.975 4294.755 79.45963 1.696633 0.2348617 32.56211 6.684403
508.455 4294.755 74.90185 4.594381 0.08 31.32945 207.2065
514.935 4294.755 75.18744 13.28648 0.08 30.67403 245.2016
520.875 4294.755 74.73027 7.786984 0.08 30.6956 299.6288
527.355 4294.755 74.41375 8.335648 0.08 29.58715 448.8274
533.835 4294.755 75.05852 7.797279 0.08 29.68069 445.6167
540.315 4294.755 75.06362 9.294281 0.08 31.63362 163.5247
546.795 4294.755 79.95715 1.388198 0.1460507 32.17716 70.57516
553.275 4294.755 78.00063 6.748502 0.09995026 31.68403 149.2833
559.755 4294.755 79.97373 3.239837 0.1514647 32.28183 56.24109
566.235 4294.755 77.7525 0.3404257 0.1311758 32.17579 70.59362
572.715 4294.755 79.39128 0.37388 0.2395033 32.12942 76.58212
578.655 4294.755 78.05349 3.865614 0.1084307 31.86547 121.8178
585.135 4294.755 74.20396 10.01704 0.08 29.93313 417.9438
591.615 4294.755 75.1045 6.602894 0.08 30.19245 378.7419
598.095 4294.755 74.31695 3.765692 0.08 29.62274 459.2592
604.575 4294.755 79.62364 12.48942 0.2139278 29.74305 403.928
497.115 4294.215 78.39248 2.68683 0.09977809 32.50831 16.38895
503.595 4294.215 78.97479 4.433899 0.1290687 32.42651 23.50946
510.075 4294.215 79.68436 0.03195896 0.172847 31.98198 100
516.015 4294.215 75.18512 8.384254 0.08 30.82552 264.5732
522.495 4294.215 78.19851 3.764286 0.1041263 30.70831 301.251
528.975 4294.215 73.94006 1.679461 0.08 29.90033 422.3816
535.455 4294.215 76.65435 21.54173 0.08146957 29.85355 371.4022
541.935 4294.215 79.99013 4.360628 0.1511742 32.13029 84.37241
548.415 4294.215 78.64758 4.405131 0.1240833 32.01768 97.91174
554.895 4294.215 78.3037 7.007905 0.09489946 31.61402 149.7
561.375 4294.215 75.38824 5.225637 0.0801078 31.61545 159.3918
567.855 4294.215 78.72376 0.1512951 0.1311758 32.1595 72.3942
573.795 4294.215 79.37422 0.6684519 0.2479304 32.10746 79.02376
580.275 4294.215 75.25032 5.461944 0.08 31.07862 240.1311
586.755 4294.215 79.28819 4.106862 0.2842977 31.36946 185.0245
593.235 4294.215 74.73918 7.162842 0.08 29.94291 414.8872
599.715 4294.215 78.33542 6.678269 0.1006875 29.79988 413.3924
492.795 4293.675 74.54468 7.086483 0.08 32.04585 98.5733
499.275 4293.675 77.76537 4.341152 0.1209465 32.07157 73.0768
505.755 4293.675 79.35715 2.527219 0.3158722 32.49537 14.48589
512.235 4293.675 79.5456 7.746062 0.2192563 31.52545 143.1931
518.175 4293.675 74.77717 11.02846 0.08 30.73175 295.3587
524.655 4293.675 79.7284 6.103196 0.1509335 30.14539 371.024
531.135 4293.675 79.2523 4.305255 0.2548112 30.68141 307.5488
537.615 4293.675 74.50589 6.330861 0.08 31.31535 204.5953
544.095 4293.675 79.64182 0.5337664 0.1849286 32.3179 49.47645
550.575 4293.675 79.38228 3.866642 0.2564663 32.02686 88.81821
557.055 4293.675 79.58451 1.507367 0.1874626 31.97914 101.9345
563.535 4293.675 78.78371 1.577601 0.1442605 31.98977 100.2474
570.015 4293.675 78.80789 0.3126836 0.1311758 32.12067 78.27468
575.955 4293.675 78.61089 0.4605064 0.1311758 32.07121 85.4877
582.435 4293.675 75.35622 15.33002 0.08 30.23477 373.0217
588.915 4293.675 74.78167 12.58809 0.08 29.22671 493.3698
595.395 4293.675 74.92239 13.82323 0.08 30.20341 362.9535
601.875 4293.675 74.78563 5.511595 0.08 30.29681 362.861
494.955 4293.135 76.7809 1.316771 0.1010087 32.5692 11.42629
501.435 4293.135 79.51485 1.664858 0.2126699 32.42349 27.73701
507.915 4293.135 78.87322 1.4031 0.1415648 32.47643 25.81279
513.855 4293.135 79.81273 13.15406 0.2086294 30.85591 217.9384
520.335 4293.135 75.53542 9.77773 0.08 30.45404 335.5829
526.815 4293.135 79.23177 9.796263 0.146295 29.23246 490.0236
533.295 4293.135 78.63536 4.830679 0.1188022 30.44062 325.2287
539.775 4293.135 74.53527 5.056029 0.08 32.051 95.44424
546.255 4293.135 79.61776 0.9803931 0.1895531 32.33944 47.21435
552.735 4293.135 77.91754 4.596993 0.1131285 31.86178 119.6644
559.215 4293.135 75.15679 6.813266 0.0810006 32.10587 88.69142
565.695 4293.135 76.29282 9.371147 0.0915844 31.73313 127.5314
571.635 4293.135 78.31595 0.8545057 0.1311758 32.08326 82.40732
578.115 4293.135 79.45061 0.4602314 0.2161722 32.0644 87.06377
584.595 4293.135 75.61567 20.27489 0.08 30.46905 294.2397
591.075 4293.135 75.17956 15.68893 0.08 29.59324 470.8802
597.555 4293.135 75.26864 11.77626 0.08 29.17006 520.6223
604.035 4293.135 79.282 1.152941 0.2093682 30.42433 342.0823
498.195 4292.595 75.77766 2.908414 0.08417623 31.86559 112.2279
504.675 4292.595 78.33665 4.737957 0.09524086 32.46242 30.6538
511.155 4292.595 79.32144 1.542274 0.2746747 31.98102 103.1224
517.095 4292.595 75.36983 8.269267 0.08087845 29.96443 382.1074
523.575 4292.595 75.62683 7.994945 0.08 30.19836 369.2538
530.055 4292.595 78.25559 8.469331 0.09127259 29.4825 461.1526
536.535 4292.595 79.37279 3.270722 0.2393086 31.74946 139.9314
543.015 4292.595 79.37843 0.3518884 0.2594758 32.36692 41.54164
549.495 4292.595 79.24416 0.287957 0.1293598 32.20705 65.55746
555.975 4292.595 78.29223 2.752286 0.09274107 32.03358 92.14912
562.455 4292.595 78.56548 0.6960754 0.1200053 32.07462 86.69626
568.935 4292.595 78.69117 0.4867693 0.1311758 32.1302 76.4131
574.875 4292.595 79.77312 0.30703 0.1641342 32.06084 87.2793
581.355 4292.595 75.41652 13.43847 0.08 31.07476 221.0111
587.835 4292.595 74.87821 13.70325 0.08 29.79393 438.8065
594.315 4292.595 75.08817 7.512592 0.08192039 30.84904 284.5471
600.795 4292.595 77.83068 8.375738 0.1152791 29.47266 470.5654
495.495 4292.055 78.37271 2.06702 0.09857964 32.42923 32.6298
501.975 4292.055 75.30622 5.211228 0.08345262 32.18938 54.98109
508.455 4292.055 76.06916 22.43497 0.08 30.64675 287.4293
514.935 4292.055 80.0074 12.28374 0.1604846 30.32245 335.6851
520.875 4292.055 79.61085 1.118394 0.1641342 30.84327 273.646
527.355 4292.055 74.95202 8.507236 0.08 29.87775 420.5663
533.835 4292.055 79.29412 3.300939 0.2487531 31.26438 203.3383
540.315 4292.055 79.92367 1.326311 0.1537692 32.32745 49.61837
546.795 4292.055 79.39822 0.8171921 0.2485365 32.33386 43.76579
553.275 4292.055 77.52454 3.51047 0.09573589 32.07742 91.31535
559.755 4292.055 75.06017 4.282746 0.08 31.98214 104.1268
566.235 4292.055 75.28804 10.16979 0.08 31.75911 125.4505
572.175 4292.055 79.64779 0.6132138 0.1794589 32.08128 83.41494
578.655 4292.055 79.44262 0.4890975 0.2161722 32.01392 94.02178
585.135 4292.055 80.40392 21.93768 0.3077312 30.17678 261.8446
591.615 4292.055 75.4071 12.37883 0.08 30.38242 317.1767
598.095 4292.055 79.2724 15.10979 0.1138397 30.29718 340.1877
604.575 4292.055 76.38177 20.21876 0.08487812 29.28875 452.6511
499.275 4291.515 74.8687 4.73195 0.08584591 31.46224 165.5614
505.755 4291.515 74.37984 7.808558 0.08 32.21803 54.79816
512.235 4291.515 76.40885 10.21823 0.08293098 31.54596 151.3284
518.175 4291.515 77.91282 1.931296 0.1078591 30.64848 309.2781
524.655 4291.515 78.21247 10.87399 0.08958561 29.6661 432.8062
531.135 4291.515 78.59397 11.08911 0.1114461 29.82953 432.6967
537.615 4291.515 76.39373 5.6145 0.0878406 31.56919 166.6056
544.095 4291.515 77.8699 0.4760045 0.1311758 32.35933 40.75737
550.575 4291.515 79.53194 0.6769196 0.2025406 32.25644 58.8149
557.055 4291.515 78.14064 0.6345235 0.1171045 32.30093 51.76466
563.535 4291.515 79.91418 0.5609308 0.1519702 32.06908 87.18253
570.015 4291.515 79.78152 0.4233723 0.1641342 32.13582 76.32022
575.955 4291.515 79.91915 0.6535029 0.1519702 32.02503 91.83479
582.435 4291.515 74.63853 12.63159 0.08 30.96742 213.1695
588.915 4291.515 79.64278 11.97102 0.298367 31.44141 189.98
595.395 4291.515 75.03844 8.901794 0.08 30.93104 266.6323
601.875 4291.515 76.80414 4.348254 0.1005147 30.77132 280.0543
495.495 4290.975 76.79164 0.8358527 0.09095173 32.56831 11.62093
501.975 4290.975 75.35487 14.61112 0.08 31.26649 151.9958
508.455 4290.975 79.16624 5.666798 0.1284344 31.55374 147.7715
514.935 4290.975 74.55189 9.339359 0.08 29.97806 374.1825
520.875 4290.975 78.33425 0.7062419 0.1266303 30.79977 282.5363
527.355 4290.975 79.5179 4.477101 0.1713536 30.16729 378.4735
533.835 4290.975 75.44818 8.151061 0.08 30.69142 301.4293
540.315 4290.975 78.89278 0.9048436 0.1311758 32.34457 46.06955
546.795 4290.975 79.15316 0.7108504 0.1311758 32.37671 40.67434
553.275 4290.975 79.66915 1.743106 0.1807299 32.25937 60.90366
559.755 4290.975 77.90596 1.735464 0.1022488 32.19138 68.85821
566.235 4290.975 79.76277 0.2583045 0.167079 32.19133 67.36123
572.175 4290.975 79.9185 1.472128 0.1519702 32.06404 86.12782
578.655 4290.975 79.83144 1.080676 0.1511981 31.96715 99.98444
585.135 4290.975 74.747 7.07129 0.08 30.09378 390.3924
591.615 4290.975 79.34825 5.886309 0.289395 31.47465 186.5882
598.095 4290.975 79.40525 9.06491 0.1432151 30.88076 237.3536
604.575 4290.975 74.96097 11.05588 0.08 29.46606 456.4709
496.035 4290.435 75.89346 7.220531 0.08 32.49389 29.03153
502.515 4290.435 75.74886 11.67088 0.08 30.9381 216.6222
508.995 4290.435 76.58784 6.737 0.1205954 31.16034 203.7868
514.935 4290.435 78.83954 12.38419 0.1047389 30.38284 341.2527
521.415 4290.435 79.29622 0.5396484 0.2145378 30.76955 286.8525
527.895 4290.435 76.58617 4.541955 0.08938552 30.39905 347.9409
534.375 4290.435 75.35729 8.387008 0.08 31.08003 229.8767
540.855 4290.435 79.40759 0.5789731 0.2447015 32.39193 38.07779
547.335 4290.435 79.34839 0.1148974 0.2879482 32.39241 37.09426
553.815 4290.435 78.50717 2.765665 0.1065964 32.24167 65.11474
560.295 4290.435 79.91844 2.26985 0.1436288 32.23677 61.43021
566.775 4290.435 74.35112 10.17007 0.08 31.55896 127.4574
572.715 4290.435 79.52835 1.068758 0.1991086 32.04985 87.67483
579.195 4290.435 79.45261 0.08799231 0.2110742 31.96716 102.3559
585.675 4290.435 75.4025 14.12147 0.08 29.99 362.874
592.155 4290.435 78.26634 6.820677 0.1173423 31.04663 224.6304
598.635 4290.435 79.85026 15.85921 0.1413855 30.51041 259.7423
605.115 4290.435 79.16974 4.397793 0.1441808 30.16179 385.2295
494.955 4289.895 78.61544 2.195742 0.1246514 32.5695 10.21686
501.435 4289.895 76.23028 19.04966 0.08 31.09341 229.4711
507.915 4289.895 75.4479 11.59264 0.08009566 30.02268 355.7976
513.855 4289.895 75.2108 7.520396 0.08519566 30.78008 291.5293
520.335 4289.895 78.47019 2.158548 0.1258523 30.74578 294.0246
526.815 4289.895 74.68467 3.438576 0.08078307 30.18096 379.6611
533.295 4289.895 78.24455 9.065156 0.09492203 30.30868 356.0405
539.775 4289.895 78.42685 2.417499 0.09367569 32.28116 48.88784
546.255 4289.895 79.81636 0.2496442 0.1641342 32.39732 36.52699
552.735 4289.895 78.22557 0.6755379 0.1377699 32.3525 44.53609
559.215 4289.895 79.94194 0.3916763 0.1519702 32.32953 47.10306
565.155 4289.895 79.6487 3.141743 0.1803809 31.94695 97.00919
571.635 4289.895 79.28989 0.7154356 0.3062201 32.04934 87.92066
578.115 4289.895 79.37982 0.1040248 0.2351479 31.98261 100.1001
584.595 4289.895 75.33222 19.30921 0.08 30.22561 345.1981
591.075 4289.895 74.52958 10.35826 0.08 30.0845 377.3072
597.555 4289.895 75.47656 16.32469 0.08 29.35333 428.6044
604.035 4289.895 74.6848 11.46592 0.08 28.93992 553.4814
487.395 4289.355 75.11491 6.572247 0.08 32.44643 7.222562
497.655 4289.355 78.90537 9.606849 0.132404 32.06998 63.10241
503.595 4289.355 75.45646 19.03326 0.08 30.72734 228.9377
510.075 4289.355 75.20132 13.15984 0.08 29.28287 459.6718
516.555 4289.355 74.34677 6.734603 0.08 30.56749 326.0014
523.035 4289.355 75.47088 18.3284 0.08 29.90633 366.6738
529.515 4289.355 75.29888 1.756173 0.08098551 30.48664 326.9611
535.995 4289.355 79.30862 1.362159 0.1445155 32.10999 79.14459
542.475 4289.355 78.84176 0.2056393 0.1311758 32.42313 32.07229
548.955 4289.355 79.01986 0.365519 0.1311758 32.3617 40.67162
555.435 4289.355 79.34516 0.7047464 0.2841718 32.33056 45.11596
561.375 4289.355 79.53751 0.7483043 0.2031127 32.3238 47.96614
567.855 4289.355 79.62099 0.4900753 0.1849286 32.17075 70.05578
574.335 4289.355 78.00791 4.272714 0.09563887 31.82831 111.3648
580.815 4289.355 79.27895 1.76121 0.34 31.93974 107.0442
587.295 4289.355 79.44264 3.516933 0.169107 29.58261 465.9195
593.775 4289.355 78.92816 7.279533 0.1033915 31.11848 231.0731
600.255 4289.355 76.06432 19.5833 0.08 29.52969 384.0076
482.535 4288.815 79.76254 8.666918 0.1997503 32.34064 21.01325
491.715 4288.815 74.36385 4.49227 0.08266964 32.22751 48.60228
497.655 4288.815 78.49569 9.904673 0.08941928 32.12264 56.88969
504.135 4288.815 74.94716 14.13688 0.08 29.62269 403.222
510.615 4288.815 78.32951 12.3743 0.1016335 29.53491 431.1638
517.095 4288.815 79.35164 1.217001 0.1987864 30.63054 304.7271
523.575 4288.815 75.64518 3.530612 0.08617092 30.41823 330.7614
530.055 4288.815 75.51727 14.63715 0.08 30.85857 249.5422
536.535 4288.815 78.0012 0.6297402 0.1135231 32.23735 61.81455
543.015 4288.815 77.9239 0.3380521 0.1311758 32.41161 33.57763
549.495 4288.815 79.34893 0.3272525 0.2822844 32.38339 38.96354
555.435 4288.815 78.36022 0.3481717 0.1311758 32.34921 43.86869
561.915 4288.815 78.52091 0.3109256 0.09381859 32.28489 53.84855
568.395 4288.815 77.78995 0.4766227 0.1311758 32.15113 72.78106
574.875 4288.815 78.25539 2.489635 0.1283989 31.76922 125.9532
581.355 4288.815 77.73375 1.127598 0.1311758 31.87246 114.3446
587.835 4288.815 74.38195 2.284945 0.08 29.18987 523.89
594.315 4288.815 74.92041 10.37166 0.08 30.46056 304.795
600.795 4288.815 75.67803 18.39762 0.08 28.76145 588.6053
481.455 4288.275 78.57931 10.77925 0.09733302 32.25132 18.47983
487.935 4288.275 79.82984 6.171411 0.143374 32.56585 13.1786
496.575 4288.275 79.97396 0.1881667 0.1519702 32.5618 10.69071
503.055 4288.275 75.09025 10.69915 0.08 30.44286 295.6297
509.535 4288.275 74.85097 9.375066 0.08 27.77619 727.5363
516.015 4288.275 80.0474 12.17737 0.1564654 30.38224 350.6635
522.495 4288.275 78.86495 14.45414 0.1152776 31.0438 250.0729
528.975 4288.275 74.87604 7.435603 0.08 31.33595 201.7944
535.455 4288.275 79.70215 3.535819 0.1773868 32.1093 87.16612
541.395 4288.275 78.96744 0.2329004 0.1311758 32.42008 32.32822
547.875 4288.275 79.34182 0.3998995 0.2917315 32.40476 35.57764
554.355 4288.275 79.34072 0.2140798 0.2902749 32.35484 42.37614
560.835 4288.275 79.80786 0.6525199 0.1641342 32.33171 46.94596
567.315 4288.275 78.90599 1.294077 0.1306956 32.13028 73.7897
573.795 4288.275 78.66677 3.719691 0.1132401 31.75899 127.2201
580.275 4288.275 78.81894 0.1144999 0.1311758 31.94564 105.8326
586.755 4288.275 79.47133 4.90745 0.1412109 29.7379 441.2175
593.235 4288.275 79.41419 8.519288 0.2592843 30.74429 274.4044
599.175 4288.275 79.11485 16.81929 0.1086887 28.8159 562.678
477.135 4287.735 78.7019 1.872961 0.1271745 32.61934 0.6400566
483.615 4287.735 74.84234 16.00233 0.08 30.58385 300.8699
491.715 4287.735 78.68341 5.22339 0.1292037 32.50315 12.82422
498.195 4287.735 74.74716 4.971667 0.08 32.36207 46.21828
504.675 4287.735 75.00131 11.65806 0.08 28.75952 575.4466
511.155 4287.735 75.15538 13.55674 0.08 29.78592 428.3786
517.635 4287.735 75.30422 15.08356 0.08056348 29.55862 413.4308
524.115 4287.735 77.47768 14.4329 0.1134576 30.74049 227.6296
530.055 4287.735 75.60067 8.702205 0.08 31.70691 130.1855
536.535 4287.735 79.36806 4.50491 0.3087318 32.22772 61.69368
543.015 4287.735 79.32236 0.3000625 0.34 32.42785 32.03915
549.495 4287.735 78.39468 0.3406317 0.1311758 32.38587 36.99218
555.975 4287.735 77.82056 0.2459161 0.1311758 32.34261 44.26078
562.455 4287.735 78.8639 0.6259513 0.1311758 32.28243 53.53715
568.935 4287.735 74.57398 2.252633 0.08 32.08676 82.17484
575.415 4287.735 75.18144 2.573426 0.08649746 31.45418 186.2057
581.355 4287.735 77.94562 1.628713 0.1139187 31.72188 135.683
587.835 4287.735 75.40694 9.490405 0.08 29.541 477.3937
594.315 4287.735 75.62837 7.888697 0.08 30.34932 340.3682
600.795 4287.735 80.75094 25.8774 0.2226294 28.22346 570.3422
478.755 4287.195 75.60434 17.90938 0.08 31.7415 59.80399
485.235 4287.195 75.65969 5.863543 0.08668618 32.36702 42.14731
491.715 4287.195 78.81428 2.557116 0.1220883 32.49402 17.69506
498.195 4287.195 79.62565 2.614484 0.1935867 32.45274 30.26262
504.675 4287.195 74.7696 9.021209 0.08 28.32314 654.8766
510.615 4287.195 75.33288 15.10955 0.08 28.17766 627.2993
517.095 4287.195 75.18758 9.05117 0.08 29.50907 476.9855
523.575 4287.195 79.60296 7.481586 0.2004668 31.50303 180.2513
530.055 4287.195 79.52772 4.679212 0.2091551 31.98024 106.4795
536.535 4287.195 79.35058 3.712458 0.3114935 32.21637 60.29687
543.015 4287.195 79.53764 0.5320101 0.205723 32.42983 30.02051
549.495 4287.195 79.95285 0.505828 0.1519702 32.39449 37.55065
555.975 4287.195 78.48255 0.3987464 0.1311758 32.34977 44.24033
562.455 4287.195 78.7674 0.137763 0.1311758 32.26081 56.73771
568.395 4287.195 79.07047 8.164835 0.1359022 31.82158 134.8882
574.875 4287.195 78.44488 4.093165 0.1074498 31.82301 131.8698
581.355 4287.195 79.81355 0.1681146 0.1582521 31.9527 104.7092
587.835 4287.195 75.02504 6.144436 0.08 29.38919 500.1215
594.315 4287.195 75.48726 12.18712 0.08 30.11244 375.2518
600.795 4287.195 79.30639 9.504025 0.239481 28.88289 542.2913
478.215 4286.655 79.70293 5.083281 0.1923367 32.60131 11.25543
484.695 4286.655 74.76922 12.25608 0.08 31.95275 108.9981
491.175 4286.655 78.11743 3.872746 0.1248178 32.58513 11.24875
497.115 4286.655 78.17602 7.358406 0.09999363 32.10467 55.91463
503.595 4286.655 75.23429 15.40019 0.08 27.49506 768.0015
510.075 4286.655 75.23887 15.71183 0.08 27.22799 759.6603
516.555 4286.655 75.81711 7.063407 0.08378372 29.70645 447.8659
523.035 4286.655 75.40983 11.36118 0.08 31.18257 219.8001
529.515 4286.655 78.74981 4.860967 0.1044604 31.9306 111.0433
535.995 4286.655 79.3282 0.987689 0.3077454 32.37653 41.23874
542.475 4286.655 79.65718 0.1846479 0.1849286 32.44405 28.77481
548.415 4286.655 79.35385 0.3974904 0.278111 32.39953 35.11798
554.895 4286.655 78.60324 0.6192527 0.1311758 32.35123 43.64167
561.375 4286.655 79.53641 0.4659579 0.2031127 32.28573 53.28664
567.855 4286.655 74.80447 10.28522 0.08 30.58747 291.8872
574.335 4286.655 75.69326 2.607664 0.08757704 31.66359 141.6976
580.815 4286.655 79.35729 1.307955 0.2473118 31.9826 101.6628
587.295 4286.655 78.58498 2.601472 0.1241158 29.81866 438.14
593.775 4286.655 75.34703 10.89606 0.08 30.33504 362.627
600.255 4286.655 76.9886 10.53042 0.09039324 28.69026 567.9925
477.135 4286.115 75.32593 10.87356 0.08 32.07576 86.15639
483.615 4286.115 77.96056 10.52496 0.1154687 31.15154 195.3233
490.095 4286.115 79.06139 2.260344 0.1472196 32.44934 23.25899
496.575 4286.115 78.87995 10.99313 0.1311758 31.73165 136.9621
503.055 4286.115 75.37427 15.15984 0.08 28.97172 551.299
509.535 4286.115 75.14931 13.12723 0.08 26.13662 947.5524
516.015 4286.115 79.85835 15.08219 0.2200268 30.29871 349.7146
522.495 4286.115 78.55372 8.09609 0.1182796 30.71862 274.3087
528.975 4286.115 79.43233 2.059559 0.231395 32.26787 59.37469
534.915 4286.115 79.3693 2.781358 0.2887972 32.40864 38.18759
541.395 4286.115 79.33511 0.1067443 0.3178531 32.45231 27.34758
547.875 4286.115 79.35876 0.3662156 0.27921 32.42896 32.02895
554.355 4286.115 79.73667 0.1860813 0.1727646 32.36032 41.32567
560.835 4286.115 79.30181 0.3780722 0.3230336 32.28585 53.24027
567.315 4286.115 75.07614 7.145511 0.08810859 30.50265 325.5609
573.795 4286.115 79.68754 0.6863758 0.1667345 31.60725 157.182
580.275 4286.115 79.75939 0.3777038 0.1641342 31.97342 101.7419
586.755 4286.115 78.15496 11.15266 0.1002307 30.44784 310.8636
592.695 4286.115 78.18936 6.225238 0.09361033 30.5734 311.5731
599.175 4286.115 76.08707 4.357287 0.1166077 28.49123 638.1497
476.055 4285.575 77.92572 1.693653 0.1021989 32.59511 4.253168
482.535 4285.575 78.37043 1.772759 0.0862092 31.25677 214.2885
489.015 4285.575 78.65088 10.98353 0.09974182 31.45849 140.5614
495.495 4285.575 77.06986 9.807317 0.09903586 31.29375 170.414
501.975 4285.575 78.53593 13.48426 0.1192618 31.32705 201.9754
508.455 4285.575 77.09068 28.32455 0.08 26.55278 885.716
514.935 4285.575 80.06751 14.29213 0.1614007 29.944 356.0018
520.875 4285.575 75.44901 5.339306 0.08 30.37111 351.8414
527.355 4285.575 75.26699 13.9282 0.08 31.42118 181.3564
533.835 4285.575 79.7165 1.291099 0.1773511 32.43762 32.2029
540.315 4285.575 79.56444 0.2628497 0.2002533 32.46296 25.97006
546.795 4285.575 78.2746 0.3880933 0.1311758 32.42817 31.73041
553.275 4285.575 78.8849 0.6050947 0.1311758 32.36373 40.17758
559.755 4285.575 77.71198 0.09854288 0.1311758 32.31101 49.25304
566.235 4285.575 78.82664 4.881414 0.1349073 31.4137 186.3341
572.175 4285.575 76.49671 4.7452 0.08526419 31.38236 177.605
578.655 4285.575 77.66598 14.66594 0.1023541 30.96077 192.4382
585.135 4285.575 74.82514 9.485803 0.08 31.24944 219.8368
591.615 4285.575 76.11309 4.327484 0.1125681 30.33629 342.3788
598.095 4285.575 74.53007 7.155003 0.08 28.30611 650.8604
604.575 4285.575 74.69336 4.733006 0.08 28.9443 552.7354
481.455 4285.035 77.26493 5.99431 0.08785 31.6557 147.5593
487.935 4285.035 74.72117 8.811043 0.08 30.10447 364.1172
494.415 4285.035 75.31604 12.80278 0.08 31.00448 198.8094
500.355 4285.035 77.0199 4.045412 0.09502338 32.37269 35.40268
506.835 4285.035 77.1777 22.58916 0.08 29.39043 481.3122
513.315 4285.035 76.5376 23.69997 0.08 27.28753 729.3218
519.795 4285.035 74.72784 4.343328 0.08364442 30.55319 327.6393
526.275 4285.035 75.09124 9.948767 0.08 31.8372 127.6554
532.755 4285.035 78.50745 4.036785 0.09821334 32.35234 47.06266
539.235 4285.035 78.67869 2.144444 0.09814938 32.32379 42.55587
545.715 4285.035 79.81902 0.3412056 0.1641342 32.43025 30.18105
552.195 4285.035 78.67116 0.4077535 0.1311758 32.37358 40.01269
558.135 4285.035 79.40434 0.9312479 0.2427105 32.30769 47.57161
564.615 4285.035 79.40579 1.148503 0.2354561 32.15843 75.20712
571.095 4285.035 77.71744 9.946553 0.1226301 31.085 211.5846
577.575 4285.035 78.73428 2.373744 0.132068 31.46618 181.428
584.055 4285.035 79.54252 0.184006 0.1949363 32.02605 93.32301
590.535 4285.035 78.60834 4.599031 0.1214715 30.43026 332.7285
597.015 4285.035 74.46177 6.378301 0.08 28.68453 608.4541
603.495 4285.035 78.40885 3.030787 0.09059525 28.80114 582.6293
480.375 4284.495 75.62634 13.38946 0.08 31.24807 172.7642
486.315 4284.495 74.79284 7.605465 0.08 31.63256 163.8571
492.795 4284.495 74.94038 4.714325 0.09835542 31.83808 112.6752
499.275 4284.495 78.33599 0.6135412 0.1311758 32.49469 22.41088
505.755 4284.495 75.27688 9.129683 0.08 30.37359 357.473
512.235 4284.495 79.59969 7.052599 0.1511913 29.00023 542.5674
518.715 4284.495 75.05971 8.240499 0.08 30.13365 394.7158
525.195 4284.495 74.36255 8.204442 0.08 31.84887 130.9087
531.675 4284.495 79.7496 0.3494309 0.1727646 32.4762 23.88013
537.615 4284.495 79.54043 0.8635655 0.2059751 32.45114 27.98146
544.095 4284.495 79.54106 0.9403373 0.205723 32.44601 30.67429
550.575 4284.495 78.06032 0.3735483 0.1311758 32.4018 34.85955
557.055 4284.495 77.74875 1.36671 0.1294673 32.2393 57.64675
563.535 4284.495 79.62095 0.3631967 0.1849286 32.15697 72.28082
570.015 4284.495 75.22034 17.27521 0.08 30.85771 265.649
576.495 4284.495 79.39793 1.89232 0.2146486 31.52622 165.4868
582.975 4284.495 79.91836 0.532723 0.1519702 32.0256 94.50611
589.455 4284.495 75.31692 5.300587 0.08127739 30.82957 278.1919
595.395 4284.495 79.25602 5.089911 0.2276606 29.92048 410.1805
601.875 4284.495 77.9734 3.811705 0.1121944 28.56413 614.8204
478.755 4283.955 75.4495 10.27809 0.08 31.91036 120.4722
485.235 4283.955 79.80383 2.011663 0.1641342 32.24404 60.95531
491.715 4283.955 77.24185 7.92062 0.09586267 31.89653 96.70042
498.195 4283.955 77.84831 1.895022 0.1081321 32.31905 48.78733
504.675 4283.955 79.06795 11.67542 0.1446843 31.42418 193.4248
511.155 4283.955 75.5458 21.43777 0.08 27.48402 750.1533
517.635 4283.955 78.63405 4.443812 0.1180381 29.86275 416.759
523.575 4283.955 76.05085 8.340811 0.08528938 31.12771 224.0533
530.055 4283.955 79.66317 0.217423 0.1849286 32.46566 25.68643
536.535 4283.955 79.98649 2.000583 0.1519702 32.47169 27.01756
543.015 4283.955 79.56733 0.5018044 0.2002533 32.45975 27.57744
549.495 4283.955 79.18993 0.07600702 0.1311758 32.39871 35.66941
555.975 4283.955 75.8645 1.454537 0.1174658 32.19093 64.1018
562.455 4283.955 77.89714 0.7276498 0.1311758 32.19219 65.94778
568.935 4283.955 74.98153 10.37693 0.08 30.65552 313.9624
575.415 4283.955 79.83952 2.838382 0.1534774 31.43638 175.9114
581.355 4283.955 79.91389 0.2184592 0.1519702 32.01555 95.10461
587.835 4283.955 78.65744 3.500706 0.1310641 30.93351 267.7783
594.315 4283.955 78.36151 11.04846 0.1108529 29.71575 452.1524
600.795 4283.955 74.58848 8.725358 0.08 28.41782 656.5756
476.595 4283.415 79.4712 1.563393 0.2329971 32.61402 3.190589
483.075 4283.415 79.97712 2.296066 0.146768 32.3102 54.23197
489.555 4283.415 74.41971 8.892322 0.08 30.81221 281.9019
496.035 4283.415 79.75006 1.522779 0.1679794 32.10749 83.98876
501.975 4283.415 79.77633 1.004172 0.1670193 32.28539 53.50961
508.455 4283.415 75.31158 8.938517 0.08 27.6537 771.6811
514.935 4283.415 75.16039 17.05694 0.08 28.12068 614.5079
521.415 4283.415 78.79719 9.830739 0.1021151 31.45119 168.162
527.895 4283.415 78.23612 5.236784 0.09413495 32.24804 53.04054
534.375 4283.415 79.97181 0.7399033 0.1519702 32.47366 26.02897
540.855 4283.415 79.509 0.2638134 0.2143535 32.45285 26.95388
547.335 4283.415 78.4763 0.4650039 0.1311758 32.41503 32.93135
553.815 4283.415 77.93294 3.504585 0.09858073 32.18912 62.88115
559.755 4283.415 79.61703 1.999551 0.1863589 32.13198 71.53036
566.235 4283.415 74.78456 4.205191 0.08 31.62908 161.9758
572.715 4283.415 78.13035 4.341961 0.1247173 29.84391 427.1828
579.195 4283.415 75.48769 3.302917 0.08 31.09438 237.4666
585.675 4283.415 75.16642 11.02734 0.08 31.66047 151.2845
592.155 4283.415 79.71413 9.326425 0.1760075 30.513 303.7462
598.635 4283.415 76.34804 5.464112 0.08719306 27.62507 752.9005
605.115 4283.415 79.46568 3.484885 0.139929 28.62216 609.0713
480.915 4282.875 76.36657 22.35712 0.08 30.3334 310.1733
486.855 4282.875 75.81065 14.15141 0.08 31.34915 183.3792
493.335 4282.875 76.18204 6.292724 0.08646956 31.94473 113.5121
499.815 4282.875 79.57441 0.2988404 0.2002533 32.51038 18.57151
506.295 4282.875 74.93907 12.06309 0.08 30.00075 355.8165
512.775 4282.875 74.58223 5.159111 0.08 27.73946 753.5179
519.255 4282.875 80.0285 5.74047 0.151266 30.855 260.9848
525.735 4282.875 75.43382 5.876045 0.08591307 31.56745 150.9494
532.215 4282.875 79.3279 0.2676059 0.34 32.48195 22.56492
538.695 4282.875 79.32209 0.1755293 0.34 32.47145 25.00502
544.635 4282.875 79.69379 0.5004981 0.1794589 32.43645 29.14499
551.115 4282.875 77.55364 2.240428 0.103295 32.23099 57.05057
557.595 4282.875 78.39488 4.689841 0.0926614 31.72957 129.8415
564.075 4282.875 78.35167 0.8156983 0.1311758 32.09407 82.83306
570.555 4282.875 78.10759 2.985311 0.090481 31.02034 253.8946
577.035 4282.875 78.86939 9.247217 0.1053466 31.0029 221.9776
583.515 4282.875 78.93549 0.4773147 0.1311758 32.06132 88.86069
589.995 4282.875 78.07185 6.837212 0.114542 31.32334 205.7545
596.475 4282.875 78.34088 6.202275 0.1288734 29.28585 500.2928
602.415 4282.875 78.27407 6.496183 0.1204111 28.31296 644.1533
478.215 4282.335 78.86213 15.90314 0.09070094 31.53284 112.0614
484.695 4282.335 79.56648 8.48613 0.2593098 32.20304 38.70331
491.175 4282.335 79.5575 1.67158 0.1467644 32.22594 65.38797
497.655 4282.335 78.67874 12.07331 0.1205354 31.97659 86.0565
504.135 4282.335 76.24139 23.12383 0.08 30.29178 266.4727
510.615 4282.335 79.05869 0.2391634 0.2168624 28.54657 628.324
517.095 4282.335 75.61527 12.93225 0.08 29.4388 498.4377
523.035 4282.335 75.07768 7.514215 0.08239663 31.32015 200.9381
529.515 4282.335 79.45395 0.4868027 0.2311419 32.49661 21.69141
535.995 4282.335 79.56751 0.4705657 0.2002533 32.48006 22.1707
542.475 4282.335 79.32335 0.1909214 0.34 32.45293 27.53523
548.955 4282.335 79.52202 0.2268668 0.2103475 32.41341 33.04484
555.435 4282.335 79.5564 4.959157 0.2018148 31.89087 104.1748
561.915 4282.335 79.84756 2.642707 0.1574821 32.01513 87.51944
568.395 4282.335 74.70083 5.404596 0.08 31.30602 212.3767
574.875 4282.335 76.14096 24.55374 0.08 28.04306 605.8699
580.815 4282.335 76.05016 4.456253 0.115594 31.32649 187.5385
587.295 4282.335 74.35738 8.163767 0.0801976 32.0251 103.6654
593.775 4282.335 76.3477 9.759231 0.08316739 29.52728 446.394
600.255 4282.335 74.82226 13.3015 0.08 28.62151 624.2032
477.135 4281.795 79.63998 6.061829 0.2081243 32.48745 22.50769
483.615 4281.795 78.08362 5.225267 0.1124573 31.96261 86.74761
490.095 4281.795 78.59957 13.22569 0.1101761 31.83949 124.4609
496.575 4281.795 76.22424 10.44539 0.08376795 31.98853 59.22534
503.055 4281.795 78.01751 1.519015 0.1325362 32.45563 30.34946
508.995 4281.795 75.27411 15.28813 0.08 27.70835 757.0535
515.475 4281.795 74.50259 7.927914 0.08 28.60488 599.4949
521.955 4281.795 79.44349 6.407677 0.2517344 31.73575 143.3144
528.435 4281.795 79.42062 0.08627897 0.242583 32.47547 24.04498
534.915 4281.795 79.46797 0.1570002 0.2252406 32.48047 22.90071
541.395 4281.795 79.7503 0.3279664 0.1727646 32.46153 25.82086
547.875 4281.795 78.84162 0.5601177 0.1311758 32.41078 32.97006
554.355 4281.795 77.88669 0.6195461 0.1179155 31.93084 106.401
560.835 4281.795 78.86354 4.44274 0.136046 31.58431 147.9877
566.775 4281.795 79.28298 1.377892 0.2886506 31.84875 119.2228
573.255 4281.795 75.13075 13.35865 0.08 29.58893 451.6477
579.735 4281.795 74.80536 10.60738 0.08 30.74119 293.2086
586.215 4281.795 79.32693 0.5603895 0.271079 32.08951 83.86188
592.695 4281.795 80.15591 16.81088 0.1852553 30.46292 329.3386
599.175 4281.795 75.77428 14.55428 0.08 28.76859 597.5112
475.515 4281.255 79.65228 0.4637872 0.1895531 32.61828 0.9290016
481.995 4281.255 74.14273 3.805592 0.08 30.79281 278.538
487.935 4281.255 79.45533 1.186387 0.230757 32.46228 26.82628
494.415 4281.255 79.42042 0.8844691 0.2353347 32.30957 51.08155
500.895 4281.255 79.48077 0.8481765 0.2239071 32.5353 14.84457
507.375 4281.255 75.37199 13.35258 0.08 28.86213 574.8572
513.855 4281.255 78.95337 6.16649 0.1382231 30.60783 320.7062
520.335 4281.255 79.92102 12.19845 0.1699189 30.49859 278.7032
526.815 4281.255 74.53134 5.748821 0.08 32.11827 87.41367
533.295 4281.255 79.43562 0.1058433 0.2351479 32.46499 25.40532
539.775 4281.255 79.52431 0.5731042 0.2103475 32.47448 25.26112
545.715 4281.255 78.55165 0.08493105 0.1311758 32.4337 30.66219
552.195 4281.255 78.07054 3.989834 0.0948568 32.25424 65.40453
558.675 4281.255 75.14756 4.947587 0.08 30.3122 341.622
565.155 4281.255 78.70532 2.812739 0.1249231 31.78266 123.1896
571.635 4281.255 76.76203 3.864522 0.09725844 30.91615 259.3846
578.115 4281.255 74.70397 10.92332 0.08 30.4671 294.6484
584.595 4281.255 79.92593 0.3189852 0.1519702 32.0857 84.76093
591.075 4281.255 74.66248 10.0229 0.08 30.94698 269.277
597.555 4281.255 78.88418 15.90385 0.1122796 29.79944 418.3669
603.495 4281.255 78.42671 5.725897 0.09646364 28.13264 688.6613
479.835 4280.715 75.71505 13.37772 0.08 31.83044 128.9023
486.315 4280.715 79.36807 0.808375 0.2828327 32.52348 18.41982
492.795 4280.715 75.06558 10.42142 0.08 31.80009 118.3977
499.275 4280.715 78.44417 0.722618 0.1311758 32.58017 8.371701
505.755 4280.715 75.76355 16.89989 0.08 31.28538 188.057
512.235 4280.715 75.3183 16.31598 0.08 28.86618 580.1719
518.715 4280.715 77.23546 4.474145 0.1237733 30.10114 379.753
525.195 4280.715 77.91666 5.882159 0.1151189 32.16826 54.08199
531.135 4280.715 79.42252 0.2696086 0.2440118 32.47462 23.59376
537.615 4280.715 79.45752 0.2893275 0.2277421 32.46107 25.57125
544.095 4280.715 79.62467 0.227981 0.1895531 32.44366 28.63464
550.575 4280.715 79.49797 0.08914268 0.2143535 32.42048 32.6385
557.055 4280.715 79.2145 5.47404 0.1429591 31.30168 196.5893
563.535 4280.715 78.4337 11.6042 0.08823455 30.77666 244.0847
570.015 4280.715 77.84414 0.9808926 0.1017839 31.35633 193.9951
576.495 4280.715 75.26048 2.166291 0.08520153 29.40298 490.9207
582.435 4280.715 75.13506 12.59993 0.08 31.56532 128.3989
588.915 4280.715 78.35143 3.928965 0.1138569 32.14606 81.95862
595.395 4280.715 78.69461 12.34385 0.0892765 28.9098 522.5014
601.875 4280.715 76.18562 16.27677 0.08 28.56724 551.1419
479.835 4280.175 75.51958 4.480803 0.08403147 31.76208 120.9931
486.315 4280.175 79.3556 0.9801375 0.294802 32.52477 15.50397
492.795 4280.175 74.3286 7.32389 0.08 31.38813 171.271
499.275 4280.175 79.51631 0.401552 0.2161722 32.60255 4.298627
505.755 4280.175 76.3296 18.75454 0.08 31.88773 91.69314
511.695 4280.175 75.14531 18.61344 0.08 29.42928 486.1588
518.175 4280.175 78.48468 7.132774 0.1282515 30.37363 334.2809
524.655 4280.175 79.05099 7.658095 0.138386 31.99265 72.51176
531.135 4280.175 79.4193 0.6459545 0.2453757 32.47119 23.17294
537.615 4280.175 79.4555 0.1985075 0.2300509 32.46474 25.46381
544.095 4280.175 79.58349 0.1815752 0.1970925 32.44645 28.94079
550.575 4280.175 78.33882 0.155435 0.1311758 32.42346 32.33199
557.055 4280.175 76.30343 5.422194 0.08575142 31.25862 206.8265
563.535 4280.175 75.29598 7.566058 0.08 30.39217 318.4411
569.475 4280.175 78.31022 8.061586 0.1123883 31.02634 226.1974
575.955 4280.175 78.44571 8.470819 0.1276341 29.04348 544.497
582.435 4280.175 74.26318 5.871452 0.08 31.96947 111.2897
588.915 4280.175 79.27538 0.08152996 0.1519702 32.11132 79.87185
595.395 4280.175 74.90326 12.45939 0.08 28.91039 552.6418
601.875 4280.175 75.88589 15.89186 0.08 29.52296 477.8319
478.215 4279.635 79.79922 1.030137 0.1697425 32.62698 1.895122
484.695 4279.635 74.872 14.0769 0.08 31.96633 101.7076
491.175 4279.635 78.17756 0.7248336 0.1268203 32.56965 10.80879
497.115 4279.635 78.40718 5.917617 0.09166347 32.22667 69.65501
503.595 4279.635 78.33994 0.3554683 0.1074614 32.5716 9.036081
510.075 4279.635 74.8236 5.543307 0.08 29.22227 524.1786
516.555 4279.635 76.02026 14.68135 0.08 30.7771 288.9956
523.035 4279.635 75.93639 18.82972 0.08 31.47777 156.9963
529.515 4279.635 79.41982 0.5771313 0.2433059 32.46718 24.20686
535.995 4279.635 79.46157 0.236896 0.2265174 32.46775 24.77413
542.475 4279.635 79.65816 0.1018609 0.1849286 32.44073 29.40033
548.955 4279.635 78.43041 0.353333 0.1311758 32.42287 32.47467
554.895 4279.635 79.53645 2.270929 0.199556 32.03668 92.73245
561.375 4279.635 74.46941 8.328615 0.08 30.02184 371.9616
567.855 4279.635 79.00352 5.877383 0.1381141 31.1265 214.2068
574.335 4279.635 74.55687 8.829511 0.08 30.1901 385.0038
580.815 4279.635 74.9887 9.554918 0.08 31.52926 151.8058
587.295 4279.635 78.41813 0.414773 0.1311758 32.1059 79.87477
593.775 4279.635 75.03038 5.306287 0.08 29.93203 423.752
600.255 4279.635 74.8941 13.36908 0.08 30.35576 350.7901
456.615 4279.095 78.29094 3.31334 0.08954027 32.57206 3.276091
480.915 4279.095 76.11273 11.47249 0.08584655 31.91825 95.20398
487.395 4279.095 79.35581 0.3017076 0.2978806 32.55486 11.23532
493.875 4279.095 75.85999 5.954214 0.08 32.42761 37.68112
500.355 4279.095 77.82579 0.6743391 0.1311758 32.59879 6.57983
506.835 4279.095 74.97036 13.91191 0.08 31.95858 103.3194
513.315 4279.095 75.30639 14.94577 0.08 31.33252 193.3626
519.795 4279.095 77.21529 10.06804 0.08960043 31.15588 233.5882
526.275 4279.095 79.33568 0.3396401 0.34 32.50269 19.80075
532.215 4279.095 79.31319 0.7501726 0.34 32.40816 32.50615
538.695 4279.095 79.38718 0.2009901 0.2607004 32.45673 26.5979
545.175 4279.095 79.39779 0.1987888 0.2524673 32.43155 31.20896
551.655 4279.095 78.35673 0.5269917 0.1311758 32.42535 30.99889
558.135 4279.095 74.33626 6.133811 0.08 30.62904 308.5847
564.615 4279.095 75.68611 14.16229 0.08097546 28.76698 532.9875
571.095 4279.095 79.33125 1.878544 0.2191837 31.11161 230.5697
577.575 4279.095 74.12164 3.274572 0.08 28.70962 596.3154
584.055 4279.095 78.99082 0.494995 0.1311758 32.11044 80.39981
589.995 4279.095 79.66351 0.07286422 0.1785713 32.13253 76.95056
596.475 4279.095 75.25014 15.41172 0.08 30.78412 288.1732
602.955 4279.095 75.54408 18.80897 0.08 27.02922 792.8082
477.135 4278.555 74.41069 3.448126 0.08 32.25972 59.56889
483.615 4278.555 79.9788 1.892398 0.1491543 32.2189 58.43548
490.095 4278.555 79.44376 0.3902612 0.2410826 32.60945 2.779328
496.575 4278.555 75.7395 4.179652 0.0821998 32.56543 11.06712
503.055 4278.555 77.36684 0.6808373 0.1311758 32.56389 9.442985
509.535 4278.555 76.28999 18.70762 0.08 30.44524 326.2625
515.475 4278.555 74.84297 13.21811 0.08 31.25318 180.7575
521.955 4278.555 74.07269 1.235017 0.08 31.52254 170.8131
528.435 4278.555 79.58023 2.702291 0.2002533 32.39626 31.12181
534.915 4278.555 79.32572 0.8524603 0.34 32.44432 26.82191
541.395 4278.555 79.57008 0.2206692 0.2002533 32.45117 27.24342
547.875 4278.555 79.66019 0.1342475 0.1849286 32.43777 29.76266
554.355 4278.555 79.50338 1.140092 0.209549 32.2452 61.65933
560.835 4278.555 74.22044 9.615318 0.08 30.04243 407.6022
566.775 4278.555 76.89699 23.83609 0.08 28.71566 501.125
573.255 4278.555 75.089 13.92632 0.08 30.32973 327.1468
579.735 4278.555 78.786 3.816332 0.1042654 31.36611 200.3237
586.215 4278.555 78.81207 0.1129947 0.1311758 32.12299 78.45531
592.695 4278.555 75.50647 11.32292 0.08 31.44944 162.0791
599.175 4278.555 74.65481 7.301751 0.08049756 30.99024 261.7167
456.075 4278.015 74.15589 6.452171 0.08 31.73849 142.583
479.835 4278.015 75.55546 10.95298 0.08 31.83209 111.4784
486.315 4278.015 79.8814 0.6868769 0.1498559 32.61058 4.803175
492.255 4278.015 77.95811 2.450361 0.1096446 32.60697 8.844564
498.735 4278.015 77.33115 0.2208332 0.1311758 32.59175 6.415432
505.215 4278.015 79.37195 0.3184367 0.2816942 32.55405 11.75878
511.695 4278.015 79.77275 11.32319 0.2019444 31.29138 189.0366
518.175 4278.015 77.04911 4.037412 0.08947215 31.52838 174.536
524.655 4278.015 79.43278 0.2750048 0.2385639 32.50294 20.4149
531.135 4278.015 79.6858 0.7713411 0.1794589 32.34453 42.23738
537.615 4278.015 79.32642 0.2415454 0.3173125 32.46934 25.28744
544.095 4278.015 79.33146 0.7112637 0.3162013 32.4273 30.06438
550.035 4278.015 79.95639 0.02910525 0.1519702 32.41783 32.88326
556.515 4278.015 74.25776 7.891703 0.08 31.69595 153.3461
562.995 4278.015 74.98202 10.83718 0.08 28.74516 602.4315
569.475 4278.015 79.0498 7.220764 0.1477044 30.55313 302.5407
575.955 4278.015 78.55824 13.5431 0.1218053 30.41941 341.3391
582.435 4278.015 78.14711 0.2623294 0.1311758 32.12225 78.75776
588.915 4278.015 77.84224 0.2939616 0.1311758 32.13027 76.49033
595.395 4278.015 74.78464 4.307991 0.08 31.52716 177.7577
601.875 4278.015 75.35072 15.26384 0.08 29.83076 435.0594
458.235 4277.475 78.04723 10.86766 0.1075862 32.17472 75.40814
481.995 4277.475 78.41278 4.10044 0.118196 32.26656 44.1059
488.475 4277.475 79.97804 0.3920374 0.1519702 32.60995 3.361417
494.955 4277.475 74.74716 9.009109 0.0810592 32.53062 20.64208
501.435 4277.475 79.60317 0.1870046 0.1970925 32.58598 6.587583
507.915 4277.475 79.55899 1.475801 0.2068339 32.57455 10.53853
514.395 4277.475 79.4323 1.674583 0.2414173 32.42372 35.59701
520.875 4277.475 76.36908 22.26341 0.08 31.35461 77.42237
527.355 4277.475 79.97308 0.6610368 0.1512333 32.42133 31.24657
533.295 4277.475 79.31675 0.4746317 0.3115138 32.34312 43.27776
539.775 4277.475 79.51295 0.138689 0.2124173 32.45774 26.87526
546.255 4277.475 79.82129 0.5866985 0.1641342 32.44616 29.59247
552.735 4277.475 79.4217 0.3464159 0.2403034 32.40587 34.53888
559.215 4277.475 75.32102 5.803396 0.08 30.78852 292.8047
565.695 4277.475 78.24389 11.13932 0.112538 27.57392 734.1663
572.175 4277.475 77.92636 1.930272 0.1247427 31.0379 244.3118
578.655 4277.475 76.79908 25.0487 0.08 28.81072 487.7601
584.595 4277.475 79.65668 0.3863825 0.1794589 32.15156 74.56671
591.075 4277.475 79.66115 0 0.1794589 32.15076 74
597.555 4277.475 77.70808 2.115826 0.1049189 31.30381 208.716
604.035 4277.475 76.15329 24.18271 0.08 28.43607 598.4417
478.755 4276.935 76.23983 16.09281 0.08 32.02924 87.79953
485.235 4276.935 75.89691 11.98393 0.08 32.33704 42.02847
491.715 4276.935 78.39917 0.4842638 0.1311758 32.60989 4.505621
498.195 4276.935 79.33934 0.1806144 0.3287195 32.58968 6.432596
504.675 4276.935 79.36423 0.2962213 0.2898238 32.58688 6.192106
510.615 4276.935 78.83353 1.155395 0.1353098 32.53524 17.09798
517.095 4276.935 78.51225 2.965479 0.1311758 31.61727 160.4936
523.575 4276.935 78.32518 5.352421 0.08903284 32.31952 54.92231
530.055 4276.935 78.85004 0.2862839 0.1254325 32.30188 50.07225
536.535 4276.935 79.31919 0.226571 0.34 32.45608 26.91954
543.015 4276.935 79.65562 0.4080742 0.1849286 32.43544 29.35654
549.495 4276.935 78.46205 0.3750369 0.1311758 32.41414 32.83007
555.975 4276.935 77.80025 4.574994 0.09564499 32.03247 99.18237
562.455 4276.935 74.67368 3.397209 0.08088962 28.93334 574.8967
568.395 4276.935 79.20271 21.34526 0.1009852 28.37262 556.9207
574.875 4276.935 74.51419 3.671409 0.08275166 31.07533 245.065
581.355 4276.935 78.6096 0.1274705 0.1311758 32.12201 78.68252
587.835 4276.935 79.46717 0 0.2143535 32.15076 74
594.315 4276.935 79.54334 1.00542 0.19768 32.15034 75.86265
600.795 4276.935 78.42904 4.271289 0.1239653 30.96481 255.0746
457.695 4276.395 80.26169 11.88797 0.1547751 32.02778 45.85419
482.535 4276.395 79.81138 4.34585 0.1710329 32.41014 41.96972
489.015 4276.395 78.15263 0.536563 0.1311758 32.62132 2.85065
494.955 4276.395 77.41324 0.8182117 0.1311758 32.60934 3.896062
501.435 4276.395 78.10524 0.02111002 0.1311758 32.58722 6.802886
507.915 4276.395 79.97227 0.1589004 0.1519702 32.56112 10.54906
514.395 4276.395 78.55873 0.6152474 0.1258409 32.53239 16.58897
520.875 4276.395 75.51426 11.12386 0.08 31.29855 192.9995
527.355 4276.395 79.39418 0.2354971 0.2497131 32.38666 38.24828
533.835 4276.395 79.47805 0.3565121 0.2155721 32.29557 50.97097
540.315 4276.395 79.51417 0.1043751 0.2124173 32.44439 28.74399
546.255 4276.395 79.53103 0.1284694 0.2081243 32.43115 31.16882
552.735 4276.395 78.28659 0.3206111 0.1311758 32.4005 35.22569
559.215 4276.395 74.00151 3.284738 0.08 31.33731 204.4113
565.695 4276.395 75.73329 17.60583 0.08 26.65959 902.5783
572.175 4276.395 74.27934 6.915583 0.08 30.70633 278.5913
578.655 4276.395 75.78371 12.24137 0.08 31.09715 244.0398
585.135 4276.395 79.40429 0 0.2341954 32.15076 74
591.615 4276.395 79.40429 0 0.2341954 32.15076 74
598.095 4276.395 78.36866 5.468636 0.1233108 31.79836 135.4336
604.035 4276.395 79.2898 15.64443 0.0917255 30.60678 311.5211
479.835 4275.855 80.03111 4.551381 0.1485126 32.50298 11.35182
486.315 4275.855 79.03569 0.3737736 0.1311758 32.61554 1.673189
492.795 4275.855 78.80559 7.333491 0.1401616 32.38225 13.52656
499.275 4275.855 79.40337 0.2153538 0.2610978 32.59123 6.019973
505.755 4275.855 79.67415 0.2424083 0.1849286 32.57629 8.807377
512.235 4275.855 78.35159 0.2621883 0.1311758 32.5407 13.69692
518.715 4275.855 78.43129 8.434893 0.09964925 31.66913 120.4485
525.195 4275.855 79.44278 5.73563 0.1423178 32.23111 45.16058
531.135 4275.855 78.07758 0.8772539 0.1201771 32.15656 71.27351
537.615 4275.855 79.41433 1.090107 0.2434734 32.40871 32.78492
544.095 4275.855 79.81497 0.5151705 0.1519702 32.42841 31.52812
550.575 4275.855 79.5022 0.361146 0.2124173 32.40454 34.07994
557.055 4275.855 79.73917 2.715011 0.1674092 31.9032 109.4171
563.535 4275.855 75.18707 10.01521 0.08 29.61786 473.1133
570.015 4275.855 78.2649 6.498047 0.100923 27.87375 738.3742
576.495 4275.855 79.55761 2.075577 0.1823247 31.43989 187.1022
582.975 4275.855 79.542 0 0.1970925 32.15076 74
588.915 4275.855 78.54517 0.1897074 0.1311758 32.15294 74.11496
595.395 4275.855 78.6497 0.6610066 0.1311758 32.12325 79.75796
601.875 4275.855 75.2493 3.148721 0.08382376 31.21878 222.3408
458.775 4275.315 75.51978 8.473323 0.08 32.39139 20.43503
484.155 4275.315 78.75083 3.126665 0.1296225 32.62016 7.326696
490.635 4275.315 79.91489 0.2365678 0.1519702 32.60822 3.139059
497.115 4275.315 77.36603 0.5613927 0.1311758 32.60349 3.856313
503.595 4275.315 77.25029 0.4936889 0.1311758 32.56317 10.12633
509.535 4275.315 78.67946 0.2779452 0.1311758 32.5627 11.25164
516.015 4275.315 75.10569 13.09869 0.08 31.74894 125.7756
522.495 4275.315 75.40693 10.54455 0.08 31.73887 115.9442
528.975 4275.315 76.82082 0.4967159 0.126195 32.25397 57.08905
535.455 4275.315 79.2646 1.175775 0.1426198 32.32196 45.10126
541.935 4275.315 79.58321 0.05102332 0.1970925 32.43483 30.18775
548.415 4275.315 78.28264 0.1677561 0.1311758 32.41776 32.53965
554.895 4275.315 79.46239 1.292327 0.1499917 32.31999 49.68155
561.375 4275.315 79.04504 7.978188 0.1308933 30.73254 301.4734
567.315 4275.315 74.7273 10.25849 0.08 26.7549 893.1857
573.795 4275.315 74.91606 3.879229 0.08 31.08091 228.0478
580.275 4275.315 75.01735 7.780721 0.08243356 31.85428 128.2073
586.755 4275.315 79.43526 0 0.2239071 32.15076 74
593.235 4275.315 79.45759 0 0.2161722 32.15076 74
599.715 4275.315 78.51867 2.500135 0.1053442 31.60473 160.9399
456.615 4274.775 74.98151 12.10907 0.08 29.21083 478.5794
481.455 4274.775 75.18147 3.108125 0.08 31.71634 135.4232
487.935 4274.775 78.43633 0.3103296 0.1311758 32.60772 4.409288
493.875 4274.775 78.61817 5.096406 0.1298528 32.42486 16.79254
500.355 4274.775 78.57161 0.2919614 0.1311758 32.60585 4.017243
506.835 4274.775 78.96249 0.4320718 0.1311758 32.57611 9.048603
513.315 4274.775 79.58461 1.211668 0.1985472 32.46363 23.05471
519.795 4274.775 76.79738 2.126074 0.08838848 31.00711 252.9536
526.275 4274.775 74.94394 0.8790822 0.08 31.68183 145.7499
532.755 4274.775 79.53802 1.43745 0.1968799 32.07569 81.84998
539.235 4274.775 79.65163 1.397849 0.1853262 32.34512 40.62431
545.715 4274.775 78.59865 0.4675921 0.1311758 32.43324 30.15063
551.655 4274.775 79.91797 0.2188421 0.1519702 32.39717 35.56668
558.135 4274.775 79.56286 7.053598 0.2106899 31.66277 137.9483
564.615 4274.775 79.32942 14.25715 0.1326033 29.60959 457.6171
571.095 4274.775 78.33871 7.013683 0.09494113 29.42077 486.4037
577.575 4274.775 79.38047 1.666804 0.2251664 31.72013 143.8962
584.055 4274.775 79.62026 0 0.1849286 32.15076 74
590.535 4274.775 79.51737 0 0.2031127 32.15076 74
597.015 4274.775 79.46653 0.466062 0.2143535 32.11098 79.51106
603.495 4274.775 74.9758 3.267497 0.08407824 31.21853 223.7831
459.855 4274.235 77.90506 35.17976 0.08 31.05632 84.35327
484.695 4274.235 77.42767 0.3215681 0.1311758 32.62196 0.9012654
491.715 4274.235 79.70453 0.3906199 0.1813947 32.6147 3.050803
498.195 4274.235 78.67071 0.2448262 0.1311758 32.60028 5.228931
504.675 4274.235 78.70347 0.1483534 0.1311758 32.5775 7.985498
511.155 4274.235 75.85067 8.061881 0.08929636 32.31463 23.49162
517.635 4274.235 75.86113 20.80376 0.08 30.88558 161.8185
524.115 4274.235 76.2028 16.80337 0.08 30.94393 234.5124
530.055 4274.235 79.68523 1.705825 0.1757213 32.10029 80.47762
536.535 4274.235 79.40924 1.425075 0.2372581 32.21042 62.91957
543.015 4274.235 79.74674 0.1360242 0.1727646 32.43338 30.41945
549.495 4274.235 78.84024 0.223142 0.1311758 32.41277 33.67334
555.975 4274.235 79.65963 0.6434274 0.1802861 32.23664 62.10204
562.455 4274.235 78.12452 8.017004 0.09781481 30.66053 300.4578
568.935 4274.235 79.1375 19.50926 0.1191463 28.81064 574.8406
575.415 4274.235 77.83793 4.895339 0.1000248 31.54499 161.1853
581.895 4274.235 78.56755 0.7521183 0.1102438 32.04266 89.82984
587.835 4274.235 79.46717 0 0.2143535 32.15076 74
594.315 4274.235 77.84952 0.143025 0.1311758 32.1391 75.52023
600.795 4274.235 79.43749 4.234407 0.2217055 31.71822 138.8774
457.695 4273.695 78.69901 36.60075 0.08 28.62467 418.7192
482.535 4273.695 75.25257 11.72164 0.08 32.58343 15.43373
490.095 4273.695 79.68336 0.07644634 0.1849286 32.60708 3.729029
496.575 4273.695 78.65799 0.3789572 0.1311758 32.60991 3.662418
503.055 4273.695 78.76427 0.2354343 0.1311758 32.58225 7.659405
509.535 4273.695 79.4496 1.008167 0.2333876 32.48156 21.11084
515.475 4273.695 78.1555 1.735225 0.08867512 32.19321 66.59354
521.955 4273.695 74.64461 5.432202 0.08 31.01093 242.5336
528.435 4273.695 79.78781 3.855672 0.1636589 31.86333 108.656
534.915 4273.695 78.14152 5.470584 0.102381 31.84816 103.3552
541.395 4273.695 80.08769 3.479346 0.1475146 32.31107 40.96828
547.875 4273.695 79.30192 0.368501 0.1311758 32.41301 33.88361
554.355 4273.695 79.46901 0.2276014 0.2210478 32.39111 36.82813
560.835 4273.695 79.44158 2.222676 0.2001153 31.3332 204.317
567.315 4273.695 75.41684 19.86446 0.08 28.14433 676.2457
573.255 4273.695 75.37607 9.723729 0.08 29.85382 393.5326
579.735 4273.695 78.31163 0.9995615 0.12723 31.99231 99.90469
586.215 4273.695 79.542 0 0.1970925 32.15076 74
592.695 4273.695 79.4809 0 0.2103475 32.15076 74
599.175 4273.695 78.00997 1.99118 0.11478 31.95776 101.0028
456.075 4273.155 75.26359 11.39796 0.08 27.78185 712.2674
480.375 4273.155 78.61302 1.394135 0.1261841 32.6432 1.290346
489.555 4273.155 77.75823 0.2502483 0.1311758 32.60768 3.215069
495.495 4273.155 79.98782 1.595805 0.1519702 32.58195 3.790543
501.975 4273.155 79.44014 0.6110858 0.242583 32.59162 5.939111
508.455 4273.155 74.73513 6.924767 0.08 31.97724 77.30655
514.935 4273.155 79.58807 16.99309 0.1223914 31.09024 166.2872
521.415 4273.155 75.5508 16.59707 0.08 30.42117 320.2387
527.895 4273.155 76.63591 8.906453 0.0884001 31.1967 188.9383
534.375 4273.155 75.00676 14.24015 0.08 31.20557 158.7734
540.855 4273.155 79.80668 4.76933 0.1684519 32.13159 62.26399
547.335 4273.155 79.31081 0.2856992 0.34 32.40907 34.00939
553.275 4273.155 79.34515 0.3936737 0.2910121 32.40453 35.39175
559.755 4273.155 79.34322 6.068976 0.1471777 31.69382 143.5127
566.235 4273.155 74.87505 6.686312 0.08 28.85827 590.4926
572.715 4273.155 75.75172 13.84436 0.08 29.03465 550.0355
579.195 4273.155 79.86151 1.275275 0.1554885 31.98227 100.7472
585.675 4273.155 79.50392 0 0.205723 32.15076 74
592.155 4273.155 79.48917 0 0.2081243 32.15076 74
598.635 4273.155 77.89312 0.4855244 0.1178301 32.03804 90.76704
605.115 4273.155 76.0955 4.408835 0.1133123 31.45236 186.4841
461.475 4272.615 75.32349 9.994869 0.08 32.37817 23.74958
491.175 4272.615 78.21352 1.60139 0.1220956 32.60838 1.228173
497.655 4272.615 79.84824 0.2904612 0.1641342 32.61524 2.143879
504.135 4272.615 79.3327 0.4195514 0.34 32.60548 4.950774
510.615 4272.615 78.47118 8.072536 0.09129889 31.47134 164.7293
517.095 4272.615 75.77999 7.462246 0.08 30.65517 285.7489
523.575 4272.615 79.00508 17.0276 0.09838594 29.55291 393.7166
530.055 4272.615 74.96512 12.48736 0.08 30.40485 300.7417
536.535 4272.615 80.10587 29.0412 0.1059505 29.16514 351.6265
542.475 4272.615 80.35198 27.90392 0.09395755 30.26055 197.6959
548.955 4272.615 78.73142 0.1856517 0.1311758 32.40674 34.68936
555.435 4272.615 79.37383 0.1949826 0.2602977 32.36307 41.10319
561.915 4272.615 78.11172 6.925488 0.1121545 31.45574 185.1819
568.395 4272.615 74.70383 14.02574 0.08 29.03738 558.8871
574.875 4272.615 78.73168 10.30458 0.09324116 30.64846 311.8195
581.355 4272.615 78.46324 2.77049 0.1324367 31.90343 104.7895
587.835 4272.615 78.2718 4.796709 0.09062569 31.99046 93.97956
593.775 4272.615 79.85737 0.1884398 0.1519702 32.14426 75.30894
600.255 4272.615 78.44719 2.446942 0.1311758 31.89776 117.0091
457.155 4272.075 75.6011 13.03513 0.08 27.4737 739.0601
483.075 4272.075 78.55991 0.9370486 0.1311758 32.60175 6.564866
491.715 4272.075 79.93775 3.925269 0.1580997 32.55422 6.30075
498.195 4272.075 79.33154 0.5078452 0.34 32.60537 3.351059
504.675 4272.075 75.58129 9.009368 0.08 32.19547 41.48491
511.155 4272.075 75.7154 10.94863 0.08 30.91011 226.1127
517.635 4272.075 75.97604 16.7406 0.08 29.81075 385.0149
523.575 4272.075 77.0241 24.3747 0.08 27.9904 600.9324
530.055 4272.075 74.4677 10.71916 0.08 30.32479 326.9594
536.535 4272.075 75.87259 19.54524 0.08 28.5122 537.8265
543.015 4272.075 78.12548 36.13037 0.08 28.24144 421.2555
549.495 4272.075 79.5388 0.3647641 0.205723 32.4116 34.59357
555.975 4272.075 78.909 0.610154 0.1311758 32.36002 43.04265
562.455 4272.075 78.63381 6.438581 0.125475 31.40529 193.0254
568.935 4272.075 75.63029 15.50092 0.08 30.05367 368.4738
575.415 4272.075 75.02468 4.04771 0.08 31.01263 253.4973
581.355 4272.075 75.92708 4.709802 0.09022442 31.74119 139.5176
587.835 4272.075 75.38112 3.886765 0.08167617 31.72176 128.9788
594.315 4272.075 78.36112 0.4733743 0.1311758 32.13498 75.89288
600.795 4272.075 78.73669 2.647463 0.1205906 31.89217 117.8076
457.695 4271.535 75.15113 13.10102 0.08 26.61405 874.3372
485.235 4271.535 77.83855 0.3983589 0.1311758 32.62781 0.7313312
494.415 4271.535 79.76302 0.1554977 0.1733613 32.60511 4.406487
500.895 4271.535 79.58442 0.5494655 0.2002533 32.60289 3.415
507.375 4271.535 79.42766 2.752424 0.2468306 32.37017 32.54274
513.315 4271.535 75.27431 14.15242 0.08 30.40201 301.2549
519.795 4271.535 74.93579 8.350386 0.08 28.24682 647.9141
526.275 4271.535 78.4712 7.749827 0.1055615 27.87618 740.1872
532.755 4271.535 76.78975 21.92671 0.08 30.20669 316.3122
539.235 4271.535 79.6847 18.75711 0.1225255 29.32179 439.5996
545.715 4271.535 78.37902 2.978961 0.1115315 32.27347 48.26226
552.195 4271.535 77.89294 0.2206567 0.1311758 32.38765 37.01957
558.675 4271.535 78.2376 1.688602 0.097656 32.26991 58.42443
565.155 4271.535 79.22328 4.588459 0.137067 31.25197 217.6011
571.095 4271.535 75.56838 19.64339 0.08 30.1704 347.3321
577.575 4271.535 78.63737 5.631635 0.1004833 31.85409 112.1366
584.055 4271.535 78.74573 3.856372 0.1311758 31.66572 153.9257
590.535 4271.535 79.76897 3.314089 0.1650668 31.90268 102.684
597.015 4271.535 78.54048 0.14256 0.1311758 32.11466 79.7841
603.495 4271.535 78.06723 3.027365 0.1192812 31.65075 151.6099
460.395 4270.995 77.15409 27.47792 0.08 29.88314 277.5162
492.255 4270.995 78.36988 4.545003 0.108918 32.27012 63.66675
498.195 4270.995 77.29246 0.1912434 0.1311758 32.60882 3.841915
504.675 4270.995 79.68208 1.061272 0.1848834 32.61359 4.508907
511.155 4270.995 75.43218 10.47283 0.08 29.87443 383.8627
517.635 4270.995 79.29633 16.00147 0.1060232 29.63817 410.9981
524.115 4270.995 78.31009 35.97789 0.08 28.35089 522.5263
530.595 4270.995 80.14841 18.13011 0.2370434 30.98734 221.11
537.075 4270.995 79.566 12.19423 0.1838193 28.18562 639.0886
543.555 4270.995 79.46238 12.23874 0.1449816 29.66137 440.1978
550.035 4270.995 79.32105 0.4088656 0.34 32.40676 34.43425
555.975 4270.995 78.87926 0.1684026 0.1311758 32.36901 40.06606
562.455 4270.995 74.5217 2.941049 0.08218218 31.77712 134.2979
568.935 4270.995 75.1337 8.31298 0.08 30.91154 270.802
575.415 4270.995 79.58047 1.002807 0.1759561 31.37545 193.4778
581.895 4270.995 77.94942 2.665689 0.1073951 31.7024 146.5067
588.375 4270.995 78.39938 2.866139 0.1097456 31.62033 149.3299
594.855 4270.995 78.55313 0.2677971 0.1311758 32.14216 75.93999
601.335 4270.995 79.93386 2.008046 0.1494613 31.8957 110.2572
458.235 4270.455 74.92415 10.20219 0.08 26.11399 976.1938
488.475 4270.455 79.60676 0.3894286 0.1970925 32.62189 0.5600221
494.955 4270.455 79.71646 0.6169269 0.1794589 32.59197 4.675596
501.435 4270.455 78.16044 0.3620474 0.1311758 32.60055 5.617236
507.915 4270.455 74.8803 11.55575 0.08 31.73381 92.3191
514.395 4270.455 74.53514 7.917444 0.08 28.72746 572.908
520.875 4270.455 75.54883 16.40447 0.08 27.68637 722.0107
527.355 4270.455 75.21075 4.537366 0.08435986 28.53591 624.0797
533.835 4270.455 79.7647 25.95331 0.1020435 27.38863 657.7284
540.315 4270.455 75.30908 15.37337 0.08 23.47077 1340.509
546.255 4270.455 80.24153 29.40994 0.1096327 30.86491 93.25961
552.735 4270.455 78.86145 0.4412692 0.1311758 32.38376 37.94093
559.215 4270.455 78.54607 1.584337 0.1133452 32.31439 49.63091
565.695 4270.455 74.48511 5.762797 0.08 31.5256 177.6542
572.175 4270.455 78.20055 5.338961 0.1176853 31.7104 149.5391
578.655 4270.455 79.49782 0.1175406 0.2069284 32.12932 77.5806
585.135 4270.455 79.2497 7.523385 0.1283184 31.51087 152.4668
591.615 4270.455 79.55256 0.4685936 0.1945414 32.0988 81.59233
597.555 4270.455 78.32389 0.1480308 0.1311758 32.09618 82.42704
604.035 4270.455 78.56987 2.326781 0.1121953 31.83567 125.3066
460.935 4269.915 74.66295 10.99955 0.08 31.90197 101.7401
492.255 4269.915 75.404 10.36466 0.08 32.20328 53.766
498.735 4269.915 79.90392 0.2034891 0.1519702 32.61229 2.513574
505.215 4269.915 79.41823 1.034617 0.247991 32.5442 11.10515
511.695 4269.915 75.97634 12.12492 0.08 30.08386 361.8253
518.175 4269.915 75.10242 16.45931 0.08 27.84898 710.0816
524.655 4269.915 79.74429 14.48062 0.2046724 29.21209 489.512
530.595 4269.915 80.28514 18.99139 0.2027953 30.58698 252.4946
537.075 4269.915 77.23314 24.40453 0.08941532 26.86255 814.4532
543.555 4269.915 75.34235 12.42966 0.08 28.41622 626.1586
550.035 4269.915 79.31347 0.541957 0.34 32.38775 36.23489
556.515 4269.915 78.79001 0.4498002 0.1311758 32.3738 40.72293
562.995 4269.915 79.438 1.210232 0.2238345 32.13358 78.97073
569.475 4269.915 79.54268 4.425315 0.1945088 31.59769 166.9518
575.955 4269.915 74.44332 10.17185 0.08 31.66308 153.6032
582.435 4269.915 75.34267 3.985075 0.09287381 31.86042 123.3687
588.375 4269.915 75.7422 4.385934 0.08339341 31.65416 154.2345
594.855 4269.915 79.65466 0.1425764 0.1794589 32.14464 74.92538
601.335 4269.915 79.76879 0.812795 0.1641342 32.05288 90.93045
458.235 4269.375 78.9793 18.03328 0.09736704 26.81919 853.6939
489.015 4269.375 78.90835 0.2780126 0.1311758 32.62976 0.8451421
496.035 4269.375 79.62767 0.6062468 0.193559 32.60683 2.641362
502.515 4269.375 79.3797 0.5457065 0.2796386 32.6101 3.29492
508.995 4269.375 79.56409 2.416853 0.1889417 31.79585 122.0838
515.475 4269.375 75.39793 18.24606 0.08 29.41416 466.0241
521.415 4269.375 79.42974 7.907933 0.1549242 27.01735 872.1298
527.895 4269.375 75.93436 17.73045 0.08 28.60498 589.9595
534.375 4269.375 78.20408 9.944541 0.1252191 26.60679 893.7312
540.855 4269.375 74.87806 10.4442 0.08 25.29185 1139.26
547.335 4269.375 74.29837 4.58979 0.08 32.28336 42.53619
553.815 4269.375 79.33838 0.1757639 0.2981114 32.38435 37.83139
560.295 4269.375 79.79653 0.1672716 0.1654995 32.33799 45.34972
566.775 4269.375 78.33416 3.398165 0.1319133 31.91039 117.3308
572.715 4269.375 78.34428 2.2877 0.1249136 32.12319 82.70429
579.195 4269.375 78.73774 1.904082 0.1084194 32.20255 70.13009
585.675 4269.375 78.44716 1.735828 0.1311758 31.80041 130.5567
592.155 4269.375 78.36305 1.712283 0.1265488 32.12026 80.95065
598.635 4269.375 79.69977 0.2570678 0.1727646 32.07623 84.94594
605.115 4269.375 79.8309 0.2691782 0.1570929 31.9945 97.53226
462.015 4268.835 79.81165 7.220564 0.180156 32.27265 31.1307
493.335 4268.835 79.4008 0.3474284 0.2661701 32.6124 3.597809
499.815 4268.835 79.84419 0.6123655 0.1641342 32.60899 4.922477
505.755 4268.835 78.00955 4.850803 0.1162164 32.29242 39.43145
512.235 4268.835 75.00186 12.36646 0.08 28.21047 634.1043
518.715 4268.835 75.61696 16.01192 0.08 27.75243 742.3599
525.195 4268.835 74.93444 12.87764 0.08 27.55507 735.1846
531.675 4268.835 76.31137 18.87391 0.08 29.26213 440.3332
538.155 4268.835 77.15084 30.88687 0.08 24.91385 1102.553
544.635 4268.835 78.7474 6.168862 0.1040362 29.04866 545.399
551.115 4268.835 78.72832 0.4813361 0.1311758 32.38663 37.34694
557.595 4268.835 79.25593 0.4210727 0.1311758 32.35872 41.4236
563.535 4268.835 79.79576 2.174505 0.1662864 32.31009 54.04891
570.015 4268.835 77.95665 2.25415 0.1182931 32.03559 94.91657
576.495 4268.835 79.90364 1.513096 0.1547906 32.21603 67.15026
582.975 4268.835 78.12761 2.814769 0.09581231 32.04135 93.67227
589.455 4268.835 78.25974 2.445804 0.1007659 32.06198 92.70508
595.935 4268.835 78.69984 0.4299363 0.1311758 32.11868 78.79359
602.415 4268.835 79.34182 0.1895899 0.254502 32.0325 91.78196
459.315 4268.295 75.03169 10.25645 0.08 29.02198 551.8343
490.095 4268.295 78.78765 0.2503157 0.1311758 32.626 0.7900962
496.575 4268.295 79.07206 0.5688075 0.1311758 32.59836 5.236613
503.055 4268.295 79.07965 0.4329943 0.1311758 32.58962 5.727279
509.535 4268.295 79.78006 19.76786 0.1011476 30.27701 328.4486
516.015 4268.295 76.07856 23.01075 0.08 29.85422 390.1125
522.495 4268.295 75.05096 10.15876 0.08 26.80863 904.7939
528.975 4268.295 78.59675 10.8018 0.09453836 29.97551 368.7087
535.455 4268.295 74.44023 4.195693 0.08 24.00224 1321.264
541.935 4268.295 79.49778 10.41866 0.1611809 26.92019 873.2617
548.415 4268.295 78.70021 3.84926 0.1299956 32.15441 66.43946
554.355 4268.295 77.69627 0.6073044 0.1311758 32.38254 38.61858
560.835 4268.295 79.5911 0.3652675 0.193559 32.35585 42.95014
567.315 4268.295 76.92237 1.959111 0.1230208 32.11319 83.86275
573.795 4268.295 79.34916 0.4834984 0.2719162 32.28475 53.80025
580.275 4268.295 78.00312 1.7644 0.1044927 32.24977 61.5158
586.755 4268.295 77.95081 4.594749 0.1085822 31.95384 98.92972
593.235 4268.295 78.86206 0.1614774 0.1311758 32.14845 74.74091
599.715 4268.295 78.66326 0.1145545 0.1311758 32.06752 86.68841
456.075 4267.755 75.96066 18.20855 0.08 24.56028 1155.184
462.555 4267.755 78.5286 10.78302 0.1024172 32.19334 26.06366
492.795 4267.755 78.87692 0.2006958 0.1311758 32.60046 4.327894
499.275 4267.755 79.98909 0.2036135 0.1519702 32.61444 3.092219
505.755 4267.755 78.42686 5.607963 0.1036296 31.91747 104.0538
512.235 4267.755 74.39868 6.2778 0.08 27.46674 773.9672
518.715 4267.755 74.79467 8.433713 0.08 27.28984 808.6029
525.195 4267.755 75.03357 12.50902 0.08 28.71137 610.3833
531.675 4267.755 74.63159 9.226731 0.08 28.90592 559.3862
537.615 4267.755 80.10943 30.04319 0.1120773 23.93194 1162.109
544.095 4267.755 75.34508 14.59302 0.08 29.8189 418.0563
550.575 4267.755 79.33446 0.3309576 0.2931837 32.33391 45.09485
557.055 4267.755 79.32142 0.3397599 0.34 32.37334 40.54973
563.535 4267.755 78.64308 0.278639 0.1311758 32.34485 44.06668
570.015 4267.755 78.79608 1.776575 0.1335024 32.28545 57.13299
576.495 4267.755 78.47981 0.0980245 0.1311758 32.24599 59.17271
582.975 4267.755 79.31266 1.267974 0.34 32.24086 62.91592
589.455 4267.755 79.46218 1.810006 0.2187153 32.18703 72.10184
595.395 4267.755 79.45048 0.3184172 0.2178869 32.12372 77.44894
601.875 4267.755 78.83706 0.1924599 0.1311758 32.02823 92.60656
458.775 4267.215 76.09385 20.17229 0.08 27.77207 713.3312
485.775 4267.215 78.376 0.2276163 0.1311758 32.62593 1.310248
493.875 4267.215 78.32754 0.3838614 0.1311758 32.61708 3.11361
500.355 4267.215 79.3625 0.5889376 0.2976481 32.6298 1.66303
506.835 4267.215 75.71074 14.71333 0.08 31.08044 196.7597
513.315 4267.215 75.11424 11.52512 0.08 26.77151 887.4811
519.795 4267.215 75.1353 15.27277 0.08 25.83126 999.655
525.735 4267.215 74.43334 6.410839 0.08 28.70744 609.2296
532.215 4267.215 77.9194 22.13149 0.08671911 27.83425 665.0394
538.695 4267.215 74.58355 7.795274 0.08 24.56786 1243.964
545.175 4267.215 75.55037 8.963866 0.08 30.57954 324.3215
551.655 4267.215 77.89175 1.065553 0.1311758 32.35301 43.87324
558.135 4267.215 79.60895 0.659529 0.1311758 32.3703 41.72935
564.615 4267.215 77.8734 0.9743971 0.1311758 32.34267 46.64175
571.095 4267.215 79.30345 0.3160472 0.34 32.29713 51.41294
577.035 4267.215 79.30254 0.3291389 0.34 32.24516 59.61868
583.515 4267.215 79.28926 0.5736009 0.34 32.21187 63.78756
589.995 4267.215 78.99577 1.742033 0.1308995 32.10374 84.60959
596.475 4267.215 79.52035 0.1636015 0.2002533 32.10445 81.31867
602.955 4267.215 78.85648 0.1348381 0.1311758 32.01519 94.92923
459.855 4266.675 78.9994 7.405064 0.1358328 29.84956 437.16
487.395 4266.675 78.37381 3.302773 0.1215126 32.60551 3.349819
496.575 4266.675 78.51473 0.4278171 0.1311758 32.61517 2.026573
503.595 4266.675 79.87147 0.5393324 0.1613385 32.6045 4.960262
509.535 4266.675 79.43985 2.246593 0.1676247 29.64035 456.7792
516.015 4266.675 74.96199 11.64938 0.08 28.12472 646.6066
522.495 4266.675 79.39863 1.788375 0.1571198 28.27961 665.298
528.975 4266.675 74.67943 14.41691 0.08 28.25879 610.1091
535.455 4266.675 76.7204 25.09935 0.08 24.31446 1246.296
541.935 4266.675 76.74584 27.98269 0.08 24.33554 1180.121
548.415 4266.675 78.02456 5.819808 0.09235045 31.96992 104.374
554.895 4266.675 79.51362 0.3802088 0.2103475 32.36041 40.99171
561.375 4266.675 79.73547 0.3314831 0.1727646 32.32936 45.81554
567.315 4266.675 79.30181 0.2359074 0.34 32.31097 48.84972
573.795 4266.675 79.30159 0.07139182 0.34 32.27908 54.08386
580.275 4266.675 79.66525 0.1253158 0.1794589 32.22631 62.16217
586.755 4266.675 79.93556 0.2378169 0.1519702 32.18486 69.23955
593.235 4266.675 78.78642 0.2504923 0.1311758 32.13104 76.66861
599.715 4266.675 79.46258 0.3045192 0.2124173 32.05406 88.26685
456.615 4266.135 75.76906 1.007638 0.08989062 25.42024 1111.442
463.095 4266.135 75.12462 16.7825 0.08 31.14152 157.5939
487.935 4266.135 78.89067 0.5539676 0.1311758 32.62278 2.093329
497.115 4266.135 79.33748 0.2009971 0.34 32.61515 2.164608
503.595 4266.135 74.35629 10.71325 0.08 32.05169 50.15658
510.075 4266.135 74.72953 11.8012 0.08 28.44449 599.7368
516.555 4266.135 79.39535 22.59434 0.1117945 27.30646 701.0394
523.035 4266.135 75.27905 17.00687 0.08 28.56962 623.9836
529.515 4266.135 76.03133 20.60799 0.08 28.09512 614.3007
535.995 4266.135 77.49441 30.43816 0.08 25.2741 1073.794
542.475 4266.135 74.76833 8.27407 0.08 25.99955 1002.851
548.415 4266.135 79.35868 4.422204 0.247126 31.55739 162.5097
554.895 4266.135 77.88439 0.3362283 0.1311758 32.35803 41.98624
561.375 4266.135 78.89363 0.2408917 0.1311758 32.33359 46.09108
567.855 4266.135 78.83739 0.4790366 0.1311758 32.30579 49.29166
574.335 4266.135 78.74933 0.3252321 0.1311758 32.27526 54.82576
580.815 4266.135 79.93163 0.6280299 0.1519702 32.20424 66.43267
587.295 4266.135 78.34879 0.3144023 0.1311758 32.18767 68.90318
593.775 4266.135 79.93049 0.2641757 0.1519702 32.12874 76.81737
600.255 4266.135 79.46887 0.2467398 0.2103475 32.04847 89.46928
456.615 4265.595 78.2458 4.109107 0.09543464 25.36157 1116.929
463.095 4265.595 76.35784 14.3753 0.08068098 31.60209 135.586
487.935 4265.595 78.35342 0.1950136 0.1311758 32.6205 2.196351
497.115 4265.595 79.43865 0.2165852 0.242583 32.61367 2.574522
503.595 4265.595 74.36575 5.787508 0.08 32.26849 53.05146
510.075 4265.595 75.236 8.930614 0.08 27.90481 695.5714
516.555 4265.595 76.3697 20.65475 0.08 26.08403 899.8142
523.035 4265.595 75.48509 11.60575 0.08 28.80375 597.2801
529.515 4265.595 75.87884 18.12734 0.08 27.36533 731.8301
535.455 4265.595 80.08269 18.21329 0.1610944 26.58152 855.1228
541.935 4265.595 77.29241 29.54089 0.08 24.86819 1140.765
548.415 4265.595 79.47985 5.751222 0.2265182 31.84098 125.5461
554.895 4265.595 78.83547 0.5639074 0.1311758 32.33852 43.74686
561.375 4265.595 79.80805 0.3005273 0.1641342 32.3387 45.6169
567.855 4265.595 78.66568 0.2665004 0.1311758 32.2964 51.47189
574.335 4265.595 78.59353 0.08958194 0.1311758 32.27873 54.50061
580.815 4265.595 79.05042 0.4124919 0.1311758 32.18565 67.71561
587.295 4265.595 79.3016 0.5050104 0.34 32.18833 69.30886
593.235 4265.595 78.86762 0.1661919 0.1311758 32.12787 77.47916
599.715 4265.595 78.82511 0.2608342 0.1311758 32.05649 88.35408
456.615 4265.055 76.03766 6.211538 0.09408259 25.60048 1081.513
463.095 4265.055 80.74403 24.27403 0.2293457 30.49019 207.8192
476.055 4265.055 80.01948 4.353772 0.1513874 32.45711 15.16405
496.035 4265.055 78.47975 0.09946743 0.1311758 32.60941 3.302173
502.515 4265.055 79.38447 0.2647769 0.2752964 32.61695 2.630593
508.995 4265.055 75.51383 11.15794 0.08 29.19971 508.6194
515.475 4265.055 75.15136 15.33287 0.08 27.35119 803.2915
521.415 4265.055 78.10433 0.9258573 0.1235317 28.21166 678.2083
527.895 4265.055 76.03723 3.131685 0.08628298 28.32112 666.9342
534.375 4265.055 75.66479 13.28404 0.08117002 26.20202 996.6399
540.855 4265.055 74.59799 4.626457 0.08 23.27795 1429.358
547.335 4265.055 74.52233 2.987639 0.08 31.60365 161.6254
553.815 4265.055 79.80827 0.4895164 0.1641342 32.33064 45.91859
560.295 4265.055 79.26917 0.408743 0.1519702 32.31134 48.47529
566.775 4265.055 79.52643 0.6777485 0.205723 32.29984 50.58675
572.715 4265.055 79.48558 0.1164998 0.2124173 32.24427 59.47774
579.195 4265.055 78.43971 0.813869 0.1196549 32.11874 76.89851
585.675 4265.055 78.20416 0.3378206 0.1311758 32.18654 68.02906
592.155 4265.055 79.9297 0.3378865 0.1519702 32.14388 75.62971
598.635 4265.055 79.61139 0.06267866 0.1849286 32.07933 85.13448
605.115 4265.055 79.00344 0.09335092 0.1311758 32.01229 95.19849
462.015 4264.515 79.57206 9.80391 0.2308968 31.16924 188.3012
474.435 4264.515 74.80903 4.681166 0.08 32.20302 57.77673
496.035 4264.515 78.77018 0.5679851 0.1311758 32.62191 2.037616
501.975 4264.515 78.22184 0.1992244 0.1311758 32.59978 4.440205
508.455 4264.515 79.08354 13.16354 0.1133526 29.64099 409.4311
514.935 4264.515 76.86512 26.7025 0.08 27.79094 632.1096
521.415 4264.515 75.00903 1.747179 0.08 28.25849 676.5142
527.895 4264.515 78.56219 6.390908 0.0983462 28.68741 616.0051
534.375 4264.515 76.04835 20.7961 0.08 27.26655 813.5242
540.855 4264.515 75.42959 15.61718 0.08 23.77295 1354.465
547.335 4264.515 75.4534 12.68622 0.08397843 30.77623 238.3881
553.815 4264.515 79.21393 0.5689677 0.1311758 32.31152 47.97398
559.755 4264.515 79.56265 0.5569684 0.1970925 32.29081 51.15672
566.235 4264.515 79.52589 0.5762694 0.205723 32.30785 49.47683
572.715 4264.515 78.67606 0.6734821 0.1311758 32.19904 64.88831
579.195 4264.515 79.92552 0.8098339 0.1518559 32.07284 83.93684
585.675 4264.515 78.80615 1.343118 0.1338847 32.11716 76.05682
592.155 4264.515 77.34417 0.2699377 0.1311758 32.14089 75.94847
598.635 4264.515 78.91668 0.6326869 0.1311758 32.08482 85.61262
605.115 4264.515 77.81469 0.3591938 0.1311758 32.02083 94.82715
462.015 4263.975 75.54543 20.09544 0.08 30.16051 290.9695
473.895 4263.975 79.53323 1.107284 0.2124466 32.56535 9.36935
495.495 4263.975 79.99167 0.5500251 0.1519702 32.61977 1.760302
501.975 4263.975 78.82593 0.2494164 0.1311758 32.60443 3.592008
508.455 4263.975 75.56534 12.13071 0.08 28.90154 529.3755
514.935 4263.975 75.47721 17.67186 0.08 28.76222 581.4296
521.415 4263.975 74.5809 5.286414 0.08 28.48581 646.7156
527.895 4263.975 74.71132 7.234627 0.08 29.09374 553.3418
534.375 4263.975 75.43694 18.44868 0.08 28.35929 651.28
540.315 4263.975 76.31908 22.22353 0.08 25.18492 1097.87
546.795 4263.975 77.97742 4.99574 0.09428874 30.74189 275.3306
553.275 4263.975 77.40887 0.4335615 0.1311758 32.3143 49.20046
559.755 4263.975 78.44218 0.4717529 0.1311758 32.25397 56.97108
566.235 4263.975 78.78683 0.2574793 0.1311758 32.31082 49.41793
572.715 4263.975 78.25924 0.1550319 0.1311758 32.18615 68.35201
579.195 4263.975 77.93647 0.5578968 0.1179837 32.03137 90.97315
585.675 4263.975 78.04667 1.513306 0.1046644 32.03747 87.63297
592.155 4263.975 79.28823 0.4525256 0.34 32.12 77.61288
598.095 4263.975 78.32774 0.6169921 0.1311758 32.10481 82.50407
604.575 4263.975 78.74403 0.406115 0.1311758 32.02549 94.1839
461.475 4263.435 75.24682 10.87781 0.08 30.75816 268.4361
473.355 4263.435 78.2155 1.917856 0.1019117 32.60643 1.970024
495.495 4263.435 78.97737 0.3429467 0.1311758 32.62304 1.648201
502.515 4263.435 78.62264 0.07849661 0.1311758 32.59152 6.236465
508.995 4263.435 75.23845 6.758927 0.08 28.875 586.2882
515.475 4263.435 74.87466 3.93918 0.08 28.84443 576.2278
521.955 4263.435 74.46094 4.835107 0.08021892 29.05387 555.1345
527.895 4263.435 79.61287 8.68421 0.1658968 29.30251 517.4068
534.375 4263.435 74.52281 7.075303 0.08 29.5255 486.4358
540.855 4263.435 74.71194 7.692357 0.08 24.8289 1209.998
547.335 4263.435 78.18469 4.839347 0.1186041 31.03894 253.2193
553.815 4263.435 78.53257 0.2011888 0.1311758 32.31176 48.84395
560.295 4263.435 79.7897 0.4188075 0.1641342 32.21923 62.44036
566.775 4263.435 79.39186 0.5127861 0.2440118 32.27957 54.39127
573.255 4263.435 78.57289 0.3941515 0.1311758 32.15279 72.789
579.735 4263.435 79.22338 2.369248 0.1442878 31.96033 96.77811
585.675 4263.435 77.78739 1.379524 0.1037184 31.94387 102.353
592.155 4263.435 78.8804 0.02436087 0.1311758 32.11256 79.87566
598.635 4263.435 77.81304 0.07933342 0.1311758 32.08267 84.63521
605.115 4263.435 78.51841 0.2364916 0.1311758 32.02315 94.11774
462.015 4262.895 78.43054 9.999307 0.1047113 30.28557 336.6163
473.355 4262.895 77.00236 4.929105 0.1214739 32.49181 8.376947
495.495 4262.895 79.46797 0.5166903 0.2332117 32.61951 1.681188
501.975 4262.895 78.35181 0.8395557 0.1311758 32.57033 9.035029
507.915 4262.895 79.06211 18.58777 0.1086464 30.15232 330.2202
514.395 4262.895 75.23637 13.46084 0.08 29.86372 400.926
520.875 4262.895 75.38646 17.75939 0.08 29.65821 448.793
527.355 4262.895 79.68951 5.237332 0.1561106 30.01359 410.9402
533.835 4262.895 75.81377 6.986453 0.08423663 29.53925 465.9265
540.315 4262.895 76.24972 22.25927 0.08 26.47829 917.1199
546.795 4262.895 79.48169 4.367805 0.1886868 30.8452 267.5343
553.275 4262.895 79.56298 0.1221875 0.1970925 32.28897 52.8532
559.755 4262.895 78.62828 0.4221928 0.1306668 32.18705 67.36977
565.695 4262.895 79.45827 1.614129 0.2239071 32.28434 49.71517
572.175 4262.895 79.70665 0.5765326 0.1727646 32.13707 75.36889
578.655 4262.895 78.33194 2.360883 0.1309751 31.84016 115.5898
585.135 4262.895 78.49503 3.47126 0.1417228 31.80017 117.8882
591.615 4262.895 78.33731 0.6875453 0.1311758 32.08558 82.7616
598.095 4262.895 79.05232 0.02741134 0.1311758 32.08267 84.47343
604.575 4262.895 77.82821 0.1543411 0.1311758 32.04116 91.17062
461.475 4262.355 79.71998 6.859479 0.1640566 30.6672 279.4204
467.955 4262.355 79.48801 0.8515807 0.2265251 32.61411 3.248234
496.035 4262.355 79.99141 0.632299 0.1519702 32.61258 2.164223
502.515 4262.355 78.23819 1.156529 0.1311758 32.60731 4.77197
508.995 4262.355 75.44291 16.82525 0.08 29.91389 374.4465
515.475 4262.355 74.91923 12.6928 0.08 28.22278 686.0375
521.955 4262.355 75.89745 7.0963 0.0812453 29.55377 483.346
528.435 4262.355 77.92055 8.565864 0.1335376 30.219 381.4984
534.915 4262.355 75.75933 15.0925 0.08 29.20959 498.0074
541.395 4262.355 75.2359 16.64425 0.08 25.21408 1134.661
547.875 4262.355 76.08812 2.316654 0.1145102 31.2432 215.7161
553.815 4262.355 79.30281 0.1360129 0.34 32.28686 52.87463
560.295 4262.355 79.29725 1.54389 0.3178358 32.11759 75.04492
566.775 4262.355 78.40429 0.3565837 0.1311758 32.25218 57.61655
573.255 4262.355 79.57317 0.8070543 0.1914801 32.07524 83.61096
579.735 4262.355 78.99399 0.8517666 0.1334989 31.80614 125.2311
586.215 4262.355 77.53946 4.322845 0.1154516 31.73674 125.7767
592.695 4262.355 78.57351 0.2115827 0.1311758 32.06858 86.81317
599.175 4262.355 78.87207 0.1994605 0.1311758 32.07012 86.88085
456.075 4261.815 75.63735 9.368153 0.08436292 27.79562 738.7761
462.015 4261.815 76.60361 21.31679 0.08 29.11977 449.7093
468.495 4261.815 78.76751 1.226219 0.1311758 32.56055 9.277864
498.195 4261.815 78.54847 0.3407761 0.1311758 32.60868 2.850193
505.215 4261.815 74.56145 9.228694 0.08 31.97087 97.7381
511.695 4261.815 75.60147 14.21157 0.08 31.42295 192.1369
518.175 4261.815 79.82313 11.63877 0.1747147 30.25218 366.4866
524.655 4261.815 74.70241 5.273527 0.08 30.4529 343.8624
531.135 4261.815 74.64554 6.725023 0.08 30.15874 389.6207
537.075 4261.815 79.99366 16.16938 0.1853041 29.44547 466.8135
543.555 4261.815 78.42681 12.40572 0.1149668 27.76376 727.1915
550.035 4261.815 79.24978 1.194577 0.1428003 31.63714 152.7699
556.515 4261.815 79.26089 0.8468373 0.1519702 32.29611 50.41838
562.995 4261.815 79.6555 0.8752165 0.1800414 32.16608 70.21162
569.475 4261.815 79.38082 0.7484492 0.2416235 32.1118 78.40955
575.955 4261.815 79.62556 2.221844 0.1815047 31.925 106.1315
582.435 4261.815 74.81923 8.644969 0.08 31.88321 110.6515
588.915 4261.815 79.77517 1.808874 0.1634397 31.9698 98.15862
594.855 4261.815 79.51958 0.6944891 0.2002533 32.05865 86.80093
601.335 4261.815 78.67571 0.3912175 0.1311758 32.03651 91.12379
458.235 4261.275 76.81227 25.18445 0.08 28.17967 648.3074
464.715 4261.275 79.39176 19.18099 0.1129512 30.59358 237.3773
474.975 4261.275 75.24304 9.954605 0.08 31.81061 121.2281
499.275 4261.275 78.79991 0.211259 0.1311758 32.61052 3.015793
506.295 4261.275 78.63119 14.55997 0.113773 31.84292 76.09233
512.775 4261.275 79.77379 3.748823 0.1590006 31.40008 182.1063
519.255 4261.275 75.26215 13.6589 0.08 30.53423 329.0364
525.195 4261.275 79.19713 2.319167 0.2709887 30.69899 301.4805
531.675 4261.275 75.14854 9.037994 0.08 30.06116 405.7046
538.155 4261.275 74.69525 10.93227 0.08 28.81528 586.5132
544.635 4261.275 74.76762 12.91867 0.08 27.90295 688.4077
551.115 4261.275 78.46176 2.429665 0.1311758 31.66549 147.0826
557.595 4261.275 79.3753 0.2464403 0.2546642 32.23418 61.41157
564.075 4261.275 78.07201 4.000689 0.1208171 31.9597 91.87036
570.555 4261.275 78.31968 1.091605 0.128811 31.9964 95.46224
577.035 4261.275 78.45068 1.425995 0.1013135 31.73405 135.9218
582.975 4261.275 79.93994 9.829824 0.1648982 31.4139 184.7607
589.455 4261.275 74.39234 4.15932 0.08 31.83428 111.7165
595.935 4261.275 79.68222 0.7042999 0.1734872 32.00037 95.36743
602.415 4261.275 79.28016 0.7934126 0.3196438 31.99855 95.48486
459.315 4260.735 76.41538 21.31558 0.08 28.84295 514.1072
465.795 4260.735 75.96996 19.23078 0.08 30.30435 268.5158
475.515 4260.735 75.07459 6.396922 0.08 32.03992 95.62891
499.275 4260.735 78.69231 0.2938944 0.1311758 32.61639 2.516239
507.375 4260.735 75.13702 10.65614 0.08 32.03299 92.66786
513.855 4260.735 76.7772 8.518359 0.08891555 30.91937 248.096
520.335 4260.735 79.52554 8.453102 0.2006153 30.44655 314.1501
526.815 4260.735 78.86502 7.523171 0.1252847 30.41029 316.3851
533.295 4260.735 74.6799 5.143916 0.08451438 30.03775 406.9947
539.775 4260.735 79.49803 9.07747 0.1781292 28.94538 562.9949
546.255 4260.735 74.50254 9.563191 0.08 30.54389 313.0831
552.735 4260.735 75.38358 14.34895 0.08 31.69627 97.89642
559.215 4260.735 77.87646 1.200318 0.13515 32.01691 91.519
565.155 4260.735 74.92623 4.359502 0.08 31.68122 133.0515
571.635 4260.735 79.79718 1.310993 0.160784 31.98907 95.67506
578.115 4260.735 79.54029 4.58322 0.1917578 31.3826 178.6208
584.595 4260.735 75.34196 14.67391 0.08 30.50836 332.0801
591.075 4260.735 79.63461 0.9922283 0.1802991 32.00069 97.25152
597.555 4260.735 78.96139 0.4254476 0.127906 31.98141 99.14011
604.035 4260.735 79.50009 0.2827409 0.2031127 31.98125 99.44749
460.935 4260.195 74.57437 4.257454 0.08 30.46495 335.8142
467.415 4260.195 78.32559 4.347734 0.09108075 32.36301 37.75007
476.595 4260.195 77.78204 4.15214 0.1069771 32.34186 38.67791
500.355 4260.195 78.40048 0.2065767 0.1311758 32.62944 0.7624178
507.915 4260.195 78.88802 5.284717 0.1161294 32.30241 59.0747
514.395 4260.195 74.8459 5.515023 0.08 29.8854 423.6318
520.875 4260.195 78.52023 11.30307 0.08916868 30.7146 303.8229
527.355 4260.195 79.65321 12.514 0.259149 30.73932 297.7227
533.835 4260.195 79.3729 6.362543 0.2245373 30.70294 293.839
540.315 4260.195 78.3821 11.1932 0.1188043 29.2934 521.046
546.795 4260.195 78.06577 7.739731 0.1164773 30.91334 248.8186
552.735 4260.195 78.03672 2.651281 0.117179 32.22385 65.43267
559.215 4260.195 78.50548 1.188868 0.1170343 31.8737 114.21
565.695 4260.195 78.65045 8.05275 0.0969233 31.30865 175.1247
572.175 4260.195 79.29059 1.788233 0.302177 31.9542 100.4358
578.655 4260.195 75.0729 14.70324 0.08 30.51262 263.2781
585.135 4260.195 74.48234 7.677472 0.08 30.27976 354.6575
591.615 4260.195 78.18711 2.808599 0.1019568 31.93748 101.0341
598.095 4260.195 79.5082 2.716251 0.2023177 31.89943 105.2032
604.035 4260.195 78.82944 0.6820013 0.1299577 31.93915 104.8501
460.935 4259.655 77.9553 1.850209 0.102474 30.76447 290.4103
467.415 4259.655 76.14114 6.63017 0.0853309 32.07336 70.30898
477.135 4259.655 75.83692 2.529821 0.08671412 32.19662 67.71478
502.515 4259.655 79.39524 0.5355768 0.2693309 32.63437 0.5707467
509.535 4259.655 79.60529 2.228953 0.1977671 32.50588 23.19738
516.015 4259.655 78.85604 8.929037 0.1081359 31.81001 112.1765
522.495 4259.655 74.29556 3.356858 0.08 31.03152 252.5762
528.975 4259.655 78.80538 1.522165 0.1045602 31.01114 252.4936
534.915 4259.655 74.78737 3.444371 0.08027918 30.82257 283.6543
541.395 4259.655 79.10748 15.63502 0.1066358 29.18834 520.0529
547.875 4259.655 77.8179 2.347242 0.1110124 31.51037 174.8439
554.355 4259.655 78.50384 6.621047 0.1091685 31.80038 112.9052
560.835 4259.655 79.28486 0.810097 0.2952689 31.85925 116.9474
567.315 4259.655 79.36841 8.608171 0.1402418 30.99218 225.6882
573.795 4259.655 79.13028 15.53521 0.1332468 31.33546 174.6678
580.275 4259.655 78.88986 6.869195 0.09316162 31.01377 237.473
586.755 4259.655 74.3587 5.269519 0.08 30.40643 328.0205
592.695 4259.655 78.78152 0.7505217 0.1151481 31.89515 111.4476
599.175 4259.655 78.4453 0.8639346 0.1152651 31.87434 114.3587
456.075 4259.115 78.52087 2.263226 0.09387742 30.04426 402.3259
462.555 4259.115 75.55878 19.04652 0.08 30.67287 273.4359
469.035 4259.115 79.5997 1.367596 0.1989933 32.60487 3.442218
495.495 4259.115 79.31539 0.5698219 0.1519702 32.63208 1.210281
503.595 4259.115 79.99303 0.7124313 0.1519702 32.62569 0.5471697
510.075 4259.115 79.36197 0.429587 0.2814641 32.49217 22.09959
516.555 4259.115 79.75453 8.607545 0.1936997 32.04144 85.5426
522.495 4259.115 75.09718 8.502027 0.08 31.27733 204.7477
528.975 4259.115 79.18394 0.5890439 0.3023742 31.05985 243.2114
535.455 4259.115 74.16657 3.064655 0.08027991 31.01908 253.9739
541.935 4259.115 75.84992 16.92048 0.08 29.54004 471.4355
548.415 4259.115 79.67811 1.734868 0.169897 31.67276 148.8078
554.895 4259.115 78.65596 3.613899 0.1053279 31.90559 105.113
561.375 4259.115 76.60947 6.230558 0.0986038 31.59534 156.8223
567.855 4259.115 74.95849 7.48122 0.08 30.50507 307.4079
574.335 4259.115 76.15509 21.37138 0.08 29.2294 411.7893
580.275 4259.115 74.43485 6.35544 0.08 30.57366 296.7045
586.755 4259.115 74.97002 7.133069 0.08 30.91837 272.2694
593.235 4259.115 78.02172 1.47968 0.09709726 31.79052 125.6374
599.715 4259.115 74.94334 5.421597 0.08592872 31.64701 137.0327
456.615 4258.575 79.76348 9.762333 0.1676397 30.22538 368.2915
463.095 4258.575 77.96882 9.059963 0.09557941 32.29196 54.36227
473.355 4258.575 79.73269 0.8976836 0.1775362 32.57203 8.244338
497.115 4258.575 78.25606 0.5458068 0.1311758 32.61585 2.415897
508.455 4258.575 78.91128 0.6850182 0.1313788 32.54842 11.65397
514.935 4258.575 75.46897 12.70228 0.08 31.51069 171.1253
521.415 4258.575 78.82886 9.581694 0.0998908 31.64923 156.3785
527.895 4258.575 75.61175 2.208957 0.08 30.49254 328.974
534.375 4258.575 79.73935 1.123942 0.1565414 31.11669 235.6345
540.855 4258.575 78.32346 7.445485 0.1423947 30.81298 290.0381
547.335 4258.575 78.64364 3.789779 0.1100587 31.50567 169.0143
553.815 4258.575 76.04255 4.410168 0.09005849 31.82519 113.5928
560.295 4258.575 78.45331 4.955565 0.1123923 31.54106 174.2972
566.235 4258.575 78.33573 7.114303 0.09579202 30.35431 330.4574
572.715 4258.575 74.68378 11.0587 0.08 30.40676 344.214
579.195 4258.575 74.20884 5.756828 0.08 30.0873 373.273
585.675 4258.575 75.48175 15.92164 0.08 29.68991 381.8871
592.155 4258.575 75.23259 6.521881 0.09386093 31.70889 130.6016
598.635 4258.575 75.51816 17.71957 0.08 30.974 218.127
605.115 4258.575 78.98148 1.544278 0.1497171 31.75053 131.6495
462.015 4258.035 75.8312 14.36549 0.08 30.79588 276.3606
468.495 4258.035 78.44898 2.388149 0.09483589 32.61848 3.645623
496.575 4258.035 77.34274 0.1004741 0.1311758 32.62276 1.298319
510.075 4258.035 78.04433 0.4205068 0.1116948 32.52302 17.51522
516.555 4258.035 79.49792 2.727448 0.2260937 32.52819 21.48105
523.035 4258.035 79.65362 4.272574 0.180602 31.77781 139.154
529.515 4258.035 79.21488 0.9989768 0.2938341 31.16957 224.9324
535.995 4258.035 79.56914 1.231152 0.1445101 31.2904 209.1346
542.475 4258.035 75.0952 12.92015 0.08 30.64489 311.7223
548.955 4258.035 78.02736 2.110931 0.1003375 31.88139 117.582
555.435 4258.035 79.34657 2.899811 0.2588361 31.89477 107.5656
561.375 4258.035 79.29227 3.112769 0.300381 31.70816 140.6075
567.855 4258.035 74.51438 8.093164 0.08 29.66917 427.1551
574.335 4258.035 78.47521 14.11185 0.1100249 30.88461 214.1641
580.815 4258.035 76.47637 15.61287 0.08533636 29.1228 469.1896
587.295 4258.035 78.46721 10.24007 0.09026797 31.11576 228.8083
593.775 4258.035 79.92172 12.71856 0.1856293 31.09406 192.7812
600.255 4258.035 74.71018 8.32267 0.08 30.8882 241.4353
457.155 4257.495 74.90985 2.594632 0.1030338 30.08914 396.3587
463.095 4257.495 79.57978 5.027391 0.2081185 32.27377 47.50027
477.675 4257.495 79.38609 3.038483 0.1463784 32.58563 6.745084
508.455 4257.495 78.95884 1.272155 0.1311758 32.59357 8.666913
514.935 4257.495 77.99414 0.6105939 0.08927094 32.59926 6.420571
521.415 4257.495 79.7808 4.115707 0.1694159 32.14231 80.82206
527.895 4257.495 75.02772 8.500072 0.08 30.43095 315.564
534.375 4257.495 79.56806 1.394717 0.1768858 31.27807 210.8611
540.855 4257.495 77.90454 2.798212 0.1025385 31.3263 206.4267
547.335 4257.495 78.99328 2.91592 0.1479582 31.73472 143.8833
553.275 4257.495 78.07834 2.974097 0.09677381 32.04444 93.06694
559.755 4257.495 78.72876 2.960547 0.1296634 31.41487 180.5638
566.235 4257.495 75.0565 12.70129 0.08 29.64989 432.5985
572.715 4257.495 74.98767 10.44424 0.08184223 30.3372 321.0555
579.195 4257.495 75.48297 18.0225 0.08 27.97728 632.4075
585.675 4257.495 74.97675 10.87796 0.08 29.88813 429.1844
592.155 4257.495 78.32117 3.339365 0.1071944 31.19408 211.5723
598.635 4257.495 79.55864 8.005103 0.2048892 31.07791 226.242
605.115 4257.495 75.28965 7.349527 0.08 31.0273 221.6181
461.475 4256.955 75.4751 18.46222 0.08044588 30.58212 252.709
476.055 4256.955 77.72337 1.256297 0.09556706 32.60414 7.017753
507.375 4256.955 79.98267 0.8186765 0.1519702 32.62794 2.428879
513.855 4256.955 78.06542 2.037064 0.1180138 32.57004 13.85195
520.335 4256.955 79.41413 0.2318335 0.2395098 32.3449 43.67057
526.815 4256.955 76.17102 17.07358 0.08 31.04421 233.9607
533.295 4256.955 79.217 1.537527 0.3307617 31.39282 193.994
539.775 4256.955 78.11782 1.489289 0.1163843 31.41819 189.9704
546.255 4256.955 74.13668 2.313333 0.08016143 31.76148 134.8581
552.195 4256.955 76.92033 0.7174196 0.1206858 32.03436 90.14249
558.675 4256.955 76.84533 1.67703 0.1266747 31.37665 189.3603
565.155 4256.955 75.97488 9.138399 0.08164697 29.57968 436.0246
571.635 4256.955 79.95286 15.98726 0.2341464 30.74078 222.6586
578.115 4256.955 74.91037 9.487279 0.08 27.64849 734.1344
584.595 4256.955 78.4758 7.273388 0.0932779 29.07236 522.9141
591.075 4256.955 79.8375 14.84151 0.2386588 30.58407 249.1909
597.555 4256.955 74.3481 7.609218 0.08275922 30.84219 253.8468
603.495 4256.955 78.93296 10.38454 0.1194855 30.63428 284.8927
460.395 4256.415 74.6347 9.723826 0.08 30.40022 353.4331
476.055 4256.415 78.59129 0.7389029 0.1294225 32.62279 2.49549
509.535 4256.415 79.92736 1.34469 0.1519702 32.58363 9.315971
516.015 4256.415 77.97062 0.665787 0.1311758 32.61 4.897096
522.495 4256.415 79.48376 1.352516 0.2149274 32.25669 57.87215
528.975 4256.415 74.98093 14.9942 0.08 30.24457 302.7729
535.455 4256.415 78.06881 1.409487 0.1037332 31.45489 184.1864
541.935 4256.415 78.68802 2.926394 0.1289861 31.65769 155.6555
547.875 4256.415 79.28022 0.2457007 0.3366147 32.04144 90.97756
554.355 4256.415 78.33924 1.450362 0.122609 31.91446 112.9551
560.835 4256.415 78.53093 2.379327 0.09359639 31.17468 229.1363
567.315 4256.415 74.98209 9.395259 0.08137281 28.83508 556.8021
573.795 4256.415 75.89141 20.71601 0.08 28.14589 591.3249
580.275 4256.415 75.16452 10.91908 0.08153748 27.58724 779.4487
586.755 4256.415 79.58524 7.810287 0.1432316 28.90862 545.5141
593.235 4256.415 78.80811 14.19539 0.09761493 30.02431 399.9691
599.715 4256.415 78.69314 6.722463 0.1016414 29.87881 430.1878
456.075 4255.875 79.69527 9.644574 0.1393634 32.41916 41.11956
462.555 4255.875 78.30629 5.527397 0.09690648 31.53732 174.4194
496.035 4255.875 78.89336 0.3935844 0.1311758 32.62144 1.346631
518.715 4255.875 79.57181 0.6636719 0.2002533 32.49249 21.35016
525.195 4255.875 78.61119 2.884911 0.1278256 31.86704 122.6131
531.675 4255.875 80.06233 10.78375 0.1542112 30.92221 229.8975
538.155 4255.875 79.52497 0.9181491 0.1893641 31.6032 159.5249
544.635 4255.875 78.16148 3.698421 0.1254786 31.85163 127.0653
551.115 4255.875 78.118 0.4963812 0.1279821 31.96423 101.7004
557.055 4255.875 78.05471 0.9208073 0.1171308 31.65546 147.9775
563.535 4255.875 75.26386 13.45628 0.08 30.58129 309.444
570.015 4255.875 78.34653 8.427527 0.09099073 29.84385 399.0529
576.495 4255.875 79.54121 8.69059 0.162492 28.47937 649.1573
582.975 4255.875 74.661 9.579737 0.08 27.63183 775.153
589.455 4255.875 78.4715 36.51019 0.08 27.58286 677.9891
595.935 4255.875 75.06644 12.43452 0.08 29.29708 489.9749
602.415 4255.875 75.99614 21.79392 0.08 29.82144 418.8343
459.315 4255.335 75.14334 6.162493 0.08701288 30.56927 326.2223
465.255 4255.335 78.41556 0.9881741 0.1261554 32.61551 1.713164
516.555 4255.335 77.32847 1.297103 0.1311758 32.59054 8.774826
523.035 4255.335 78.12938 0.9761397 0.1158351 32.1811 69.50204
529.515 4255.335 73.9712 6.176584 0.08 29.23606 525.7052
535.995 4255.335 79.7049 1.255447 0.1634317 31.49065 175.6317
542.475 4255.335 79.41193 0.9141312 0.2199285 31.84879 122.4275
548.955 4255.335 79.90352 0.7280133 0.1519702 31.92312 107.1874
555.435 4255.335 77.9525 0.9502214 0.1392747 31.81518 125.042
561.375 4255.335 79.4777 7.723491 0.2202776 31.01488 225.8759
567.855 4255.335 76.4516 9.517291 0.08521169 29.40854 474.9973
574.335 4255.335 75.33614 16.1558 0.08 29.7537 401.9842
580.815 4255.335 74.78021 6.920938 0.08 26.70319 902.1549
587.295 4255.335 78.74675 13.13296 0.1236116 27.28702 767.5599
593.775 4255.335 75.46902 15.43421 0.08 29.09597 477.4543
600.255 4255.335 74.06069 7.155543 0.08 30.31864 331.7957
457.155 4254.795 75.05468 2.087739 0.0875666 32.3764 43.04606
463.635 4254.795 75.32443 16.29254 0.08 31.59341 132.0399
513.855 4254.795 78.85409 1.09634 0.1311758 32.62257 3.421758
520.875 4254.795 79.54872 0.8118221 0.2031127 32.39247 36.7505
527.355 4254.795 74.67612 3.86365 0.08 30.19094 376.9291
533.835 4254.795 78.11111 1.628209 0.1029789 31.19814 216.3496
540.315 4254.795 79.6561 0.3620368 0.1727646 31.73912 137.0859
546.795 4254.795 79.26903 0.182833 0.3115138 31.91238 110.6969
553.275 4254.795 79.85423 0.4314703 0.1544229 31.86889 116.2968
559.755 4254.795 78.43474 2.643975 0.1174522 31.17662 218.4978
566.235 4254.795 79.25137 8.785528 0.1498172 30.07118 382.8678
572.175 4254.795 81.82242 34.76866 0.2380521 29.24999 382.8734
578.655 4254.795 75.11434 9.050126 0.08 26.05002 980.1298
585.135 4254.795 78.49701 10.40035 0.1035248 27.55919 754.0492
591.615 4254.795 77.743 30.89958 0.08 27.98384 553.9261
598.095 4254.795 75.5601 15.48053 0.08 28.9047 504.4846
604.575 4254.795 74.74462 12.04448 0.08 29.65849 440.8335
462.015 4254.255 74.51874 7.308051 0.08 31.6388 160.5305
479.295 4254.255 78.17378 4.422182 0.1073874 32.59847 8.866011
516.555 4254.255 78.66174 0.1366649 0.1311758 32.5737 9.257322
522.495 4254.255 79.73761 0.9171525 0.1712177 32.2519 58.28865
528.975 4254.255 76.9909 23.40457 0.08170157 30.07201 363.0465
535.455 4254.255 79.46916 2.186171 0.1944575 31.3342 194.7677
541.935 4254.255 78.5587 0.2079621 0.1237733 31.74993 135.5646
548.415 4254.255 77.26981 0.7664993 0.1316562 31.86872 117.1984
554.895 4254.255 76.4203 0.8189297 0.1205845 31.76901 130.7263
561.375 4254.255 80.0855 17.30712 0.223831 30.7542 261.7409
567.855 4254.255 78.77092 15.48007 0.09242612 28.66825 542.4577
573.795 4254.255 74.63728 5.958908 0.08 28.44094 637.2279
580.275 4254.255 75.58199 15.63513 0.08 25.70666 1001.637
586.755 4254.255 78.74085 17.2097 0.1179224 26.91175 846.7693
593.235 4254.255 79.4386 20.1347 0.09334285 26.6455 817.7379
599.715 4254.255 74.9715 14.41985 0.08 28.38775 593.2394
457.695 4253.715 79.41748 0.2006493 0.2527343 32.60397 3.860957
464.175 4253.715 79.90186 1.67014 0.1591287 32.60758 6.670373
512.235 4253.715 78.62848 0.4337751 0.1311758 32.52734 15.10911
518.715 4253.715 80.00643 0.5733916 0.1490743 32.46466 24.27556
524.655 4253.715 75.99751 13.73215 0.08 31.27229 152.8762
531.135 4253.715 76.08831 20.10661 0.08 28.97168 532.3461
537.615 4253.715 74.80589 1.307286 0.1066673 31.51946 168.9708
544.095 4253.715 78.28452 1.206927 0.1311758 31.82248 122.0913
550.575 4253.715 79.63323 0.6823052 0.1770104 31.81721 123.6607
557.055 4253.715 79.84279 1.322341 0.1532503 31.59551 158.6622
563.535 4253.715 75.68561 9.693596 0.08281556 30.33866 325.3251
570.015 4253.715 78.37772 3.156038 0.1222291 28.88778 570.1158
576.495 4253.715 80.13647 17.86768 0.1602036 27.52396 759.5515
582.435 4253.715 74.5057 4.980806 0.08 26.65396 904.7026
588.915 4253.715 82.65866 43.00438 0.2130527 27.45082 576.4671
595.395 4253.715 77.48016 31.24472 0.08 27.74871 631.9019
601.875 4253.715 75.13062 17.73955 0.08 28.42882 561.0225
459.855 4253.175 75.61851 8.52774 0.09033431 31.06647 210.1514
473.895 4253.175 77.8932 3.55176 0.1041052 32.57658 6.607135
514.395 4253.175 79.39853 0.1978181 0.1311758 32.576 8.471053
520.875 4253.175 76.9172 0.602589 0.1238094 32.29517 50.30595
527.355 4253.175 75.41075 10.5111 0.08 30.59773 306.0002
533.295 4253.175 76.53151 20.10972 0.08 29.77171 344.5963
539.775 4253.175 79.31686 0.6939874 0.2491306 31.64684 150.1969
546.255 4253.175 79.2749 1.354881 0.3058449 31.8015 124.4071
552.735 4253.175 78.46566 1.48112 0.1207713 31.67735 142.9824
559.215 4253.175 76.99682 9.056385 0.08620839 30.5978 297.8786
565.695 4253.175 74.68623 10.12429 0.08 29.28328 525.1903
572.175 4253.175 75.19289 16.5141 0.08013669 29.71431 413.5558
578.655 4253.175 74.60183 5.698034 0.08 26.05737 993.1549
584.595 4253.175 74.91324 7.784973 0.08 26.29473 948.2764
591.075 4253.175 79.02886 16.53978 0.1015625 26.22293 909.5255
597.555 4253.175 76.65328 23.27816 0.08 26.50097 830.3336
604.035 4253.175 75.25779 10.65599 0.08 27.48315 776.7333
462.015 4252.635 75.80101 17.68007 0.08 30.81929 220.527
475.515 4252.635 78.29079 4.551157 0.1122538 32.4129 19.83524
511.155 4252.635 79.65862 0.6770994 0.1878239 32.60406 2.948683
517.635 4252.635 78.04887 7.423782 0.1028468 32.13239 51.27667
524.115 4252.635 79.1867 19.69195 0.1020694 30.78815 197.1121
530.055 4252.635 74.47155 5.040882 0.08 28.36834 651.6514
536.535 4252.635 81.09599 26.3657 0.1509837 29.74399 339.9234
543.015 4252.635 78.67845 1.178257 0.1261429 31.74029 136.906
549.495 4252.635 78.67247 1.011274 0.1121497 31.70335 140.3843
555.975 4252.635 78.44485 1.353529 0.1220016 31.49559 171.5036
562.455 4252.635 79.00099 10.81235 0.1110863 30.0883 362.5109
568.935 4252.635 74.42407 3.872546 0.08 28.90573 569.1202
575.415 4252.635 78.26089 8.775891 0.1102805 27.69395 770.0978
581.895 4252.635 74.75308 4.512792 0.08 26.79357 884.9979
587.835 4252.635 74.39581 3.87166 0.08 25.65813 1070.547
594.315 4252.635 76.82321 26.25494 0.08 25.25986 1052.813
600.795 4252.635 75.70448 17.07228 0.08 26.8597 821.3077
458.235 4252.095 79.1833 4.595115 0.1313351 31.64894 137.5171
464.715 4252.095 78.34307 7.237153 0.09759363 32.29041 31.41273
480.915 4252.095 78.6503 3.023258 0.1311758 32.52994 12.45618
514.935 4252.095 78.63247 5.924269 0.1268854 32.10928 67.7644
521.415 4252.095 79.53011 2.623101 0.2026831 32.09201 80.05016
527.895 4252.095 75.12365 13.95984 0.08 28.75597 563.486
533.835 4252.095 75.79646 18.1029 0.08 27.39411 725.2881
540.315 4252.095 78.11071 5.125882 0.1138981 31.40778 172.4465
546.795 4252.095 77.38047 0.8843398 0.1255073 31.76488 134.022
553.275 4252.095 79.27464 3.068183 0.3065401 31.6046 154.6982
559.755 4252.095 76.38969 12.37173 0.08646836 30.40268 322.841
566.235 4252.095 77.53129 31.59776 0.08 29.02955 476.4463
572.715 4252.095 74.35043 7.098284 0.08 28.00185 689.9147
579.195 4252.095 78.89515 14.70875 0.0983432 25.03819 1143.074
585.675 4252.095 75.14715 14.04875 0.08 25.18714 1113.16
591.615 4252.095 75.49158 15.44407 0.08 24.43478 1191.42
598.095 4252.095 75.33785 15.39258 0.08 25.64019 1011.744
604.575 4252.095 75.50067 15.75735 0.08 26.45151 883.8085
461.475 4251.555 79.82362 6.688093 0.1450987 31.22302 214.3316
472.815 4251.555 75.78911 13.38651 0.08787618 32.37299 34.90483
501.975 4251.555 79.97926 0.6081671 0.1519702 32.62221 2.80758
511.155 4251.555 74.8 7.54043 0.08 32.00259 72.08781
517.635 4251.555 75.80276 14.21002 0.08 30.66091 255.3825
523.575 4251.555 76.64496 23.93081 0.08 29.45512 393.5314
530.055 4251.555 75.72828 21.57012 0.08 28.23998 622.2269
536.535 4251.555 75.82529 19.09265 0.08 28.73418 552.7828
543.015 4251.555 77.69554 10.13315 0.09699012 31.43844 191.933
549.495 4251.555 74.66295 9.205914 0.08 31.1097 210.4702
555.975 4251.555 79.62905 7.513111 0.1857844 31.05015 229.3564
562.455 4251.555 75.77997 19.37307 0.08 28.27534 572.6863
568.935 4251.555 78.43021 3.243249 0.09279732 28.66988 603.3074
575.415 4251.555 74.95703 5.449355 0.08385755 28.08737 703.135
581.355 4251.555 74.23152 3.028551 0.08 26.96 864.574
587.835 4251.555 74.95198 13.7814 0.08 25.76954 1045.562
594.315 4251.555 77.44336 28.29609 0.08 25.2831 1060.926
600.795 4251.555 78.09374 33.64827 0.08 25.92371 925.8055
457.695 4251.015 78.87041 6.966095 0.108736 31.51365 156.2682
464.175 4251.015 76.59106 27.25282 0.08 30.63354 188.342
474.975 4251.015 77.07437 26.45686 0.08 30.88645 211.0908
501.975 4251.015 78.79327 0.4595493 0.1311758 32.55877 10.08994
510.615 4251.015 76.03884 7.065083 0.08084631 31.89351 89.58717
516.555 4251.015 75.82812 7.113802 0.08 30.72553 290.0495
523.035 4251.015 76.26548 21.41915 0.08952117 29.04094 462.6736
529.515 4251.015 75.62769 15.02112 0.08 26.78133 842.5423
535.995 4251.015 74.69955 12.39209 0.08 28.00795 663.4413
542.475 4251.015 78.72541 3.702793 0.1258148 31.37503 200.1072
548.955 4251.015 75.67138 10.6739 0.08 31.0052 238.6059
555.435 4251.015 76.82308 17.41543 0.08579527 30.15866 309.0552
561.915 4251.015 76.45586 24.79907 0.08 28.97997 477.2886
568.395 4251.015 75.2634 9.836843 0.08 28.1643 664.8043
574.335 4251.015 77.77334 3.828149 0.1131233 27.58422 766.2776
580.815 4251.015 79.47581 14.05403 0.2517949 27.48068 782.007
587.295 4251.015 75.79691 18.81802 0.08 26.17667 971.0756
593.775 4251.015 75.69163 17.99685 0.08 24.1392 1258.58
600.255 4251.015 78.4174 37.02922 0.08 24.69964 1109.696
457.155 4250.475 78.69694 9.427703 0.09553731 32.04319 88.46232
463.635 4250.475 75.33605 17.82278 0.08 31.75735 87.57267
473.895 4250.475 74.92559 9.897319 0.08 30.83991 238.2321
500.355 4250.475 78.67604 1.430308 0.1100046 32.52516 12.7116
506.835 4250.475 78.38504 1.070341 0.1189595 32.6098 0.651064
513.315 4250.475 75.12555 11.05206 0.08 31.83786 111.99
519.795 4250.475 74.7239 11.04804 0.08 31.61065 159.6078
526.275 4250.475 77.73531 32.81218 0.08 26.37546 818.403
532.755 4250.475 77.91374 33.9261 0.08 23.34991 1196.25
539.235 4250.475 77.97086 2.729664 0.0977113 31.29012 202.0402
545.715 4250.475 80.11281 7.040496 0.1487319 31.39367 175.4471
552.195 4250.475 75.42169 18.9383 0.08 29.34164 419.292
558.135 4250.475 76.02171 18.59162 0.08 29.17089 490.4938
564.615 4250.475 80.31002 20.59449 0.1945999 29.02882 514.2465
571.095 4250.475 75.57088 15.50964 0.08 27.50781 758.4095
577.575 4250.475 74.71878 8.525913 0.08 26.31281 943.1307
584.055 4250.475 78.32497 8.505062 0.09977237 26.10711 1004.447
590.535 4250.475 78.88414 18.41558 0.1120295 25.24136 1048.838
597.015 4250.475 74.78051 11.46028 0.08 23.27509 1398.585
603.495 4250.475 74.78206 9.949166 0.08 24.18132 1286.094
460.395 4249.935 74.45545 6.008576 0.08096424 30.87603 258.2444
466.335 4249.935 75.37768 3.999631 0.08 32.39975 40.63253
476.595 4249.935 78.94901 8.162294 0.119766 32.22853 48.79723
500.355 4249.935 79.41527 1.536803 0.2487811 32.43565 26.15984
506.835 4249.935 78.87405 0.9994806 0.1190282 32.59044 8.380087
513.315 4249.935 75.52244 3.347142 0.08 31.9478 108.3333
519.795 4249.935 74.92874 11.50899 0.08 31.66388 156.336
526.275 4249.935 78.45542 37.60683 0.08 25.3678 913.42
532.755 4249.935 74.9564 13.90688 0.08 24.06182 1298.677
539.235 4249.935 76.07315 3.970383 0.0881111 31.15037 223.0788
545.175 4249.935 76.14796 5.411715 0.1150574 31.20027 204.8671
551.655 4249.935 77.06905 29.23712 0.08 28.70037 457.9684
558.135 4249.935 75.94905 18.80534 0.08 28.08028 610.8795
564.615 4249.935 74.80311 5.388285 0.08 28.8808 560.0422
571.095 4249.935 76.71693 26.42325 0.08 27.78662 703.5242
577.575 4249.935 77.86221 7.077337 0.09047586 26.4591 950.3796
584.055 4249.935 74.28404 5.468303 0.08 25.96263 1016.75
590.535 4249.935 76.52892 26.13659 0.08 23.29091 1284.705
596.475 4249.935 74.76258 6.024179 0.08 22.93689 1481.646
602.955 4249.935 76.56532 10.66955 0.08853414 23.19175 1421.983
459.855 4249.395 74.24506 3.890743 0.08 30.58725 321.8116
466.335 4249.395 75.01264 7.880437 0.08 32.17203 70.76636
476.595 4249.395 78.16772 10.9371 0.1059489 31.90714 78.59287
496.575 4249.395 79.90946 0.9141702 0.1575964 32.59938 2.956253
503.055 4249.395 78.22344 0.5831164 0.121337 32.41833 31.53374
509.535 4249.395 78.47122 11.70507 0.08902851 31.464 140.8161
516.015 4249.395 79.85291 5.131607 0.157687 31.65678 153.3896
521.955 4249.395 75.44176 11.11259 0.08 30.47839 288.1984
528.435 4249.395 75.82063 19.86727 0.08 26.5405 909.0214
534.915 4249.395 75.1202 14.20206 0.08 25.7331 1007.002
541.395 4249.395 74.94644 5.962021 0.08 30.77342 266.6268
547.875 4249.395 75.30405 15.36192 0.08 30.04646 354.4639
554.355 4249.395 76.84718 24.82493 0.08 29.06383 469.1404
560.835 4249.395 75.43467 15.14297 0.08 27.50978 742.053
567.315 4249.395 79.53839 14.24499 0.1434395 27.75352 688.8037
573.795 4249.395 75.24145 11.71922 0.08 26.37582 930.9935
579.735 4249.395 75.33895 5.30575 0.08 27.345 799.3499
586.215 4249.395 74.92409 4.069746 0.08151312 25.59309 1088.018
592.695 4249.395 76.94914 27.49563 0.08 22.31006 1501.625
599.175 4249.395 78.88818 5.861406 0.2004066 24.95304 1179.091
456.075 4248.855 77.46771 6.197163 0.09479374 32.48713 31.88329
462.555 4248.855 80.15416 17.07954 0.2162026 31.35961 114.7026
472.815 4248.855 78.23513 2.672963 0.08594671 32.07457 78.47778
493.875 4248.855 78.0748 2.852161 0.1062195 32.37849 31.84489
500.355 4248.855 75.05469 13.11815 0.08024763 31.45346 126.4049
506.295 4248.855 77.12685 3.18315 0.1057015 32.27522 46.35244
512.775 4248.855 79.31106 0.5120694 0.3024496 32.21876 64.38304
519.255 4248.855 74.3822 9.037831 0.08 31.03052 218.1776
525.735 4248.855 77.13569 29.1112 0.08 26.58802 825.9557
532.215 4248.855 76.47031 26.00574 0.08 24.56849 1154.552
538.695 4248.855 75.01472 1.900618 0.08 31.08211 236.0875
545.175 4248.855 78.07252 6.059723 0.1168837 30.75401 269.435
551.655 4248.855 75.11929 12.6341 0.08 28.17135 646.9514
558.135 4248.855 79.98409 25.85455 0.1235526 26.65387 805.3698
564.075 4248.855 75.82055 20.91597 0.08 26.53922 861.1512
570.555 4248.855 77.94945 4.519231 0.09302989 27.14106 832.4463
577.035 4248.855 74.33791 4.62592 0.08 26.509 941.6968
583.515 4248.855 75.16079 13.67005 0.08 26.07627 992.4559
589.995 4248.855 76.53447 22.55478 0.08 24.20154 1203.504
596.475 4248.855 76.45122 25.11057 0.08 23.04454 1410.684
602.955 4248.855 74.61519 8.391343 0.08 22.19471 1585.742
459.855 4248.315 74.58596 0.9930393 0.08 31.33568 196.8544
465.795 4248.315 74.71807 11.83446 0.08 31.43318 175.3136
475.515 4248.315 74.63779 6.750471 0.08 31.12464 241.8341
494.415 4248.315 78.37827 2.385849 0.1375934 32.5546 6.249128
500.895 4248.315 80.50244 21.13911 0.2146656 31.09928 153.7131
507.375 4248.315 80.00114 4.162513 0.1523069 32.35189 30.59816
513.855 4248.315 78.1898 1.474277 0.1070699 32.20559 68.4501
520.335 4248.315 77.93578 6.051643 0.08845055 31.30829 189.5201
526.815 4248.315 80.88966 25.86949 0.1712336 28.17182 653.3078
533.295 4248.315 77.93622 15.30409 0.1148636 27.39987 758.637
539.235 4248.315 74.73464 8.193384 0.08 30.54179 299.2087
545.715 4248.315 76.10746 19.79756 0.08 29.46025 393.9888
552.195 4248.315 75.08591 13.04011 0.08 26.87596 831.9016
558.675 4248.315 77.09298 30.40518 0.08 26.52732 865.5724
565.155 4248.315 79.46335 9.135601 0.1648916 27.77089 717.6572
571.635 4248.315 79.59902 6.98497 0.1544107 28.32996 659.2155
578.115 4248.315 78.93373 4.134526 0.2371993 27.13526 840.9579
584.595 4248.315 79.04731 4.094287 0.1750556 26.34687 960.1429
591.075 4248.315 74.99072 6.230556 0.08040791 23.01611 1472.707
597.015 4248.315 76.12081 22.21007 0.08 21.85035 1594.961
603.495 4248.315 78.04375 7.769541 0.100936 23.40712 1403.396
460.395 4247.775 76.62404 2.117849 0.08822252 31.39611 193.447
466.875 4247.775 76.12395 6.471666 0.08466963 32.16941 57.15385
475.515 4247.775 75.12502 11.127 0.08089531 31.60188 168.0075
490.635 4247.775 78.97155 1.256438 0.1311758 32.58356 4.178306
497.115 4247.775 79.11538 18.68774 0.09024706 30.59069 221.8313
503.595 4247.775 77.64159 31.16514 0.08 30.78707 202.8727
510.075 4247.775 78.36324 1.682266 0.1054872 31.64783 154.415
516.015 4247.775 78.78206 2.522487 0.1124571 31.75209 129.1743
522.495 4247.775 79.15312 18.95226 0.106253 30.20513 330.377
528.975 4247.775 79.89025 26.41507 0.1188415 25.72683 933.2838
535.455 4247.775 77.07154 27.17345 0.08 26.97878 831.3997
541.935 4247.775 79.55664 5.004749 0.172073 30.39155 344.3792
548.415 4247.775 79.23009 23.79276 0.09912226 28.34164 601.9286
554.895 4247.775 80.77366 25.57283 0.1477924 27.31919 701.8686
561.375 4247.775 75.342 13.7141 0.08 24.57827 1180.154
567.315 4247.775 76.75679 24.16333 0.08 26.51418 877.8679
573.795 4247.775 74.50105 7.357984 0.08 25.94148 1004.534
580.275 4247.775 75.2623 4.267006 0.08526505 26.35496 952.8746
586.755 4247.775 75.20945 13.86904 0.08 24.96766 1123.966
593.235 4247.775 75.86585 19.89071 0.08 23.1565 1417.173
599.715 4247.775 78.90231 18.66122 0.1085041 23.74406 1323.377
456.615 4247.235 75.81324 13.8166 0.08 31.88138 118.1601
463.095 4247.235 78.4915 12.63554 0.1076479 30.63014 270.612
471.195 4247.235 78.69558 1.21299 0.131349 32.62561 0.6923924
477.135 4247.235 74.47176 1.741332 0.08 31.3843 193.5401
489.015 4247.235 79.08756 0.1223128 0.1311758 32.61897 1.670125
495.495 4247.235 75.22932 14.22411 0.08 30.62065 257.8666
501.975 4247.235 75.95334 20.475 0.08 29.56653 367.4072
508.455 4247.235 80.14837 13.5084 0.1652666 31.34001 155.3362
514.935 4247.235 79.32007 1.511666 0.2777532 32.02929 92.41183
521.415 4247.235 74.42537 6.012996 0.08 31.1699 205.3867
527.895 4247.235 75.41388 14.95369 0.08 27.09469 855.1344
534.375 4247.235 75.55764 18.5012 0.08 27.84611 686.4108
540.315 4247.235 77.25706 10.26266 0.08991407 30.07449 358.8008
546.795 4247.235 76.92374 29.28332 0.08 28.91811 416.6609
553.275 4247.235 80.16535 26.70347 0.09299189 29.30595 368.1097
559.755 4247.235 75.09113 11.17515 0.08192223 27.67776 746.2531
566.235 4247.235 75.69879 18.87217 0.08 25.83525 1032.703
572.715 4247.235 76.19837 22.03921 0.08 26.87145 834.2916
579.195 4247.235 77.6602 13.95507 0.08750366 26.60337 913.6182
585.675 4247.235 78.80969 2.789834 0.2621155 26.28125 977.6929
592.155 4247.235 74.62697 5.403863 0.08 22.86409 1492.786
598.095 4247.235 76.51686 25.02464 0.08238475 23.42241 1387.166
604.575 4247.235 74.78303 8.638261 0.08 21.73036 1676.375
461.475 4246.695 77.1368 7.340215 0.1200128 31.39535 165.1397
467.955 4246.695 75.34651 4.054154 0.08647959 31.95148 111.8655
476.055 4246.695 78.36476 5.33078 0.1022575 31.78669 138.8067
486.315 4246.695 79.47211 0.1643499 0.2300509 32.60661 3.469173
492.795 4246.695 75.87315 16.29224 0.08 31.62586 114.4908
499.275 4246.695 75.90045 18.572 0.08 29.96391 391.3203
505.215 4246.695 74.23059 4.073722 0.08 31.25259 210.032
511.695 4246.695 78.37455 1.759451 0.1222757 32.10339 76.81069
518.175 4246.695 74.80269 3.508184 0.08 31.21732 223.2721
524.655 4246.695 78.59802 10.85923 0.1003841 30.01386 392.193
531.135 4246.695 76.74569 5.551951 0.1235041 25.75935 1066.428
537.615 4246.695 78.65954 13.66029 0.1098694 29.64571 411.4953
544.095 4246.695 76.25833 23.56766 0.08 28.20425 638.9169
550.575 4246.695 75.88871 19.62833 0.08 25.08447 1061.663
557.055 4246.695 74.83396 14.15198 0.08 26.31096 924.7048
562.995 4246.695 75.8152 19.51395 0.08 26.68796 891.0446
569.475 4246.695 75.88569 6.621167 0.08332017 25.9281 1011.707
575.955 4246.695 75.45803 13.53767 0.08 26.1951 978.9113
582.435 4246.695 77.33512 13.94025 0.1264092 26.61073 887.8195
588.915 4246.695 74.54535 6.562037 0.08 24.35942 1257.104
595.395 4246.695 76.45113 23.57095 0.08 23.14643 1361.357
601.875 4246.695 74.94591 11.30465 0.08 20.44522 1881.567
458.775 4246.155 80.0815 18.86273 0.1501445 30.7336 209.5225
465.255 4246.155 74.5471 4.321782 0.08 29.93059 406.2592
472.815 4246.155 75.14366 1.636174 0.08 32.23139 59.5704
479.295 4246.155 78.47781 3.38139 0.1239907 32.41381 27.43657
488.475 4246.155 79.59302 0.6503218 0.1984231 32.54831 11.20413
494.955 4246.155 76.44737 25.14216 0.08 30.76033 260.746
501.435 4246.155 76.38514 20.94719 0.08 27.66267 682.4261
507.915 4246.155 75.05538 14.08344 0.08 30.76817 233.0224
514.395 4246.155 75.37556 10.03816 0.08 31.488 138.7589
520.875 4246.155 75.94391 5.240238 0.08488351 30.77045 273.488
527.355 4246.155 75.52305 19.08648 0.08 27.6341 718.6082
533.295 4246.155 76.86333 26.37411 0.08 25.26328 1062.461
539.775 4246.155 80.43641 16.68223 0.1534224 29.95465 402.4012
546.255 4246.155 79.7554 23.69845 0.09778776 27.53685 651.2826
552.735 4246.155 77.2966 26.97825 0.08 28.50988 534.8976
559.215 4246.155 75.26559 11.72512 0.08 27.38905 793.626
565.695 4246.155 75.14678 16.56409 0.08 25.5714 1040.467
572.175 4246.155 79.79745 13.78279 0.1501594 27.74742 724.7029
578.655 4246.155 74.93201 13.59741 0.08 25.73982 1040.591
585.135 4246.155 74.32681 2.863957 0.08 25.94029 1024.219
591.075 4246.155 78.8394 14.42193 0.1328382 25.25238 1135.672
597.555 4246.155 75.69648 18.1799 0.08 23.00053 1472.501
604.035 4246.155 76.07203 18.4618 0.08482775 21.41059 1693.333
460.935 4245.615 75.52206 6.697253 0.08 30.98086 231.5912
467.415 4245.615 75.21965 4.430135 0.08 31.46375 166.2473
475.515 4245.615 78.93453 9.814398 0.1159799 31.58091 162.3901
483.075 4245.615 79.57275 0.6598155 0.2031127 32.60065 3.263241
489.555 4245.615 78.15536 3.820242 0.103676 32.39491 41.64518
495.495 4245.615 74.45206 6.076073 0.08 29.95014 411.3217
501.975 4245.615 75.41565 17.42619 0.08 29.43893 450.2173
508.455 4245.615 74.95725 10.20226 0.08 31.46448 172.4381
514.935 4245.615 75.36249 13.12176 0.08 31.14295 183.1033
521.415 4245.615 78.02318 3.031595 0.1104663 30.79145 288.753
527.895 4245.615 77.90445 33.7739 0.08 26.42608 857.7343
534.375 4245.615 76.40515 20.61909 0.08 27.66709 698.9554
540.855 4245.615 78.54697 11.82872 0.1120803 28.91227 564.0394
547.335 4245.615 79.64826 12.81202 0.2195744 29.80416 411.5386
553.275 4245.615 76.19199 24.76447 0.08 27.99144 597.9541
559.755 4245.615 79.51271 10.08667 0.1619643 27.53648 769.278
566.235 4245.615 80.09812 25.32456 0.1498841 25.2406 1036.546
572.715 4245.615 77.00158 27.12769 0.08 26.37165 893.5804
579.195 4245.615 75.62282 21.23327 0.08 24.83063 1094.868
585.675 4245.615 79.04113 7.257661 0.2103438 26.3932 952.7812
592.155 4245.615 76.28142 23.6341 0.08 23.7038 1289.791
598.635 4245.615 75.00161 9.734291 0.08 22.66247 1517.081
605.115 4245.615 75.37909 14.58734 0.08 21.53345 1643.432
461.475 4245.075 76.33406 9.51917 0.08895578 31.08855 242.4377
467.955 4245.075 79.58241 10.38177 0.1451574 32.03372 74.21942
476.055 4245.075 78.27384 0.7281104 0.09526399 31.72756 140.5703
482.535 4245.075 77.88765 0.2150386 0.1311758 32.61795 1.611057
489.015 4245.075 78.3077 2.483479 0.1282263 32.4016 33.10799
495.495 4245.075 80.12187 24.86268 0.1285032 29.33145 391.753
501.975 4245.075 76.06035 22.09772 0.08 28.98333 504.7409
508.455 4245.075 78.88768 6.564632 0.1365676 31.65299 152.5062
514.935 4245.075 79.08789 4.407664 0.1311758 31.20495 227.3501
520.875 4245.075 76.49134 2.212601 0.1013257 31.04065 249.3732
527.355 4245.075 75.85817 21.15227 0.08 27.23566 810.2036
533.835 4245.075 76.62682 23.29469 0.08 27.79957 697.1613
540.315 4245.075 75.29589 17.10663 0.08 28.38951 579.6909
546.795 4245.075 76.54838 25.41307 0.08 27.61494 688.2463
553.275 4245.075 76.51739 18.40434 0.09425275 28.83726 528.4858
559.755 4245.075 78.23682 7.086717 0.1250138 27.46025 784.1362
566.235 4245.075 79.65037 15.62641 0.1654746 25.40855 1066.864
572.175 4245.075 78.1374 6.542743 0.1146001 27.92517 719.8964
578.655 4245.075 76.88916 24.36558 0.08 25.39209 1033.798
585.135 4245.075 74.73633 10.04946 0.08 25.88795 1015.653
591.615 4245.075 76.0701 22.89147 0.08 23.96979 1253.785
598.095 4245.075 79.1055 11.21907 0.1782705 23.59544 1368.117
604.575 4245.075 75.87302 13.91009 0.08226528 20.73445 1771.784
461.475 4244.535 74.74263 2.195521 0.08 31.26616 213.8312
467.955 4244.535 75.8569 11.80827 0.08 31.93065 95.46041
476.595 4244.535 78.82913 9.842661 0.1104467 31.84166 104.3867
482.535 4244.535 77.2514 2.709567 0.133183 32.44754 21.04578
489.015 4244.535 78.11331 6.161675 0.08885481 32.2416 59.36738
495.495 4244.535 75.96779 20.23574 0.08 28.63031 518.236
501.975 4244.535 75.78641 17.68546 0.08 30.04774 384.1925
508.455 4244.535 74.97479 12.16299 0.08 31.30977 174.9291
514.935 4244.535 75.33388 4.760235 0.08402348 30.97565 241.3814
521.415 4244.535 78.38368 2.071689 0.1158348 31.04258 245.8671
527.895 4244.535 75.49995 15.63088 0.08 26.62554 890.6082
534.375 4244.535 79.75142 23.50171 0.09779708 29.05914 498.372
540.315 4244.535 75.33375 16.68381 0.08 28.71988 589.679
546.795 4244.535 75.13899 12.98754 0.08 27.77366 723.8064
553.275 4244.535 75.69908 16.88708 0.08 28.61822 549.28
559.755 4244.535 78.24356 8.940222 0.09404345 27.28671 804.8929
566.235 4244.535 79.5272 15.01044 0.1484768 25.33845 1089.008
572.715 4244.535 76.04677 22.30146 0.08 27.24348 798.9047
579.195 4244.535 75.13082 10.45605 0.08 24.91824 1155.298
585.675 4244.535 75.85771 18.7019 0.08 25.59064 1030.733
592.155 4244.535 76.18124 22.23079 0.08 23.25095 1335.721
598.095 4244.535 78.35702 14.5256 0.1219866 23.20279 1412.673
604.575 4244.535 76.00982 20.71123 0.08 22.2672 1581.477
461.475 4243.995 79.71886 1.41541 0.159139 31.22256 215.0702
467.955 4243.995 75.58422 13.67513 0.08 31.76281 95.78667
478.215 4243.995 78.67317 4.244811 0.1311758 32.05852 95.43707
484.695 4243.995 78.23836 3.595931 0.1098768 32.31423 46.91697
491.175 4243.995 75.6488 15.3295 0.08 30.35435 298.8915
497.655 4243.995 75.25243 14.18677 0.08 27.37296 771.5306
503.595 4243.995 75.44858 16.76342 0.08 28.57129 577.2009
510.075 4243.995 75.29292 6.013281 0.08554109 31.54564 168.2455
516.555 4243.995 78.03864 5.306269 0.1031458 30.99221 249.2113
523.035 4243.995 78.38894 3.500389 0.1031319 30.94705 256.3253
529.515 4243.995 80.74904 24.90982 0.167022 27.47932 707.9727
535.995 4243.995 75.09362 14.18048 0.08 30.25202 372.2773
542.475 4243.995 77.02105 28.32816 0.08 27.76016 704.9319
548.955 4243.995 75.36179 16.86584 0.08 26.24003 954.3798
555.435 4243.995 76.14706 23.66467 0.08 25.4957 1053.61
561.375 4243.995 75.46755 17.44397 0.08 26.30778 900.4234
567.855 4243.995 74.23635 6.310238 0.08 25.47861 1086.988
574.335 4243.995 74.84103 11.98764 0.08 25.37114 1089.879
580.815 4243.995 74.80452 10.3973 0.08 25.51799 1085.42
587.295 4243.995 76.35706 21.82412 0.08 24.99057 1143.991
593.775 4243.995 76.06884 10.22114 0.08760081 25.09045 1149.756
600.255 4243.995 74.75029 10.00209 0.08 20.17785 1887.742
457.155 4243.455 78.02471 4.751993 0.1158277 31.65963 157.8215
463.635 4243.455 78.39561 2.649895 0.1208308 31.5027 175.681
473.355 4243.455 79.90487 1.796975 0.158806 32.59426 1.150389
479.835 4243.455 79.48038 3.365351 0.2297214 32.401 27.63585
486.315 4243.455 78.22175 3.558668 0.1209811 32.1883 59.59874
492.795 4243.455 78.61995 12.96729 0.1472079 30.73655 284.5311
499.275 4243.455 76.06824 19.35319 0.08 26.41257 859.2307
505.755 4243.455 74.8506 7.868624 0.08 30.30692 341.6705
512.235 4243.455 78.73142 4.190291 0.1131681 31.92254 109.277
518.715 4243.455 78.52142 7.61745 0.1232202 30.96185 251.1392
525.195 4243.455 78.97694 13.88209 0.09125244 30.29758 357.0548
531.135 4243.455 78.72422 19.4177 0.1071674 26.80338 890.8721
537.615 4243.455 78.22305 2.519835 0.09224187 30.80662 284.3613
544.095 4243.455 76.43735 23.25826 0.08 25.84142 979.6185
550.575 4243.455 78.56966 17.29654 0.1162824 27.33294 760.3734
557.055 4243.455 75.81016 18.76796 0.08 25.78611 1001.326
563.535 4243.455 78.91982 13.73406 0.1355062 27.71992 716.6726
570.015 4243.455 74.27242 10.78705 0.08 28.19811 680.5627
576.495 4243.455 79.19248 3.993509 0.1627392 26.88298 884.65
582.975 4243.455 75.32318 18.87335 0.08 26.81839 861.1187
588.915 4243.455 75.65441 17.677 0.08 24.90076 1178.859
595.395 4243.455 79.63779 24.56738 0.09546729 22.11319 1477.943
601.875 4243.455 77.33051 19.28425 0.08633032 24.07228 1293.895
458.775 4242.915 75.32194 15.24979 0.08 30.51635 286.5851
465.255 4242.915 74.87908 10.81597 0.08 30.53674 283.5129
474.435 4242.915 75.2068 5.246989 0.1091312 32.60084 10.19412
480.915 4242.915 78.26662 4.386519 0.1034138 32.29487 39.05504
487.395 4242.915 79.80634 0.6023281 0.1646671 32.3674 39.75697
493.335 4242.915 74.98478 13.24455 0.08 29.59363 412.1944
499.815 4242.915 75.65668 16.92415 0.08 26.06753 934.5179
506.295 4242.915 75.40408 8.931661 0.08 29.07673 518.0549
512.775 4242.915 78.03954 0.4437046 0.08926734 31.73106 137.5972
519.255 4242.915 79.35775 2.522547 0.2147713 31.13534 228.1377
525.735 4242.915 79.37663 4.516176 0.2005882 30.46608 329.2693
532.215 4242.915 76.54371 24.82867 0.08 27.14815 709.9598
538.695 4242.915 79.77694 2.746825 0.1496576 30.86478 276.9747
545.175 4242.915 75.83938 19.92522 0.08 26.11579 982.2398
551.115 4242.915 75.50102 19.52014 0.08 25.86815 970.7258
557.595 4242.915 75.94389 9.889991 0.08701774 27.15714 848.9494
564.075 4242.915 77.50387 17.26565 0.08715751 26.90169 847.8679
570.555 4242.915 79.2477 4.16986 0.1835037 28.63926 621.0879
577.035 4242.915 75.85702 17.35491 0.08 26.06735 991.3416
583.515 4242.915 78.41909 9.784388 0.09806947 27.53844 773.5945
589.995 4242.915 78.26594 1.509393 0.1311758 25.77981 1054.732
596.475 4242.915 77.33865 30.26597 0.08 19.81482 1785.78
602.955 4242.915 77.58971 31.99737 0.08 23.90658 1257.861
459.315 4242.375 79.10264 16.85961 0.129309 30.37678 298.0325
465.795 4242.375 74.90118 4.007204 0.08 29.97515 398.1156
474.435 4242.375 79.46806 0.7273456 0.2303636 32.58618 5.724955
480.915 4242.375 77.28788 1.765214 0.08961912 32.14738 72.82229
487.395 4242.375 78.52012 1.803504 0.1128096 32.31821 45.03011
493.875 4242.375 74.93963 11.79868 0.08 28.76377 569.0029
500.355 4242.375 75.31939 13.48649 0.08 27.0351 824.4382
506.835 4242.375 75.88606 17.77586 0.08 29.65141 428.7964
513.315 4242.375 77.83819 1.743006 0.1007238 31.78252 133.1008
519.255 4242.375 78.77799 0.8392633 0.1041428 31.1113 231.7863
525.735 4242.375 79.47143 6.492982 0.1938436 30.45442 324.8368
532.215 4242.375 77.25644 26.40708 0.08 28.67671 567.812
538.695 4242.375 79.27743 2.517525 0.2312851 30.81726 280.4805
545.175 4242.375 75.86421 18.50862 0.08 27.16611 829.3939
551.655 4242.375 76.30924 24.43455 0.08 27.22911 778.9626
558.135 4242.375 75.07068 6.964978 0.1027432 27.87053 736.0259
564.615 4242.375 76.81511 23.71284 0.08 24.44625 1130.26
570.555 4242.375 79.77354 14.93161 0.184209 28.20082 632.1685
577.035 4242.375 78.91041 16.89027 0.1197599 25.83962 965.2473
583.515 4242.375 79.43554 15.03019 0.1434655 27.6216 707.0098
589.995 4242.375 78.85662 0.9526536 0.2031127 25.78375 1053.692
596.475 4242.375 77.15682 29.50319 0.08 18.08465 2076.837
602.955 4242.375 77.69643 33.40464 0.08 24.50358 1134.646
459.855 4241.835 74.35338 5.637463 0.08 30.29326 343.7482
466.335 4241.835 78.9677 4.051528 0.1319657 31.03933 238.6867
474.435 4241.835 79.60904 0.7993767 0.1420042 32.61258 4.725806
480.375 4241.835 78.05267 3.452981 0.1070075 32.05556 78.97678
486.855 4241.835 75.44678 11.70391 0.08 31.52603 143.7472
493.335 4241.835 79.48496 19.3659 0.09493142 29.12231 489.0854
499.815 4241.835 78.08676 10.72839 0.1014901 26.90924 839.2026
506.295 4241.835 75.30577 13.201 0.08 28.81651 531.1595
512.775 4241.835 79.26562 2.035217 0.3239553 31.84748 121.7934
519.255 4241.835 77.65584 2.850921 0.1103801 31.01944 240.0207
525.735 4241.835 74.00674 4.902875 0.08 30.2146 371.2557
532.215 4241.835 75.4898 13.21644 0.08 28.64463 571.824
538.155 4241.835 79.27722 3.227936 0.2395006 30.96695 247.0555
544.635 4241.835 76.21121 21.64938 0.08 25.27251 1038.594
551.115 4241.835 74.23947 1.416036 0.08 26.26635 982.0131
557.595 4241.835 74.37112 9.875845 0.08 27.53392 784.8683
564.075 4241.835 77.14451 26.38567 0.08 25.48342 1028.005
570.555 4241.835 76.00151 21.59677 0.08 27.06486 749.1816
577.035 4241.835 76.28738 20.44012 0.08 25.99783 989.0675
583.515 4241.835 74.35565 8.886014 0.08 27.10393 835.2693
589.995 4241.835 78.80344 0.7844184 0.2225115 25.79251 1050.558
595.935 4241.835 77.47372 31.72587 0.08 20.00165 1873.173
602.415 4241.835 77.23472 26.26214 0.08 26.48248 891.2714
459.315 4241.295 75.47484 5.199362 0.08 29.92146 400.7316
465.795 4241.295 75.52771 13.19062 0.08 29.77552 397.9253
473.895 4241.295 78.65329 0.1679572 0.1311758 32.62131 1.211216
480.375 4241.295 76.61989 5.694742 0.0833738 31.79538 120.8733
486.855 4241.295 74.99438 6.589586 0.08 31.63311 161.241
493.335 4241.295 76.32103 21.82294 0.08 29.10503 494.2748
499.815 4241.295 75.74579 11.22094 0.09598734 27.1311 832.1144
505.755 4241.295 75.18691 13.45257 0.08 28.87568 522.2109
512.235 4241.295 79.66991 0.7674939 0.1717965 31.77808 132.9105
518.715 4241.295 78.70654 5.092453 0.1044054 31.17576 229.2654
525.195 4241.295 74.92827 9.993108 0.08 30.01204 369.7654
531.675 4241.295 75.28305 8.696333 0.08 28.64947 611.3754
538.155 4241.295 75.07432 8.202447 0.08 30.55641 296.129
544.635 4241.295 75.88854 19.28361 0.08 25.6179 1025.297
551.115 4241.295 78.72511 13.74643 0.1157291 26.12429 1002.407
557.055 4241.295 75.29415 13.42764 0.08 27.33523 816.7901
563.535 4241.295 77.73867 22.8627 0.09582243 26.27127 874.0354
570.015 4241.295 75.36682 5.97498 0.08 27.48361 775.5363
576.495 4241.295 75.38707 15.02242 0.08 26.97242 854.8898
582.975 4241.295 74.72347 6.212782 0.08 26.63345 902.95
589.455 4241.295 77.83945 2.170057 0.1160084 25.76976 1055.78
595.935 4241.295 77.60074 31.73818 0.08 21.42505 1640.276
602.415 4241.295 80.43715 23.38115 0.1907103 26.94049 824.8605
459.315 4240.755 74.71773 10.67482 0.08 30.14727 389.4502
465.255 4240.755 75.36081 13.52258 0.08 30.03599 406.1268
471.735 4240.755 77.95626 1.993495 0.1207111 32.50064 18.21684
479.835 4240.755 79.89831 4.536228 0.1545856 31.79967 117.0809
486.315 4240.755 78.5492 10.1399 0.0912386 31.53272 151.7858
492.795 4240.755 75.82334 18.9753 0.08 30.35641 314.486
499.275 4240.755 75.0433 12.8001 0.08 27.27395 819.5118
505.755 4240.755 75.57981 14.77074 0.08 29.19294 503.6313
512.235 4240.755 78.08196 2.278138 0.1098168 31.70183 137.5391
518.715 4240.755 78.19591 4.469551 0.1240838 31.21996 213.9008
524.655 4240.755 78.13733 3.090703 0.09827923 30.20359 372.6774
531.135 4240.755 75.92845 16.65803 0.08 29.46814 486.4559
537.615 4240.755 78.84198 5.192255 0.09349795 30.82616 265.8484
544.095 4240.755 75.69286 14.98548 0.08 26.03881 982.5558
550.575 4240.755 79.27999 19.2595 0.100722 27.71248 714.68
557.055 4240.755 75.01683 13.00331 0.08 27.39051 797.4564
563.535 4240.755 76.3275 23.30733 0.08 26.79123 832.9132
570.015 4240.755 75.04883 11.52666 0.08 28.62044 625.1226
576.495 4240.755 78.77755 12.80186 0.09115909 26.95439 847.3389
582.435 4240.755 76.16042 21.93491 0.08 27.5437 722.1196
588.915 4240.755 75.32442 12.92828 0.08 25.24086 1098.004
595.395 4240.755 78.71834 33.4128 0.1068801 23.61205 1309.785
601.875 4240.755 79.90015 16.14528 0.1503508 27.10402 810.2271
458.775 4240.215 74.10364 5.596748 0.08 30.50182 335.6028
465.255 4240.215 75.74998 17.56275 0.08 31.2024 219.2806
471.735 4240.215 79.97268 2.288586 0.1539204 32.59893 1.208414
478.755 4240.215 79.72941 2.755564 0.1711102 32.04274 87.59844
484.695 4240.215 74.22816 3.28637 0.08 30.85277 270.5114
491.175 4240.215 75.26287 11.63221 0.08 30.55259 321.0722
497.655 4240.215 80.34244 20.31521 0.1644747 27.95116 636.6256
504.135 4240.215 75.39848 18.50269 0.08 28.05778 655.588
510.615 4240.215 75.78439 15.65252 0.08 30.50238 257.8759
517.095 4240.215 78.06899 0.5808129 0.1214897 31.47617 178.9066
523.575 4240.215 76.58379 9.723265 0.08777213 30.40626 323.2562
530.055 4240.215 75.5763 17.30658 0.08 29.11355 541.1398
536.535 4240.215 75.3879 14.60492 0.08 30.93909 244.8324
542.475 4240.215 80.08796 16.86335 0.1710029 28.96792 515.0706
548.955 4240.215 75.11726 15.77133 0.08 28.73328 598.6252
555.435 4240.215 74.98039 14.75342 0.08 27.51783 763.5598
561.915 4240.215 81.08494 27.11076 0.1559032 27.52946 621.5001
568.395 4240.215 79.95046 17.2581 0.1983157 28.47727 557.2155
574.875 4240.215 75.97304 21.46425 0.08 26.21582 922.1983
581.355 4240.215 81.75137 34.61787 0.2701415 28.72043 412.6281
587.835 4240.215 77.00582 29.93194 0.08 24.95911 1126.817
594.315 4240.215 76.59192 23.51892 0.08 25.07856 1141.19
600.255 4240.215 79.03429 17.20388 0.09788951 24.52258 1182.968
457.155 4239.675 75.89001 14.80455 0.08 30.83921 280.9702
463.635 4239.675 75.29423 5.102505 0.08 30.70046 282.4805
470.115 4239.675 78.2781 0.7479815 0.09246615 31.4311 184.3727
476.595 4239.675 79.96159 1.672132 0.1518719 32.33052 49.31298
483.075 4239.675 74.85297 10.55856 0.08 31.10369 194.2027
489.555 4239.675 75.72768 16.65789 0.08 30.32665 295.3972
496.035 4239.675 74.86199 16.00825 0.08 28.88276 504.437
502.515 4239.675 75.34041 9.123527 0.08 27.85917 740.1108
508.455 4239.675 75.6366 17.48504 0.08 29.79358 435.7744
514.935 4239.675 77.29863 0.3542178 0.1311758 31.71298 141.6592
521.415 4239.675 78.21812 3.482077 0.1002108 31.13911 226.9241
527.895 4239.675 78.31291 8.252781 0.09198324 30.58327 321.649
534.375 4239.675 74.84229 1.408124 0.08368344 31.20466 222.4051
540.855 4239.675 76.51751 22.57279 0.08 28.01103 610.3472
547.335 4239.675 75.5768 17.26787 0.08 27.37257 783.7934
553.815 4239.675 76.95949 24.75501 0.08 25.99367 923.7195
559.755 4239.675 76.13352 19.33581 0.08 27.65074 678.5742
566.235 4239.675 76.0253 22.24834 0.08 28.17201 666.1993
572.715 4239.675 76.69056 9.044493 0.1188258 29.75512 444.4247
579.195 4239.675 79.39989 22.83272 0.1052574 27.28882 700.3714
585.675 4239.675 78.93522 16.23934 0.1189575 26.39956 954.7068
592.155 4239.675 75.32574 16.91724 0.08 24.46097 1248.953
598.635 4239.675 78.05432 9.486608 0.1167906 25.62636 1088.059
605.115 4239.675 76.65795 24.12248 0.08 23.44928 1385.983
462.015 4239.135 79.56576 3.963413 0.1884772 31.56548 161.6171
467.955 4239.135 74.78499 7.147262 0.08 32.22774 67.94167
474.435 4239.135 74.91094 6.162357 0.08 32.50037 22.36711
480.915 4239.135 75.72045 2.52089 0.08458052 31.16275 223.5893
487.395 4239.135 78.29601 1.84568 0.1016126 31.90149 114.3323
493.875 4239.135 75.02616 16.03676 0.08 30.70271 283.5288
500.355 4239.135 74.85554 10.87334 0.08 26.76208 883.4717
506.835 4239.135 74.72651 14.98346 0.08 29.66802 435.0065
513.315 4239.135 79.4511 0.3569427 0.2081243 31.83967 122.7063
519.795 4239.135 79.28332 4.474641 0.3145863 31.46814 169.1762
525.735 4239.135 74.51768 3.14357 0.08129916 30.98557 258.9833
532.215 4239.135 74.38244 7.095726 0.08 30.92834 271.0095
538.695 4239.135 75.41091 18.01624 0.08 28.9917 558.0662
545.175 4239.135 78.26648 1.337473 0.119762 28.19669 678.8348
551.655 4239.135 74.33619 2.205419 0.08 26.98807 870.6613
558.135 4239.135 76.30142 23.23618 0.08 27.74116 711.127
564.615 4239.135 76.43999 25.83614 0.08 26.76198 866.9023
571.095 4239.135 78.41771 9.791923 0.09258959 28.58849 589.2515
577.575 4239.135 75.09053 17.86508 0.08 28.34967 630.778
583.515 4239.135 74.94026 12.83657 0.08 27.99763 711.1658
589.995 4239.135 75.49573 14.65269 0.08 26.78987 903.9417
596.475 4239.135 75.14821 12.39908 0.08 23.89418 1350.9
602.955 4239.135 76.39942 22.74897 0.08 27.42707 771.6188
459.855 4238.595 74.97958 11.87245 0.08 31.3277 177.8532
466.335 4238.595 75.55713 9.59917 0.08177048 30.61909 306.3164
472.815 4238.595 75.07257 15.00484 0.08 32.08212 49.39175
479.295 4238.595 74.60979 10.87692 0.08 31.48923 172.5691
485.775 4238.595 78.71079 6.183897 0.1135521 31.88 125.0305
491.715 4238.595 77.97445 7.893001 0.1159584 29.45375 468.1502
498.195 4238.595 75.45791 19.2018 0.08 28.17071 646.2918
504.675 4238.595 75.53206 16.74568 0.08 29.59009 426.7912
511.155 4238.595 74.33064 5.090879 0.08 31.48658 180.2693
517.635 4238.595 79.27322 2.085019 0.2872818 31.58679 160.1514
524.115 4238.595 74.66262 6.836956 0.08 30.87299 278.9114
530.595 4238.595 74.74575 6.966507 0.08 29.63248 441.1029
537.075 4238.595 78.27969 4.344944 0.09119642 30.98177 251.8944
543.015 4238.595 77.56724 19.39345 0.08827369 27.35669 752.4133
549.495 4238.595 76.20148 20.90762 0.08 29.73667 398.1554
555.975 4238.595 78.05462 8.692391 0.1110023 27.65472 757.0073
562.455 4238.595 75.33002 16.45956 0.08 27.38973 804.2075
568.935 4238.595 79.06239 19.00748 0.1016818 28.90149 564.8198
575.415 4238.595 80.12568 20.29603 0.1923408 27.22045 766.3531
581.895 4238.595 76.13058 19.40383 0.08 30.46321 323.5911
588.375 4238.595 80.93564 26.65236 0.1850171 28.41188 530.2657
594.855 4238.595 76.53383 25.86726 0.08 25.25851 1092.841
600.795 4238.595 81.7162 34.67004 0.186885 26.36638 722.9421
457.695 4238.055 76.28405 22.22458 0.08 30.24087 317.8106
464.175 4238.055 75.95984 9.771563 0.08495703 30.34224 315.5102
470.655 4238.055 75.65358 14.50368 0.08 30.94684 203.437
477.135 4238.055 78.40104 0.772468 0.12276 32.37094 40.59149
483.615 4238.055 78.33614 8.927604 0.1026773 31.4489 158.1168
490.095 4238.055 74.62567 1.753603 0.08 30.25372 366.0488
496.575 4238.055 74.65587 11.37716 0.08 28.51941 642.1248
503.055 4238.055 75.15667 12.54854 0.08 30.04944 393.3755
508.995 4238.055 79.61846 1.739874 0.1706433 31.26757 213.6394
515.475 4238.055 77.57753 1.747452 0.1174299 31.47177 176.5296
521.955 4238.055 77.30515 4.26433 0.09106937 31.07232 240.4042
528.435 4238.055 74.51126 5.546225 0.08 30.03853 393.6176
534.915 4238.055 78.61688 1.281178 0.1013681 31.48975 178.4949
541.395 4238.055 77.04067 24.03849 0.08 28.46577 617.3023
547.875 4238.055 75.46081 18.89738 0.08 28.77275 550.5251
554.355 4238.055 75.33076 13.27314 0.08 27.76751 735.3779
560.835 4238.055 80.41808 21.64786 0.2354731 30.16214 327.1503
566.775 4238.055 74.99334 8.533752 0.08 30.03001 404.1012
573.255 4238.055 79.23526 6.307363 0.2497478 29.97528 402.9492
579.735 4238.055 75.35548 8.628267 0.08 30.3121 325.907
586.215 4238.055 77.31433 15.14214 0.08721909 30.01321 399.4679
592.695 4238.055 74.70977 5.268601 0.08 26.4303 962.7436
599.175 4238.055 77.43593 30.59538 0.08 24.11699 1112.908
456.075 4237.515 76.45148 19.75837 0.08 30.35377 343.4077
462.555 4237.515 79.80734 0.9849247 0.1561609 31.69135 142.7338
468.495 4237.515 75.61309 13.92584 0.08347943 30.91197 212.6381
474.975 4237.515 75.46717 10.21088 0.08070554 32.13017 52.00337
481.455 4237.515 78.22331 2.231741 0.1137878 31.10415 234.5896
487.935 4237.515 79.70558 8.674759 0.1978255 31.77868 141.6907
494.415 4237.515 75.93009 20.23999 0.08 29.18066 455.0226
500.895 4237.515 75.39272 18.31064 0.08 27.45 710.2402
507.375 4237.515 79.8842 13.62147 0.2020659 30.94814 261.8531
513.855 4237.515 78.19768 0.5167888 0.1311758 31.86379 119.3481
520.335 4237.515 77.1989 6.195168 0.08517157 31.49696 184.0959
526.275 4237.515 74.07079 5.363097 0.08 30.16286 371.6124
532.755 4237.515 79.36806 4.567249 0.2276755 31.22333 202.8273
539.235 4237.515 79.63265 24.85112 0.1024203 29.59361 441.5483
545.715 4237.515 75.91824 5.506228 0.08627061 27.89903 725.3642
552.195 4237.515 75.92544 18.61934 0.08 27.13434 771.3732
558.675 4237.515 76.10299 19.29801 0.08 28.27612 644.4697
565.155 4237.515 75.5347 12.25123 0.08 28.98671 517.3087
571.635 4237.515 75.53759 17.39567 0.08 27.39097 724.1567
578.115 4237.515 79.15096 20.2438 0.09412041 29.44701 463.4942
584.055 4237.515 74.82527 7.869849 0.08 30.56636 324.9869
590.535 4237.515 79.56981 10.20609 0.1889515 29.57847 479.7417
597.015 4237.515 75.534 16.46618 0.08 25.0246 1141.631
603.495 4237.515 75.8708 18.65531 0.08 26.90748 876.231
460.395 4236.975 74.59115 7.241875 0.08044951 30.93134 237.4238
466.875 4236.975 79.68462 11.82637 0.2805714 31.86359 72.99171
473.355 4236.975 78.90674 5.185896 0.08876444 31.72935 129.6743
479.835 4236.975 75.11878 7.687701 0.08 31.31732 212.5894
486.315 4236.975 75.09566 1.993301 0.1099277 32.17544 74.04797
492.255 4236.975 77.39993 14.21533 0.1120343 29.51282 422.5275
498.735 4236.975 79.99409 16.8321 0.1674463 27.90345 707.0948
505.215 4236.975 75.50358 16.44883 0.08 30.40126 343.1253
511.695 4236.975 77.32642 1.108289 0.124204 31.71314 141.0472
518.175 4236.975 74.66775 3.337841 0.08 31.75474 141.1819
524.655 4236.975 79.77656 2.065802 0.155251 31.12674 227.0232
531.135 4236.975 76.47472 2.96491 0.08671967 30.93718 255.2895
537.615 4236.975 74.73045 4.00412 0.08357108 31.13302 233.5665
543.555 4236.975 74.47508 4.730895 0.08016365 27.73004 753.783
550.035 4236.975 76.33406 22.46737 0.08 29.82841 386.4513
556.515 4236.975 76.18949 22.73503 0.08 26.83593 854.6533
562.995 4236.975 79.56887 6.706491 0.1656472 29.63538 458.4153
569.475 4236.975 79.34652 10.84283 0.1247044 29.35182 476.2689
575.955 4236.975 75.63332 18.39614 0.08 27.4079 756.9677
582.435 4236.975 75.1588 8.64145 0.08 30.77571 290.0556
588.915 4236.975 78.43539 12.1674 0.0881185 30.10925 393.617
595.395 4236.975 76.49543 23.48211 0.08 26.25183 945.5691
601.335 4236.975 75.49305 11.5854 0.08 29.23703 527.2048
458.235 4236.435 75.03967 10.40808 0.08 30.48646 312.6501
464.715 4236.435 75.29593 12.58798 0.08 31.67801 154.8237
471.195 4236.435 79.86167 2.305765 0.1528042 31.6145 158.4335
477.675 4236.435 79.36325 0.7830241 0.2735238 32.35424 43.42273
484.155 4236.435 78.59682 4.553498 0.09407946 32.18651 76.59984
490.635 4236.435 74.99766 8.701261 0.08 30.24123 377.7474
497.115 4236.435 74.57338 8.939757 0.08 28.26405 656.9351
503.595 4236.435 75.52146 17.93483 0.08 30.08985 356.5545
509.535 4236.435 73.95544 4.356235 0.08 31.49737 169.5048
516.015 4236.435 75.24236 4.000901 0.08394689 31.81941 132.3311
522.495 4236.435 79.86271 1.871941 0.1519702 31.35818 196.715
528.975 4236.435 78.5721 3.553448 0.1210113 30.72756 294.9373
535.455 4236.435 79.11924 1.461038 0.142496 31.56681 162.2791
541.935 4236.435 75.803 12.58292 0.08 28.41655 647.4866
548.415 4236.435 75.24046 16.40665 0.08 28.30489 666.7432
554.895 4236.435 79.25953 4.530174 0.1709611 27.94751 715.1562
561.375 4236.435 74.27817 7.495605 0.08 29.55888 479.6704
567.315 4236.435 75.92068 22.20566 0.08 28.57288 504.5342
573.795 4236.435 78.5461 5.315608 0.124557 29.79746 437.5029
580.275 4236.435 79.41649 18.65071 0.1128786 30.76083 283.9516
586.755 4236.435 79.77034 3.456418 0.1562354 31.10144 241.6114
593.235 4236.435 76.36545 20.51307 0.08 28.52236 591.2084
599.715 4236.435 78.55542 12.15571 0.1076591 27.74342 742.8649
456.615 4235.895 79.65742 3.588696 0.1734682 31.52398 163.4807
463.095 4235.895 75.8812 23.57342 0.08 30.93142 213.4388
469.575 4235.895 75.9492 19.77841 0.08 28.85732 507.5751
475.515 4235.895 78.03802 3.53784 0.09112228 32.0166 86.48872
481.995 4235.895 78.32448 4.508328 0.1203992 31.37603 191.0729
488.475 4235.895 75.93305 6.336627 0.08424301 30.90313 274.9897
494.955 4235.895 75.48914 9.140421 0.08508552 29.20902 510.6457
501.435 4235.895 78.91799 15.46231 0.1373247 29.017 487.6805
507.915 4235.895 75.67276 7.537272 0.08 31.08167 238.9468
514.395 4235.895 79.3053 1.568406 0.2804778 31.92462 109.1143
520.875 4235.895 78.72291 2.673901 0.1358987 31.43054 178.4626
526.815 4235.895 75.41126 3.901968 0.08 30.79025 278.7259
533.295 4235.895 74.31644 8.042176 0.08 30.97795 264.0753
539.775 4235.895 80.37941 21.19834 0.2339218 30.01145 291.4627
546.255 4235.895 75.12785 9.987571 0.08 28.31818 665.6855
552.735 4235.895 75.60995 19.40265 0.08 27.93596 699.4141
559.215 4235.895 76.02239 16.65312 0.08640131 28.67504 598.4437
565.695 4235.895 79.2839 5.375356 0.2630138 30.91607 264.57
572.175 4235.895 74.79055 5.918428 0.08 29.47353 493.489
578.655 4235.895 74.47491 2.740124 0.08 28.7578 594.3856
584.595 4235.895 79.22371 1.530595 0.1463215 31.40592 191.9671
591.075 4235.895 76.06525 19.5255 0.08 29.29302 486.035
597.555 4235.895 75.04683 14.33143 0.08 26.61097 931.6896
604.035 4235.895 74.89088 13.73123 0.08 28.91062 577.9438
460.935 4235.355 77.72458 1.224153 0.1281415 30.78066 285.9771
467.415 4235.355 79.61397 6.882504 0.2020651 31.84211 109.0531
473.895 4235.355 74.90989 6.312072 0.08 31.73864 123.9677
480.375 4235.355 75.06991 9.003331 0.08659213 31.56171 137.6752
486.855 4235.355 75.90344 7.168723 0.08460497 31.80936 120.7092
492.795 4235.355 75.7634 13.83608 0.08 30.06167 390.4773
499.275 4235.355 75.0854 10.69712 0.08 27.64759 774.3583
505.755 4235.355 75.43995 12.74783 0.08 31.17514 214.963
512.235 4235.355 78.21175 0.6429741 0.1311758 31.81814 126.5646
518.715 4235.355 77.92748 1.96592 0.1118461 31.73907 141.5448
525.195 4235.355 78.22166 4.998509 0.1122408 31.11446 218.9307
531.675 4235.355 74.98671 8.107947 0.08066467 31.38073 202.9227
538.155 4235.355 79.90923 13.93007 0.2110923 31.28649 209.6693
544.635 4235.355 78.3891 10.51271 0.09471127 26.95973 839.3304
550.575 4235.355 78.28338 6.209964 0.1071058 29.71996 448.0262
557.055 4235.355 79.4432 16.90379 0.1156201 29.85585 426.2265
563.535 4235.355 75.4363 21.17783 0.08 28.86773 566.0521
570.015 4235.355 75.00665 15.322 0.08 28.60294 562.048
576.495 4235.355 78.26013 4.981703 0.1274873 29.03643 555.4297
582.975 4235.355 78.42898 1.965907 0.1142769 31.4562 184.8161
589.455 4235.355 77.42877 15.05641 0.08901724 29.69871 455.9772
595.935 4235.355 79.79055 24.88999 0.1316454 28.19287 625.2305
601.875 4235.355 76.47335 26.03504 0.08 27.85175 583.4103
458.775 4234.815 75.07505 3.799026 0.08 31.01849 252.5786
465.255 4234.815 75.48538 8.727265 0.08 31.92662 107.6688
471.735 4234.815 74.50218 11.99105 0.08 30.97656 208.2255
478.215 4234.815 79.70593 10.07348 0.2286172 32.17685 42.96592
484.695 4234.815 79.33745 0.6602648 0.1461433 32.37734 40.65784
491.175 4234.815 74.44092 7.582474 0.08 30.89529 272.8052
497.655 4234.815 77.426 26.97857 0.1060341 26.56672 866.7564
504.135 4234.815 75.3743 12.35912 0.08 30.85297 279.2836
510.075 4234.815 77.02982 2.232648 0.1085461 31.79416 132.8434
516.555 4234.815 79.29208 1.640729 0.2857745 31.88116 111.3721
523.035 4234.815 77.4754 3.630005 0.1068649 31.51384 175.4277
529.515 4234.815 74.60002 7.524466 0.08 30.95077 268.7061
535.995 4234.815 74.67983 8.789056 0.08 31.25216 219.0269
542.475 4234.815 75.94806 20.37439 0.08 29.01882 545.9221
548.955 4234.815 78.17926 27.32598 0.08796713 30.60209 237.1455
555.435 4234.815 74.96777 17.23778 0.08 27.80728 716.9136
561.915 4234.815 75.63959 18.92271 0.08 29.74369 437.9363
567.855 4234.815 78.00234 5.993681 0.09521618 29.89848 404.8751
574.335 4234.815 75.39752 13.91285 0.08 27.4136 765.077
580.815 4234.815 79.39391 7.329006 0.3110541 31.56677 157.2573
587.295 4234.815 79.3698 3.90642 0.2280551 31.31765 205.9877
593.775 4234.815 79.43861 7.894073 0.206884 30.09941 397.9531
600.255 4234.815 75.09646 3.836107 0.08 28.4965 625.0252
457.155 4234.275 79.71275 10.32768 0.2203898 31.8912 107.6774
463.635 4234.275 79.04017 14.00453 0.09516882 30.72778 234.9095
470.115 4234.275 78.71795 10.34991 0.1294765 30.63107 288.43
476.055 4234.275 78.44185 3.924405 0.1044228 32.13451 72.08744
482.535 4234.275 75.05853 9.118588 0.08 32.33744 55.35272
489.015 4234.275 75.86635 12.97137 0.08 30.71604 240.6532
495.495 4234.275 79.52251 7.999244 0.1773913 29.51409 452.3215
501.975 4234.275 78.48329 15.61415 0.1367005 30.08887 394.8178
508.455 4234.275 79.74821 4.194266 0.167426 31.75807 142.0664
514.935 4234.275 79.29137 0.9202958 0.2974137 32.00662 98.18158
521.415 4234.275 78.31448 4.541142 0.1100972 31.50731 174.6499
527.355 4234.275 79.45777 3.472214 0.2116008 31.72479 146.0252
533.835 4234.275 78.70478 1.361341 0.1119328 31.8061 129.5712
540.315 4234.275 75.07793 13.42736 0.08 29.9767 406.9014
546.795 4234.275 78.40337 6.105687 0.1201842 28.36326 648.571
553.275 4234.275 75.70899 19.74028 0.08 27.75508 741.6777
559.755 4234.275 76.18702 17.90451 0.08 30.64911 236.4171
566.235 4234.275 75.07692 11.64919 0.08 30.49845 335.3079
572.715 4234.275 75.52758 17.30493 0.08 29.86675 412.4571
579.195 4234.275 75.11833 13.54107 0.08 30.02479 402.855
585.135 4234.275 79.25698 1.017762 0.1511921 31.61482 158.7707
591.615 4234.275 79.52405 4.087215 0.1846357 31.02993 252.7916
598.095 4234.275 76.39771 23.26495 0.08 28.02277 687.1222
604.575 4234.275 79.41683 4.237256 0.1843923 30.09978 397.0735
461.475 4233.735 79.52843 2.384608 0.1701825 30.4947 323.9311
467.955 4233.735 76.92748 13.90286 0.08514124 30.96362 255.2069
474.435 4233.735 77.5775 2.438175 0.1093581 32.19964 70.27557
480.915 4233.735 75.27085 7.442361 0.08 32.1732 75.12897
487.395 4233.735 75.10944 11.31188 0.08 31.68242 150.6765
493.335 4233.735 80.18554 18.50416 0.2088626 30.12453 310.6505
499.815 4233.735 76.39231 17.63704 0.08 28.4864 560.9605
506.295 4233.735 78.04499 3.519925 0.1040112 31.35492 188.7035
512.775 4233.735 79.25581 0.4413003 0.1461149 31.92646 109.2003
519.255 4233.735 79.758 1.031418 0.1613783 31.75708 136.8334
525.735 4233.735 74.9183 3.719167 0.08 31.65279 153.7342
532.215 4233.735 77.65773 2.387852 0.0999298 31.74509 138.9552
538.695 4233.735 74.64045 13.08813 0.08 30.20958 336.1415
545.175 4233.735 75.20384 15.66422 0.08 28.6133 613.5609
551.115 4233.735 75.51524 18.09637 0.08 29.70319 448.575
557.595 4233.735 74.89414 11.58774 0.08 28.94916 534.6436
564.075 4233.735 75.21667 10.13996 0.08 30.31926 354.6611
570.555 4233.735 74.89364 14.59518 0.08 28.601 620.8898
577.035 4233.735 75.10228 3.696051 0.08089579 28.53068 630.0663
583.515 4233.735 79.66529 0.8250349 0.1713555 31.71155 143.3342
589.995 4233.735 75.70305 3.127165 0.08191995 31.43538 190.2471
596.475 4233.735 75.47263 15.54618 0.08 30.12088 387.1528
602.955 4233.735 74.74705 8.250237 0.08 29.8736 404.1103
459.315 4233.195 74.77849 5.032074 0.08 30.74669 277.5995
465.795 4233.195 79.95092 4.378027 0.1501306 31.76183 139.8184
472.275 4233.195 75.26688 7.445634 0.08 31.44123 191.2044
478.755 4233.195 75.81475 2.538721 0.08324286 31.966 107.3033
485.235 4233.195 79.36847 0.8500004 0.2695119 32.36706 41.50491
491.715 4233.195 75.13454 14.34925 0.08 30.8522 273.1235
498.195 4233.195 79.11921 13.88011 0.1227788 28.96785 522.4641
504.675 4233.195 75.32751 14.92301 0.08 30.88794 249.2169
510.615 4233.195 79.47915 2.117077 0.2070669 31.9242 113.0513
517.095 4233.195 78.30007 2.058429 0.1075375 31.82262 119.2367
523.575 4233.195 77.99897 2.856146 0.1043339 31.82642 125.8358
530.055 4233.195 78.02422 4.053258 0.1166171 31.37439 189.4237
536.535 4233.195 79.02416 3.021209 0.1408818 31.54707 164.1156
543.015 4233.195 76.8965 9.349079 0.0907385 29.42429 459.4445
549.495 4233.195 80.33611 20.34907 0.2331128 30.45926 231.3227
555.975 4233.195 76.49172 6.595607 0.08596126 29.60187 452.2899
562.455 4233.195 75.20723 14.0369 0.08 29.7856 430.3052
568.395 4233.195 74.54139 8.480993 0.08 29.2085 509.0533
574.875 4233.195 76.45295 25.86553 0.08 28.11299 616.3459
581.355 4233.195 79.74633 0.8767619 0.1629011 31.78971 131.5614
587.835 4233.195 77.47821 1.876785 0.1202952 31.68012 150.3601
594.315 4233.195 79.30104 3.703218 0.2376801 30.89424 271.6248
600.795 4233.195 79.17909 2.568151 0.2195372 29.65244 459.2319
457.695 4232.655 76.11817 18.2511 0.08 31.10631 181.5839
464.175 4232.655 75.73297 18.69202 0.08 29.42346 460.3668
470.655 4232.655 74.42606 8.633254 0.08 30.89264 257.7657
476.595 4232.655 74.38561 12.00534 0.08 31.87718 116.2143
483.075 4232.655 79.34574 1.130843 0.2954603 32.46765 23.59762
489.555 4232.655 74.31621 5.512501 0.08 31.2643 213.5087
496.035 4232.655 75.62054 16.12408 0.08 28.56976 563.8417
502.515 4232.655 75.2482 13.93129 0.08 30.22797 376.0921
508.995 4232.655 77.85559 1.223905 0.09779805 31.66191 150.3498
515.475 4232.655 79.63929 1.850188 0.1798293 31.96866 100.1146
521.955 4232.655 78.38731 0.9115552 0.1311758 31.72682 137.3112
528.435 4232.655 77.85401 1.415646 0.1177757 31.83894 122.0065
534.375 4232.655 78.37991 0.7414285 0.1311758 31.8952 114.6952
540.855 4232.655 74.9528 4.238472 0.08 30.48417 335.7242
547.335 4232.655 75.3035 16.23717 0.08 29.62554 453.4564
553.815 4232.655 75.22651 11.86716 0.08160441 29.23061 532.1943
560.295 4232.655 79.28857 2.303652 0.3008804 31.82791 122.9555
566.775 4232.655 75.63641 14.38129 0.08 29.51491 428.8634
573.255 4232.655 80.37259 20.68274 0.2401738 30.7437 262.0695
579.735 4232.655 74.83954 5.967129 0.08 31.68287 155.4688
585.675 4232.655 79.64901 1.180878 0.1727646 31.663 146.3479
592.155 4232.655 78.67166 3.613688 0.09795668 31.22806 222.8081
598.635 4232.655 78.96214 12.76083 0.08774693 29.44054 454.998
605.115 4232.655 79.44994 1.417962 0.1815303 30.60285 315.1421
462.015 4232.115 75.62939 15.81633 0.08 29.23739 491.0858
468.495 4232.115 79.035 13.04198 0.1054819 31.00777 252.2758
474.975 4232.115 74.69076 8.356082 0.08 32.258 41.89219
481.455 4232.115 74.14446 4.286682 0.08 32.36784 27.80147
487.935 4232.115 74.75617 7.55876 0.08 31.45166 160.1656
493.875 4232.115 74.24666 9.579522 0.08 30.16084 345.5599
500.355 4232.115 79.01165 15.21601 0.1184858 29.63182 438.3834
506.835 4232.115 74.96082 5.494359 0.08 30.88713 267.7603
513.315 4232.115 78.21922 0.5415476 0.1311758 32.01471 96.01404
519.795 4232.115 79.4859 0.5058076 0.2002533 31.80285 128.1343
526.275 4232.115 79.88523 0.2425579 0.1544529 32.07303 86.40293
532.755 4232.115 78.41751 1.289676 0.1237904 31.92539 109.6981
539.235 4232.115 78.15047 1.984756 0.09235596 30.56651 319.8206
545.715 4232.115 75.70259 18.16541 0.08 28.61689 603.2579
551.655 4232.115 75.9407 17.16777 0.08 29.26575 478.9194
558.135 4232.115 75.88196 20.48952 0.08 29.6022 450.407
564.615 4232.115 76.81146 11.81869 0.08588493 31.05937 230.7001
571.095 4232.115 74.89284 8.472331 0.08 28.56109 625.1208
577.575 4232.115 74.97124 15.15904 0.08 30.60167 316.8758
584.055 4232.115 80.00475 0.4425451 0.148368 31.79959 129.0212
590.535 4232.115 79.47611 1.371361 0.1467174 31.58766 162.6453
597.015 4232.115 79.32655 3.002594 0.2100412 30.64584 306.12
603.495 4232.115 79.63153 2.373974 0.1587084 30.3627 343.3576
459.855 4231.575 75.40288 16.60597 0.08 29.79179 391.2444
466.335 4231.575 79.87981 5.082215 0.1398382 31.21537 203.5014
472.815 4231.575 77.80275 4.145792 0.1024513 32.06034 94.68999
479.295 4231.575 79.54139 9.189114 0.1413526 32.39078 30.73898
485.775 4231.575 79.76283 3.977174 0.1720722 32.17458 74.34794
492.255 4231.575 79.90578 12.76289 0.1836285 30.8294 228.197
498.735 4231.575 76.75953 22.57871 0.08 29.51071 463.3764
505.215 4231.575 77.89346 2.336112 0.09630362 31.46579 178.7149
511.155 4231.575 79.57499 1.135917 0.1878074 31.94382 103.8604
517.635 4231.575 78.1858 7.320192 0.09336581 31.3265 207.8889
524.115 4231.575 77.72717 1.196257 0.111757 32.13846 78.50722
530.595 4231.575 74.49295 4.049317 0.08 31.2189 213.4288
537.075 4231.575 79.70177 2.81447 0.1681726 31.64616 153.8767
543.555 4231.575 79.8111 10.73015 0.1690144 30.24322 350.5448
550.035 4231.575 79.56031 5.359468 0.1759744 30.56636 305.9563
556.515 4231.575 76.34371 23.82492 0.08 30.70976 265.7736
562.995 4231.575 74.28205 7.733247 0.08 30.03977 406.3076
568.935 4231.575 75.75959 17.93809 0.08 26.38294 927.363
575.415 4231.575 74.7921 6.062725 0.08 31.3222 210.6342
581.895 4231.575 78.39136 0.5053283 0.1311758 31.88783 115.5642
588.375 4231.575 79.29178 0.4352422 0.2735238 31.76615 134.1003
594.855 4231.575 79.94804 15.36956 0.2088431 30.56723 264.2883
601.335 4231.575 76.71642 21.59536 0.08 27.97899 679.5
458.235 4231.035 74.59473 3.501516 0.08 30.05166 388.0392
464.715 4231.035 74.32794 4.505026 0.08 30.22513 372.806
471.195 4231.035 75.66011 14.68291 0.08 31.5596 151.5929
477.135 4231.035 78.80476 10.9299 0.1350397 32.22714 67.97504
483.615 4231.035 78.69918 8.286727 0.09602644 32.23989 47.51075
490.095 4231.035 74.77307 9.307848 0.08 31.38688 195.9501
496.575 4231.035 74.7683 11.87329 0.08 29.46718 468.4298
503.055 4231.035 75.41149 12.11471 0.08 30.8245 232.9265
509.535 4231.035 78.45678 8.792633 0.09318496 31.48054 145.3669
516.015 4231.035 77.96968 1.716452 0.1000451 32.01512 97.93454
522.495 4231.035 78.16861 1.966133 0.1102032 32.06306 90.89471
528.975 4231.035 78.41577 4.674144 0.09973233 32.1046 88.97969
534.915 4231.035 76.4161 3.568561 0.1252999 31.92469 108.144
541.395 4231.035 79.38096 9.072556 0.1416609 30.95402 265.1168
547.875 4231.035 79.36384 2.875443 0.2589972 32.01608 96.54877
554.355 4231.035 76.51364 20.57913 0.08 31.07843 197.8464
560.835 4231.035 78.53039 4.199334 0.0943302 31.90264 111.017
567.315 4231.035 79.07085 17.97392 0.0979817 29.14397 467.0467
573.795 4231.035 76.17039 6.273419 0.1127961 31.60606 160.1824
580.275 4231.035 79.36312 0.07865867 0.2386814 31.91685 110.1119
586.755 4231.035 79.38455 0.6567534 0.226377 31.82973 124.5609
592.695 4231.035 79.37987 1.284506 0.2209085 31.60711 160.0387
599.175 4231.035 76.26173 19.8782 0.08 27.29772 736.2292
456.075 4230.495 76.43207 3.641492 0.0870428 32.4061 39.33562
462.555 4230.495 74.90076 7.791645 0.08 30.30606 368.1942
469.035 4230.495 78.18239 1.241728 0.09476127 31.53677 170.4793
475.515 4230.495 79.56554 5.154908 0.2199168 32.49937 20.05102
481.995 4230.495 74.57154 1.803422 0.08 31.80899 128.8848
488.475 4230.495 78.24356 12.60834 0.08513569 31.2107 225.548
494.415 4230.495 79.09258 5.950109 0.1334504 30.2184 351.9983
500.895 4230.495 79.96305 15.80001 0.2076246 30.29122 322.4762
507.375 4230.495 79.42166 15.78628 0.1221999 30.76155 222.463
513.855 4230.495 78.85009 1.520904 0.1311758 32.0937 85.69452
520.335 4230.495 78.61929 2.381369 0.1168519 31.96897 104.3518
526.815 4230.495 79.82289 0.8074073 0.1612467 32.21857 63.98995
533.295 4230.495 77.38245 0.2923998 0.1248759 32.04202 91.08189
539.775 4230.495 75.89577 6.134372 0.08276214 30.72119 303.2368
546.255 4230.495 74.94015 5.439575 0.08 29.90864 427.82
552.195 4230.495 76.24083 21.24969 0.08 30.25895 347.4282
558.675 4230.495 78.88416 1.732103 0.1350584 32.10981 84.04466
565.155 4230.495 75.24622 13.65109 0.08 30.20771 337.0007
571.635 4230.495 78.53032 7.290792 0.1226831 30.97281 246.4173
578.115 4230.495 79.55674 1.87772 0.1882705 31.76578 133.0579
584.595 4230.495 78.4914 0.6418224 0.126782 31.88591 115.5681
591.075 4230.495 78.77007 1.171471 0.1175997 31.72196 142.6047
597.555 4230.495 75.99671 16.08143 0.08 28.84404 510.8945
604.035 4230.495 75.07197 15.46141 0.08 29.69856 434.1598
460.395 4229.955 74.93025 10.02944 0.08 29.98997 371.5229
466.875 4229.955 79.51379 21.28163 0.09892663 31.02323 204.1749
473.355 4229.955 75.69906 5.454606 0.0819404 32.12775 71.28555
480.375 4229.955 75.25937 7.651097 0.08 32.11581 80.62158
486.855 4229.955 74.8706 5.813986 0.08 31.44466 163.9346
493.335 4229.955 79.50748 4.111458 0.1903265 31.17098 231.0523
499.815 4229.955 74.99752 13.79295 0.08 29.33726 453.2539
506.295 4229.955 78.60348 7.411331 0.1214125 30.85307 283.0389
512.775 4229.955 78.04825 0.4670155 0.1311758 32.03865 92.12457
518.715 4229.955 74.85953 4.409509 0.08 31.58629 166.9758
525.195 4229.955 77.30214 0.102679 0.1311758 32.25277 58.53112
531.675 4229.955 78.05429 3.61172 0.1081118 32.06577 91.12117
538.155 4229.955 78.02326 2.285984 0.1180612 31.52633 169.6586
544.635 4229.955 75.67714 7.944921 0.09989687 31.25222 222.5898
551.115 4229.955 76.08835 19.95739 0.08 29.35292 433.0438
557.595 4229.955 79.83163 1.409559 0.16058 32.23885 63.58049
564.075 4229.955 79.68678 11.47483 0.2592699 31.72013 110.9506
570.015 4229.955 75.60486 19.89994 0.08 29.44394 435.9159
576.495 4229.955 79.64832 1.445812 0.1759309 31.8168 128.0772
582.975 4229.955 79.29522 0.3367864 0.3027851 31.95103 104.1167
589.455 4229.955 79.73662 0.4820377 0.1641342 31.81593 126.225
595.935 4229.955 74.71954 9.623168 0.08 28.94568 554.9326
602.415 4229.955 78.93043 14.37675 0.1021565 29.91 412.5565
459.315 4229.415 81.01722 25.3828 0.1674069 29.78854 304.0794
465.795 4229.415 75.05075 13.85322 0.08 30.81447 259.694
472.275 4229.415 79.63003 1.167826 0.1933327 32.61977 3.24859
479.295 4229.415 78.0518 1.772339 0.1111097 32.60672 4.73701
485.775 4229.415 79.83617 4.134412 0.1647292 32.23234 58.4253
492.255 4229.415 79.33487 4.116133 0.2256458 30.96321 246.5695
498.735 4229.415 74.34908 10.55066 0.08 29.83251 418.2831
505.215 4229.415 75.17609 1.528606 0.08247988 30.52656 326.9717
511.695 4229.415 78.42651 2.132784 0.1251155 31.98708 96.55511
518.175 4229.415 78.34953 2.707094 0.103156 31.49426 179.1525
524.655 4229.415 79.34932 0.1220812 0.2732617 32.28763 53.05318
531.135 4229.415 79.81121 1.524153 0.1613079 32.13683 77.85018
537.075 4229.415 78.44216 2.325652 0.136503 31.84174 123.7256
543.555 4229.415 75.48974 15.99546 0.08 30.26768 340.456
550.035 4229.415 75.833 16.606 0.08 31.45786 180.7923
556.515 4229.415 78.60549 1.219022 0.1109356 32.31395 51.4984
562.995 4229.415 77.14445 7.455581 0.08718166 31.65273 143.1467
569.475 4229.415 74.95552 17.24391 0.08 29.12938 532.1336
575.955 4229.415 78.23776 1.7071 0.1043478 31.83635 125.5862
582.435 4229.415 79.28772 0.5594951 0.2992394 31.98816 99.7998
588.915 4229.415 79.66814 0.05366471 0.1727646 31.85375 119.7669
594.855 4229.415 75.30333 12.63317 0.08 29.17693 483.7472
601.335 4229.415 75.78997 5.008628 0.08547667 30.38404 350.3701
458.235 4228.875 80.18369 15.34552 0.1903971 31.93276 111.3277
464.715 4228.875 78.11173 6.592401 0.09834408 30.06722 373.5415
471.195 4228.875 78.38155 8.743723 0.09662454 32.53561 13.29083
479.835 4228.875 77.83628 3.398849 0.1056457 32.59052 6.097088
486.315 4228.875 74.98495 8.510426 0.08 32.09783 71.93138
492.795 4228.875 74.58412 4.514291 0.08 31.22196 223.1513
498.735 4228.875 77.39867 12.47729 0.08590686 30.30286 366.6373
505.215 4228.875 74.26675 5.111998 0.08 30.23767 357.2667
511.695 4228.875 79.30758 2.423431 0.3080144 32.07542 89.05512
518.175 4228.875 74.28332 4.084324 0.08 31.58622 167.1855
524.655 4228.875 78.25614 1.215762 0.1311758 32.25091 55.88118
531.135 4228.875 79.04422 0.7130224 0.1311758 32.16775 72.90814
537.615 4228.875 79.53891 6.356989 0.2064052 31.56239 152.1111
544.095 4228.875 74.74963 9.073061 0.08 31.52208 159.2806
550.575 4228.875 75.12416 14.79204 0.08 31.54776 171.089
556.515 4228.875 78.38881 0.3761593 0.1311758 32.30713 50.19091
562.995 4228.875 75.76572 12.96247 0.08638332 31.95194 101.6733
569.475 4228.875 75.7618 16.52591 0.08 29.72461 449.0875
575.955 4228.875 79.32489 1.193734 0.1433225 31.9238 111.5902
582.435 4228.875 79.28569 0.723093 0.3225286 32.02357 95.10727
588.915 4228.875 79.89164 0.751305 0.1519702 31.86834 118.4322
595.395 4228.875 74.57053 8.954208 0.08 29.55253 483.7678
601.875 4228.875 79.36686 2.871205 0.2008707 30.67104 303.0013
458.775 4228.335 76.87518 22.58312 0.08 30.45988 292.2134
464.715 4228.335 75.68709 15.12638 0.08 29.07966 489.0117
479.835 4228.335 76.50911 1.388594 0.1202437 32.61621 4.140944
486.315 4228.335 78.42137 4.02094 0.09169047 32.36769 41.95528
492.795 4228.335 77.85601 3.936996 0.109202 31.13783 220.2112
499.275 4228.335 75.18201 15.0785 0.08 30.01117 362.7727
505.755 4228.335 75.40202 15.83653 0.08 30.46362 322.1603
512.235 4228.335 78.32774 0.4758784 0.1272815 32.08202 84.45517
518.715 4228.335 78.47757 2.944298 0.1257769 31.8233 125.65
525.195 4228.335 77.29212 1.035738 0.1311758 32.30016 52.18877
531.135 4228.335 78.71764 0.7227352 0.1311758 32.19358 68.93487
537.615 4228.335 79.60532 6.593317 0.1950991 31.57825 158.0183
544.095 4228.335 74.3316 8.138359 0.08 32.07344 93.12146
550.575 4228.335 75.27731 12.28005 0.08 32.14264 83.71697
557.055 4228.335 79.30662 0.3285643 0.3355791 32.29305 52.13416
563.535 4228.335 78.46034 1.091994 0.1113481 32.09156 85.56659
570.015 4228.335 79.40035 20.59948 0.09372194 29.86543 325.0806
576.495 4228.335 79.4937 1.126276 0.2037743 31.9916 100.8626
582.975 4228.335 79.00054 0.3119088 0.1311758 32.01415 95.7587
588.915 4228.335 79.35449 0.6297271 0.2447015 31.88408 115.7645
595.395 4228.335 74.61512 10.83611 0.08 30.01993 410.8808
601.875 4228.335 74.26221 7.505404 0.08 30.47486 314.9673
458.775 4227.795 75.79437 16.91157 0.08 30.42553 282.0124
465.255 4227.795 74.28825 4.319561 0.08 29.98106 409.2745
482.535 4227.795 77.88474 6.535278 0.09039262 32.53532 24.69266
489.015 4227.795 74.65839 12.48547 0.08 31.14035 195.2386
495.495 4227.795 77.9161 7.921395 0.1096282 30.848 269.5685
501.435 4227.795 78.97022 2.645282 0.1369332 31.3769 196.0798
507.915 4227.795 77.74513 4.740469 0.1165459 31.39831 176.5337
514.395 4227.795 79.85164 0.6345315 0.1519702 32.18628 70.01633
520.875 4227.795 78.29116 0.5293859 0.1244379 32.26191 58.07598
527.355 4227.795 79.32726 2.643148 0.34 32.29603 50.52615
533.835 4227.795 75.81777 13.40572 0.08022014 31.41534 185.2372
540.315 4227.795 74.90995 14.11415 0.08 31.34672 181.2049
546.795 4227.795 79.47847 0.7883884 0.2174565 32.31184 50.26367
553.275 4227.795 79.48326 0.756394 0.2177065 32.38426 39.25127
559.215 4227.795 79.75376 1.177095 0.1691986 32.25449 60.6225
565.695 4227.795 79.69908 4.507578 0.171443 31.58253 167.5737
572.175 4227.795 79.87801 4.374727 0.1480506 31.57054 150.0244
578.655 4227.795 79.35124 0.3764674 0.2568654 32.07127 87.04285
585.135 4227.795 78.71393 0.2904336 0.1311758 31.99783 98.20631
591.615 4227.795 79.27166 0.6707389 0.3141854 31.83582 123.9873
598.095 4227.795 74.5755 9.331692 0.08 30.59184 290.1663
604.575 4227.795 78.43189 3.89475 0.1199427 30.84765 262.9894
461.475 4227.255 80.05562 14.61786 0.1752866 30.53186 259.5932
467.415 4227.255 76.78538 24.30336 0.08 31.6508 108.4612
485.775 4227.255 78.90564 1.877162 0.1311758 32.40617 34.73967
492.255 4227.255 78.33206 8.519679 0.1225621 31.55275 146.3088
498.735 4227.255 79.67848 3.869551 0.1749635 31.74592 143.546
505.215 4227.255 76.00248 14.16493 0.08622535 30.00179 379.6425
511.695 4227.255 79.309 0.6204543 0.293722 32.16869 70.88715
518.175 4227.255 77.97965 3.549371 0.1165942 31.90339 101.7131
524.655 4227.255 79.34728 0.7376925 0.2778863 32.30296 48.79138
531.135 4227.255 79.92247 0.7267721 0.1311758 32.21569 64.84844
537.075 4227.255 75.88942 7.719665 0.08924195 31.71367 148.8258
543.555 4227.255 76.39513 4.836823 0.1028745 31.97776 109.0688
550.035 4227.255 79.85701 0.8427148 0.1597742 32.38744 39.4873
556.515 4227.255 77.95976 0.3039029 0.1311758 32.34836 44.15046
562.995 4227.255 77.80335 1.334987 0.1311758 32.17443 73.14966
569.475 4227.255 75.50681 19.34831 0.08 29.79553 383.7189
575.955 4227.255 79.55588 0.5971071 0.1929752 32.06565 88.14633
582.435 4227.255 79.63501 0.5181038 0.1311758 32.04417 91.61472
588.375 4227.255 79.7521 0.2148485 0.1641342 31.93808 106.9323
594.855 4227.255 75.42285 8.920362 0.08 31.2376 221.5967
601.335 4227.255 76.24175 16.23047 0.08 30.2259 372.2624
458.235 4226.715 75.71196 18.35761 0.08 31.53791 160.7299
464.715 4226.715 78.9597 4.719186 0.1412076 30.28167 359.9755
482.535 4226.715 78.90229 0.3334884 0.1311758 32.56095 10.78231
489.015 4226.715 78.97327 10.83481 0.1108311 31.42641 153.0583
495.495 4226.715 77.61407 5.208893 0.1142158 31.08131 225.8453
501.975 4226.715 75.83669 9.813183 0.08 30.58486 300.95
507.915 4226.715 75.12798 15.00638 0.08 29.8489 364.546
514.395 4226.715 79.2978 0.758944 0.34 32.22858 61.53568
520.875 4226.715 79.80534 0.2311894 0.1641342 32.30048 50.85909
527.355 4226.715 77.91959 4.397963 0.1361533 32.30446 47.52855
533.835 4226.715 77.25952 6.512604 0.1186796 31.94666 105.3706
540.315 4226.715 75.21238 14.85228 0.08 31.41626 128.7649
546.795 4226.715 79.53539 1.041922 0.205723 32.3997 37.93483
553.275 4226.715 79.39185 0.401059 0.258199 32.4439 29.602
559.755 4226.715 79.58483 0.3890201 0.193559 32.29565 52.6278
565.695 4226.715 74.61737 7.281526 0.08 31.70438 145.6721
572.175 4226.715 75.08819 14.98462 0.08 30.94867 261.8873
578.655 4226.715 77.87361 0.3462905 0.1311758 32.11782 79.88258
585.135 4226.715 78.70985 0.4377998 0.1311758 32.01811 94.61855
591.615 4226.715 78.50981 0.7179816 0.1311758 31.89769 114.4945
598.095 4226.715 77.781 3.170822 0.1068407 31.3213 206.9576
604.575 4226.715 75.89303 16.81807 0.08 30.32163 337.6044
461.475 4226.175 75.4547 12.8402 0.08 29.35531 452.4771
479.835 4226.175 78.20436 2.525137 0.1141728 32.62313 1.874571
485.775 4226.175 79.4965 0.102705 0.2161722 32.47641 23.98214
492.255 4226.175 79.39278 5.010796 0.2628435 31.90018 99.24551
498.735 4226.175 78.84191 12.53022 0.1078612 30.98138 202.3995
505.215 4226.175 78.41162 12.77257 0.09347115 30.16672 353.2094
511.695 4226.175 79.29964 1.638441 0.3379246 32.22544 61.61814
518.175 4226.175 78.20647 2.444606 0.09757278 32.22424 67.74245
524.655 4226.175 79.53037 5.899474 0.2283932 32.22254 53.63115
531.135 4226.175 78.39266 0.156786 0.1311758 32.26785 56.11387
537.075 4226.175 75.37018 5.561129 0.08 31.84543 128.4653
543.555 4226.175 79.83448 1.415938 0.1619543 32.35021 45.06001
550.035 4226.175 79.32866 0.3669428 0.3258519 32.41615 32.58171
556.515 4226.175 77.31874 0.5925508 0.1311758 32.37196 40.8396
562.995 4226.175 79.67634 0.5240378 0.1780406 32.23079 62.76348
569.475 4226.175 74.75068 10.1416 0.08 31.34502 206.9633
575.955 4226.175 79.92964 0.8287362 0.1514185 32.11779 80.58604
582.435 4226.175 78.85035 0.1976928 0.1311758 32.07495 86.07371
588.915 4226.175 78.63098 0.850446 0.1311758 31.95884 105.1396
594.855 4226.175 75.67146 3.951858 0.08 31.66876 153.7749
601.335 4226.175 79.77774 2.71466 0.1556734 31.1967 225.5218
458.235 4225.635 75.46694 8.227568 0.08 31.7725 115.2576
464.715 4225.635 74.82561 14.77797 0.08 30.01017 368.6681
483.075 4225.635 79.62759 1.419654 0.193559 32.57566 8.898806
489.555 4225.635 75.90841 9.944946 0.08705191 31.74492 142.5333
496.035 4225.635 79.94405 3.468675 0.1473685 31.91473 116.9022
502.515 4225.635 78.33124 8.821217 0.09079189 30.68118 306.0249
508.995 4225.635 76.28771 26.34997 0.08 31.10242 200.3259
514.935 4225.635 78.85825 0.08783958 0.1311758 32.21165 64.46342
521.415 4225.635 79.59319 0.7859963 0.193559 32.33165 47.79736
527.895 4225.635 79.31075 0.6727543 0.34 32.37436 40.9295
534.375 4225.635 74.71378 6.746363 0.08 32.14925 83.40844
540.855 4225.635 78.23066 4.93167 0.09131718 32.39449 44.19374
547.335 4225.635 78.05545 0.1460702 0.1311758 32.42709 31.67402
553.815 4225.635 78.73812 0.3031749 0.1311758 32.42156 31.61447
560.295 4225.635 79.0068 0.3788261 0.1311758 32.31677 48.66899
566.775 4225.635 74.68935 4.893746 0.08 31.84056 127.332
572.715 4225.635 75.85076 6.392164 0.08349343 32.0919 91.60867
579.195 4225.635 79.28527 0.1190551 0.34 32.10751 80.43216
585.675 4225.635 77.61376 0.1770877 0.1311758 32.02073 94.36773
592.155 4225.635 78.76448 3.026538 0.1311758 31.91092 114.1183
598.635 4225.635 78.69954 4.430233 0.1006245 31.09796 239.314
605.115 4225.635 74.67068 8.558219 0.08 30.22107 356.2545
462.015 4225.095 76.36742 5.979305 0.0851631 29.26704 527.1345
479.835 4225.095 78.1503 0.6509753 0.09696145 32.62455 2.626646
486.315 4225.095 78.27426 7.374922 0.09975702 32.05482 69.50473
492.255 4225.095 80.27198 6.721405 0.1498784 31.72586 117.1021
498.735 4225.095 75.64864 18.04715 0.08 29.18304 521.3192
505.215 4225.095 74.42045 10.13522 0.08 31.77634 141.5401
511.695 4225.095 79.30988 1.115314 0.3371364 32.26432 59.00135
518.175 4225.095 79.94017 0.3532096 0.1519702 32.26599 56.06353
524.655 4225.095 78.56731 6.764687 0.08764363 32.35402 52.72239
531.135 4225.095 79.95826 0.6391426 0.1519702 32.32803 47.46658
537.615 4225.095 79.0154 1.17832 0.1379273 32.42759 34.07209
543.555 4225.095 79.90533 0.9089258 0.155825 32.43602 31.64437
550.035 4225.095 79.52418 0.1212523 0.2081243 32.43925 29.85549
556.515 4225.095 78.45486 0.4654835 0.1311758 32.38089 38.12886
562.995 4225.095 78.83204 1.179027 0.1311758 32.27924 55.75894
569.475 4225.095 79.87373 2.537266 0.1540275 31.85547 124.6742
575.955 4225.095 79.29006 0.1146552 0.3346075 32.12999 76.98086
582.435 4225.095 79.60709 0.07207593 0.1849286 32.06614 86.9116
588.915 4225.095 78.36254 0.3196475 0.1311758 31.96963 101.0776
595.395 4225.095 78.82689 0.3543611 0.1311758 31.75344 135.6949
601.335 4225.095 79.47474 1.6673 0.1462866 31.48347 180.2643
459.315 4224.555 79.45442 20.39214 0.124075 31.14753 183.2687
465.795 4224.555 74.77753 4.303722 0.08 30.57923 322.717
484.155 4224.555 78.27851 5.311811 0.0987067 32.49831 15.99968
490.635 4224.555 75.26295 8.827373 0.08 31.95097 100.1226
497.115 4224.555 74.20998 1.748174 0.08 31.84124 122.0335
503.595 4224.555 76.2155 18.20082 0.08 30.80044 209.2877
510.075 4224.555 77.08647 5.603533 0.09890427 32.18707 66.30114
516.555 4224.555 78.47526 0.365163 0.1311758 32.26559 56.98012
522.495 4224.555 79.30695 0.07404513 0.34 32.31913 48.03066
528.975 4224.555 79.91784 1.314651 0.1519702 32.41063 36.92693
535.455 4224.555 78.39059 0.460449 0.1311758 32.4204 32.40675
541.935 4224.555 79.39094 0.7547508 0.259473 32.48977 23.58055
548.415 4224.555 79.96419 0.6033002 0.1519702 32.47001 26.19872
554.895 4224.555 77.82779 0.3217582 0.1311758 32.41863 33.31089
561.375 4224.555 79.94762 1.525531 0.1519702 32.29028 49.72414
567.855 4224.555 78.61951 2.241305 0.1173299 32.04152 95.24635
574.335 4224.555 79.30135 0.5709131 0.34 32.18325 69.61869
580.275 4224.555 78.89715 0.3059447 0.1311758 32.08993 84.08515
586.755 4224.555 78.78117 0.2198596 0.1311758 32.00092 97.26366
593.235 4224.555 79.42323 0.436899 0.2178869 31.89405 112.4383
599.715 4224.555 75.28601 8.662763 0.08218549 31.35083 181.581
458.235 4224.015 76.42576 16.67938 0.08 31.82616 88.01218
464.715 4224.015 75.73932 20.72459 0.08 30.92076 245.6753
483.075 4224.015 79.72202 0.6681031 0.1794589 32.62159 1.519732
489.555 4224.015 76.72444 7.019223 0.08873571 31.63268 135.3858
495.495 4224.015 77.71915 2.869439 0.1097566 32.18576 73.14992
501.975 4224.015 75.54084 11.6002 0.08 28.61145 573.4944
508.455 4224.015 77.819 2.063828 0.1035948 32.19196 69.46027
514.935 4224.015 79.30026 0.2830589 0.34 32.2624 57.08347
521.415 4224.015 79.42362 0.115894 0.2351479 32.32514 47.39002
527.895 4224.015 74.52224 2.048795 0.08 32.38617 36.30723
534.375 4224.015 79.59489 0.5417615 0.193559 32.3877 38.23019
540.855 4224.015 79.4515 0.1792602 0.2341954 32.53308 14.97004
547.335 4224.015 79.45786 0.4014675 0.2300509 32.49265 22.33874
553.275 4224.015 79.31959 0.6637127 0.34 32.43148 30.88664
559.755 4224.015 77.81215 0.4602402 0.1311758 32.36419 42.09845
566.235 4224.015 78.19467 1.265081 0.1029326 32.18674 70.79103
572.715 4224.015 78.66515 0.4695383 0.1311758 32.19987 65.80839
579.195 4224.015 79.70604 0.4033261 0.1727646 32.11111 80.64297
585.675 4224.015 79.29263 0.3396939 0.3087426 32.01786 94.76614
592.155 4224.015 78.64358 0.4585092 0.1311758 31.91611 109.8762
598.635 4224.015 79.30856 1.036537 0.2532469 31.67979 148.805
605.115 4224.015 79.75806 7.306292 0.1594076 30.50629 307.7644
463.095 4223.475 75.43712 14.75011 0.08 29.69749 399.2269
483.615 4223.475 79.41956 0.7877191 0.2529891 32.62847 2.133691
490.095 4223.475 76.20842 16.77076 0.08 31.60474 139.0432
496.575 4223.475 74.24493 10.69337 0.08 31.22031 186.0139
503.055 4223.475 75.0162 6.66939 0.08585033 30.6779 308.3101
509.535 4223.475 78.77482 0 0.1284288 32.29376 52
516.015 4223.475 79.38204 0.3733179 0.2491306 32.27357 54.18148
522.495 4223.475 75.79325 11.78191 0.08756986 31.97972 99.43579
528.975 4223.475 79.3169 0.2977069 0.34 32.44624 29.03264
534.915 4223.475 79.53717 0.4018787 0.205723 32.42813 31.32273
541.395 4223.475 79.32335 0.2511213 0.34 32.53149 15.38415
547.875 4223.475 78.77819 1.700783 0.1311758 32.46806 27.20885
554.355 4223.475 78.7382 0.3594497 0.1311758 32.4253 31.22258
560.835 4223.475 79.4646 0.3893655 0.2225115 32.35834 42.02609
567.315 4223.475 79.55142 0.664809 0.1983699 32.21052 66.12228
573.795 4223.475 79.4529 0.4811677 0.219509 32.16879 71.41047
580.275 4223.475 79.27735 0.308475 0.3271021 32.09708 82.87827
586.215 4223.475 79.42941 0.1974379 0.219509 32.00502 95.94522
592.695 4223.475 79.2709 0.3400478 0.34 31.91627 110.8624
599.175 4223.475 79.38099 0.4488806 0.2233593 31.69183 145.2849
458.235 4222.935 79.48579 5.634345 0.1117913 32.50224 18.95317
464.715 4222.935 78.23336 6.282054 0.09577011 32.21535 73.59949
487.395 4222.935 78.55104 0.8239917 0.1311758 31.90667 112.1644
493.875 4222.935 79.51439 7.943513 0.2691688 32.11958 55.65882
500.355 4222.935 74.65153 9.086009 0.08 30.55362 324.4529
506.835 4222.935 75.91317 14.44817 0.08 31.73556 141.3641
512.775 4222.935 79.45371 1.34587 0.2217978 32.22675 60.26842
519.255 4222.935 78.67122 13.71877 0.1024321 31.6433 102.4471
525.735 4222.935 74.41434 8.672096 0.08 31.56677 139.756
532.215 4222.935 79.69462 0.424355 0.1794589 32.41513 34.00268
538.695 4222.935 78.60073 0.3974746 0.1311758 32.54663 14.03762
545.175 4222.935 78.26891 0.01267242 0.1311758 32.50742 19.14116
551.655 4222.935 77.21396 0.2455262 0.1311758 32.44457 28.35581
558.135 4222.935 78.80025 0.7348435 0.1311758 32.36199 39.65005
564.615 4222.935 78.85327 0.2433048 0.1311758 32.30229 50.47075
570.555 4222.935 79.30341 0.3526473 0.34 32.24165 59.74187
577.035 4222.935 79.65202 0.6486161 0.1794589 32.07755 84.66194
583.515 4222.935 79.38032 0.7289173 0.2369666 32.0356 89.96674
589.995 4222.935 79.48854 1.224204 0.2031127 31.91938 107.1645
596.475 4222.935 79.50395 0.5409861 0.1970925 31.81084 125.5916
602.955 4222.935 75.24687 13.88698 0.08 30.38571 352.0385
462.015 4222.395 78.89901 18.80229 0.1362573 31.44781 176.5467
485.235 4222.395 76.4145 6.134655 0.0857878 32.16143 66.13103
491.715 4222.395 78.01116 0.837047 0.09685363 31.44893 183.0515
497.655 4222.395 76.63566 25.28285 0.08 28.81122 441.0799
504.135 4222.395 77.0919 27.51661 0.08 28.71596 437.1416
510.615 4222.395 79.32993 0 0.2947069 32.29376 52
517.095 4222.395 79.14095 0.2651452 0.1311758 32.27569 54.27216
523.575 4222.395 75.51691 12.37389 0.08150701 31.8707 93.5929
530.055 4222.395 79.31469 0.3703299 0.34 32.46867 25.7301
536.535 4222.395 79.3205 0.1213565 0.34 32.50391 19.77846
543.015 4222.395 78.77158 0.5522726 0.1311758 32.50141 19.54718
549.495 4222.395 78.63123 0.2087501 0.1311758 32.462 25.73693
555.435 4222.395 78.44134 3.742254 0.09902651 32.34006 34.79995
561.915 4222.395 79.34478 0.3673118 0.2828632 32.34126 44.47534
568.395 4222.395 78.44271 0.9096361 0.1311758 32.26849 57.71772
574.875 4222.395 79.70113 0.8243335 0.1727646 32.09226 80.96547
581.355 4222.395 79.6467 0.4830444 0.1794589 32.06277 86.35025
587.835 4222.395 79.32358 0.6595454 0.2693309 31.93363 105.7634
594.315 4222.395 79.26383 0.1649827 0.3252533 31.8604 119.0658
600.795 4222.395 78.12234 6.97657 0.09569456 31.49885 156.6859
459.315 4221.855 74.12666 7.089845 0.08 31.28605 214.4361
465.795 4221.855 74.73736 9.423219 0.08 32.28248 54.00459
488.475 4221.855 76.9733 2.655157 0.09620198 31.76789 127.5325
494.955 4221.855 76.15524 23.22903 0.08 30.13848 260.4537
501.435 4221.855 75.40229 11.44425 0.08 31.04026 253.1761
507.915 4221.855 78.0869 6.822186 0.1011948 31.95612 90.90221
514.395 4221.855 78.35116 6.123189 0.1190422 31.89991 92.71394
520.875 4221.855 79.32392 0.6805786 0.3041271 32.31722 48.12774
527.355 4221.855 75.84907 13.36443 0.08386207 31.62034 109.4259
533.295 4221.855 79.47502 0.3264055 0.2225115 32.44 30.01784
539.775 4221.855 79.60128 0.08794919 0.1970925 32.53778 14.26942
546.255 4221.855 79.58993 0.02849478 0.1970925 32.50433 19.67256
552.735 4221.855 78.62663 0.3024439 0.1311758 32.44397 29.18712
559.215 4221.855 78.70459 0.4803409 0.1311758 32.36071 40.92014
565.695 4221.855 79.32971 0.5731069 0.2877865 32.29392 53.21526
572.175 4221.855 79.42069 0.3685665 0.2277421 32.16644 71.27498
578.655 4221.855 79.43872 0.6317093 0.2161722 31.98835 98.04885
585.135 4221.855 76.00135 20.80825 0.08 30.75751 181.5496
591.075 4221.855 79.67426 0.2925779 0.1727646 31.8755 115.7935
597.555 4221.855 79.65917 0.2677356 0.1727646 31.78398 130.2716
604.035 4221.855 78.56909 13.14567 0.1059929 29.85981 392.5759
463.095 4221.315 76.81316 27.90305 0.08 31.51224 127.104
486.855 4221.315 78.77494 5.172138 0.08748939 32.06943 76.58634
493.335 4221.315 79.34536 3.166469 0.3055574 32.32887 41.87456
499.815 4221.315 79.80323 12.87299 0.2188283 31.25954 217.6718
506.295 4221.315 79.16347 6.671329 0.1321851 32.18221 78.74824
512.775 4221.315 78.3536 0.7265567 0.1311758 32.10098 79.82829
518.715 4221.315 78.81312 0.1815059 0.1311758 32.31086 48.98408
525.195 4221.315 75.09875 7.739957 0.08 30.86289 268.6625
531.675 4221.315 78.59876 0.3585022 0.1311758 32.48967 22.05086
538.155 4221.315 79.32675 0.2218837 0.34 32.54733 12.46516
544.635 4221.315 79.61267 0.1868954 0.193559 32.51876 17.24328
551.115 4221.315 79.38462 0.764287 0.2626366 32.47293 23.27633
557.595 4221.315 78.60737 0.5104733 0.1311758 32.39253 37.74317
564.075 4221.315 79.30346 0.1305132 0.34 32.31604 48.71424
570.015 4221.315 78.47619 0.3232838 0.1311758 32.20668 65.11061
576.495 4221.315 78.23326 0.6172588 0.1275985 31.97915 98.91094
582.975 4221.315 75.23842 13.7845 0.08 30.78631 225.337
589.455 4221.315 79.80736 0.6237233 0.1494858 31.85006 118.7323
595.935 4221.315 79.30495 0.3925808 0.2648062 31.82221 124.6547
602.415 4221.315 76.44417 3.501981 0.1010313 31.39544 187.1717
462.015 4220.775 77.31506 3.671997 0.1057714 32.58039 11.946
486.855 4220.775 75.63454 5.245839 0.08 31.85527 114.9688
493.335 4220.775 79.4776 1.317034 0.2200414 32.34426 43.60907
499.275 4220.775 79.602 10.95867 0.2606987 31.2703 189.0254
505.755 4220.775 79.4671 3.548598 0.2215012 32.06001 77.76435
512.235 4220.775 78.89851 1.097354 0.1311758 32.05692 85.66278
518.715 4220.775 80.07121 0.2025769 0.1311758 32.32001 48.35222
525.195 4220.775 75.87136 18.31683 0.08 31.13089 223.4986
531.675 4220.775 78.66754 0.694096 0.1311758 32.50237 20.04687
538.155 4220.775 79.50574 0.1929625 0.2161722 32.54586 12.75945
544.635 4220.775 78.79863 0.1539492 0.1311758 32.51543 18.19324
551.115 4220.775 79.38432 0.284284 0.2641003 32.45747 26.471
557.055 4220.775 79.63667 0.4515715 0.1869684 32.39142 37.19584
563.535 4220.775 79.31597 0.2437889 0.34 32.32513 47.74655
570.015 4220.775 79.85076 0.5904735 0.1519702 32.18108 68.28821
576.495 4220.775 79.27386 1.019052 0.321437 31.92847 105.9482
582.975 4220.775 75.78247 15.60098 0.08 29.90682 349.5771
589.455 4220.775 77.85583 1.204624 0.1262015 31.81079 123.5545
595.935 4220.775 79.47048 0.3651544 0.2031127 31.80996 125.7289
602.415 4220.775 79.89038 4.872165 0.1528799 31.45039 190.1347
462.015 4220.235 74.24585 3.24145 0.08 32.5799 9.865954
486.855 4220.235 74.56851 7.405987 0.08113456 32.10261 91.5938
493.335 4220.235 78.33573 11.99714 0.09241451 31.97494 68.79295
499.815 4220.235 78.19717 9.441533 0.09605361 30.59025 279.0658
506.295 4220.235 76.1569 23.36371 0.08 31.13967 158.4474
512.775 4220.235 79.51719 2.185151 0.1369019 32.00182 93.32267
519.255 4220.235 79.63915 0.2352833 0.1849286 32.32498 47.62233
525.735 4220.235 80.20633 7.985902 0.150994 31.47418 160.0126
532.215 4220.235 78.79747 0.1577387 0.1311758 32.51353 18.55138
538.155 4220.235 78.7348 0.1871099 0.1311758 32.53537 14.57898
544.635 4220.235 79.97752 0.1406737 0.1519702 32.51266 18.14404
551.115 4220.235 79.97144 0.5850003 0.1519702 32.46275 26.1032
557.595 4220.235 79.69564 2.94629 0.1801691 32.28714 47.34534
564.075 4220.235 74.90754 5.856683 0.1024727 32.18122 78.48576
570.555 4220.235 79.61738 0.3974616 0.1849286 32.15479 72.7865
577.035 4220.235 79.25825 1.375108 0.144704 31.85566 116.059
583.515 4220.235 76.985 3.746279 0.0884122 29.33478 498.6939
589.995 4220.235 79.79711 1.033473 0.1578434 31.74835 133.2756
595.935 4220.235 79.65209 1.223108 0.1737126 31.76551 130.6642
602.415 4220.235 78.25552 2.700176 0.1214782 31.63417 158.0701
463.095 4219.695 78.90001 3.057381 0.09163485 32.4211 38.0161
488.475 4219.695 79.25778 5.997531 0.1357901 32.16731 67.94783
494.955 4219.695 77.101 4.625924 0.09479982 31.55317 163.5702
501.435 4219.695 75.17051 12.97659 0.08 29.86457 384.3829
507.915 4219.695 75.63827 13.97108 0.08 29.69204 401.9437
514.395 4219.695 75.19161 7.413401 0.08 31.95424 113.2185
520.875 4219.695 78.41234 1.679777 0.09633266 32.06028 84.23936
526.815 4219.695 74.36127 4.610024 0.08 30.14244 390.5009
533.295 4219.695 79.04784 0.281142 0.1311758 32.52583 16.58955
539.775 4219.695 78.45864 0.4746663 0.1311758 32.5238 15.69692
546.255 4219.695 79.34412 1.002858 0.3184425 32.51072 20.27525
552.735 4219.695 78.34124 0.1999327 0.1311758 32.44483 28.35726
559.215 4219.695 78.53269 1.857806 0.1318524 32.18102 64.47751
565.695 4219.695 79.35662 0.4906295 0.2681062 32.27962 52.97086
572.175 4219.695 79.64046 0.5322712 0.1805531 32.06629 85.69389
578.655 4219.695 79.51564 1.196383 0.1954666 31.82005 122.3578
584.595 4219.695 77.40645 5.40421 0.1073872 30.97488 252.1048
591.075 4219.695 78.37782 7.421258 0.09743801 31.64488 154.7457
597.555 4219.695 78.46912 0.8899032 0.1162321 31.70229 141.7741
604.035 4219.695 75.02227 13.0498 0.08 30.49415 331.3412
465.795 4219.155 75.58638 17.3555 0.08 31.72183 77.39389
491.715 4219.155 76.37969 19.80495 0.08 31.8544 97.76498
498.195 4219.155 74.67038 9.180442 0.08 31.37732 173.8909
504.675 4219.155 75.41602 11.68501 0.08 31.27869 197.9872
511.155 4219.155 74.68078 6.122622 0.08192654 31.64412 144.2593
517.095 4219.155 78.58659 3.077107 0.1238361 32.16021 78.02288
523.575 4219.155 74.76772 13.19865 0.08 31.14174 232.9209
530.055 4219.155 79.5414 0.6487757 0.2086627 32.53089 16.18566
536.535 4219.155 79.48516 0.3862933 0.2225115 32.53385 15.97327
543.015 4219.155 78.88397 0.2196069 0.1311758 32.52728 15.97891
549.495 4219.155 77.90015 4.647777 0.08789727 32.44025 31.0031
555.975 4219.155 78.23502 4.327058 0.1224234 32.19232 69.46489
562.455 4219.155 78.45237 0.3922536 0.1392638 32.26962 55.65464
568.395 4219.155 79.34647 0.5558164 0.269925 32.16139 71.06221
574.875 4219.155 79.5602 0.9288696 0.1900601 31.90924 108.9773
581.355 4219.155 75.01139 7.653927 0.08 31.43937 191.9118
587.835 4219.155 78.12339 1.845482 0.09760615 31.49387 170.9434
594.315 4219.155 77.17997 0.9377944 0.1156528 31.6372 150.6461
600.795 4219.155 76.36655 23.68692 0.08 30.33134 221.8687
464.715 4218.615 74.73081 2.190893 0.08 30.28169 356.8278
490.635 4218.615 74.503 4.023485 0.08 31.2151 221.2671
497.115 4218.615 75.41279 11.86217 0.08 31.99897 106.3689
503.055 4218.615 75.30791 8.670377 0.08 30.05384 369.1638
509.535 4218.615 75.61861 19.88977 0.08 29.46759 387.6607
516.015 4218.615 79.59645 5.390565 0.2013194 32.02661 76.04642
522.495 4218.615 80.12986 12.2294 0.1590397 31.33443 149.5143
528.975 4218.615 74.38272 7.048954 0.08 32.23231 57.36182
535.455 4218.615 79.98049 0.2570455 0.1519702 32.55659 12.0031
541.935 4218.615 77.32143 0.4790543 0.1311758 32.52629 16.12649
548.415 4218.615 78.13978 8.105477 0.09241852 32.1042 65.09486
554.895 4218.615 74.79653 3.339155 0.08 31.99818 92.69444
560.835 4218.615 79.36685 0.6167919 0.2566026 32.26431 54.98562
567.315 4218.615 78.9418 0.4922732 0.1311758 32.13518 75.96214
573.795 4218.615 79.64373 1.28171 0.1773849 31.88699 112.0493
580.275 4218.615 78.0956 10.08349 0.09995712 31.248 178.6113
586.755 4218.615 74.63714 5.516716 0.08 31.27021 211.2018
593.235 4218.615 74.17465 8.023044 0.08 31.2525 212.4932
599.715 4218.615 75.17724 4.807041 0.08 31.5281 168.2343
463.635 4218.075 75.33073 21.08943 0.08 31.81556 96.30847
489.555 4218.075 75.33233 14.78383 0.08 30.40571 281.9492
495.495 4218.075 79.54202 3.449561 0.2036471 32.13187 75.87036
501.975 4218.075 75.19751 7.294269 0.08 31.44314 180.7578
508.455 4218.075 79.01268 17.66351 0.1040482 31.01637 195.7977
514.935 4218.075 77.94004 1.23395 0.1114554 32.00199 94.34019
521.415 4218.075 74.25056 9.350331 0.08 30.84756 273.1828
527.895 4218.075 75.82697 15.67666 0.08 30.42814 313.2122
534.375 4218.075 79.43602 0.34359 0.2410826 32.55827 12.08619
540.855 4218.075 79.56328 0.8430672 0.2031127 32.5295 13.59748
546.795 4218.075 78.79679 0.7060129 0.1427728 32.42404 30.19127
553.275 4218.075 75.11446 2.940747 0.09733164 32.25805 62.14693
559.755 4218.075 74.85736 12.20978 0.08 31.58141 113.2763
566.235 4218.075 79.3471 0.0334542 0.2597933 32.12205 78.35751
572.715 4218.075 77.87494 1.648097 0.0898336 31.84658 116.9032
579.195 4218.075 75.36728 11.59205 0.08 30.97744 210.6402
585.675 4218.075 76.1608 19.92284 0.08 29.34175 405.9425
592.155 4218.075 79.56721 1.905974 0.1798933 31.39437 185.3169
598.635 4218.075 78.21972 6.978702 0.09293626 31.1163 215.1482
604.575 4218.075 79.30217 0.6064761 0.2490831 31.56745 163.1999
487.935 4217.535 74.20151 3.572901 0.08 32.3693 46.25583
494.415 4217.535 80.11066 9.428867 0.1431894 32.11143 88.16122
500.895 4217.535 78.50519 14.04332 0.1186959 31.01998 249.4549
507.375 4217.535 74.73305 9.979757 0.08 29.02114 522.6644
513.855 4217.535 77.91252 1.839863 0.1314849 31.71538 141.8525
520.335 4217.535 78.71423 1.420443 0.1170459 32.19423 63.65723
526.815 4217.535 78.37151 9.872824 0.1018675 29.03477 528.1226
533.295 4217.535 79.48231 0.6584049 0.2239071 32.56377 11.9318
539.235 4217.535 79.32739 0.3889248 0.34 32.53616 13.75846
545.715 4217.535 79.38 0.5162374 0.2681062 32.49976 20.75181
552.195 4217.535 79.61007 0.9583259 0.1926762 32.42451 29.63909
558.675 4217.535 78.49391 9.728734 0.1051907 31.10518 222.7866
565.155 4217.535 79.53768 1.260677 0.1988435 32.10318 78.23071
571.635 4217.535 77.71538 1.083837 0.1309171 31.88844 111.7029
578.115 4217.535 79.30917 1.820972 0.2514351 31.5541 162.8179
584.595 4217.535 75.6488 19.98892 0.08 29.23104 508.6978
591.075 4217.535 79.78272 3.779358 0.1573507 31.28496 197.124
597.015 4217.535 75.60116 19.18562 0.08 29.55123 414.0554
603.495 4217.535 75.63604 19.59813 0.08 30.34801 252.1014
487.935 4216.995 80.02387 14.29117 0.1449388 31.71513 88.3599
494.415 4216.995 74.63049 5.640625 0.08 32.17759 67.4318
500.895 4216.995 79.92726 6.308981 0.1562618 31.76652 141.2371
507.375 4216.995 75.46706 17.21436 0.08 28.08318 621.5267
513.855 4216.995 74.96686 12.07551 0.08 31.35258 156.1021
520.335 4216.995 75.52172 18.01791 0.08 31.1557 145.2869
526.275 4216.995 74.43595 7.862276 0.08 28.87652 584.7802
532.755 4216.995 79.42278 0.3774828 0.2466802 32.56604 10.94166
539.235 4216.995 78.77146 0.1336997 0.1311758 32.5286 15.88095
545.715 4216.995 79.40982 0.749813 0.2504267 32.47013 22.99981
552.195 4216.995 78.68983 2.435633 0.09201111 32.33965 40.93412
558.675 4216.995 74.99985 8.078623 0.08 31.55142 176.6579
565.155 4216.995 78.12086 2.312952 0.09567024 31.99752 92.02084
571.635 4216.995 78.65951 1.154502 0.1269023 31.85992 116.5703
578.115 4216.995 78.33055 5.169733 0.1244738 31.34467 184.395
584.055 4216.995 75.02072 16.13192 0.08 29.64558 437.0495
590.535 4216.995 75.7165 20.10965 0.08 29.97673 305.1531
597.015 4216.995 75.65342 20.40277 0.08 29.27853 425.1419
603.495 4216.995 75.18191 12.49003 0.08 31.19624 229.2383
490.635 4216.455 74.59072 7.704491 0.08 32.04939 93.74938
497.115 4216.455 75.24888 10.5289 0.08058119 31.98764 97.6229
503.595 4216.455 74.9704 11.03167 0.08 32.04217 99.62704
510.075 4216.455 77.0096 25.17619 0.08 29.25075 492.3896
516.555 4216.455 78.20613 3.566332 0.1015273 32.11156 86.5905
522.495 4216.455 79.76477 6.576875 0.1727696 31.67499 134.1097
528.975 4216.455 74.13916 6.237808 0.08 31.9719 95.62512
535.455 4216.455 79.35532 0.7767027 0.2966994 32.54785 12.93412
541.935 4216.455 79.36911 0.2591576 0.2836179 32.54867 13.24114
548.415 4216.455 74.66665 9.527629 0.08043283 31.61074 121.9514
554.895 4216.455 79.82345 7.935791 0.1666306 31.33447 176.2991
561.375 4216.455 79.79436 1.249617 0.1623608 32.09367 80.15602
567.855 4216.455 79.49741 1.848603 0.202358 31.88928 109.5998
574.335 4216.455 78.32481 6.473667 0.1015989 31.19432 199.8038
580.275 4216.455 79.50039 10.12963 0.2652285 30.85223 235.3065
586.755 4216.455 77.30315 30.00307 0.08 27.59144 670.3212
593.235 4216.455 77.85975 3.55005 0.09715813 30.87572 260.5503
599.715 4216.455 79.51763 18.03094 0.1196093 29.52525 390.2176
486.855 4215.915 75.87288 0.4347026 0.08294044 32.54045 14.21111
493.335 4215.915 75.26006 5.00651 0.08 32.41371 41.90756
499.815 4215.915 75.94269 16.70342 0.08 30.95255 257.9346
506.295 4215.915 78.11864 33.08332 0.08 28.31732 544.5682
512.775 4215.915 76.16092 20.30097 0.08 29.01288 464.5969
518.715 4215.915 78.37637 4.84601 0.1068172 32.08961 91.37019
525.195 4215.915 74.5928 8.928124 0.08 29.78243 445.6884
531.675 4215.915 79.66721 0.5467823 0.1849286 32.50937 18.14646
538.155 4215.915 79.83555 0.6663122 0.1641342 32.54425 12.687
544.635 4215.915 76.2468 2.706089 0.1034336 32.22087 68.74892
551.115 4215.915 79.75654 2.185225 0.1710653 32.32485 41.69971
557.595 4215.915 75.80196 14.82281 0.08 31.2845 190.503
564.075 4215.915 78.21786 1.80701 0.09322649 31.90064 109.6748
570.015 4215.915 76.44475 13.54523 0.08 31.16993 169.6289
576.495 4215.915 75.05001 15.51282 0.08 29.70945 388.315
582.975 4215.915 75.46342 15.69471 0.08 29.56203 400.8235
589.455 4215.915 78.5875 14.13539 0.1203932 29.30568 461.2136
595.935 4215.915 76.362 22.68548 0.08 29.08471 520.3728
602.415 4215.915 79.41442 20.04666 0.1280019 29.21354 423.4321
489.555 4215.375 74.36777 5.670456 0.08 31.51761 176.1029
496.035 4215.375 79.37082 0.4433735 0.280501 32.56794 10.77889
502.515 4215.375 75.67584 18.45344 0.08 32.03385 85.44714
508.455 4215.375 75.20263 5.598792 0.08540694 30.17881 362.0255
514.935 4215.375 79.12548 1.556339 0.138712 31.75577 130.7237
521.415 4215.375 76.7636 8.892363 0.1234591 31.7542 108.3097
527.895 4215.375 75.72051 19.42102 0.08 29.47895 414.0843
534.375 4215.375 76.15333 19.49306 0.08 31.34065 110.2751
540.855 4215.375 79.13249 0.1068682 0.1311758 32.54485 13.39899
547.335 4215.375 78.01287 9.606083 0.09932415 31.77461 108.1149
553.815 4215.375 74.86619 11.0165 0.08 31.17566 230.5298
560.295 4215.375 78.70882 1.396898 0.1450531 32.00103 94.04785
566.235 4215.375 79.80322 10.71935 0.1865031 31.17804 185.1699
572.715 4215.375 79.32131 8.172739 0.140347 30.96316 230.6267
579.195 4215.375 74.95408 11.05699 0.08 30.41746 309.3963
585.675 4215.375 75.11995 15.64588 0.08 28.94251 567.0101
592.155 4215.375 75.26325 16.32124 0.08 30.02062 397.3347
598.635 4215.375 77.3837 29.83738 0.08 25.78391 875.9109
605.115 4215.375 79.67014 6.591807 0.166836 30.57452 297.8022
492.255 4214.835 79.34315 0.3482056 0.3271872 32.57469 9.058516
498.735 4214.835 80.22345 12.42327 0.1500191 32.20358 60.76703
504.675 4214.835 76.29922 14.3793 0.08679527 30.59515 266.0506
511.155 4214.835 75.26005 13.88545 0.08 29.73955 435.4435
517.635 4214.835 78.66807 4.206719 0.1085648 32.05801 75.7969
524.115 4214.835 74.96952 14.16721 0.08 30.78272 224.503
530.595 4214.835 78.45568 9.1113 0.09534814 31.97577 67.67771
537.075 4214.835 74.18428 8.343764 0.08 30.81163 253.7502
543.555 4214.835 74.89909 6.388993 0.08 32.05301 90.78898
550.035 4214.835 75.52159 15.51553 0.08 31.61603 126.825
555.975 4214.835 75.02407 11.49928 0.08 31.83642 116.8755
562.455 4214.835 74.29525 4.207206 0.08 31.69034 133.912
568.935 4214.835 75.9889 18.8933 0.08 29.06952 457.0541
575.415 4214.835 79.41496 18.11327 0.09182848 29.57709 413.9835
581.895 4214.835 74.92485 11.68773 0.08 28.92921 558.0154
588.375 4214.835 78.1291 18.57404 0.1003801 26.08163 924.3074
594.855 4214.835 75.81124 13.24717 0.08 29.94353 370.3517
601.335 4214.835 75.20426 15.2213 0.08 28.37285 602.558
488.475 4214.295 78.95918 6.484769 0.1316974 31.94564 111.2519
494.415 4214.295 78.50941 0.2581013 0.1311758 32.60608 4.263303
500.895 4214.295 79.40612 0.6556918 0.2568639 32.53382 16.588
507.375 4214.295 74.80466 10.5221 0.08 27.74979 718.2365
513.855 4214.295 75.61478 19.16425 0.08 31.02801 223.3502
520.335 4214.295 79.36867 1.479748 0.2526505 32.13503 72.53743
526.815 4214.295 74.86656 8.886596 0.08 28.58645 614.2063
533.295 4214.295 78.72564 14.15341 0.1072468 31.36924 148.993
539.775 4214.295 76.64299 0.2032929 0.103617 32.54563 13.6872
546.255 4214.295 75.23214 6.210009 0.08092033 31.81013 131.8151
552.195 4214.295 74.72419 2.547654 0.08 30.5898 312.2945
558.675 4214.295 79.40918 10.27656 0.1405396 31.51257 133.0818
565.155 4214.295 76.03042 16.57455 0.08 30.20732 315.684
571.635 4214.295 75.57104 15.60874 0.08 28.42604 583.5057
578.115 4214.295 75.26659 16.77995 0.08 29.78859 362.6703
584.595 4214.295 75.18129 18.59533 0.08 27.44543 712.1352
591.075 4214.295 80.48846 20.41 0.1552494 28.06414 620.8907
597.555 4214.295 77.59283 32.1162 0.08 27.27327 758.1223
604.035 4214.295 75.08119 15.39683 0.08 28.56394 557.9425
490.635 4213.755 75.57064 16.18108 0.08 31.30845 170.3901
501.435 4213.755 78.90925 0.1219858 0.128786 32.56439 10.60397
507.915 4213.755 74.93481 5.883075 0.08 27.5829 758.9832
514.395 4213.755 75.09456 12.36772 0.08 31.02769 217.0722
520.875 4213.755 79.54369 1.004362 0.1965018 32.0859 82.84241
527.355 4213.755 75.09318 13.65408 0.08 29.03656 539.1345
533.835 4213.755 75.71065 18.38364 0.08 30.84272 272.5183
540.315 4213.755 79.75964 0.2573328 0.1727646 32.54101 13.3311
546.255 4213.755 77.97786 6.88272 0.1039462 32.18424 78.68305
552.735 4213.755 74.50859 11.27744 0.08 32.02691 94.78868
559.215 4213.755 79.30882 16.42318 0.09139846 30.54831 263.7418
565.695 4213.755 75.87316 17.34187 0.08 29.131 460.0172
572.175 4213.755 77.27718 26.36386 0.08 26.91726 733.7853
578.655 4213.755 79.45213 3.694313 0.1850131 30.54015 315.5213
585.135 4213.755 77.45506 15.83239 0.09065658 27.99886 653.7061
591.615 4213.755 76.09518 19.92249 0.08 28.3506 601.5801
598.095 4213.755 76.78585 23.58626 0.08 27.65437 725.3506
604.035 4213.755 75.79142 21.11371 0.08 27.80131 651.7682
491.715 4213.215 76.60507 0.9090972 0.1127684 32.60833 5.394652
504.135 4213.215 74.98143 6.730151 0.08 32.37233 45.26
510.615 4213.215 79.43592 10.04932 0.2305327 29.88112 412.3719
517.095 4213.215 78.45604 4.56526 0.1175112 32.15406 64.30317
523.575 4213.215 79.68521 14.27522 0.146113 30.72511 232.0497
530.055 4213.215 75.0511 7.688814 0.08 31.32417 187.8132
536.535 4213.215 78.40882 3.025413 0.09222836 32.42898 24.19641
543.015 4213.215 74.58527 7.147511 0.08 32.08805 86.75175
548.955 4213.215 75.89 17.24933 0.08 31.72211 123.6717
555.435 4213.215 78.93494 5.900851 0.1321629 31.97135 84.90594
561.915 4213.215 75.6771 15.91104 0.08 29.98913 333.5509
568.395 4213.215 74.94946 10.83089 0.08 26.8595 852.1094
574.875 4213.215 75.4718 18.20517 0.08 27.60419 688.6879
581.355 4213.215 76.85046 28.52434 0.08 26.79619 723.5733
587.835 4213.215 75.50299 16.92828 0.08 25.55623 1020.618
594.315 4213.215 75.97497 21.71914 0.08 26.01246 904.1776
600.795 4213.215 74.89187 2.827301 0.08 25.27723 1136.098
487.935 4212.675 76.00411 0.5526333 0.08312867 32.08773 82.67548
501.975 4212.675 79.98257 0.4542615 0.1519702 32.60739 4.820851
508.455 4212.675 76.40883 25.50635 0.08 27.79839 709.1475
514.935 4212.675 74.8133 11.36461 0.08 30.76666 269.8091
521.415 4212.675 75.3377 13.87077 0.08 30.83966 229.5011
527.895 4212.675 76.26608 25.62362 0.08 28.89332 426.9766
534.375 4212.675 74.92876 14.4537 0.08 29.51741 450.3089
540.855 4212.675 79.83698 0.172594 0.1641342 32.55065 12.89252
547.335 4212.675 78.35242 5.937043 0.09273888 31.61607 158.9666
553.275 4212.675 79.37759 0.4922508 0.2482302 32.17414 69.19462
559.755 4212.675 75.48751 19.74842 0.08 28.51603 549.2351
566.235 4212.675 77.65989 22.14474 0.112856 28.08141 580.5303
572.715 4212.675 76.62216 24.90908 0.08 27.80902 691.6359
579.195 4212.675 75.82806 22.53991 0.08 29.45672 423.4598
585.675 4212.675 76.24529 24.83175 0.08 27.41587 713.3241
592.155 4212.675 75.8152 20.67101 0.08 25.9085 937.3608
598.635 4212.675 76.06314 24.43141 0.08 25.18961 1006.416
604.575 4212.675 76.53588 23.81819 0.08 25.35519 986.0723
501.975 4212.135 79.84372 0.4055468 0.1641342 32.5851 6.196243
508.455 4212.135 75.44022 8.957289 0.08 28.52159 621.8417
514.935 4212.135 74.78973 7.405135 0.08 31.24906 210.1641
521.415 4212.135 74.23393 3.417277 0.08 31.37836 199.4083
527.895 4212.135 76.3405 24.9941 0.08 28.87162 481.6484
534.375 4212.135 75.08574 7.351809 0.08193504 29.97986 386.3201
540.855 4212.135 78.56269 0.3772258 0.1311758 32.55438 11.60856
547.335 4212.135 74.19744 4.120796 0.08 31.49073 164.1607
553.275 4212.135 77.46102 1.271806 0.1125721 32.1145 77.38773
559.755 4212.135 75.17413 8.646517 0.08 28.01997 680.9963
566.235 4212.135 76.27741 24.64696 0.08 26.34544 826.4448
572.715 4212.135 75.93831 20.5745 0.08 27.06553 775.2056
579.195 4212.135 75.16648 12.73969 0.08 29.85618 412.2938
585.675 4212.135 79.02668 17.14266 0.1359415 27.27646 771.6906
592.155 4212.135 75.61786 19.81669 0.08 24.80715 1103.369
598.635 4212.135 75.02232 8.334105 0.08 25.49615 1082.42
605.115 4212.135 75.99712 22.01623 0.08 23.75513 1247.056
504.675 4211.595 79.74036 4.467742 0.1825988 32.52317 19.17157
511.155 4211.595 76.9008 8.272473 0.1093442 28.92359 570.0653
517.635 4211.595 79.47679 0.3049731 0.2191177 32.34626 44.26862
524.115 4211.595 78.44842 5.780022 0.09568341 31.39583 179.5738
530.595 4211.595 75.42833 8.135715 0.08 30.76738 259.0131
537.075 4211.595 79.15885 8.349422 0.1361427 32.11805 59.1505
543.555 4211.595 78.18091 9.95939 0.09141751 32.32287 23.57682
550.035 4211.595 74.36476 1.868934 0.08 32.34094 40.98801
556.515 4211.595 78.635 12.44972 0.1155361 30.19897 358.9941
562.455 4211.595 75.44144 13.81158 0.08 27.11317 789.9938
568.935 4211.595 75.82904 21.1094 0.08 27.06407 799.9698
575.415 4211.595 77.01765 27.32098 0.08 25.41831 1021.932
581.895 4211.595 76.15847 19.6542 0.08 25.27784 1032.351
588.375 4211.595 76.01698 20.23892 0.08 24.36312 1216.182
594.855 4211.595 75.59558 16.73989 0.08 24.17875 1232.688
601.335 4211.595 78.48852 7.978187 0.1306354 25.33766 1109.875
489.555 4211.055 78.45909 8.290433 0.09161879 32.56487 15.44932
509.535 4211.055 76.76121 26.94528 0.08 30.10791 346.9709
516.015 4211.055 78.92849 4.33925 0.1343038 31.66374 145.2636
522.495 4211.055 75.77618 8.29178 0.09044672 31.64017 161.9371
528.975 4211.055 75.01169 9.901853 0.08 30.96568 258.0298
535.455 4211.055 75.13226 14.11202 0.08 30.30754 306.3363
541.935 4211.055 75.47678 13.72315 0.08 31.45021 183.886
548.415 4211.055 79.8921 1.463989 0.1571276 32.40614 31.60448
554.895 4211.055 79.78934 16.03 0.1401618 30.94919 217.5191
561.375 4211.055 75.93518 20.00949 0.08 26.05395 910.9501
567.315 4211.055 74.98992 12.22974 0.08 26.43203 957.0938
573.795 4211.055 79.25361 21.25053 0.09965721 26.1955 885.004
580.275 4211.055 79.54887 21.86053 0.1114103 27.85783 642.3683
586.755 4211.055 75.75277 17.73622 0.08 26.06278 940.4189
593.235 4211.055 75.9972 20.90872 0.08 22.29517 1492.665
599.715 4211.055 79.13208 5.744698 0.1556818 24.95255 1163.355
487.935 4210.515 75.28758 14.17641 0.08 32.36401 36.82166
509.535 4210.515 75.09334 14.3159 0.08 30.05925 401.754
516.015 4210.515 74.77018 8.913991 0.08 31.56009 151.5161
521.955 4210.515 77.97687 0.9097136 0.09859076 31.52212 168.4241
528.435 4210.515 74.23323 6.833693 0.08 30.68513 307.8932
534.915 4210.515 74.70756 6.755043 0.08 28.25118 669.2708
541.395 4210.515 74.57132 10.87681 0.08 31.429 189.4133
547.875 4210.515 78.28815 1.894888 0.1084412 32.40375 33.03804
554.355 4210.515 75.36254 17.23269 0.08 29.83319 348.5364
560.835 4210.515 75.45655 18.25606 0.08 27.21097 830.9296
567.315 4210.515 77.97664 16.75669 0.1311758 25.90441 961.9263
573.795 4210.515 76.30264 21.69036 0.08 24.80454 1091.541
579.735 4210.515 75.57929 17.20433 0.08 27.8227 671.6569
586.215 4210.515 75.34302 18.57304 0.08 26.95703 862.8975
592.695 4210.515 75.11402 13.30815 0.08 21.88817 1624.539
599.175 4210.515 74.87578 8.016484 0.08 24.2452 1263.782
487.935 4209.975 75.51809 2.792753 0.08550964 32.5083 20.19129
510.075 4209.975 77.13862 27.37933 0.08 30.0076 359.2444
516.555 4209.975 78.53922 5.079885 0.1048807 32.38737 42.94465
523.035 4209.975 77.47757 6.629898 0.1290671 31.40181 176.8412
528.975 4209.975 75.50263 17.58867 0.08 31.17197 196.0285
535.455 4209.975 76.1366 17.35529 0.08 28.22227 639.7438
541.935 4209.975 74.93085 8.633718 0.0809768 32.47625 34.30487
548.415 4209.975 79.6029 2.483287 0.1916096 32.21853 57.16621
554.895 4209.975 76.75 26.31352 0.08 28.08962 543.7028
561.375 4209.975 75.93353 14.13969 0.08 27.8004 748.821
567.855 4209.975 76.0589 19.64672 0.08 27.17569 808.4293
574.335 4209.975 75.22033 12.24944 0.08 23.42417 1369.423
580.815 4209.975 80.44316 21.61054 0.1656856 27.8047 694.7386
586.755 4209.975 76.65597 21.76297 0.08 27.20577 819.1313
593.235 4209.975 74.81553 12.55541 0.08 21.96634 1596.571
599.715 4209.975 74.87016 11.31678 0.08 23.75146 1325.113
489.015 4209.435 74.54619 2.785288 0.08304764 32.60455 9.438123
511.155 4209.435 74.84188 10.76049 0.08 29.5626 481.8766
517.635 4209.435 76.16385 20.98223 0.08 31.03808 160.1439
524.115 4209.435 79.7456 9.731312 0.2041427 31.93037 89.80247
530.595 4209.435 78.43885 2.21383 0.1215045 31.18456 227.151
537.075 4209.435 75.96028 23.85098 0.08 30.55621 194.0734
543.015 4209.435 79.42089 0.4343843 0.2519363 32.57035 9.31497
549.495 4209.435 79.04165 17.66325 0.1161305 31.09959 210.5713
555.975 4209.435 75.1943 14.4656 0.08 26.24929 926.1979
562.455 4209.435 75.91857 18.80452 0.08 27.01406 795.1184
568.935 4209.435 80.18185 20.17913 0.2039664 28.28731 608.4149
575.415 4209.435 74.94686 2.972253 0.08193113 23.89381 1340.859
581.895 4209.435 76.40367 21.01137 0.08 24.76209 1175.369
588.375 4209.435 75.92204 19.20643 0.08 25.59473 1001.308
594.855 4209.435 75.33993 14.53106 0.08 22.38143 1523.385
600.795 4209.435 75.72123 20.31809 0.08 23.28418 1381.504
507.375 4208.895 79.71917 5.413598 0.1882324 32.44418 32.59339
513.855 4208.895 74.5513 8.773891 0.08 30.51478 326.9649
520.335 4208.895 75.05799 11.81381 0.08 30.72124 272.9192
526.815 4208.895 75.02644 7.522389 0.106468 30.90291 268.7796
533.295 4208.895 76.66401 16.00127 0.09934095 30.25707 338.7808
539.775 4208.895 79.84205 0.4781722 0.1641342 32.57789 8.78866
546.795 4208.895 74.37865 11.50507 0.08 31.23881 179.0641
553.275 4208.895 79.56771 7.700946 0.210979 31.45997 174.4089
559.215 4208.895 78.58206 12.98673 0.1244618 29.10069 550.6547
565.695 4208.895 76.62588 23.59611 0.08 27.17924 792.9377
572.175 4208.895 75.93709 20.83281 0.08023335 25.71935 984.2115
578.655 4208.895 79.22211 16.98143 0.1366868 26.27467 899.1987
585.135 4208.895 74.70098 2.776771 0.08 25.64409 1067.651
591.615 4208.895 76.09204 21.17455 0.08 22.24078 1587.158
598.095 4208.895 75.69464 19.06569 0.08 23.96252 1328.944
604.575 4208.895 74.9426 9.962763 0.08 22.58789 1528.293
510.615 4208.355 76.76422 24.25336 0.08 30.85001 247.6603
517.095 4208.355 76.45246 24.19982 0.08 31.24538 128.0402
523.575 4208.355 75.62356 18.1835 0.08 31.25509 162.1471
530.055 4208.355 78.61782 12.39975 0.1032242 30.50868 304.0446
536.535 4208.355 75.7941 17.36654 0.08 29.69088 438.7754
543.015 4208.355 79.01269 0.61558 0.1311758 32.52498 15.01771
549.495 4208.355 75.05624 18.41557 0.08 29.549 386.8263
555.975 4208.355 80.07545 25.85174 0.09379805 28.37928 585.0696
562.455 4208.355 76.617 25.85435 0.08 28.21783 631.197
568.395 4208.355 79.43032 10.64143 0.2198726 29.01749 525.1865
574.875 4208.355 75.19759 16.23974 0.08 23.43666 1401.798
581.355 4208.355 75.84983 17.88935 0.08 24.94466 1096.049
587.835 4208.355 74.2333 7.16025 0.08 28.23482 683.2181
594.315 4208.355 76.78214 26.08251 0.08 23.56191 1354.259
600.795 4208.355 76.05153 19.67058 0.08 24.67358 1208.49
507.915 4207.815 79.79009 1.694842 0.1424604 32.62672 4.463131
514.395 4207.815 79.26156 18.72008 0.1144981 30.43996 275.4455
520.875 4207.815 75.86178 15.88995 0.08 30.59916 305.6065
526.815 4207.815 75.66098 20.56459 0.08 31.30076 170.2786
533.295 4207.815 79.62318 19.34802 0.1376412 30.46759 280.8553
539.775 4207.815 80.09906 4.713821 0.1482299 32.4514 13.32103
546.255 4207.815 78.84114 8.269508 0.1414471 31.51933 147.331
552.735 4207.815 79.67529 9.266957 0.1859123 30.76713 253.2748
559.215 4207.815 80.13715 15.17788 0.1520889 29.37577 488.1095
565.695 4207.815 77.38713 29.33808 0.08 26.50392 778.6583
572.175 4207.815 75.70472 18.69479 0.08 24.82916 1108.318
578.655 4207.815 75.95889 22.21986 0.08 23.67732 1260.322
584.595 4207.815 75.07957 13.86429 0.08 26.30346 957.4965
591.075 4207.815 77.64984 30.71115 0.08 23.0777 1399.226
597.555 4207.815 77.31754 29.09098 0.08 25.04098 1116.07
604.035 4207.815 75.63536 17.34053 0.08 23.62677 1373.732
511.695 4207.275 77.12632 4.90356 0.08815917 32.34793 52.18254
518.175 4207.275 79.39019 18.82374 0.1122893 30.95307 204.8303
524.655 4207.275 79.54906 8.9296 0.2629803 31.84843 115.0434
531.135 4207.275 79.64199 2.817389 0.1669366 31.13079 236.638
537.075 4207.275 79.3366 0.3622048 0.34 32.58311 8.081838
543.555 4207.275 79.78045 1.461753 0.168582 32.3936 33.57281
550.035 4207.275 75.30144 13.24161 0.08 28.46119 607.0595
556.515 4207.275 78.44766 14.7881 0.09506066 28.77741 561.7597
562.995 4207.275 79.61717 23.09314 0.133691 28.08961 675.7797
569.475 4207.275 77.0768 25.94978 0.08 26.78863 864.576
575.955 4207.275 80.26738 18.83417 0.1561757 24.42603 1223.614
582.435 4207.275 74.92753 9.943062 0.08 23.93382 1337.878
588.915 4207.275 77.396 29.82331 0.08 26.70843 854.2783
594.855 4207.275 78.04178 34.39112 0.08 24.36388 1182.535
601.335 4207.275 80.31339 22.37808 0.1894308 26.66697 839.1147
511.695 4206.735 79.87945 12.08079 0.2066174 31.95723 95.73431
518.175 4206.735 75.72038 14.05465 0.08 30.58651 253.7648
524.655 4206.735 78.91193 18.47481 0.1333543 31.9308 88.15116
531.135 4206.735 75.09968 5.933645 0.08 31.44254 188.493
537.615 4206.735 79.71685 0.5409654 0.1792881 32.57682 7.618079
544.095 4206.735 75.62738 3.340852 0.08523972 32.13475 67.49372
550.575 4206.735 75.27364 11.9286 0.08 28.88532 540.3113
556.515 4206.735 75.07659 10.40954 0.08 28.39403 652.0093
562.995 4206.735 77.20966 28.89604 0.08 26.60259 755.9073
569.475 4206.735 78.95621 14.22096 0.1036693 28.09437 685.0563
575.955 4206.735 79.21161 10.0523 0.1681311 25.04798 1157.045
582.435 4206.735 76.52428 25.77267 0.08 23.4326 1362.269
588.915 4206.735 77.44117 18.90363 0.08771813 27.69682 736.8579
595.395 4206.735 77.49071 30.56776 0.08 25.3302 1058.792
601.875 4206.735 75.66003 17.50435 0.08 24.60464 1209.193
512.235 4206.195 76.09106 13.29468 0.1035939 31.68226 126.1122
518.175 4206.195 75.39134 13.0862 0.08 31.02114 239.7022
524.655 4206.195 75.19044 5.031685 0.08120144 32.45277 22.42571
531.135 4206.195 74.51311 8.509803 0.08 31.50709 162.87
537.615 4206.195 78.12937 0.5775053 0.1102934 32.51379 17.03778
544.095 4206.195 78.37991 2.636988 0.1056944 32.04132 87.34767
550.575 4206.195 78.30695 2.114237 0.1269881 29.23571 520.743
557.055 4206.195 75.45909 18.68618 0.08 28.8245 580.9359
563.535 4206.195 76.25031 22.99035 0.08 26.7165 877.9694
570.015 4206.195 74.92813 5.102327 0.08 26.915 878.9028
